client_id,amount,transaction_type,country,timestamp
C00001,101.85,payment,ES,2025-06-03 14:05:02
C00001,788.44,withdrawal,DE,2025-05-20 14:05:02
C00002,1823.23,transfer,FR,2025-05-29 14:05:02
C00002,70.88,transfer,FR,2025-05-30 14:05:02
C00001,875.29,deposit,DE,2025-05-18 14:05:02
C00001,1610.33,withdrawal,ES,2025-05-20 14:05:02
C00001,1141.36,deposit,DE,2025-05-28 14:05:02
C00001,353.42,transfer,ES,2025-06-15 14:05:02
C00002,1285.91,payment,DE,2025-06-06 14:05:02
C00002,103.03,transfer,FR,2025-05-30 14:05:02
C00001,159.17,transfer,ES,2025-06-05 14:05:02
C00906,1483.46,transfer,ES,2025-05-23 14:05:02
C00001,1970.57,deposit,IT,2025-05-20 14:05:02
C00002,1160.96,deposit,IT,2025-05-27 14:05:02
C00001,180.44,purchase,IT,2025-05-22 14:05:02
C00002,1792.54,withdrawal,IT,2025-05-20 14:05:02
C00002,1869.11,purchase,DE,2025-05-28 14:05:02
C00001,915.57,payment,DE,2025-05-31 14:05:02
C00001,58.34,deposit,FR,2025-06-12 14:05:02
C00457,320.36,payment,IT,2025-05-23 14:05:02
C00002,260.4,transfer,FR,2025-05-20 14:05:02
C00002,1179.83,purchase,DE,2025-05-27 14:05:02
C00423,750.46,deposit,IT,2025-06-02 14:05:02
C00001,881.2,transfer,DE,2025-05-31 14:05:02
C00002,1900.33,withdrawal,IT,2025-06-17 14:05:02
C00002,395.9,transfer,FR,2025-06-12 14:05:02
C00001,805.14,deposit,IT,2025-06-06 14:05:02
C00189,1911.35,transfer,DE,2025-06-01 14:05:02
C00002,159.9,payment,FR,2025-05-24 14:05:02
C00001,438.05,transfer,IT,2025-06-08 14:05:02
C00001,1864.44,payment,IT,2025-06-10 14:05:02
C00001,758.84,payment,FR,2025-06-09 14:05:02
C00001,140.67,payment,IT,2025-06-15 14:05:02
C00001,714.73,withdrawal,FR,2025-06-16 14:05:02
C00001,1755.78,payment,ES,2025-06-07 14:05:02
C00572,692.14,withdrawal,ES,2025-06-08 14:05:02
C00002,556.53,deposit,ES,2025-06-15 14:05:02
C00002,1776.33,deposit,DE,2025-06-10 14:05:02
C00001,877.01,deposit,FR,2025-06-09 14:05:02
C00002,784.15,transfer,DE,2025-06-16 14:05:02
C00786,773.79,purchase,FR,2025-06-10 14:05:02
C00001,593.63,payment,DE,2025-05-18 14:05:02
C00621,977.97,deposit,ES,2025-06-06 14:05:02
C00001,1022.62,deposit,IT,2025-06-10 14:05:02
C00001,475.0,transfer,FR,2025-05-20 14:05:02
C00002,1916.99,transfer,ES,2025-05-18 14:05:02
C00502,1484.89,purchase,ES,2025-05-29 14:05:02
C00001,1573.61,withdrawal,FR,2025-06-13 14:05:02
C00002,872.85,deposit,ES,2025-06-12 14:05:02
C00001,150.86,withdrawal,ES,2025-05-20 14:05:02
C00001,1177.39,purchase,DE,2025-06-05 14:05:02
C00001,1426.82,deposit,IT,2025-05-19 14:05:02
C00002,706.14,transfer,DE,2025-05-30 14:05:02
C00001,291.46,transfer,DE,2025-06-03 14:05:02
C00001,870.97,deposit,ES,2025-06-11 14:05:02
C00001,266.28,withdrawal,DE,2025-06-05 14:05:02
C00001,1313.32,deposit,FR,2025-05-30 14:05:02
C00002,984.77,deposit,FR,2025-06-03 14:05:02
C00002,837.97,purchase,IT,2025-06-09 14:05:02
C00001,598.42,withdrawal,FR,2025-06-07 14:05:02
C00001,440.2,purchase,ES,2025-05-25 14:05:02
C00001,216.24,deposit,DE,2025-05-21 14:05:02
C00002,1973.5,purchase,IT,2025-06-01 14:05:02
C00289,244.86,payment,FR,2025-05-30 14:05:02
C00001,1839.97,payment,FR,2025-06-10 14:05:02
C00254,434.02,withdrawal,DE,2025-06-11 14:05:02
C00001,388.8,purchase,ES,2025-06-17 14:05:02
C00001,1390.29,payment,IT,2025-06-12 14:05:02
C00002,906.5,payment,FR,2025-05-22 14:05:02
C00001,1867.9,purchase,DE,2025-06-11 14:05:02
C00001,1931.18,withdrawal,FR,2025-05-30 14:05:02
C00001,875.74,deposit,IT,2025-05-25 14:05:02
C00001,914.51,withdrawal,ES,2025-06-17 14:05:02
C00002,1211.83,purchase,ES,2025-06-11 14:05:02
C00002,243.21,transfer,ES,2025-05-28 14:05:02
C00001,1044.76,transfer,FR,2025-06-17 14:05:02
C00002,1389.87,transfer,DE,2025-06-02 14:05:02
C00001,1352.18,payment,FR,2025-05-31 14:05:02
C00001,1343.97,payment,IT,2025-06-13 14:05:02
C00001,223.59,purchase,ES,2025-05-26 14:05:02
C00752,230.78,purchase,ES,2025-06-12 14:05:02
C00002,637.38,payment,ES,2025-05-24 14:05:02
C00001,79.36,deposit,ES,2025-05-26 14:05:02
C00002,430.84,withdrawal,DE,2025-06-14 14:05:02
C00002,156.41,deposit,IT,2025-06-07 14:05:02
C00001,632.51,transfer,DE,2025-05-26 14:05:02
C00001,454.29,deposit,ES,2025-05-26 14:05:02
C00002,966.62,withdrawal,ES,2025-05-25 14:05:02
C00002,1937.45,transfer,ES,2025-05-29 14:05:02
C00002,1373.24,purchase,FR,2025-06-14 14:05:02
C00002,113.94,payment,IT,2025-05-31 14:05:02
C00001,1345.91,withdrawal,FR,2025-05-30 14:05:02
C00001,1514.73,deposit,IT,2025-06-17 14:05:02
C00002,1077.12,deposit,ES,2025-05-31 14:05:02
C00001,903.06,purchase,FR,2025-05-31 14:05:02
C00002,232.22,payment,DE,2025-05-28 14:05:02
C00002,1929.36,transfer,FR,2025-05-26 14:05:02
C00048,800.64,payment,ES,2025-06-08 14:05:02
C00001,359.92,withdrawal,DE,2025-06-14 14:05:02
C00363,755.45,payment,IT,2025-05-25 14:05:02
C00001,404.23,transfer,FR,2025-06-09 14:05:02
C00001,176.49,withdrawal,IT,2025-06-03 14:05:02
C00892,275.45,withdrawal,DE,2025-06-13 14:05:02
C00002,758.68,transfer,ES,2025-06-09 14:05:02
C00001,1191.78,transfer,FR,2025-06-15 14:05:02
C00002,1442.24,transfer,ES,2025-06-05 14:05:02
C00001,871.8,purchase,IT,2025-06-08 14:05:02
C00002,1414.23,payment,ES,2025-06-03 14:05:02
C00002,1674.04,deposit,FR,2025-05-26 14:05:02
C00495,422.81,transfer,FR,2025-05-29 14:05:02
C00002,768.47,purchase,FR,2025-06-13 14:05:02
C00001,1317.29,withdrawal,IT,2025-05-20 14:05:02
C00002,465.27,withdrawal,IT,2025-05-26 14:05:02
C00002,1490.26,transfer,IT,2025-06-04 14:05:02
C00001,787.82,transfer,IT,2025-05-31 14:05:02
C00815,794.41,withdrawal,ES,2025-06-01 14:05:02
C00627,854.04,payment,DE,2025-06-10 14:05:02
C00001,1733.33,deposit,DE,2025-06-08 14:05:02
C00001,644.51,transfer,ES,2025-06-07 14:05:02
C00001,235.9,deposit,ES,2025-06-09 14:05:02
C00197,985.63,deposit,ES,2025-05-21 14:05:02
C00002,52.16,deposit,IT,2025-06-17 14:05:02
C00157,1094.51,deposit,FR,2025-06-02 14:05:02
C00522,1122.93,deposit,ES,2025-06-04 14:05:02
C00227,42.44,transfer,DE,2025-06-13 14:05:02
C00001,1209.55,deposit,ES,2025-05-23 14:05:02
C00001,1156.62,payment,ES,2025-05-19 14:05:02
C00002,395.13,deposit,DE,2025-05-18 14:05:02
C00001,678.82,withdrawal,ES,2025-06-03 14:05:02
C00001,1443.45,deposit,ES,2025-06-05 14:05:02
C00020,526.83,payment,IT,2025-06-16 14:05:02
C00984,1145.13,transfer,ES,2025-05-26 14:05:02
C00001,1925.86,deposit,DE,2025-05-24 14:05:02
C00001,35.95,transfer,IT,2025-06-02 14:05:02
C00001,765.72,purchase,ES,2025-05-18 14:05:02
C00002,252.57,withdrawal,DE,2025-06-09 14:05:02
C00268,1145.32,deposit,ES,2025-05-18 14:05:02
C00001,1243.57,payment,DE,2025-06-07 14:05:02
C00002,190.5,purchase,FR,2025-06-13 14:05:02
C00001,1728.14,transfer,FR,2025-06-17 14:05:02
C00001,1513.81,withdrawal,ES,2025-05-30 14:05:02
C00001,1473.2,payment,ES,2025-05-26 14:05:02
C00001,905.09,transfer,IT,2025-06-11 14:05:02
C00002,849.15,transfer,IT,2025-05-27 14:05:02
C00001,775.29,deposit,IT,2025-05-27 14:05:02
C00002,590.93,purchase,FR,2025-05-26 14:05:02
C00001,672.53,withdrawal,ES,2025-06-14 14:05:02
C00001,1994.51,withdrawal,ES,2025-06-03 14:05:02
C00396,300.65,payment,IT,2025-05-20 14:05:02
C00002,1387.41,withdrawal,ES,2025-05-28 14:05:02
C00002,1840.67,purchase,IT,2025-06-03 14:05:02
C00001,573.97,transfer,DE,2025-05-27 14:05:02
C00001,566.05,deposit,DE,2025-06-11 14:05:02
C00002,1128.03,purchase,ES,2025-06-12 14:05:02
C00001,1380.07,purchase,IT,2025-05-29 14:05:02
C00002,1001.07,withdrawal,ES,2025-06-08 14:05:02
C00001,1556.75,deposit,DE,2025-05-24 14:05:02
C00002,1534.25,purchase,FR,2025-05-28 14:05:02
C00002,350.87,transfer,ES,2025-05-31 14:05:02
C00001,1117.6,payment,IT,2025-05-19 14:05:02
C00001,112.55,purchase,FR,2025-06-14 14:05:02
C00001,1667.33,payment,FR,2025-06-05 14:05:02
C00002,291.48,transfer,IT,2025-05-28 14:05:02
C00002,166.61,deposit,ES,2025-05-24 14:05:02
C00002,955.97,payment,FR,2025-05-18 14:05:02
C00001,1589.88,purchase,ES,2025-05-20 14:05:02
C00143,1050.94,deposit,FR,2025-05-30 14:05:02
C00001,401.73,purchase,FR,2025-05-19 14:05:02
C00002,1561.24,transfer,DE,2025-05-18 14:05:02
C00002,685.3,purchase,ES,2025-06-14 14:05:02
C00001,433.77,deposit,ES,2025-06-07 14:05:02
C00818,1000.16,purchase,FR,2025-05-18 14:05:02
C00002,457.68,payment,ES,2025-05-26 14:05:02
C00001,1294.75,purchase,FR,2025-05-25 14:05:02
C00001,1716.93,deposit,IT,2025-05-26 14:05:02
C00001,1048.64,transfer,IT,2025-05-25 14:05:02
C00002,975.86,deposit,ES,2025-05-23 14:05:02
C00002,1070.92,deposit,IT,2025-05-27 14:05:02
C00001,705.03,withdrawal,ES,2025-06-08 14:05:02
C00613,1337.92,withdrawal,IT,2025-06-03 14:05:02
C00001,760.97,transfer,FR,2025-05-25 14:05:02
C00002,1751.59,transfer,DE,2025-05-24 14:05:02
C00002,167.15,purchase,ES,2025-06-12 14:05:02
C00237,1940.67,withdrawal,ES,2025-06-15 14:05:02
C00001,73.42,deposit,DE,2025-05-18 14:05:02
C00001,80.15,deposit,DE,2025-05-21 14:05:02
C00409,1155.56,deposit,IT,2025-05-19 14:05:02
C00001,1088.07,purchase,IT,2025-06-17 14:05:02
C00001,122.35,deposit,FR,2025-05-21 14:05:02
C00002,1398.11,transfer,ES,2025-06-16 14:05:02
C00001,1368.82,transfer,FR,2025-06-03 14:05:02
C00001,1428.65,deposit,FR,2025-06-15 14:05:02
C00001,1493.14,transfer,ES,2025-05-20 14:05:02
C00001,612.53,deposit,IT,2025-05-28 14:05:02
C00002,1478.18,deposit,IT,2025-06-02 14:05:02
C00001,10.68,deposit,FR,2025-06-14 14:05:02
C00001,1521.69,deposit,DE,2025-06-09 14:05:02
C00123,122.78,payment,ES,2025-05-20 14:05:02
C00001,1842.1,purchase,DE,2025-06-13 14:05:02
C00002,325.37,withdrawal,DE,2025-06-14 14:05:02
C00001,836.65,payment,FR,2025-05-28 14:05:02
C00001,1668.79,purchase,IT,2025-05-21 14:05:02
C00002,1942.23,purchase,IT,2025-05-18 14:05:02
C00002,1160.26,transfer,FR,2025-05-22 14:05:02
C00001,1571.03,transfer,ES,2025-06-10 14:05:02
C00001,1947.93,deposit,ES,2025-05-19 14:05:02
C00001,1306.08,transfer,IT,2025-06-17 14:05:02
C00340,1767.34,transfer,DE,2025-05-27 14:05:02
C00001,395.31,purchase,ES,2025-06-14 14:05:02
C00002,1255.34,payment,DE,2025-05-27 14:05:02
C00001,1230.33,purchase,ES,2025-05-22 14:05:02
C00001,458.14,withdrawal,ES,2025-05-27 14:05:02
C00001,564.49,transfer,DE,2025-06-07 14:05:02
C00001,1190.25,transfer,FR,2025-05-20 14:05:02
C00002,568.78,deposit,ES,2025-05-29 14:05:02
C00002,1979.15,deposit,FR,2025-05-23 14:05:02
C00001,1250.25,deposit,FR,2025-06-07 14:05:02
C00001,1504.06,payment,FR,2025-06-06 14:05:02
C00199,1726.29,purchase,DE,2025-06-04 14:05:02
C00002,1188.84,transfer,ES,2025-05-25 14:05:02
C00621,1029.36,withdrawal,ES,2025-05-21 14:05:02
C00001,203.72,payment,ES,2025-05-24 14:05:02
C00001,1191.78,withdrawal,IT,2025-06-02 14:05:02
C00002,1585.92,payment,DE,2025-06-17 14:05:02
C00001,1780.9,deposit,DE,2025-05-29 14:05:02
C00002,444.88,purchase,FR,2025-05-18 14:05:02
C00002,379.27,withdrawal,IT,2025-06-15 14:05:02
C00002,1904.92,payment,ES,2025-06-16 14:05:02
C00002,1492.11,deposit,FR,2025-05-29 14:05:02
C00001,31.63,transfer,ES,2025-06-01 14:05:02
C00002,1179.7,transfer,DE,2025-06-09 14:05:02
C00002,448.9,transfer,DE,2025-06-08 14:05:02
C00001,1993.93,deposit,ES,2025-05-23 14:05:02
C00001,609.02,withdrawal,DE,2025-05-25 14:05:02
C00110,1992.72,payment,ES,2025-06-13 14:05:02
C00001,1300.03,payment,ES,2025-05-19 14:05:02
C00001,567.84,withdrawal,IT,2025-06-01 14:05:02
C00001,1692.57,deposit,ES,2025-06-15 14:05:02
C00002,1656.96,deposit,DE,2025-06-07 14:05:02
C00001,712.31,purchase,FR,2025-05-25 14:05:02
C00002,129.0,purchase,ES,2025-06-11 14:05:02
C00002,1605.69,transfer,FR,2025-06-12 14:05:02
C00002,106.22,withdrawal,ES,2025-06-06 14:05:02
C00935,1742.88,payment,IT,2025-06-05 14:05:02
C00001,585.08,withdrawal,FR,2025-06-08 14:05:02
C00001,704.7,payment,ES,2025-05-27 14:05:02
C00001,128.66,withdrawal,IT,2025-06-12 14:05:02
C00001,1059.74,payment,IT,2025-05-20 14:05:02
C00001,1909.17,transfer,FR,2025-06-13 14:05:02
C00002,900.61,deposit,IT,2025-05-25 14:05:02
C00002,175.29,purchase,DE,2025-05-19 14:05:02
C00001,1214.37,payment,FR,2025-06-06 14:05:02
C00002,1294.24,payment,ES,2025-06-08 14:05:02
C00395,1314.54,deposit,ES,2025-05-27 14:05:02
C00001,252.43,transfer,FR,2025-06-05 14:05:02
C00002,666.62,payment,DE,2025-06-13 14:05:02
C00001,848.63,transfer,ES,2025-05-20 14:05:02
C00001,189.43,payment,DE,2025-06-17 14:05:02
C00002,557.93,transfer,DE,2025-05-31 14:05:02
C00990,787.35,withdrawal,IT,2025-06-06 14:05:02
C00002,676.76,transfer,ES,2025-05-25 14:05:02
C00820,234.22,transfer,DE,2025-05-29 14:05:02
C00001,783.49,withdrawal,FR,2025-06-10 14:05:02
C00472,140.34,payment,IT,2025-06-13 14:05:02
C00001,49.77,purchase,ES,2025-06-08 14:05:02
C00001,1733.89,payment,FR,2025-06-10 14:05:02
C00001,839.42,purchase,FR,2025-06-11 14:05:02
C00001,1030.66,transfer,IT,2025-06-15 14:05:02
C00001,719.74,payment,FR,2025-05-24 14:05:02
C00002,467.47,transfer,FR,2025-06-09 14:05:02
C00001,957.09,deposit,IT,2025-06-10 14:05:02
C00001,195.81,withdrawal,DE,2025-05-29 14:05:02
C00001,1103.52,withdrawal,FR,2025-06-01 14:05:02
C00002,400.34,deposit,IT,2025-05-27 14:05:02
C00002,1337.96,transfer,FR,2025-05-18 14:05:02
C00001,1498.85,transfer,DE,2025-06-10 14:05:02
C00002,911.34,withdrawal,ES,2025-05-25 14:05:02
C00002,1698.24,deposit,IT,2025-06-13 14:05:02
C00002,888.49,withdrawal,ES,2025-06-17 14:05:02
C00001,547.44,purchase,FR,2025-06-13 14:05:02
C00505,1116.0,payment,ES,2025-05-24 14:05:02
C00002,772.64,deposit,IT,2025-05-29 14:05:02
C00002,1705.69,transfer,ES,2025-06-09 14:05:02
C00001,1438.68,withdrawal,IT,2025-05-21 14:05:02
C00002,1459.05,withdrawal,DE,2025-05-30 14:05:02
C00001,335.28,deposit,FR,2025-05-25 14:05:02
C00120,323.31,purchase,FR,2025-06-11 14:05:02
C00765,906.16,withdrawal,FR,2025-06-16 14:05:02
C00001,513.56,purchase,DE,2025-05-18 14:05:02
C00002,1866.55,transfer,IT,2025-06-15 14:05:02
C00002,1664.47,purchase,FR,2025-06-16 14:05:02
C00002,1875.72,deposit,ES,2025-05-24 14:05:02
C00001,799.52,transfer,FR,2025-05-22 14:05:02
C00001,1689.11,purchase,ES,2025-05-22 14:05:02
C00001,1645.11,withdrawal,DE,2025-05-19 14:05:02
C00001,1549.41,withdrawal,FR,2025-05-28 14:05:02
C00001,1346.0,withdrawal,IT,2025-05-21 14:05:02
C00001,1460.68,purchase,FR,2025-05-31 14:05:02
C00729,1368.48,purchase,DE,2025-06-01 14:05:02
C00002,1038.3,deposit,FR,2025-06-09 14:05:02
C00002,1114.84,deposit,FR,2025-06-08 14:05:02
C00001,648.44,withdrawal,IT,2025-06-08 14:05:02
C00002,101.35,deposit,FR,2025-06-16 14:05:02
C00002,1786.89,deposit,IT,2025-05-28 14:05:02
C00002,444.43,transfer,FR,2025-06-16 14:05:02
C00002,795.38,transfer,FR,2025-06-07 14:05:02
C00001,547.72,payment,FR,2025-05-23 14:05:02
C00001,1426.03,deposit,FR,2025-05-24 14:05:02
C00001,641.91,transfer,ES,2025-06-12 14:05:02
C00001,1339.29,purchase,IT,2025-06-13 14:05:02
C00001,515.46,withdrawal,ES,2025-05-27 14:05:02
C00001,1780.63,purchase,ES,2025-05-26 14:05:02
C00424,486.34,purchase,ES,2025-05-31 14:05:02
C00001,1542.81,deposit,ES,2025-06-01 14:05:02
C00002,667.13,payment,ES,2025-05-20 14:05:02
C00317,1008.44,payment,FR,2025-06-13 14:05:02
C00694,1778.34,withdrawal,IT,2025-06-06 14:05:02
C00001,1582.11,transfer,IT,2025-05-27 14:05:02
C00167,568.2,purchase,IT,2025-06-05 14:05:02
C00001,47.92,purchase,DE,2025-05-28 14:05:02
C00002,856.68,purchase,IT,2025-06-02 14:05:02
C00001,1941.27,transfer,FR,2025-05-29 14:05:02
C00001,1543.73,withdrawal,DE,2025-06-11 14:05:02
C00002,185.07,withdrawal,IT,2025-06-03 14:05:02
C00002,1671.69,deposit,ES,2025-06-10 14:05:02
C00001,1826.5,purchase,IT,2025-05-23 14:05:02
C00001,423.94,payment,IT,2025-06-07 14:05:02
C00001,1095.45,payment,DE,2025-05-21 14:05:02
C00001,1445.78,purchase,IT,2025-06-13 14:05:02
C00002,1150.48,payment,FR,2025-06-04 14:05:02
C00001,1676.42,deposit,ES,2025-05-29 14:05:02
C00001,822.41,withdrawal,FR,2025-05-18 14:05:02
C00537,17.15,transfer,IT,2025-06-06 14:05:02
C00001,1220.85,payment,FR,2025-05-26 14:05:02
C00001,1035.68,withdrawal,FR,2025-06-03 14:05:02
C00001,936.33,purchase,IT,2025-05-19 14:05:02
C00002,1499.93,deposit,FR,2025-06-05 14:05:02
C00001,1531.71,transfer,DE,2025-06-05 14:05:02
C00001,889.26,transfer,IT,2025-05-21 14:05:02
C00002,1719.09,transfer,ES,2025-06-04 14:05:02
C00415,1467.05,deposit,DE,2025-06-02 14:05:02
C00959,747.24,purchase,ES,2025-06-04 14:05:02
C00002,1315.58,payment,FR,2025-05-28 14:05:02
C00001,779.27,purchase,DE,2025-06-11 14:05:02
C00001,401.85,withdrawal,FR,2025-06-14 14:05:02
C00001,715.13,purchase,FR,2025-05-29 14:05:02
C00002,702.97,transfer,ES,2025-05-18 14:05:02
C00001,1253.03,transfer,DE,2025-06-15 14:05:02
C00001,234.06,withdrawal,ES,2025-06-09 14:05:02
C00001,109.46,deposit,FR,2025-05-23 14:05:02
C00002,1364.99,deposit,FR,2025-06-10 14:05:02
C00001,592.0,payment,FR,2025-06-07 14:05:02
C00002,1422.65,payment,ES,2025-05-23 14:05:02
C00001,1770.14,transfer,FR,2025-05-25 14:05:02
C00001,1877.09,payment,IT,2025-05-27 14:05:02
C00402,1705.76,deposit,DE,2025-06-11 14:05:02
C00853,1015.48,deposit,IT,2025-06-14 14:05:02
C00002,1609.68,payment,ES,2025-06-05 14:05:02
C00002,1186.86,transfer,ES,2025-06-05 14:05:02
C00001,718.24,payment,ES,2025-06-03 14:05:02
C00001,215.83,purchase,ES,2025-06-06 14:05:02
C00001,188.67,withdrawal,ES,2025-06-15 14:05:02
C00002,1842.91,deposit,DE,2025-05-24 14:05:02
C00456,1596.85,deposit,FR,2025-06-12 14:05:02
C00001,1653.3,purchase,FR,2025-05-26 14:05:02
C00001,1379.91,withdrawal,ES,2025-05-19 14:05:02
C00002,1056.27,withdrawal,ES,2025-06-05 14:05:02
C00001,615.4,transfer,FR,2025-06-09 14:05:02
C00001,1453.7,purchase,ES,2025-06-10 14:05:02
C00001,304.57,transfer,DE,2025-06-02 14:05:02
C00001,1564.18,payment,DE,2025-06-09 14:05:02
C00001,1876.53,transfer,IT,2025-06-10 14:05:02
C00385,1339.2,payment,IT,2025-05-21 14:05:02
C00001,1123.47,deposit,FR,2025-06-15 14:05:02
C00001,864.11,payment,ES,2025-06-07 14:05:02
C00893,1306.79,payment,DE,2025-06-08 14:05:02
C00001,301.68,deposit,ES,2025-05-24 14:05:02
C00001,1741.72,transfer,FR,2025-05-29 14:05:02
C00369,1161.8,purchase,FR,2025-05-29 14:05:02
C00001,1736.49,deposit,IT,2025-05-22 14:05:02
C00405,813.33,purchase,IT,2025-05-20 14:05:02
C00001,574.74,payment,ES,2025-05-20 14:05:02
C00900,496.71,deposit,IT,2025-06-08 14:05:02
C00002,672.38,payment,ES,2025-06-11 14:05:02
C00001,981.79,deposit,IT,2025-06-13 14:05:02
C00001,1615.35,transfer,IT,2025-05-28 14:05:02
C00781,1497.1,deposit,IT,2025-06-08 14:05:02
C00002,1168.65,purchase,DE,2025-05-26 14:05:02
C00001,1027.82,withdrawal,FR,2025-06-12 14:05:02
C00001,1308.71,payment,FR,2025-05-19 14:05:02
C00001,197.75,purchase,ES,2025-06-10 14:05:02
C00002,1032.91,payment,DE,2025-06-17 14:05:02
C00378,796.04,transfer,FR,2025-06-15 14:05:02
C00284,974.5,deposit,ES,2025-06-03 14:05:02
C00511,822.31,purchase,IT,2025-06-02 14:05:02
C00002,374.45,deposit,ES,2025-06-06 14:05:02
C00001,1088.78,payment,ES,2025-06-06 14:05:02
C00001,1336.93,deposit,FR,2025-06-17 14:05:02
C00001,240.27,transfer,DE,2025-05-20 14:05:02
C00001,356.02,deposit,DE,2025-06-02 14:05:02
C00001,205.38,transfer,FR,2025-05-24 14:05:02
C00001,1069.97,deposit,DE,2025-05-24 14:05:02
C00002,677.63,transfer,IT,2025-06-07 14:05:02
C00200,1636.88,withdrawal,FR,2025-06-10 14:05:02
C00002,1698.99,deposit,ES,2025-06-01 14:05:02
C00001,1353.54,transfer,ES,2025-05-18 14:05:02
C00978,793.76,deposit,DE,2025-05-22 14:05:02
C00001,395.5,payment,FR,2025-06-02 14:05:02
C00001,813.61,deposit,FR,2025-06-01 14:05:02
C00001,100.34,withdrawal,DE,2025-05-30 14:05:02
C00001,1735.94,purchase,DE,2025-06-14 14:05:02
C00001,1610.6,payment,ES,2025-06-08 14:05:02
C00001,528.02,deposit,ES,2025-05-28 14:05:02
C00001,839.69,payment,FR,2025-06-05 14:05:02
C00002,1487.52,deposit,FR,2025-06-17 14:05:02
C00001,485.48,deposit,FR,2025-05-30 14:05:02
C00002,118.6,transfer,FR,2025-06-02 14:05:02
C00001,1918.19,deposit,IT,2025-06-05 14:05:02
C00001,856.2,purchase,IT,2025-06-09 14:05:02
C00681,1629.46,purchase,DE,2025-05-29 14:05:02
C00002,94.74,purchase,FR,2025-05-20 14:05:02
C00001,13.68,purchase,DE,2025-05-24 14:05:02
C00002,692.26,purchase,DE,2025-05-19 14:05:02
C00002,757.35,transfer,IT,2025-05-19 14:05:02
C00002,36.12,withdrawal,FR,2025-06-17 14:05:02
C00002,1318.11,withdrawal,DE,2025-05-31 14:05:02
C00001,569.74,transfer,FR,2025-05-22 14:05:02
C00001,1102.45,purchase,ES,2025-06-12 14:05:02
C00001,771.37,withdrawal,FR,2025-06-02 14:05:02
C00001,1167.89,withdrawal,DE,2025-05-25 14:05:02
C00991,710.7,withdrawal,IT,2025-06-14 14:05:02
C00001,1230.25,payment,ES,2025-05-27 14:05:02
C00106,1343.78,transfer,ES,2025-05-29 14:05:02
C00001,1096.31,payment,ES,2025-06-17 14:05:02
C00353,110.85,withdrawal,ES,2025-05-25 14:05:02
C00001,1617.88,payment,DE,2025-06-07 14:05:02
C00001,568.49,deposit,DE,2025-06-02 14:05:02
C00001,208.0,deposit,FR,2025-05-29 14:05:02
C00001,1667.21,withdrawal,FR,2025-06-02 14:05:02
C00001,251.4,purchase,DE,2025-05-29 14:05:02
C00949,38.88,payment,FR,2025-06-01 14:05:02
C00547,451.27,deposit,DE,2025-06-15 14:05:02
C00001,1612.62,withdrawal,FR,2025-06-03 14:05:02
C00037,362.23,payment,DE,2025-06-16 14:05:02
C00002,390.52,payment,DE,2025-06-13 14:05:02
C00001,196.56,transfer,FR,2025-06-15 14:05:02
C00001,1097.37,payment,ES,2025-05-19 14:05:02
C00001,274.71,purchase,DE,2025-06-06 14:05:02
C00001,259.9,payment,FR,2025-06-16 14:05:02
C00261,1778.74,withdrawal,ES,2025-05-31 14:05:02
C00002,22.88,transfer,DE,2025-05-29 14:05:02
C00001,1363.19,purchase,DE,2025-06-14 14:05:02
C00002,965.75,withdrawal,DE,2025-06-10 14:05:02
C00002,1548.07,withdrawal,IT,2025-05-30 14:05:02
C00001,1810.13,payment,IT,2025-05-25 14:05:02
C00001,1324.26,payment,ES,2025-05-20 14:05:02
C00001,898.46,payment,DE,2025-06-04 14:05:02
C00001,408.55,deposit,IT,2025-06-04 14:05:02
C00001,1133.59,purchase,FR,2025-05-22 14:05:02
C00001,1626.9,transfer,FR,2025-06-09 14:05:02
C00001,1579.39,withdrawal,IT,2025-05-29 14:05:02
C00001,1963.43,purchase,DE,2025-06-05 14:05:02
C00001,885.59,purchase,DE,2025-05-23 14:05:02
C00001,1246.64,deposit,ES,2025-05-30 14:05:02
C00002,279.14,payment,DE,2025-06-15 14:05:02
C00002,473.94,purchase,DE,2025-06-16 14:05:02
C00002,680.68,withdrawal,DE,2025-05-29 14:05:02
C00001,879.77,purchase,ES,2025-05-23 14:05:02
C00001,1186.02,transfer,ES,2025-06-02 14:05:02
C00001,69.18,purchase,IT,2025-06-04 14:05:02
C00426,945.79,purchase,ES,2025-06-02 14:05:02
C00001,346.14,payment,DE,2025-06-05 14:05:02
C00001,1614.93,payment,IT,2025-06-12 14:05:02
C00502,129.84,payment,ES,2025-05-22 14:05:02
C00293,762.26,purchase,DE,2025-06-15 14:05:02
C00001,263.02,deposit,IT,2025-06-10 14:05:02
C00001,1198.31,payment,IT,2025-05-31 14:05:02
C00001,350.25,payment,FR,2025-06-05 14:05:02
C00957,944.7,transfer,FR,2025-05-28 14:05:02
C00002,1333.01,deposit,FR,2025-05-30 14:05:02
C00002,991.23,deposit,FR,2025-06-02 14:05:02
C00001,664.86,transfer,FR,2025-05-26 14:05:02
C00001,731.73,deposit,ES,2025-05-20 14:05:02
C00002,1963.16,transfer,IT,2025-05-29 14:05:02
C00001,846.79,payment,IT,2025-05-24 14:05:02
C00001,18.15,transfer,ES,2025-05-21 14:05:02
C00001,1885.69,withdrawal,FR,2025-06-13 14:05:02
C00001,1705.24,deposit,DE,2025-06-16 14:05:02
C00002,153.57,withdrawal,DE,2025-06-03 14:05:02
C00001,1391.77,transfer,FR,2025-06-11 14:05:02
C00002,1478.36,deposit,DE,2025-05-21 14:05:02
C00116,103.41,purchase,IT,2025-05-18 14:05:02
C00002,1979.13,purchase,DE,2025-06-03 14:05:02
C00001,1798.06,transfer,IT,2025-06-08 14:05:02
C00002,372.64,withdrawal,ES,2025-06-10 14:05:02
C00002,1708.02,withdrawal,FR,2025-06-11 14:05:02
C00002,1656.84,payment,FR,2025-05-20 14:05:02
C00002,1258.19,withdrawal,IT,2025-05-19 14:05:02
C00061,1764.04,withdrawal,ES,2025-06-03 14:05:02
C00001,219.64,purchase,IT,2025-06-13 14:05:02
C00001,1460.5,payment,DE,2025-06-05 14:05:02
C00152,1713.53,withdrawal,FR,2025-06-15 14:05:02
C00001,196.25,transfer,DE,2025-05-28 14:05:02
C00002,1351.81,deposit,DE,2025-05-27 14:05:02
C00001,156.53,deposit,ES,2025-05-29 14:05:02
C00001,663.06,deposit,FR,2025-06-05 14:05:02
C00001,578.4,deposit,DE,2025-06-06 14:05:02
C00001,949.96,purchase,DE,2025-05-24 14:05:02
C00029,811.0,deposit,IT,2025-06-05 14:05:02
C00001,1136.17,payment,FR,2025-05-28 14:05:02
C00001,481.01,payment,ES,2025-05-21 14:05:02
C00001,731.19,payment,FR,2025-05-21 14:05:02
C00001,1214.13,withdrawal,IT,2025-06-11 14:05:02
C00002,169.86,transfer,IT,2025-05-29 14:05:02
C00002,167.92,deposit,FR,2025-05-21 14:05:02
C00676,1770.87,purchase,FR,2025-06-09 14:05:02
C00001,911.62,deposit,DE,2025-05-27 14:05:02
C00002,1760.75,payment,ES,2025-05-24 14:05:02
C00749,402.58,withdrawal,IT,2025-06-12 14:05:02
C00002,986.96,purchase,IT,2025-06-11 14:05:02
C00001,1136.69,payment,IT,2025-06-13 14:05:02
C00001,68.17,transfer,IT,2025-06-07 14:05:02
C00001,205.14,purchase,ES,2025-06-13 14:05:02
C00001,1915.77,deposit,IT,2025-05-23 14:05:02
C00001,1830.12,deposit,IT,2025-05-30 14:05:02
C00001,1803.97,withdrawal,IT,2025-05-27 14:05:02
C00002,526.85,deposit,DE,2025-06-03 14:05:02
C00002,1605.55,transfer,ES,2025-05-19 14:05:02
C00002,1263.95,transfer,DE,2025-06-16 14:05:02
C00002,158.24,transfer,IT,2025-05-22 14:05:02
C00002,867.06,transfer,DE,2025-06-17 14:05:02
C00001,1168.07,withdrawal,ES,2025-06-02 14:05:02
C00555,425.09,payment,FR,2025-06-17 14:05:02
C00074,182.03,purchase,FR,2025-06-12 14:05:02
C00001,1539.53,payment,IT,2025-06-05 14:05:02
C00001,181.79,purchase,DE,2025-05-23 14:05:02
C00001,1680.74,withdrawal,ES,2025-06-06 14:05:02
C00002,1774.6,purchase,DE,2025-06-01 14:05:02
C00002,600.4,withdrawal,FR,2025-05-20 14:05:02
C00002,659.23,withdrawal,ES,2025-06-06 14:05:02
C00641,426.38,purchase,ES,2025-05-30 14:05:02
C00001,1733.13,transfer,IT,2025-06-14 14:05:02
C00001,888.15,transfer,DE,2025-05-30 14:05:02
C00987,1020.57,deposit,DE,2025-05-31 14:05:02
C00001,339.83,purchase,IT,2025-06-12 14:05:02
C00621,969.53,payment,FR,2025-06-16 14:05:02
C00002,1742.38,payment,ES,2025-06-11 14:05:02
C00001,1611.5,deposit,FR,2025-05-29 14:05:02
C00001,1802.58,deposit,ES,2025-06-11 14:05:02
C00001,1728.01,deposit,IT,2025-05-28 14:05:02
C00001,1667.5,transfer,IT,2025-05-23 14:05:02
C00002,1738.82,withdrawal,IT,2025-06-17 14:05:02
C00001,1813.59,payment,IT,2025-06-06 14:05:02
C00001,1563.59,transfer,FR,2025-05-24 14:05:02
C00002,202.62,purchase,ES,2025-05-22 14:05:02
C00002,667.88,transfer,FR,2025-06-11 14:05:02
C00002,1786.23,payment,ES,2025-05-19 14:05:02
C00001,1589.6,deposit,DE,2025-05-23 14:05:02
C00001,1870.95,withdrawal,DE,2025-06-09 14:05:02
C00002,940.2,transfer,FR,2025-06-05 14:05:02
C00128,1883.03,deposit,DE,2025-05-21 14:05:02
C00001,1979.46,purchase,ES,2025-06-03 14:05:02
C00001,362.56,payment,IT,2025-06-08 14:05:02
C00001,10.06,transfer,FR,2025-06-01 14:05:02
C00002,798.42,deposit,DE,2025-05-20 14:05:02
C00001,1923.71,payment,IT,2025-05-20 14:05:02
C00002,481.88,payment,FR,2025-06-08 14:05:02
C00001,1667.48,withdrawal,DE,2025-06-01 14:05:02
C00344,355.04,payment,IT,2025-05-29 14:05:02
C00002,721.1,purchase,FR,2025-06-13 14:05:02
C00002,1883.53,purchase,DE,2025-06-09 14:05:02
C00001,1213.3,withdrawal,FR,2025-06-01 14:05:02
C00885,1467.73,withdrawal,DE,2025-05-30 14:05:02
C00002,1675.1,withdrawal,ES,2025-05-24 14:05:02
C00002,1579.17,purchase,ES,2025-06-02 14:05:02
C00133,692.97,payment,IT,2025-06-08 14:05:02
C00001,1466.86,purchase,IT,2025-06-01 14:05:02
C00241,1087.84,purchase,ES,2025-05-20 14:05:02
C00001,1810.56,payment,FR,2025-05-23 14:05:02
C00002,227.23,purchase,DE,2025-05-24 14:05:02
C00001,957.45,transfer,DE,2025-06-07 14:05:02
C00002,1671.14,withdrawal,FR,2025-05-19 14:05:02
C00002,746.75,deposit,FR,2025-05-21 14:05:02
C00002,233.18,withdrawal,ES,2025-05-22 14:05:02
C00001,709.19,deposit,IT,2025-06-16 14:05:02
C00996,139.91,deposit,DE,2025-05-21 14:05:02
C00001,1326.73,purchase,IT,2025-06-06 14:05:02
C00001,377.64,payment,IT,2025-06-07 14:05:02
C00714,655.78,deposit,DE,2025-05-22 14:05:02
C00001,1021.12,payment,ES,2025-06-06 14:05:02
C00002,1655.37,withdrawal,FR,2025-06-13 14:05:02
C00002,1616.97,payment,DE,2025-06-09 14:05:02
C00463,1108.48,payment,IT,2025-05-21 14:05:02
C00002,1122.99,withdrawal,DE,2025-06-04 14:05:02
C00001,1085.14,payment,FR,2025-05-31 14:05:02
C00009,1445.97,deposit,FR,2025-06-17 14:05:02
C00001,1158.12,transfer,ES,2025-05-19 14:05:02
C00002,1607.25,payment,IT,2025-06-09 14:05:02
C00002,269.27,purchase,FR,2025-06-13 14:05:02
C00001,1291.67,withdrawal,FR,2025-06-11 14:05:02
C00001,154.19,transfer,DE,2025-05-30 14:05:02
C00001,1812.47,payment,FR,2025-06-16 14:05:02
C00002,269.18,payment,IT,2025-06-10 14:05:02
C00002,1976.16,transfer,DE,2025-06-08 14:05:02
C00002,81.63,payment,ES,2025-05-27 14:05:02
C00001,1540.39,purchase,ES,2025-05-24 14:05:02
C00001,1943.35,withdrawal,IT,2025-05-31 14:05:02
C00002,402.91,purchase,IT,2025-06-11 14:05:02
C00001,1107.68,transfer,IT,2025-06-09 14:05:02
C00002,1614.63,purchase,IT,2025-05-29 14:05:02
C00001,777.14,withdrawal,IT,2025-06-07 14:05:02
C00001,47.59,deposit,ES,2025-06-08 14:05:02
C00002,1772.03,transfer,ES,2025-06-10 14:05:02
C00001,612.95,payment,IT,2025-06-01 14:05:02
C00002,1310.99,payment,FR,2025-06-15 14:05:02
C00001,87.9,deposit,DE,2025-06-03 14:05:02
C00002,576.48,deposit,ES,2025-06-15 14:05:02
C00002,1594.01,purchase,ES,2025-05-31 14:05:02
C00002,1404.41,deposit,IT,2025-05-23 14:05:02
C00001,209.19,payment,ES,2025-06-05 14:05:02
C00676,709.06,deposit,IT,2025-06-01 14:05:02
C00001,484.31,withdrawal,DE,2025-06-14 14:05:02
C00002,354.51,withdrawal,IT,2025-06-01 14:05:02
C00772,387.8,transfer,FR,2025-05-29 14:05:02
C00001,536.35,purchase,ES,2025-05-23 14:05:02
C00001,162.27,purchase,DE,2025-05-21 14:05:02
C00001,870.05,transfer,FR,2025-06-15 14:05:02
C00001,547.36,deposit,ES,2025-06-07 14:05:02
C00001,901.37,deposit,IT,2025-06-16 14:05:02
C00001,903.2,purchase,FR,2025-06-14 14:05:02
C00001,733.04,purchase,FR,2025-06-02 14:05:02
C00002,1595.5,withdrawal,IT,2025-05-20 14:05:02
C00246,1920.62,purchase,IT,2025-06-11 14:05:02
C00002,973.17,purchase,FR,2025-06-09 14:05:02
C00001,1970.67,purchase,FR,2025-06-16 14:05:02
C00001,1159.23,deposit,DE,2025-06-03 14:05:02
C00001,536.06,payment,ES,2025-06-02 14:05:02
C00857,89.14,purchase,DE,2025-05-26 14:05:02
C00998,362.59,withdrawal,DE,2025-06-08 14:05:02
C00700,530.44,transfer,IT,2025-05-31 14:05:02
C00002,257.11,payment,DE,2025-06-11 14:05:02
C00311,1838.62,purchase,FR,2025-06-02 14:05:02
C00001,1575.16,payment,FR,2025-05-30 14:05:02
C00536,345.49,withdrawal,ES,2025-05-30 14:05:02
C00001,957.85,transfer,DE,2025-05-22 14:05:02
C00002,1428.84,purchase,ES,2025-05-28 14:05:02
C00001,889.59,withdrawal,FR,2025-05-20 14:05:02
C00002,863.86,transfer,FR,2025-06-13 14:05:02
C00002,1829.67,withdrawal,IT,2025-06-06 14:05:02
C00002,1972.94,payment,DE,2025-05-25 14:05:02
C00001,1602.8,purchase,IT,2025-06-17 14:05:02
C00001,663.93,purchase,ES,2025-05-19 14:05:02
C00001,341.04,deposit,IT,2025-06-16 14:05:02
C00308,1189.69,withdrawal,DE,2025-05-29 14:05:02
C00920,798.22,payment,DE,2025-06-10 14:05:02
C00002,1497.76,purchase,DE,2025-06-05 14:05:02
C00001,423.77,transfer,IT,2025-06-04 14:05:02
C00002,618.13,purchase,ES,2025-05-18 14:05:02
C00001,1081.35,payment,ES,2025-06-05 14:05:02
C00002,853.97,payment,DE,2025-05-18 14:05:02
C00002,515.79,deposit,FR,2025-06-12 14:05:02
C00002,1437.23,deposit,ES,2025-05-20 14:05:02
C00002,921.12,deposit,DE,2025-05-24 14:05:02
C00001,1127.35,deposit,DE,2025-05-21 14:05:02
C00002,10.47,transfer,ES,2025-06-12 14:05:02
C00001,479.2,payment,ES,2025-06-06 14:05:02
C00863,199.77,withdrawal,FR,2025-06-15 14:05:02
C00001,554.19,purchase,IT,2025-06-17 14:05:02
C00001,1550.39,transfer,FR,2025-06-12 14:05:02
C00002,934.19,transfer,DE,2025-06-05 14:05:02
C00001,91.19,payment,DE,2025-05-21 14:05:02
C00002,1474.88,payment,FR,2025-05-31 14:05:02
C00621,1045.4,withdrawal,IT,2025-06-13 14:05:02
C00878,108.49,withdrawal,FR,2025-06-15 14:05:02
C00001,1302.97,withdrawal,FR,2025-06-07 14:05:02
C00001,668.87,purchase,ES,2025-06-02 14:05:02
C00989,1545.04,purchase,FR,2025-05-25 14:05:02
C00650,1970.95,deposit,IT,2025-05-22 14:05:02
C00001,218.19,purchase,IT,2025-05-22 14:05:02
C00958,1186.7,deposit,ES,2025-06-04 14:05:02
C00024,1296.51,withdrawal,IT,2025-05-18 14:05:02
C00001,1807.01,withdrawal,IT,2025-05-23 14:05:02
C00001,1263.86,transfer,FR,2025-06-04 14:05:02
C00001,1294.29,withdrawal,FR,2025-06-04 14:05:02
C00001,1247.5,withdrawal,IT,2025-06-15 14:05:02
C00001,1946.58,deposit,FR,2025-06-03 14:05:02
C00001,1499.53,deposit,FR,2025-05-20 14:05:02
C00002,178.42,transfer,ES,2025-06-17 14:05:02
C00001,562.07,transfer,ES,2025-05-21 14:05:02
C00001,1860.44,withdrawal,IT,2025-06-01 14:05:02
C00001,821.74,transfer,DE,2025-06-05 14:05:02
C00001,1238.05,deposit,IT,2025-05-19 14:05:02
C00001,1041.08,deposit,ES,2025-05-28 14:05:02
C00002,728.35,withdrawal,DE,2025-05-30 14:05:02
C00682,866.77,purchase,DE,2025-06-12 14:05:02
C00001,803.44,deposit,ES,2025-06-05 14:05:02
C00326,486.58,transfer,IT,2025-06-08 14:05:02
C00001,1837.19,payment,DE,2025-05-20 14:05:02
C00001,1949.03,transfer,FR,2025-05-30 14:05:02
C00001,1991.65,purchase,DE,2025-06-02 14:05:02
C00002,1018.07,withdrawal,DE,2025-06-15 14:05:02
C00002,1498.7,withdrawal,DE,2025-06-15 14:05:02
C00001,579.11,deposit,IT,2025-06-15 14:05:02
C00001,542.73,withdrawal,DE,2025-05-20 14:05:02
C00910,397.52,payment,DE,2025-05-29 14:05:02
C00001,1480.85,withdrawal,DE,2025-06-02 14:05:02
C00001,1853.69,deposit,FR,2025-06-17 14:05:02
C00002,28.63,deposit,IT,2025-05-30 14:05:02
C00001,619.3,withdrawal,FR,2025-06-01 14:05:02
C00001,613.87,withdrawal,IT,2025-06-05 14:05:02
C00001,1936.95,deposit,IT,2025-06-01 14:05:02
C00704,1249.84,payment,IT,2025-05-21 14:05:02
C00001,355.96,purchase,IT,2025-06-04 14:05:02
C00001,1062.54,purchase,DE,2025-05-28 14:05:02
C00001,1761.79,transfer,DE,2025-06-14 14:05:02
C00002,1649.9,transfer,IT,2025-06-04 14:05:02
C00001,1959.82,payment,FR,2025-05-21 14:05:02
C00002,855.91,payment,IT,2025-05-21 14:05:02
C00536,757.17,deposit,ES,2025-06-01 14:05:02
C00265,542.44,withdrawal,ES,2025-05-24 14:05:02
C00002,1055.43,purchase,FR,2025-05-31 14:05:02
C00001,447.91,deposit,IT,2025-06-13 14:05:02
C00001,416.52,withdrawal,IT,2025-05-29 14:05:02
C00714,161.92,deposit,DE,2025-06-09 14:05:02
C00001,95.95,transfer,DE,2025-06-15 14:05:02
C00001,596.39,transfer,DE,2025-06-08 14:05:02
C00001,318.91,deposit,DE,2025-06-14 14:05:02
C00433,1077.61,withdrawal,IT,2025-06-08 14:05:02
C00002,1454.6,purchase,IT,2025-05-28 14:05:02
C00002,1587.81,payment,ES,2025-05-27 14:05:02
C00001,1104.6,payment,DE,2025-06-17 14:05:02
C00002,1488.23,payment,DE,2025-05-28 14:05:02
C00253,1511.86,deposit,DE,2025-06-14 14:05:02
C00572,379.5,transfer,FR,2025-05-20 14:05:02
C00002,487.67,withdrawal,IT,2025-05-30 14:05:02
C00001,564.5,payment,ES,2025-06-15 14:05:02
C00002,638.74,deposit,FR,2025-06-02 14:05:02
C00002,209.4,deposit,ES,2025-06-09 14:05:02
C00001,1911.58,transfer,ES,2025-06-08 14:05:02
C00002,1544.4,deposit,DE,2025-06-11 14:05:02
C00002,1268.25,withdrawal,FR,2025-05-24 14:05:02
C00002,1148.74,withdrawal,FR,2025-05-23 14:05:02
C00002,905.04,withdrawal,DE,2025-05-29 14:05:02
C00002,153.07,deposit,DE,2025-05-22 14:05:02
C00001,1544.97,payment,IT,2025-06-11 14:05:02
C00001,123.23,purchase,FR,2025-06-03 14:05:02
C00002,1000.19,payment,ES,2025-05-21 14:05:02
C00103,1464.02,purchase,DE,2025-05-31 14:05:02
C00001,18.62,withdrawal,ES,2025-06-04 14:05:02
C00002,41.32,payment,ES,2025-05-28 14:05:02
C00001,568.25,deposit,ES,2025-05-30 14:05:02
C00002,788.28,purchase,IT,2025-06-17 14:05:02
C00002,1532.58,transfer,IT,2025-05-23 14:05:02
C00001,1685.69,withdrawal,IT,2025-06-09 14:05:02
C00788,1764.68,deposit,IT,2025-06-01 14:05:02
C00001,61.39,payment,ES,2025-06-01 14:05:02
C00002,664.45,transfer,ES,2025-06-02 14:05:02
C00001,756.68,withdrawal,DE,2025-05-18 14:05:02
C00935,71.83,transfer,DE,2025-05-30 14:05:02
C00001,489.82,deposit,IT,2025-06-08 14:05:02
C00001,277.43,payment,ES,2025-05-31 14:05:02
C00976,978.41,withdrawal,IT,2025-05-26 14:05:02
C00002,1912.54,transfer,FR,2025-06-17 14:05:02
C00002,379.84,payment,IT,2025-05-29 14:05:02
C00001,1861.41,withdrawal,DE,2025-05-20 14:05:02
C00001,490.14,transfer,DE,2025-06-15 14:05:02
C00001,811.19,purchase,FR,2025-06-04 14:05:02
C00001,356.6,deposit,FR,2025-05-22 14:05:02
C00002,1032.1,deposit,DE,2025-06-05 14:05:02
C00002,68.15,withdrawal,FR,2025-06-13 14:05:02
C00001,860.58,payment,ES,2025-06-01 14:05:02
C00001,756.28,payment,FR,2025-05-26 14:05:02
C00001,788.33,deposit,IT,2025-06-03 14:05:02
C00001,646.0,transfer,DE,2025-06-17 14:05:02
C00002,692.81,withdrawal,DE,2025-06-07 14:05:02
C00001,915.22,deposit,IT,2025-05-27 14:05:02
C00002,293.55,purchase,FR,2025-06-15 14:05:02
C00002,1662.28,withdrawal,ES,2025-06-12 14:05:02
C00001,1369.17,payment,IT,2025-06-06 14:05:02
C00002,807.59,purchase,DE,2025-05-18 14:05:02
C00001,102.59,payment,IT,2025-06-13 14:05:02
C00001,1345.8,withdrawal,DE,2025-06-15 14:05:02
C00002,1650.21,withdrawal,ES,2025-06-07 14:05:02
C00001,1495.92,withdrawal,ES,2025-05-31 14:05:02
C00001,948.18,payment,ES,2025-06-04 14:05:02
C00001,1817.98,transfer,DE,2025-06-05 14:05:02
C00945,1203.92,purchase,IT,2025-06-16 14:05:02
C00001,397.07,withdrawal,FR,2025-05-31 14:05:02
C00001,1123.2,purchase,IT,2025-05-20 14:05:02
C00001,591.94,purchase,IT,2025-05-26 14:05:02
C00001,838.12,payment,ES,2025-06-03 14:05:02
C00001,1015.02,payment,FR,2025-06-15 14:05:02
C00001,929.53,deposit,DE,2025-05-26 14:05:02
C00001,451.5,withdrawal,IT,2025-06-02 14:05:02
C00001,56.85,payment,ES,2025-06-14 14:05:02
C00001,1326.4,deposit,DE,2025-05-19 14:05:02
C00002,1937.91,payment,FR,2025-06-08 14:05:02
C00002,1065.41,purchase,DE,2025-06-06 14:05:02
C00001,1334.82,transfer,ES,2025-06-16 14:05:02
C00001,1842.24,payment,ES,2025-06-03 14:05:02
C00001,54.63,payment,ES,2025-05-30 14:05:02
C00002,1025.88,payment,IT,2025-06-11 14:05:02
C00002,534.01,payment,IT,2025-05-31 14:05:02
C00002,676.79,deposit,DE,2025-05-28 14:05:02
C00001,1599.34,purchase,FR,2025-05-26 14:05:02
C00647,1256.02,deposit,FR,2025-06-02 14:05:02
C00001,972.33,transfer,DE,2025-06-12 14:05:02
C00002,524.72,deposit,FR,2025-06-15 14:05:02
C00001,820.81,withdrawal,ES,2025-05-20 14:05:02
C00001,995.32,withdrawal,IT,2025-05-23 14:05:02
C00001,883.71,transfer,ES,2025-06-12 14:05:02
C00001,1931.27,transfer,IT,2025-06-09 14:05:02
C00001,1894.14,purchase,DE,2025-06-05 14:05:02
C00001,1471.96,deposit,FR,2025-06-01 14:05:02
C00001,1648.44,payment,ES,2025-05-28 14:05:02
C00532,1422.1,payment,IT,2025-06-06 14:05:02
C00002,1880.13,deposit,ES,2025-05-22 14:05:02
C00002,1945.02,payment,IT,2025-06-17 14:05:02
C00001,1884.73,transfer,ES,2025-05-30 14:05:02
C00002,1743.55,purchase,ES,2025-05-25 14:05:02
C00002,1018.39,purchase,FR,2025-06-05 14:05:02
C00677,682.58,transfer,DE,2025-05-29 14:05:02
C00001,357.13,deposit,DE,2025-06-13 14:05:02
C00002,432.11,purchase,IT,2025-05-22 14:05:02
C00001,894.69,deposit,DE,2025-06-06 14:05:02
C00534,1774.64,withdrawal,DE,2025-05-20 14:05:02
C00001,540.72,payment,ES,2025-06-15 14:05:02
C00511,1632.02,deposit,IT,2025-05-29 14:05:02
C00002,1699.19,withdrawal,ES,2025-05-25 14:05:02
C00002,671.93,deposit,ES,2025-06-13 14:05:02
C00024,1737.38,withdrawal,DE,2025-06-02 14:05:02
C00002,1364.02,payment,ES,2025-05-26 14:05:02
C00001,1467.46,withdrawal,FR,2025-06-13 14:05:02
C00846,81.52,withdrawal,DE,2025-05-20 14:05:02
C00002,731.27,deposit,FR,2025-06-10 14:05:02
C00002,731.64,withdrawal,FR,2025-06-09 14:05:02
C00002,409.96,purchase,FR,2025-06-02 14:05:02
C00001,549.72,transfer,IT,2025-06-04 14:05:02
C00668,1174.35,deposit,DE,2025-06-09 14:05:02
C00002,1642.82,payment,IT,2025-05-27 14:05:02
C00452,829.87,purchase,ES,2025-05-31 14:05:02
C00001,1877.54,transfer,IT,2025-06-14 14:05:02
C00001,325.07,purchase,DE,2025-05-18 14:05:02
C00001,1457.51,purchase,ES,2025-05-21 14:05:02
C00001,601.94,payment,FR,2025-06-09 14:05:02
C00001,405.79,deposit,DE,2025-06-16 14:05:02
C00002,1596.74,withdrawal,DE,2025-06-01 14:05:02
C00125,973.6,withdrawal,FR,2025-05-23 14:05:02
C00973,122.6,payment,FR,2025-06-17 14:05:02
C00001,966.38,withdrawal,IT,2025-05-24 14:05:02
C00001,565.85,purchase,FR,2025-05-30 14:05:02
C00002,448.16,purchase,FR,2025-06-13 14:05:02
C00001,1360.03,withdrawal,ES,2025-05-28 14:05:02
C00001,89.83,purchase,ES,2025-06-11 14:05:02
C00001,1712.45,payment,DE,2025-06-06 14:05:02
C00001,949.0,transfer,IT,2025-06-14 14:05:02
C00002,610.16,purchase,DE,2025-06-02 14:05:02
C00002,851.33,withdrawal,IT,2025-06-03 14:05:02
C00001,1267.01,deposit,IT,2025-06-01 14:05:02
C00001,1722.65,purchase,DE,2025-05-19 14:05:02
C00001,1074.98,payment,ES,2025-06-16 14:05:02
C00001,1750.21,withdrawal,DE,2025-06-07 14:05:02
C00591,1254.43,payment,IT,2025-05-27 14:05:02
C00539,216.66,deposit,FR,2025-06-10 14:05:02
C00718,16.62,transfer,ES,2025-06-17 14:05:02
C00534,1680.7,deposit,DE,2025-05-30 14:05:02
C00001,1993.54,deposit,DE,2025-05-25 14:05:02
C00275,357.26,withdrawal,IT,2025-05-26 14:05:02
C00002,1366.11,payment,IT,2025-06-13 14:05:02
C00002,1226.26,payment,ES,2025-06-02 14:05:02
C00001,229.79,purchase,DE,2025-05-29 14:05:02
C00001,51.26,deposit,FR,2025-06-02 14:05:02
C00753,728.24,payment,FR,2025-06-04 14:05:02
C00001,1012.09,purchase,ES,2025-05-21 14:05:02
C00001,972.93,transfer,ES,2025-05-23 14:05:02
C00002,456.06,purchase,ES,2025-05-26 14:05:02
C00394,1968.59,deposit,FR,2025-05-26 14:05:02
C00380,171.14,transfer,DE,2025-05-21 14:05:02
C00800,876.94,deposit,FR,2025-06-12 14:05:02
C00164,191.22,transfer,DE,2025-06-11 14:05:02
C00001,1194.36,transfer,FR,2025-05-24 14:05:02
C00001,174.34,purchase,FR,2025-05-21 14:05:02
C00001,50.08,purchase,IT,2025-05-26 14:05:02
C00442,74.45,payment,FR,2025-05-26 14:05:02
C00002,920.55,transfer,IT,2025-06-08 14:05:02
C00002,240.37,withdrawal,FR,2025-05-26 14:05:02
C00002,638.94,transfer,FR,2025-06-05 14:05:02
C00001,1791.82,transfer,DE,2025-06-14 14:05:02
C00001,1291.63,deposit,FR,2025-06-01 14:05:02
C00680,1826.06,purchase,FR,2025-05-29 14:05:02
C00001,1986.33,deposit,DE,2025-06-03 14:05:02
C00001,572.4,payment,FR,2025-05-26 14:05:02
C00001,1147.58,withdrawal,FR,2025-06-11 14:05:02
C00002,894.69,payment,FR,2025-05-23 14:05:02
C00001,1698.65,deposit,ES,2025-06-05 14:05:02
C00002,1349.58,deposit,IT,2025-06-14 14:05:02
C00717,1350.11,purchase,IT,2025-06-01 14:05:02
C00554,1997.16,deposit,IT,2025-06-01 14:05:02
C00381,1132.91,payment,IT,2025-05-28 14:05:02
C00001,1991.75,deposit,DE,2025-06-04 14:05:02
C00001,581.61,payment,IT,2025-06-17 14:05:02
C00001,551.4,payment,FR,2025-05-31 14:05:02
C00002,215.7,withdrawal,IT,2025-06-07 14:05:02
C00001,1984.56,withdrawal,FR,2025-06-12 14:05:02
C00001,1618.81,withdrawal,IT,2025-05-30 14:05:02
C00552,1466.05,withdrawal,ES,2025-05-31 14:05:02
C00001,1824.82,transfer,DE,2025-05-20 14:05:02
C00001,558.61,withdrawal,ES,2025-05-29 14:05:02
C00546,1594.15,withdrawal,DE,2025-06-17 14:05:02
C00002,1697.85,payment,IT,2025-06-10 14:05:02
C00002,598.79,purchase,ES,2025-06-11 14:05:02
C00667,228.49,deposit,IT,2025-06-01 14:05:02
C00193,318.09,transfer,IT,2025-06-10 14:05:02
C00002,1820.23,purchase,DE,2025-05-23 14:05:02
C00001,1240.48,withdrawal,IT,2025-06-11 14:05:02
C00001,1595.29,transfer,DE,2025-05-21 14:05:02
C00002,860.31,payment,IT,2025-05-30 14:05:02
C00480,925.82,deposit,ES,2025-06-10 14:05:02
C00001,1232.07,deposit,ES,2025-06-17 14:05:02
C00001,1372.62,purchase,ES,2025-05-19 14:05:02
C00002,737.32,deposit,ES,2025-05-23 14:05:02
C00002,1072.47,purchase,DE,2025-05-25 14:05:02
C00351,1155.24,deposit,DE,2025-05-30 14:05:02
C00002,355.24,purchase,ES,2025-06-02 14:05:02
C00001,640.55,withdrawal,DE,2025-06-13 14:05:02
C00001,1642.56,deposit,DE,2025-05-22 14:05:02
C00001,908.12,withdrawal,IT,2025-06-05 14:05:02
C00002,326.77,purchase,IT,2025-06-16 14:05:02
C00001,251.9,transfer,IT,2025-05-27 14:05:02
C00001,1020.74,payment,FR,2025-05-31 14:05:02
C00002,727.49,payment,DE,2025-06-01 14:05:02
C00001,558.84,deposit,IT,2025-06-10 14:05:02
C00001,130.86,transfer,FR,2025-06-09 14:05:02
C00545,1900.79,withdrawal,DE,2025-06-16 14:05:02
C00001,723.22,payment,ES,2025-06-08 14:05:02
C00002,537.67,purchase,DE,2025-06-10 14:05:02
C00664,1555.9,payment,FR,2025-06-08 14:05:02
C00896,933.33,payment,FR,2025-06-03 14:05:02
C00002,1315.44,deposit,IT,2025-06-02 14:05:02
C00001,723.05,withdrawal,IT,2025-06-04 14:05:02
C00002,523.39,purchase,FR,2025-05-20 14:05:02
C00001,1784.92,transfer,ES,2025-06-17 14:05:02
C00001,489.08,deposit,ES,2025-06-16 14:05:02
C00002,1873.09,payment,FR,2025-05-18 14:05:02
C00001,1794.49,deposit,ES,2025-06-16 14:05:02
C00002,982.77,purchase,IT,2025-06-07 14:05:02
C00001,1113.94,withdrawal,DE,2025-06-14 14:05:02
C00001,1949.85,deposit,DE,2025-06-01 14:05:02
C00001,1164.97,purchase,FR,2025-05-31 14:05:02
C00001,151.51,purchase,IT,2025-06-09 14:05:02
C00065,1930.52,deposit,ES,2025-06-10 14:05:02
C00001,215.96,transfer,ES,2025-06-11 14:05:02
C00001,1271.75,deposit,FR,2025-05-19 14:05:02
C00001,1556.53,withdrawal,IT,2025-05-25 14:05:02
C00001,1678.98,payment,IT,2025-06-05 14:05:02
C00595,1355.42,purchase,IT,2025-05-18 14:05:02
C00002,530.23,deposit,FR,2025-05-21 14:05:02
C00713,1224.03,withdrawal,IT,2025-05-27 14:05:02
C00001,1952.9,deposit,IT,2025-06-13 14:05:02
C00960,852.01,payment,FR,2025-06-15 14:05:02
C00001,1796.74,transfer,FR,2025-05-19 14:05:02
C00370,165.33,payment,ES,2025-05-27 14:05:02
C00001,1733.23,withdrawal,ES,2025-06-04 14:05:02
C00002,40.62,payment,ES,2025-05-29 14:05:02
C00002,514.79,transfer,DE,2025-06-17 14:05:02
C00001,1121.87,withdrawal,FR,2025-06-11 14:05:02
C00002,982.03,deposit,FR,2025-05-20 14:05:02
C00001,1613.76,payment,IT,2025-05-27 14:05:02
C00001,89.88,purchase,FR,2025-06-10 14:05:02
C00002,1378.57,deposit,ES,2025-05-18 14:05:02
C00001,1525.09,withdrawal,DE,2025-05-18 14:05:02
C00001,812.36,withdrawal,IT,2025-05-31 14:05:02
C00001,913.73,transfer,DE,2025-06-07 14:05:02
C00001,758.43,purchase,IT,2025-06-07 14:05:02
C00001,1617.54,payment,IT,2025-05-28 14:05:02
C00001,1951.35,purchase,IT,2025-06-05 14:05:02
C00002,1609.66,payment,IT,2025-06-14 14:05:02
C00002,1853.77,withdrawal,DE,2025-06-02 14:05:02
C00002,1991.57,withdrawal,DE,2025-05-20 14:05:02
C00001,1527.38,deposit,FR,2025-05-20 14:05:02
C00988,903.9,deposit,ES,2025-06-17 14:05:02
C00001,1720.51,withdrawal,FR,2025-05-19 14:05:02
C00001,1752.89,payment,DE,2025-06-01 14:05:02
C00001,491.32,purchase,IT,2025-06-03 14:05:02
C00001,793.31,withdrawal,ES,2025-05-29 14:05:02
C00002,290.06,purchase,FR,2025-06-01 14:05:02
C00002,587.79,payment,IT,2025-05-19 14:05:02
C00699,1745.04,withdrawal,FR,2025-06-07 14:05:02
C00002,1615.65,payment,FR,2025-06-07 14:05:02
C00002,255.98,deposit,IT,2025-06-13 14:05:02
C00001,1795.22,deposit,FR,2025-06-17 14:05:02
C00672,221.44,payment,IT,2025-05-19 14:05:02
C00001,1127.16,payment,FR,2025-06-09 14:05:02
C00002,455.36,transfer,ES,2025-05-19 14:05:02
C00001,1055.33,deposit,DE,2025-06-02 14:05:02
C00147,1985.99,deposit,DE,2025-06-05 14:05:02
C00001,1043.6,purchase,FR,2025-06-02 14:05:02
C00002,768.21,deposit,IT,2025-06-03 14:05:02
C00001,83.2,purchase,ES,2025-05-31 14:05:02
C00001,1287.68,deposit,ES,2025-06-03 14:05:02
C00395,172.9,purchase,IT,2025-06-10 14:05:02
C00002,92.97,purchase,IT,2025-05-19 14:05:02
C00002,339.51,deposit,ES,2025-06-04 14:05:02
C00001,1867.77,payment,ES,2025-05-27 14:05:02
C00001,708.34,withdrawal,FR,2025-06-08 14:05:02
C00001,1759.57,transfer,ES,2025-05-19 14:05:02
C00001,1174.83,purchase,DE,2025-06-14 14:05:02
C00002,345.77,deposit,IT,2025-05-24 14:05:02
C00001,1927.46,purchase,DE,2025-06-15 14:05:02
C00002,1361.07,payment,FR,2025-06-12 14:05:02
C00001,388.51,purchase,IT,2025-06-11 14:05:02
C00001,1618.91,withdrawal,IT,2025-05-29 14:05:02
C00002,1106.33,purchase,FR,2025-05-25 14:05:02
C00001,436.74,purchase,IT,2025-06-11 14:05:02
C00001,133.0,purchase,IT,2025-05-21 14:05:02
C00514,204.74,payment,ES,2025-06-05 14:05:02
C00001,1385.78,transfer,DE,2025-06-02 14:05:02
C00001,204.1,deposit,IT,2025-06-07 14:05:02
C00001,1190.29,deposit,DE,2025-05-22 14:05:02
C00002,1675.56,withdrawal,IT,2025-05-22 14:05:02
C00002,1664.28,transfer,FR,2025-06-14 14:05:02
C00002,1770.69,withdrawal,IT,2025-06-14 14:05:02
C00798,692.01,purchase,IT,2025-06-08 14:05:02
C00001,243.59,payment,ES,2025-05-20 14:05:02
C00002,1787.5,purchase,DE,2025-05-26 14:05:02
C00002,1658.65,payment,DE,2025-05-22 14:05:02
C00001,509.72,withdrawal,ES,2025-05-26 14:05:02
C00001,1464.68,purchase,DE,2025-05-23 14:05:02
C00002,1282.77,deposit,DE,2025-06-04 14:05:02
C00001,1829.44,transfer,FR,2025-05-24 14:05:02
C00001,758.87,transfer,IT,2025-05-26 14:05:02
C00002,1088.05,transfer,DE,2025-06-01 14:05:02
C00719,639.88,transfer,DE,2025-06-15 14:05:02
C00596,132.78,transfer,IT,2025-06-02 14:05:02
C00002,1886.16,deposit,DE,2025-06-06 14:05:02
C00002,434.43,payment,FR,2025-06-04 14:05:02
C00001,1796.97,transfer,IT,2025-05-26 14:05:02
C00001,1136.13,deposit,FR,2025-05-20 14:05:02
C00001,1336.8,transfer,DE,2025-06-16 14:05:02
C00001,1234.01,deposit,FR,2025-06-12 14:05:02
C00002,1459.24,payment,ES,2025-05-25 14:05:02
C00988,570.7,withdrawal,IT,2025-05-18 14:05:02
C00001,17.21,transfer,FR,2025-05-30 14:05:02
C00001,297.17,transfer,FR,2025-05-18 14:05:02
C00001,1296.11,deposit,FR,2025-05-25 14:05:02
C00002,753.27,payment,FR,2025-05-29 14:05:02
C00432,1408.72,transfer,DE,2025-06-16 14:05:02
C00001,995.45,purchase,FR,2025-05-19 14:05:02
C00002,1783.89,purchase,FR,2025-06-14 14:05:02
C00002,1216.2,withdrawal,FR,2025-06-09 14:05:02
C00002,1681.5,transfer,FR,2025-05-20 14:05:02
C00002,1030.83,purchase,DE,2025-05-29 14:05:02
C00002,545.5,withdrawal,ES,2025-05-23 14:05:02
C00802,1898.3,transfer,ES,2025-06-08 14:05:02
C00001,573.48,withdrawal,FR,2025-05-31 14:05:02
C00001,1376.72,withdrawal,ES,2025-05-21 14:05:02
C00001,727.99,payment,FR,2025-06-14 14:05:02
C00002,1668.15,purchase,ES,2025-06-02 14:05:02
C00840,1351.1,purchase,IT,2025-06-05 14:05:02
C00001,1369.28,withdrawal,ES,2025-06-07 14:05:02
C00002,256.67,deposit,DE,2025-05-28 14:05:02
C00001,953.57,transfer,FR,2025-05-21 14:05:02
C00002,1038.4,purchase,ES,2025-05-24 14:05:02
C00001,1389.45,payment,ES,2025-05-28 14:05:02
C00001,1771.37,transfer,FR,2025-06-08 14:05:02
C00001,487.84,transfer,FR,2025-05-24 14:05:02
C00001,445.05,deposit,ES,2025-05-20 14:05:02
C00001,274.97,deposit,ES,2025-05-20 14:05:02
C00002,871.09,payment,DE,2025-05-27 14:05:02
C00063,1565.07,withdrawal,DE,2025-06-10 14:05:02
C00001,1336.47,transfer,IT,2025-05-29 14:05:02
C00002,98.1,payment,IT,2025-06-05 14:05:02
C00286,722.42,withdrawal,ES,2025-05-25 14:05:02
C00002,138.49,payment,DE,2025-06-07 14:05:02
C00002,323.88,payment,FR,2025-05-29 14:05:02
C00002,617.53,deposit,DE,2025-05-30 14:05:02
C00001,996.31,withdrawal,ES,2025-06-01 14:05:02
C00001,1221.87,withdrawal,DE,2025-06-07 14:05:02
C00002,1007.66,purchase,ES,2025-06-01 14:05:02
C00537,318.11,withdrawal,DE,2025-06-08 14:05:02
C00125,1128.23,payment,ES,2025-05-24 14:05:02
C00001,1172.69,transfer,FR,2025-06-11 14:05:02
C00001,269.06,deposit,FR,2025-06-14 14:05:02
C00441,224.53,payment,DE,2025-06-10 14:05:02
C00639,393.62,withdrawal,IT,2025-06-17 14:05:02
C00001,291.17,purchase,FR,2025-06-17 14:05:02
C00002,1338.27,withdrawal,DE,2025-06-14 14:05:02
C00013,450.94,payment,IT,2025-05-23 14:05:02
C00001,1931.78,transfer,FR,2025-05-19 14:05:02
C00001,1532.51,purchase,ES,2025-06-12 14:05:02
C00001,1982.62,transfer,IT,2025-06-17 14:05:02
C00002,1816.64,withdrawal,IT,2025-06-17 14:05:02
C00187,1608.4,purchase,DE,2025-06-12 14:05:02
C00002,1354.56,deposit,DE,2025-05-22 14:05:02
C00002,119.36,payment,IT,2025-06-10 14:05:02
C00369,1117.47,payment,ES,2025-05-26 14:05:02
C00001,534.8,deposit,DE,2025-05-24 14:05:02
C00001,230.21,payment,DE,2025-06-16 14:05:02
C00001,1627.61,withdrawal,IT,2025-06-03 14:05:02
C00001,287.81,deposit,FR,2025-06-04 14:05:02
C00002,11.65,transfer,ES,2025-05-22 14:05:02
C00001,1540.25,withdrawal,ES,2025-06-17 14:05:02
C00001,604.35,withdrawal,IT,2025-06-07 14:05:02
C00001,45.49,purchase,DE,2025-06-15 14:05:02
C00002,1031.05,withdrawal,DE,2025-06-10 14:05:02
C00002,846.81,deposit,DE,2025-05-20 14:05:02
C00223,584.92,transfer,FR,2025-06-06 14:05:02
C00002,1424.3,transfer,IT,2025-05-30 14:05:02
C00001,270.71,purchase,FR,2025-05-29 14:05:02
C00002,176.76,purchase,DE,2025-05-18 14:05:02
C00001,1512.19,purchase,ES,2025-06-04 14:05:02
C00521,365.52,withdrawal,DE,2025-06-16 14:05:02
C00001,1570.13,transfer,FR,2025-06-01 14:05:02
C00002,1602.92,transfer,ES,2025-06-15 14:05:02
C00497,1114.28,withdrawal,IT,2025-06-03 14:05:02
C00002,116.75,transfer,IT,2025-05-20 14:05:02
C00236,334.79,payment,DE,2025-06-02 14:05:02
C00001,634.77,withdrawal,DE,2025-05-29 14:05:02
C00002,181.29,deposit,ES,2025-05-29 14:05:02
C00002,1017.33,payment,IT,2025-05-18 14:05:02
C00978,319.55,purchase,ES,2025-06-08 14:05:02
C00002,1933.87,deposit,ES,2025-06-09 14:05:02
C00824,1023.52,transfer,FR,2025-06-03 14:05:02
C00002,1791.23,payment,FR,2025-05-21 14:05:02
C00001,705.22,deposit,IT,2025-05-27 14:05:02
C00002,845.07,purchase,IT,2025-06-17 14:05:02
C00002,752.84,transfer,IT,2025-05-31 14:05:02
C00002,1190.51,deposit,ES,2025-05-23 14:05:02
C00002,1572.97,deposit,ES,2025-06-01 14:05:02
C00001,1821.07,transfer,IT,2025-06-07 14:05:02
C00002,189.08,transfer,ES,2025-05-26 14:05:02
C00265,790.81,withdrawal,FR,2025-06-16 14:05:02
C00001,781.17,deposit,DE,2025-06-01 14:05:02
C00002,612.73,purchase,DE,2025-05-24 14:05:02
C00001,1683.05,transfer,DE,2025-05-23 14:05:02
C00002,911.55,payment,FR,2025-06-13 14:05:02
C00002,1591.22,purchase,DE,2025-06-17 14:05:02
C00002,1544.36,deposit,DE,2025-05-25 14:05:02
C00001,1894.78,purchase,ES,2025-05-31 14:05:02
C00002,924.35,deposit,FR,2025-05-28 14:05:02
C00002,754.77,transfer,DE,2025-06-13 14:05:02
C00001,1705.38,purchase,IT,2025-06-01 14:05:02
C00001,964.89,deposit,DE,2025-06-12 14:05:02
C00001,186.81,purchase,IT,2025-06-16 14:05:02
C00823,506.86,deposit,IT,2025-06-04 14:05:02
C00002,798.43,deposit,IT,2025-06-02 14:05:02
C00002,1832.42,transfer,ES,2025-06-01 14:05:02
C00002,46.84,deposit,DE,2025-06-06 14:05:02
C00001,1877.95,deposit,IT,2025-06-13 14:05:02
C00422,822.72,purchase,IT,2025-05-23 14:05:02
C00002,1596.02,payment,FR,2025-06-11 14:05:02
C00001,87.42,payment,ES,2025-06-09 14:05:02
C00001,789.44,deposit,FR,2025-06-01 14:05:02
C00002,745.8,payment,DE,2025-06-02 14:05:02
C00002,1336.58,withdrawal,ES,2025-06-14 14:05:02
C00002,1214.1,withdrawal,FR,2025-05-21 14:05:02
C00001,630.87,payment,IT,2025-05-23 14:05:02
C00001,492.04,payment,DE,2025-05-30 14:05:02
C00001,195.28,payment,FR,2025-05-19 14:05:02
C00001,1869.85,withdrawal,ES,2025-06-05 14:05:02
C00692,1487.84,transfer,ES,2025-05-30 14:05:02
C00601,1722.44,payment,IT,2025-06-06 14:05:02
C00001,556.49,transfer,FR,2025-06-13 14:05:02
C00002,1465.46,withdrawal,FR,2025-06-17 14:05:02
C00001,1771.75,deposit,ES,2025-06-03 14:05:02
C00043,1890.09,deposit,ES,2025-06-16 14:05:02
C00001,1995.75,deposit,ES,2025-05-26 14:05:02
C00002,210.4,transfer,ES,2025-06-06 14:05:02
C00001,29.58,transfer,DE,2025-06-06 14:05:02
C00002,305.36,withdrawal,IT,2025-06-10 14:05:02
C00001,1146.72,payment,IT,2025-06-08 14:05:02
C00002,809.05,purchase,ES,2025-06-04 14:05:02
C00002,592.13,payment,IT,2025-06-17 14:05:02
C00001,566.36,withdrawal,IT,2025-05-25 14:05:02
C00001,1891.67,purchase,IT,2025-06-16 14:05:02
C00001,1468.17,purchase,FR,2025-05-23 14:05:02
C00045,1653.74,transfer,FR,2025-06-15 14:05:02
C00001,334.1,deposit,ES,2025-06-16 14:05:02
C00001,1453.64,transfer,IT,2025-06-03 14:05:02
C00001,1305.69,deposit,FR,2025-06-16 14:05:02
C00001,1559.45,payment,IT,2025-06-03 14:05:02
C00002,1669.64,deposit,DE,2025-06-10 14:05:02
C00652,1017.2,withdrawal,DE,2025-05-27 14:05:02
C00002,845.66,purchase,ES,2025-05-28 14:05:02
C00001,1036.12,withdrawal,IT,2025-06-15 14:05:02
C00001,800.68,deposit,DE,2025-05-26 14:05:02
C00002,1130.41,deposit,DE,2025-06-07 14:05:02
C00001,1450.0,transfer,FR,2025-06-03 14:05:02
C00002,104.87,payment,ES,2025-06-15 14:05:02
C00002,622.01,purchase,FR,2025-06-09 14:05:02
C00001,1678.34,purchase,FR,2025-05-30 14:05:02
C00002,1122.42,deposit,ES,2025-06-07 14:05:02
C00001,122.97,transfer,FR,2025-05-30 14:05:02
C00002,815.79,purchase,FR,2025-06-12 14:05:02
C00002,498.3,payment,IT,2025-06-06 14:05:02
C00001,484.84,deposit,FR,2025-06-10 14:05:02
C00001,782.55,withdrawal,DE,2025-05-23 14:05:02
C00862,145.44,purchase,ES,2025-05-23 14:05:02
C00002,1927.84,deposit,IT,2025-05-22 14:05:02
C00134,1708.9,deposit,IT,2025-06-06 14:05:02
C00845,911.01,transfer,FR,2025-05-27 14:05:02
C00002,1166.56,payment,DE,2025-06-09 14:05:02
C00001,755.23,payment,ES,2025-05-26 14:05:02
C00002,346.84,payment,DE,2025-05-21 14:05:02
C00001,536.91,withdrawal,FR,2025-05-28 14:05:02
C00002,971.24,transfer,ES,2025-06-12 14:05:02
C00002,410.18,deposit,IT,2025-06-16 14:05:02
C00468,890.85,deposit,IT,2025-05-18 14:05:02
C00001,1799.5,purchase,IT,2025-06-01 14:05:02
C00001,1208.92,deposit,DE,2025-06-05 14:05:02
C00882,671.98,withdrawal,ES,2025-05-19 14:05:02
C00001,813.06,withdrawal,IT,2025-06-06 14:05:02
C00002,1068.95,deposit,IT,2025-05-22 14:05:02
C00001,287.12,purchase,FR,2025-06-17 14:05:02
C00001,786.43,payment,DE,2025-06-16 14:05:02
C00002,504.69,deposit,DE,2025-06-16 14:05:02
C00002,1213.01,withdrawal,ES,2025-06-04 14:05:02
C00096,22.92,purchase,ES,2025-06-03 14:05:02
C00001,230.03,withdrawal,FR,2025-06-04 14:05:02
C00247,1227.21,withdrawal,DE,2025-05-26 14:05:02
C00001,1798.53,purchase,DE,2025-06-10 14:05:02
C00001,1022.84,payment,DE,2025-05-20 14:05:02
C00001,418.97,transfer,DE,2025-06-07 14:05:02
C00002,1334.85,deposit,DE,2025-06-02 14:05:02
C00002,919.2,deposit,ES,2025-06-17 14:05:02
C00002,706.45,withdrawal,IT,2025-06-01 14:05:02
C00091,516.5,payment,FR,2025-06-14 14:05:02
C00002,108.46,withdrawal,ES,2025-05-31 14:05:02
C00001,1455.88,purchase,IT,2025-05-24 14:05:02
C00002,1633.02,deposit,IT,2025-06-07 14:05:02
C00002,78.37,transfer,FR,2025-06-10 14:05:02
C00002,1829.49,deposit,ES,2025-06-14 14:05:02
C00001,1507.04,deposit,IT,2025-05-21 14:05:02
C00001,50.13,transfer,IT,2025-05-31 14:05:02
C00172,1216.65,transfer,DE,2025-05-23 14:05:02
C00002,227.83,payment,ES,2025-06-08 14:05:02
C00001,1617.26,transfer,IT,2025-06-10 14:05:02
C00491,1074.9,purchase,IT,2025-06-16 14:05:02
C00001,1861.83,purchase,FR,2025-06-08 14:05:02
C00001,1215.04,payment,FR,2025-05-22 14:05:02
C00405,1896.18,transfer,IT,2025-05-20 14:05:02
C00001,1980.82,deposit,DE,2025-05-29 14:05:02
C00002,1978.78,payment,DE,2025-06-12 14:05:02
C00279,1196.81,purchase,ES,2025-06-10 14:05:02
C00001,993.56,withdrawal,DE,2025-06-05 14:05:02
C00984,1526.85,withdrawal,FR,2025-06-03 14:05:02
C00001,1569.93,purchase,ES,2025-06-15 14:05:02
C00002,1106.7,deposit,DE,2025-05-31 14:05:02
C00001,839.36,transfer,DE,2025-05-24 14:05:02
C00002,1442.92,deposit,IT,2025-05-19 14:05:02
C00001,1528.52,transfer,DE,2025-06-06 14:05:02
C00630,1093.72,purchase,ES,2025-06-12 14:05:02
C00002,616.01,deposit,FR,2025-06-15 14:05:02
C00001,330.53,transfer,ES,2025-05-21 14:05:02
C00001,64.18,withdrawal,FR,2025-05-24 14:05:02
C00001,1422.15,withdrawal,DE,2025-05-23 14:05:02
C00001,1984.95,withdrawal,FR,2025-05-27 14:05:02
C00001,427.21,payment,DE,2025-06-14 14:05:02
C00001,682.31,deposit,DE,2025-05-29 14:05:02
C00001,210.7,deposit,ES,2025-06-15 14:05:02
C00002,1918.34,deposit,FR,2025-06-05 14:05:02
C00001,420.33,withdrawal,IT,2025-06-15 14:05:02
C00001,1641.05,withdrawal,FR,2025-06-10 14:05:02
C00002,1783.6,transfer,DE,2025-05-19 14:05:02
C00001,745.14,purchase,IT,2025-06-14 14:05:02
C00002,304.08,deposit,FR,2025-05-20 14:05:02
C00277,1058.05,deposit,IT,2025-05-19 14:05:02
C00002,1186.83,transfer,ES,2025-05-21 14:05:02
C00001,1951.15,withdrawal,DE,2025-05-27 14:05:02
C00002,1275.8,transfer,IT,2025-05-18 14:05:02
C00002,1464.45,withdrawal,ES,2025-06-07 14:05:02
C00001,427.17,purchase,DE,2025-05-26 14:05:02
C00002,738.23,purchase,FR,2025-05-18 14:05:02
C00001,673.07,withdrawal,FR,2025-05-21 14:05:02
C00001,1085.66,purchase,FR,2025-05-20 14:05:02
C00001,1998.57,payment,ES,2025-06-04 14:05:02
C00001,1596.91,transfer,ES,2025-05-23 14:05:02
C00946,999.49,payment,IT,2025-05-25 14:05:02
C00873,971.91,deposit,IT,2025-06-17 14:05:02
C00001,489.38,withdrawal,ES,2025-05-30 14:05:02
C00001,316.4,purchase,DE,2025-06-09 14:05:02
C00001,1810.65,withdrawal,FR,2025-06-05 14:05:02
C00001,188.36,deposit,IT,2025-06-12 14:05:02
C00001,1140.29,withdrawal,IT,2025-05-29 14:05:02
C00001,1069.25,deposit,ES,2025-05-22 14:05:02
C00001,58.95,withdrawal,FR,2025-05-24 14:05:02
C00164,559.48,withdrawal,DE,2025-05-31 14:05:02
C00001,1717.94,purchase,IT,2025-06-14 14:05:02
C00636,1958.83,withdrawal,FR,2025-05-24 14:05:02
C00001,1302.42,transfer,FR,2025-06-11 14:05:02
C00002,1257.31,purchase,ES,2025-06-06 14:05:02
C00001,1620.46,transfer,FR,2025-05-28 14:05:02
C00001,1713.65,withdrawal,FR,2025-05-19 14:05:02
C00951,1873.78,purchase,ES,2025-06-10 14:05:02
C00913,146.21,payment,DE,2025-06-07 14:05:02
C00001,1088.04,purchase,FR,2025-05-23 14:05:02
C00001,835.18,deposit,DE,2025-05-25 14:05:02
C00001,944.55,transfer,ES,2025-06-01 14:05:02
C00001,445.92,withdrawal,DE,2025-06-01 14:05:02
C00001,713.96,purchase,FR,2025-05-21 14:05:02
C00109,203.53,transfer,DE,2025-06-16 14:05:02
C00001,1566.7,payment,ES,2025-06-04 14:05:02
C00002,779.52,deposit,DE,2025-06-03 14:05:02
C00001,573.26,withdrawal,FR,2025-06-01 14:05:02
C00001,1288.16,transfer,ES,2025-06-12 14:05:02
C00001,1323.67,withdrawal,ES,2025-06-01 14:05:02
C00677,630.24,transfer,DE,2025-05-31 14:05:02
C00001,1246.52,withdrawal,DE,2025-06-05 14:05:02
C00002,153.88,deposit,ES,2025-05-24 14:05:02
C00002,1364.29,deposit,IT,2025-06-11 14:05:02
C00001,1262.69,withdrawal,IT,2025-06-14 14:05:02
C00311,112.41,transfer,FR,2025-06-03 14:05:02
C00002,106.68,deposit,DE,2025-06-14 14:05:02
C00002,1969.02,deposit,IT,2025-05-23 14:05:02
C00002,80.75,transfer,FR,2025-05-26 14:05:02
C00002,50.53,transfer,DE,2025-06-15 14:05:02
C00002,1268.22,withdrawal,ES,2025-05-26 14:05:02
C00002,545.84,deposit,DE,2025-06-14 14:05:02
C00862,296.9,payment,FR,2025-05-31 14:05:02
C00001,1033.06,withdrawal,IT,2025-06-04 14:05:02
C00001,723.28,purchase,FR,2025-05-21 14:05:02
C00001,968.27,purchase,DE,2025-06-15 14:05:02
C00002,1864.25,purchase,ES,2025-06-16 14:05:02
C00172,917.71,deposit,IT,2025-06-07 14:05:02
C00001,1080.14,purchase,ES,2025-05-19 14:05:02
C00688,1847.52,transfer,FR,2025-05-25 14:05:02
C00002,1354.91,deposit,IT,2025-05-24 14:05:02
C00002,1513.2,purchase,FR,2025-05-22 14:05:02
C00208,846.58,deposit,ES,2025-06-05 14:05:02
C00001,1190.38,deposit,ES,2025-05-26 14:05:02
C00002,1935.69,payment,IT,2025-06-03 14:05:02
C00625,1985.8,deposit,IT,2025-06-15 14:05:02
C00002,772.73,transfer,ES,2025-06-03 14:05:02
C00002,1226.78,transfer,ES,2025-06-12 14:05:02
C00862,340.44,transfer,FR,2025-06-06 14:05:02
C00001,951.93,payment,IT,2025-05-18 14:05:02
C00002,1730.24,purchase,FR,2025-06-09 14:05:02
C00001,334.18,transfer,ES,2025-05-20 14:05:02
C00002,1238.89,transfer,ES,2025-06-09 14:05:02
C00001,1963.08,transfer,DE,2025-05-25 14:05:02
C00001,882.99,withdrawal,IT,2025-06-09 14:05:02
C00002,154.03,withdrawal,DE,2025-06-02 14:05:02
C00002,1830.9,withdrawal,ES,2025-06-16 14:05:02
C00553,225.04,payment,FR,2025-06-04 14:05:02
C00001,37.4,deposit,FR,2025-05-18 14:05:02
C00001,1511.09,payment,IT,2025-06-01 14:05:02
C00002,780.33,purchase,ES,2025-06-17 14:05:02
C00001,1058.96,withdrawal,DE,2025-06-04 14:05:02
C00873,1316.32,deposit,FR,2025-05-20 14:05:02
C00001,1529.32,purchase,FR,2025-05-20 14:05:02
C00001,319.97,transfer,IT,2025-05-20 14:05:02
C00001,706.65,transfer,IT,2025-05-26 14:05:02
C00001,1265.11,purchase,ES,2025-05-23 14:05:02
C00001,1659.87,payment,DE,2025-06-06 14:05:02
C00001,1151.11,deposit,FR,2025-05-20 14:05:02
C00001,1778.49,payment,ES,2025-05-20 14:05:02
C00195,872.0,deposit,ES,2025-05-24 14:05:02
C00120,1659.91,deposit,FR,2025-06-04 14:05:02
C00002,1260.32,transfer,FR,2025-06-16 14:05:02
C00002,355.0,transfer,IT,2025-06-08 14:05:02
C00001,1416.53,deposit,ES,2025-06-15 14:05:02
C00001,1063.63,purchase,IT,2025-05-24 14:05:02
C00001,1275.8,deposit,FR,2025-05-27 14:05:02
C00001,850.47,transfer,IT,2025-06-12 14:05:02
C00001,1483.63,deposit,FR,2025-05-28 14:05:02
C00002,480.01,payment,ES,2025-05-21 14:05:02
C00239,815.44,withdrawal,ES,2025-06-01 14:05:02
C00001,1343.2,withdrawal,IT,2025-06-01 14:05:02
C00835,1601.36,purchase,FR,2025-06-16 14:05:02
C00002,747.86,payment,DE,2025-05-27 14:05:02
C00002,151.34,payment,FR,2025-05-21 14:05:02
C00001,406.29,withdrawal,IT,2025-06-15 14:05:02
C00002,1459.52,purchase,ES,2025-06-11 14:05:02
C00002,471.3,payment,DE,2025-05-25 14:05:02
C00002,197.29,transfer,IT,2025-05-23 14:05:02
C00001,1958.16,deposit,IT,2025-05-19 14:05:02
C00002,344.61,withdrawal,IT,2025-05-18 14:05:02
C00002,60.58,withdrawal,ES,2025-05-22 14:05:02
C00002,605.44,withdrawal,IT,2025-06-14 14:05:02
C00760,1750.27,deposit,IT,2025-06-06 14:05:02
C00001,1584.01,purchase,FR,2025-06-14 14:05:02
C00001,493.34,purchase,FR,2025-06-16 14:05:02
C00001,1168.39,purchase,DE,2025-05-25 14:05:02
C00724,870.34,payment,IT,2025-06-12 14:05:02
C00002,730.54,purchase,ES,2025-05-20 14:05:02
C00001,1774.62,withdrawal,ES,2025-06-16 14:05:02
C00811,1214.58,purchase,IT,2025-05-29 14:05:02
C00002,1434.45,withdrawal,FR,2025-06-15 14:05:02
C00002,1906.95,deposit,FR,2025-06-03 14:05:02
C00001,1246.37,payment,FR,2025-05-27 14:05:02
C00001,367.89,transfer,IT,2025-06-16 14:05:02
C00002,651.65,transfer,IT,2025-06-04 14:05:02
C00002,1628.73,payment,ES,2025-05-18 14:05:02
C00122,1657.76,deposit,FR,2025-05-22 14:05:02
C00001,321.74,withdrawal,FR,2025-06-02 14:05:02
C00002,969.45,withdrawal,IT,2025-05-28 14:05:02
C00002,248.32,deposit,FR,2025-05-26 14:05:02
C00001,212.54,withdrawal,IT,2025-05-28 14:05:02
C00001,1564.61,transfer,FR,2025-05-29 14:05:02
C00001,722.24,payment,IT,2025-06-05 14:05:02
C00001,529.7,deposit,DE,2025-06-03 14:05:02
C00002,204.1,payment,ES,2025-06-07 14:05:02
C00001,902.89,deposit,ES,2025-05-22 14:05:02
C00002,758.19,withdrawal,ES,2025-05-19 14:05:02
C00002,371.61,withdrawal,ES,2025-06-09 14:05:02
C00001,1255.09,purchase,IT,2025-06-12 14:05:02
C00002,919.28,purchase,FR,2025-05-30 14:05:02
C00002,1304.75,payment,FR,2025-05-19 14:05:02
C00904,978.87,transfer,DE,2025-05-28 14:05:02
C00001,1442.46,deposit,ES,2025-06-05 14:05:02
C00002,1463.54,withdrawal,IT,2025-05-25 14:05:02
C00001,780.75,payment,IT,2025-06-11 14:05:02
C00002,119.97,withdrawal,IT,2025-06-10 14:05:02
C00001,1080.3,payment,FR,2025-06-15 14:05:02
C00002,429.26,purchase,FR,2025-06-02 14:05:02
C00471,1498.94,payment,DE,2025-05-28 14:05:02
C00001,357.1,payment,DE,2025-06-15 14:05:02
C00002,1217.29,payment,ES,2025-06-15 14:05:02
C00002,508.01,withdrawal,IT,2025-05-26 14:05:02
C00251,1146.01,purchase,IT,2025-06-14 14:05:02
C00296,1620.56,withdrawal,FR,2025-06-06 14:05:02
C00001,257.93,payment,FR,2025-06-01 14:05:02
C00001,1840.04,payment,DE,2025-05-31 14:05:02
C00912,535.7,withdrawal,ES,2025-06-05 14:05:02
C00002,1995.76,transfer,IT,2025-06-12 14:05:02
C00002,147.58,withdrawal,DE,2025-05-19 14:05:02
C00001,336.82,purchase,IT,2025-06-02 14:05:02
C00001,878.5,withdrawal,FR,2025-06-03 14:05:02
C00001,895.84,transfer,DE,2025-06-09 14:05:02
C00001,1090.92,payment,FR,2025-06-01 14:05:02
C00001,1324.39,purchase,IT,2025-05-24 14:05:02
C00001,662.51,payment,DE,2025-06-14 14:05:02
C00001,520.56,withdrawal,FR,2025-06-08 14:05:02
C00002,142.38,transfer,ES,2025-06-11 14:05:02
C00002,167.81,payment,IT,2025-05-30 14:05:02
C00002,1204.96,purchase,DE,2025-05-24 14:05:02
C00816,788.18,purchase,FR,2025-06-14 14:05:02
C00002,1112.62,purchase,IT,2025-05-24 14:05:02
C00002,1677.94,payment,IT,2025-05-21 14:05:02
C00002,232.68,withdrawal,ES,2025-06-05 14:05:02
C00001,689.69,withdrawal,FR,2025-05-29 14:05:02
C00111,1620.46,payment,ES,2025-06-07 14:05:02
C00002,617.64,transfer,FR,2025-06-06 14:05:02
C00001,343.63,deposit,DE,2025-06-02 14:05:02
C00002,828.95,deposit,FR,2025-05-22 14:05:02
C00002,208.71,withdrawal,FR,2025-06-05 14:05:02
C00002,1995.39,transfer,IT,2025-05-26 14:05:02
C00001,1707.26,purchase,ES,2025-06-10 14:05:02
C00495,1374.51,deposit,DE,2025-05-24 14:05:02
C00001,1872.12,payment,DE,2025-05-28 14:05:02
C00002,155.57,withdrawal,IT,2025-05-24 14:05:02
C00415,912.48,withdrawal,DE,2025-06-16 14:05:02
C00001,438.83,payment,DE,2025-05-31 14:05:02
C00505,1222.65,withdrawal,ES,2025-06-03 14:05:02
C00001,1614.8,transfer,DE,2025-06-14 14:05:02
C00001,602.39,deposit,ES,2025-06-17 14:05:02
C00001,861.9,purchase,ES,2025-06-05 14:05:02
C00001,1249.97,transfer,FR,2025-06-10 14:05:02
C00002,914.87,transfer,IT,2025-05-24 14:05:02
C00001,1802.97,payment,ES,2025-05-27 14:05:02
C00001,845.33,withdrawal,DE,2025-06-08 14:05:02
C00002,758.48,deposit,ES,2025-05-25 14:05:02
C00354,854.86,transfer,IT,2025-05-24 14:05:02
C01000,1612.21,purchase,DE,2025-05-24 14:05:02
C00002,225.83,deposit,IT,2025-06-06 14:05:02
C00308,412.91,transfer,FR,2025-06-14 14:05:02
C00002,716.25,payment,FR,2025-05-24 14:05:02
C00300,1700.47,payment,IT,2025-05-22 14:05:02
C00626,340.31,purchase,IT,2025-06-12 14:05:02
C00994,147.73,transfer,FR,2025-06-09 14:05:02
C00001,341.01,withdrawal,FR,2025-05-30 14:05:02
C00541,354.07,payment,IT,2025-06-13 14:05:02
C00002,1815.41,deposit,DE,2025-05-20 14:05:02
C00001,1212.02,purchase,FR,2025-05-29 14:05:02
C00705,642.22,withdrawal,IT,2025-05-18 14:05:02
C00001,635.52,payment,FR,2025-06-10 14:05:02
C00001,1133.28,transfer,IT,2025-05-27 14:05:02
C00001,1611.52,purchase,ES,2025-06-16 14:05:02
C00001,866.77,transfer,IT,2025-06-05 14:05:02
C00002,730.89,payment,ES,2025-06-02 14:05:02
C00001,381.18,deposit,DE,2025-06-06 14:05:02
C00002,1802.02,transfer,ES,2025-06-17 14:05:02
C00001,273.52,withdrawal,IT,2025-05-30 14:05:02
C00002,1502.76,transfer,FR,2025-06-08 14:05:02
C00001,1648.54,transfer,IT,2025-05-18 14:05:02
C00002,652.74,deposit,ES,2025-05-30 14:05:02
C00357,401.93,deposit,IT,2025-06-02 14:05:02
C00001,208.28,transfer,FR,2025-05-28 14:05:02
C00001,57.75,transfer,IT,2025-06-05 14:05:02
C00001,1027.69,payment,FR,2025-05-18 14:05:02
C00002,676.53,transfer,FR,2025-05-23 14:05:02
C00593,1116.24,withdrawal,FR,2025-05-26 14:05:02
C00770,692.98,payment,DE,2025-06-08 14:05:02
C00002,1855.47,payment,FR,2025-06-04 14:05:02
C00001,635.85,purchase,DE,2025-06-05 14:05:02
C00002,1577.04,payment,IT,2025-06-04 14:05:02
C00001,463.27,withdrawal,ES,2025-06-02 14:05:02
C00002,281.01,purchase,ES,2025-05-22 14:05:02
C00002,398.58,deposit,ES,2025-05-18 14:05:02
C00001,292.14,deposit,ES,2025-05-21 14:05:02
C00823,1355.71,transfer,IT,2025-05-21 14:05:02
C00002,1610.04,purchase,ES,2025-06-05 14:05:02
C00002,1711.98,purchase,IT,2025-06-15 14:05:02
C00002,266.22,purchase,IT,2025-06-11 14:05:02
C00002,1570.53,transfer,FR,2025-05-29 14:05:02
C00136,791.26,withdrawal,DE,2025-06-14 14:05:02
C00001,565.61,withdrawal,DE,2025-05-31 14:05:02
C00002,653.93,withdrawal,DE,2025-06-04 14:05:02
C00001,880.86,transfer,FR,2025-06-03 14:05:02
C00001,1746.63,withdrawal,DE,2025-06-06 14:05:02
C00415,1407.26,purchase,FR,2025-06-12 14:05:02
C00001,1891.26,transfer,ES,2025-05-28 14:05:02
C00002,62.38,payment,ES,2025-05-21 14:05:02
C00002,669.3,payment,IT,2025-06-06 14:05:02
C00001,994.02,deposit,IT,2025-06-15 14:05:02
C00002,985.41,payment,DE,2025-06-08 14:05:02
C00866,1910.47,transfer,IT,2025-06-06 14:05:02
C00001,1304.79,deposit,IT,2025-05-21 14:05:02
C00001,1300.51,deposit,FR,2025-05-30 14:05:02
C00002,280.58,withdrawal,ES,2025-05-24 14:05:02
C00001,1724.96,purchase,IT,2025-05-25 14:05:02
C00001,1309.62,purchase,ES,2025-05-20 14:05:02
C00001,1325.6,deposit,DE,2025-06-02 14:05:02
C00876,1320.88,deposit,DE,2025-06-11 14:05:02
C00308,838.57,deposit,ES,2025-05-19 14:05:02
C00001,1755.18,deposit,ES,2025-05-26 14:05:02
C00002,1575.13,transfer,FR,2025-05-26 14:05:02
C00001,1973.23,withdrawal,ES,2025-05-18 14:05:02
C00001,141.47,withdrawal,ES,2025-05-27 14:05:02
C00035,1408.39,transfer,ES,2025-05-19 14:05:02
C00001,1169.6,payment,ES,2025-06-04 14:05:02
C00001,776.87,purchase,FR,2025-05-23 14:05:02
C00002,950.43,purchase,FR,2025-05-20 14:05:02
C00002,905.56,withdrawal,IT,2025-06-10 14:05:02
C00002,1124.39,transfer,DE,2025-05-29 14:05:02
C00002,110.19,payment,DE,2025-06-05 14:05:02
C00002,334.89,purchase,IT,2025-05-25 14:05:02
C00001,323.47,purchase,FR,2025-06-02 14:05:02
C00939,877.81,transfer,ES,2025-06-06 14:05:02
C00001,1548.52,deposit,DE,2025-06-13 14:05:02
C00001,207.9,transfer,DE,2025-05-31 14:05:02
C00001,536.87,transfer,DE,2025-06-13 14:05:02
C00001,1071.04,payment,DE,2025-05-23 14:05:02
C00001,257.06,purchase,DE,2025-06-15 14:05:02
C00002,1222.55,transfer,IT,2025-06-07 14:05:02
C00002,1327.54,purchase,ES,2025-06-05 14:05:02
C00379,576.03,payment,DE,2025-05-30 14:05:02
C00229,1077.04,deposit,IT,2025-06-10 14:05:02
C00001,1288.27,payment,DE,2025-06-08 14:05:02
C00001,1042.22,purchase,DE,2025-06-11 14:05:02
C00001,1392.42,payment,DE,2025-06-12 14:05:02
C00002,1140.94,payment,DE,2025-05-23 14:05:02
C00001,353.06,withdrawal,IT,2025-06-13 14:05:02
C00002,99.52,transfer,ES,2025-06-11 14:05:02
C00002,880.75,deposit,ES,2025-05-26 14:05:02
C00002,1736.67,withdrawal,IT,2025-05-22 14:05:02
C00002,51.11,transfer,ES,2025-06-12 14:05:02
C00001,369.81,purchase,FR,2025-05-20 14:05:02
C00001,1477.44,transfer,FR,2025-05-31 14:05:02
C00001,742.95,purchase,FR,2025-05-27 14:05:02
C00001,579.92,deposit,IT,2025-06-12 14:05:02
C00001,185.01,purchase,DE,2025-05-19 14:05:02
C00002,1171.92,deposit,IT,2025-05-21 14:05:02
C00946,1923.21,payment,FR,2025-05-30 14:05:02
C00001,624.48,purchase,FR,2025-05-23 14:05:02
C00397,186.76,withdrawal,DE,2025-06-12 14:05:02
C00001,75.03,transfer,FR,2025-06-15 14:05:02
C00001,500.73,purchase,ES,2025-05-30 14:05:02
C00001,1939.83,deposit,IT,2025-05-19 14:05:02
C00001,90.29,purchase,IT,2025-05-21 14:05:02
C00002,293.86,purchase,ES,2025-06-06 14:05:02
C00002,225.7,deposit,ES,2025-05-18 14:05:02
C00002,1829.16,purchase,FR,2025-05-19 14:05:02
C00002,1671.68,purchase,ES,2025-05-26 14:05:02
C00001,308.22,purchase,ES,2025-05-22 14:05:02
C00002,749.15,payment,IT,2025-06-08 14:05:02
C00252,181.69,withdrawal,ES,2025-05-29 14:05:02
C00001,1034.36,purchase,IT,2025-06-17 14:05:02
C00001,1444.49,payment,DE,2025-05-29 14:05:02
C00001,844.15,purchase,IT,2025-06-16 14:05:02
C00002,908.4,purchase,FR,2025-06-14 14:05:02
C00001,55.21,purchase,IT,2025-06-12 14:05:02
C00001,1616.28,transfer,DE,2025-05-29 14:05:02
C00970,470.22,purchase,DE,2025-06-11 14:05:02
C00001,1626.08,deposit,IT,2025-05-22 14:05:02
C00001,1645.02,deposit,ES,2025-06-01 14:05:02
C00001,1566.74,purchase,DE,2025-05-23 14:05:02
C00002,1017.42,withdrawal,ES,2025-06-03 14:05:02
C00002,1846.23,deposit,DE,2025-06-02 14:05:02
C00002,119.7,deposit,DE,2025-06-10 14:05:02
C00001,1935.06,transfer,FR,2025-06-14 14:05:02
C00002,900.42,purchase,FR,2025-06-13 14:05:02
C00375,309.91,payment,ES,2025-05-24 14:05:02
C00178,285.7,withdrawal,FR,2025-05-31 14:05:02
C00002,1795.23,withdrawal,FR,2025-05-24 14:05:02
C00002,48.42,withdrawal,DE,2025-05-23 14:05:02
C00002,52.81,deposit,DE,2025-06-14 14:05:02
C00002,691.52,purchase,IT,2025-06-06 14:05:02
C00889,352.88,deposit,IT,2025-05-31 14:05:02
C00001,1298.57,withdrawal,IT,2025-06-06 14:05:02
C00002,749.82,payment,ES,2025-06-05 14:05:02
C00001,1188.61,purchase,IT,2025-05-29 14:05:02
C00430,920.79,deposit,ES,2025-06-17 14:05:02
C00002,612.05,purchase,ES,2025-05-24 14:05:02
C00002,1028.69,withdrawal,DE,2025-05-23 14:05:02
C00002,1926.1,withdrawal,FR,2025-05-24 14:05:02
C00002,1112.08,payment,FR,2025-06-06 14:05:02
C00001,1801.73,deposit,ES,2025-05-27 14:05:02
C00884,1141.13,withdrawal,IT,2025-06-04 14:05:02
C00001,721.86,transfer,FR,2025-06-02 14:05:02
C00001,170.21,withdrawal,DE,2025-06-11 14:05:02
C00001,956.23,withdrawal,FR,2025-06-17 14:05:02
C00002,267.96,deposit,FR,2025-05-21 14:05:02
C00002,117.29,payment,IT,2025-05-23 14:05:02
C00002,1883.11,transfer,IT,2025-06-15 14:05:02
C00002,464.7,transfer,ES,2025-05-26 14:05:02
C00001,697.61,transfer,FR,2025-05-22 14:05:02
C00767,42.55,payment,FR,2025-06-15 14:05:02
C00002,442.35,deposit,ES,2025-06-01 14:05:02
C00001,719.68,withdrawal,ES,2025-05-24 14:05:02
C00001,468.44,withdrawal,DE,2025-05-25 14:05:02
C00001,1143.3,transfer,DE,2025-06-10 14:05:02
C00001,1049.08,payment,ES,2025-06-06 14:05:02
C00940,1913.08,withdrawal,FR,2025-05-29 14:05:02
C00002,923.06,purchase,IT,2025-05-27 14:05:02
C00001,11.12,withdrawal,DE,2025-06-16 14:05:02
C00002,793.89,transfer,ES,2025-06-06 14:05:02
C00002,912.22,deposit,ES,2025-06-10 14:05:02
C00001,1723.17,withdrawal,ES,2025-05-23 14:05:02
C00002,1782.29,withdrawal,IT,2025-06-02 14:05:02
C00001,977.49,deposit,FR,2025-05-29 14:05:02
C00499,1809.67,deposit,ES,2025-05-29 14:05:02
C00001,21.35,transfer,IT,2025-06-08 14:05:02
C00002,349.82,transfer,DE,2025-05-26 14:05:02
C00001,1745.33,purchase,IT,2025-05-28 14:05:02
C00001,923.15,transfer,IT,2025-05-29 14:05:02
C00001,1640.59,purchase,ES,2025-06-10 14:05:02
C00002,992.31,purchase,FR,2025-06-17 14:05:02
C00001,930.47,transfer,IT,2025-06-05 14:05:02
C00258,521.42,payment,IT,2025-06-03 14:05:02
C00128,1323.88,deposit,ES,2025-06-10 14:05:02
C00711,434.02,deposit,FR,2025-06-15 14:05:02
C00002,1125.78,purchase,IT,2025-06-11 14:05:02
C00574,763.72,payment,DE,2025-06-14 14:05:02
C00002,461.4,deposit,ES,2025-06-09 14:05:02
C00001,1435.11,deposit,ES,2025-05-29 14:05:02
C00001,1875.98,payment,DE,2025-06-05 14:05:02
C00002,643.33,payment,IT,2025-06-08 14:05:02
C00001,132.73,purchase,FR,2025-05-26 14:05:02
C00001,1327.11,purchase,FR,2025-05-29 14:05:02
C00002,69.81,purchase,ES,2025-05-29 14:05:02
C00001,1281.77,withdrawal,ES,2025-06-04 14:05:02
C00001,476.39,withdrawal,DE,2025-06-07 14:05:02
C00001,1568.55,purchase,FR,2025-05-22 14:05:02
C00001,1257.95,deposit,ES,2025-05-19 14:05:02
C00002,745.03,payment,DE,2025-05-22 14:05:02
C00001,350.25,deposit,DE,2025-06-16 14:05:02
C00002,273.12,withdrawal,IT,2025-06-02 14:05:02
C00001,1637.67,payment,ES,2025-05-23 14:05:02
C00001,1761.52,transfer,ES,2025-06-01 14:05:02
C00001,425.12,payment,DE,2025-06-13 14:05:02
C00523,1697.15,deposit,DE,2025-06-01 14:05:02
C00001,128.19,withdrawal,ES,2025-06-06 14:05:02
C00002,1510.57,payment,DE,2025-06-12 14:05:02
C00002,1214.61,transfer,FR,2025-06-12 14:05:02
C00001,937.47,purchase,ES,2025-05-18 14:05:02
C00057,245.74,transfer,ES,2025-06-12 14:05:02
C00002,1025.67,payment,ES,2025-06-10 14:05:02
C00002,1854.35,transfer,IT,2025-05-21 14:05:02
C00001,1976.61,withdrawal,IT,2025-06-06 14:05:02
C00001,1447.86,payment,DE,2025-05-22 14:05:02
C00002,1436.31,purchase,DE,2025-06-06 14:05:02
C00001,1222.57,transfer,DE,2025-06-05 14:05:02
C00002,752.62,deposit,DE,2025-05-21 14:05:02
C00002,389.96,payment,DE,2025-06-02 14:05:02
C00002,1155.58,purchase,DE,2025-06-14 14:05:02
C00002,743.38,deposit,FR,2025-05-21 14:05:02
C00002,1780.94,deposit,ES,2025-06-14 14:05:02
C00001,1714.25,withdrawal,DE,2025-06-15 14:05:02
C00002,734.86,transfer,DE,2025-05-29 14:05:02
C00002,461.7,purchase,FR,2025-06-04 14:05:02
C00002,551.07,withdrawal,IT,2025-06-09 14:05:02
C00001,306.94,payment,FR,2025-05-19 14:05:02
C00001,1456.36,withdrawal,IT,2025-06-11 14:05:02
C00001,1211.82,withdrawal,ES,2025-05-18 14:05:02
C00002,790.46,withdrawal,DE,2025-05-31 14:05:02
C00001,1559.55,withdrawal,ES,2025-06-15 14:05:02
C00002,1529.48,withdrawal,DE,2025-06-05 14:05:02
C00002,1777.11,transfer,ES,2025-06-07 14:05:02
C00001,1977.26,withdrawal,IT,2025-06-14 14:05:02
C00002,490.34,withdrawal,FR,2025-05-28 14:05:02
C00002,1589.89,deposit,IT,2025-05-18 14:05:02
C00002,701.88,transfer,ES,2025-06-04 14:05:02
C00001,537.6,withdrawal,ES,2025-05-27 14:05:02
C00001,1399.91,withdrawal,FR,2025-05-19 14:05:02
C00001,959.87,payment,IT,2025-06-05 14:05:02
C00001,1225.06,withdrawal,ES,2025-06-13 14:05:02
C00002,746.02,transfer,FR,2025-05-18 14:05:02
C00840,249.41,withdrawal,IT,2025-06-17 14:05:02
C00001,501.62,transfer,ES,2025-05-23 14:05:02
C00001,1155.22,deposit,ES,2025-06-01 14:05:02
C00002,1068.58,payment,FR,2025-05-25 14:05:02
C00002,583.03,transfer,IT,2025-06-09 14:05:02
C00001,1998.05,payment,IT,2025-05-28 14:05:02
C00002,1825.46,withdrawal,IT,2025-05-20 14:05:02
C00001,1327.76,withdrawal,FR,2025-05-19 14:05:02
C00001,320.31,deposit,IT,2025-05-23 14:05:02
C00001,985.19,transfer,ES,2025-05-21 14:05:02
C00001,458.2,deposit,DE,2025-06-07 14:05:02
C00001,569.26,transfer,IT,2025-06-03 14:05:02
C00002,1727.38,deposit,ES,2025-05-30 14:05:02
C00001,321.28,transfer,FR,2025-06-14 14:05:02
C00230,1798.15,withdrawal,IT,2025-06-16 14:05:02
C00060,951.59,transfer,FR,2025-05-18 14:05:02
C00002,604.42,deposit,DE,2025-06-04 14:05:02
C00532,1719.1,transfer,FR,2025-06-12 14:05:02
C00001,299.08,deposit,FR,2025-06-01 14:05:02
C00001,1904.32,deposit,DE,2025-06-05 14:05:02
C00002,112.12,transfer,DE,2025-06-05 14:05:02
C00001,305.94,payment,FR,2025-06-17 14:05:02
C00002,1249.19,transfer,ES,2025-06-12 14:05:02
C00679,681.8,transfer,ES,2025-05-24 14:05:02
C00002,655.78,transfer,FR,2025-06-02 14:05:02
C00001,802.81,deposit,ES,2025-06-04 14:05:02
C00989,1528.53,deposit,DE,2025-05-21 14:05:02
C00357,475.8,transfer,FR,2025-05-28 14:05:02
C00848,672.99,payment,ES,2025-06-13 14:05:02
C00938,441.5,purchase,ES,2025-05-26 14:05:02
C00001,392.81,deposit,DE,2025-05-21 14:05:02
C00001,1202.86,deposit,IT,2025-06-13 14:05:02
C00002,1182.92,purchase,FR,2025-05-22 14:05:02
C00001,947.28,deposit,IT,2025-06-02 14:05:02
C00002,396.99,deposit,IT,2025-06-05 14:05:02
C00033,108.46,payment,ES,2025-06-07 14:05:02
C00002,1852.19,payment,IT,2025-06-10 14:05:02
C00640,605.54,transfer,DE,2025-06-06 14:05:02
C00002,1570.84,purchase,DE,2025-06-07 14:05:02
C00002,785.99,payment,IT,2025-06-02 14:05:02
C00843,967.69,deposit,ES,2025-06-16 14:05:02
C00001,1333.29,purchase,ES,2025-06-17 14:05:02
C00002,702.86,purchase,FR,2025-05-27 14:05:02
C00002,1996.76,payment,DE,2025-05-29 14:05:02
C00001,804.31,deposit,IT,2025-05-26 14:05:02
C00002,1883.44,payment,ES,2025-06-11 14:05:02
C00001,351.74,purchase,ES,2025-05-20 14:05:02
C00002,62.61,withdrawal,FR,2025-06-11 14:05:02
C00001,1785.25,purchase,DE,2025-06-04 14:05:02
C00415,825.03,purchase,DE,2025-06-12 14:05:02
C00002,942.45,purchase,FR,2025-06-15 14:05:02
C00763,1286.16,transfer,DE,2025-06-10 14:05:02
C00001,784.16,deposit,ES,2025-06-13 14:05:02
C00001,343.11,deposit,DE,2025-06-05 14:05:02
C00001,831.47,withdrawal,DE,2025-05-20 14:05:02
C00002,642.05,transfer,IT,2025-05-22 14:05:02
C00002,810.69,transfer,IT,2025-05-21 14:05:02
C00002,158.31,withdrawal,IT,2025-05-19 14:05:02
C00001,306.61,deposit,DE,2025-06-02 14:05:02
C00001,1921.49,withdrawal,ES,2025-06-03 14:05:02
C00001,1217.22,transfer,IT,2025-05-22 14:05:02
C00001,1581.84,payment,FR,2025-06-07 14:05:02
C00001,659.01,deposit,DE,2025-06-16 14:05:02
C00002,1764.52,payment,FR,2025-05-30 14:05:02
C00001,1666.72,transfer,FR,2025-06-17 14:05:02
C00001,1271.0,payment,ES,2025-06-09 14:05:02
C00002,944.32,transfer,FR,2025-06-12 14:05:02
C00001,1869.38,transfer,ES,2025-06-04 14:05:02
C00001,1132.42,payment,DE,2025-06-14 14:05:02
C00001,552.75,transfer,IT,2025-06-17 14:05:02
C00001,1390.54,payment,FR,2025-05-20 14:05:02
C00002,684.32,withdrawal,ES,2025-05-21 14:05:02
C00001,199.54,purchase,DE,2025-06-02 14:05:02
C00001,1416.61,deposit,IT,2025-06-03 14:05:02
C00001,1692.36,purchase,ES,2025-05-23 14:05:02
C00301,1100.22,withdrawal,ES,2025-05-25 14:05:02
C00002,1094.5,withdrawal,IT,2025-06-13 14:05:02
C00103,394.02,transfer,FR,2025-06-14 14:05:02
C00001,834.48,transfer,ES,2025-05-27 14:05:02
C00002,581.91,transfer,DE,2025-05-25 14:05:02
C00002,859.38,deposit,ES,2025-05-23 14:05:02
C00001,597.37,withdrawal,IT,2025-05-30 14:05:02
C00555,1032.53,deposit,IT,2025-05-31 14:05:02
C00001,1016.92,purchase,DE,2025-06-14 14:05:02
C00314,678.39,withdrawal,DE,2025-05-19 14:05:02
C00001,505.71,withdrawal,ES,2025-06-05 14:05:02
C00002,1181.68,transfer,IT,2025-06-17 14:05:02
C00002,144.01,deposit,ES,2025-05-26 14:05:02
C00320,1799.09,purchase,DE,2025-06-08 14:05:02
C00001,1911.27,deposit,DE,2025-06-12 14:05:02
C00001,583.77,transfer,ES,2025-06-09 14:05:02
C00002,1541.73,withdrawal,FR,2025-05-27 14:05:02
C00002,1918.35,transfer,IT,2025-05-18 14:05:02
C00001,226.2,withdrawal,IT,2025-06-06 14:05:02
C00895,170.78,withdrawal,DE,2025-06-17 14:05:02
C00295,925.36,payment,ES,2025-06-13 14:05:02
C00001,1673.83,withdrawal,IT,2025-05-30 14:05:02
C00793,1957.36,transfer,FR,2025-06-07 14:05:02
C00001,1406.67,transfer,FR,2025-05-31 14:05:02
C00002,849.65,withdrawal,FR,2025-05-28 14:05:02
C00002,1781.89,deposit,DE,2025-05-21 14:05:02
C00001,1605.97,transfer,FR,2025-06-06 14:05:02
C00001,1907.51,deposit,FR,2025-05-31 14:05:02
C00001,1432.02,transfer,DE,2025-05-24 14:05:02
C00040,701.85,transfer,DE,2025-05-25 14:05:02
C00002,1925.81,purchase,FR,2025-06-01 14:05:02
C00001,500.45,purchase,FR,2025-05-21 14:05:02
C00001,1382.85,purchase,DE,2025-05-19 14:05:02
C00001,335.37,withdrawal,IT,2025-05-20 14:05:02
C00001,206.76,withdrawal,FR,2025-06-04 14:05:02
C00002,1785.46,purchase,ES,2025-05-31 14:05:02
C00001,698.03,transfer,DE,2025-05-20 14:05:02
C00002,269.13,transfer,FR,2025-06-05 14:05:02
C00002,1257.55,transfer,IT,2025-06-05 14:05:02
C00002,1784.9,payment,ES,2025-06-04 14:05:02
C00001,396.72,payment,ES,2025-06-16 14:05:02
C00002,802.55,deposit,FR,2025-06-14 14:05:02
C00002,356.79,purchase,ES,2025-06-11 14:05:02
C00001,362.19,deposit,IT,2025-06-15 14:05:02
C00001,1790.94,purchase,ES,2025-06-11 14:05:02
C00830,369.73,transfer,IT,2025-05-19 14:05:02
C00002,283.24,payment,IT,2025-05-24 14:05:02
C00001,590.11,transfer,ES,2025-06-08 14:05:02
C00002,1685.8,deposit,ES,2025-05-18 14:05:02
C00001,52.71,purchase,IT,2025-06-03 14:05:02
C00002,512.27,deposit,ES,2025-06-09 14:05:02
C00495,1179.95,deposit,IT,2025-05-27 14:05:02
C00001,1932.43,withdrawal,FR,2025-05-30 14:05:02
C00002,785.05,deposit,FR,2025-05-31 14:05:02
C00001,1489.97,transfer,FR,2025-05-23 14:05:02
C00001,789.65,withdrawal,IT,2025-06-06 14:05:02
C00002,1628.44,deposit,FR,2025-06-05 14:05:02
C00791,1751.99,deposit,ES,2025-06-12 14:05:02
C00001,292.69,transfer,ES,2025-06-17 14:05:02
C00001,1621.11,withdrawal,FR,2025-05-21 14:05:02
C00211,1805.37,deposit,DE,2025-05-23 14:05:02
C00002,456.52,withdrawal,FR,2025-06-17 14:05:02
C00001,1637.95,deposit,DE,2025-06-02 14:05:02
C00002,884.17,deposit,FR,2025-06-08 14:05:02
C00002,1382.43,payment,IT,2025-06-12 14:05:02
C00001,722.58,deposit,IT,2025-06-06 14:05:02
C00001,1143.41,purchase,DE,2025-06-16 14:05:02
C00404,1413.73,deposit,FR,2025-06-02 14:05:02
C00001,742.09,purchase,IT,2025-05-22 14:05:02
C00001,728.07,transfer,DE,2025-06-06 14:05:02
C00841,1154.19,transfer,ES,2025-05-29 14:05:02
C00001,1867.28,payment,FR,2025-05-19 14:05:02
C00002,225.47,withdrawal,ES,2025-06-13 14:05:02
C00002,1948.04,transfer,ES,2025-05-25 14:05:02
C00263,634.6,transfer,ES,2025-06-09 14:05:02
C00001,53.02,deposit,DE,2025-06-05 14:05:02
C00001,1594.49,deposit,FR,2025-05-26 14:05:02
C00228,106.64,payment,DE,2025-06-10 14:05:02
C00001,307.75,purchase,DE,2025-06-04 14:05:02
C00002,1535.05,transfer,IT,2025-05-24 14:05:02
C00001,889.88,payment,ES,2025-06-16 14:05:02
C00001,1616.07,payment,IT,2025-05-26 14:05:02
C00001,1932.69,deposit,ES,2025-05-18 14:05:02
C00858,1542.31,deposit,ES,2025-05-24 14:05:02
C00001,1035.21,withdrawal,ES,2025-05-30 14:05:02
C00001,348.02,payment,DE,2025-06-14 14:05:02
C00002,617.46,withdrawal,FR,2025-05-18 14:05:02
C00272,1621.83,withdrawal,IT,2025-05-19 14:05:02
C00002,1003.38,withdrawal,ES,2025-05-26 14:05:02
C00001,354.96,withdrawal,DE,2025-06-02 14:05:02
C00002,495.18,deposit,ES,2025-06-07 14:05:02
C00002,397.69,payment,IT,2025-06-12 14:05:02
C00290,1104.55,transfer,IT,2025-05-24 14:05:02
C00001,1857.68,purchase,FR,2025-06-08 14:05:02
C00001,486.62,payment,ES,2025-06-10 14:05:02
C00002,277.25,withdrawal,IT,2025-05-23 14:05:02
C00002,615.51,transfer,DE,2025-05-31 14:05:02
C00001,1519.75,transfer,DE,2025-06-14 14:05:02
C00814,576.72,transfer,FR,2025-06-03 14:05:02
C00359,335.43,purchase,FR,2025-06-07 14:05:02
C00002,372.33,withdrawal,IT,2025-05-22 14:05:02
C00001,546.04,withdrawal,ES,2025-06-06 14:05:02
C00001,266.25,transfer,ES,2025-06-05 14:05:02
C00001,969.79,payment,IT,2025-06-08 14:05:02
C00001,85.27,deposit,FR,2025-06-03 14:05:02
C00002,534.71,withdrawal,ES,2025-06-14 14:05:02
C00002,1740.98,purchase,FR,2025-06-08 14:05:02
C00002,1333.81,payment,DE,2025-05-18 14:05:02
C00002,853.21,withdrawal,ES,2025-06-10 14:05:02
C00002,435.57,purchase,ES,2025-05-21 14:05:02
C00294,1385.04,withdrawal,IT,2025-05-26 14:05:02
C00002,613.19,deposit,DE,2025-05-29 14:05:02
C00002,1751.01,payment,DE,2025-05-20 14:05:02
C00002,666.22,transfer,ES,2025-05-20 14:05:02
C00333,1985.39,transfer,IT,2025-05-23 14:05:02
C00001,358.73,purchase,IT,2025-06-13 14:05:02
C00002,1535.74,withdrawal,DE,2025-06-05 14:05:02
C00001,1308.64,purchase,FR,2025-06-05 14:05:02
C00001,143.76,transfer,ES,2025-05-19 14:05:02
C00001,1844.37,deposit,IT,2025-05-21 14:05:02
C00002,73.59,transfer,IT,2025-06-10 14:05:02
C00001,1978.81,purchase,DE,2025-05-25 14:05:02
C00001,1640.01,withdrawal,DE,2025-05-21 14:05:02
C00002,911.14,deposit,IT,2025-05-18 14:05:02
C00001,453.08,deposit,ES,2025-05-21 14:05:02
C00002,1132.75,transfer,DE,2025-06-14 14:05:02
C00002,1474.06,purchase,DE,2025-06-13 14:05:02
C00001,783.74,transfer,FR,2025-06-09 14:05:02
C00637,1130.16,purchase,ES,2025-06-01 14:05:02
C00001,1931.03,payment,FR,2025-06-07 14:05:02
C00002,1465.03,deposit,DE,2025-05-18 14:05:02
C00001,1201.07,deposit,DE,2025-05-28 14:05:02
C00001,470.19,transfer,IT,2025-06-13 14:05:02
C00002,571.48,purchase,FR,2025-06-03 14:05:02
C00002,189.88,deposit,FR,2025-06-05 14:05:02
C00002,795.89,purchase,IT,2025-05-18 14:05:02
C00002,1072.19,purchase,FR,2025-06-05 14:05:02
C00293,54.1,deposit,ES,2025-05-19 14:05:02
C00002,1154.37,transfer,FR,2025-06-13 14:05:02
C00002,1641.16,payment,FR,2025-05-18 14:05:02
C00002,177.54,transfer,ES,2025-05-21 14:05:02
C00002,631.09,deposit,IT,2025-06-01 14:05:02
C00002,1435.05,transfer,FR,2025-06-07 14:05:02
C00001,1865.21,transfer,DE,2025-06-08 14:05:02
C00001,612.59,purchase,IT,2025-06-16 14:05:02
C00055,1987.88,withdrawal,IT,2025-06-05 14:05:02
C00001,224.33,payment,IT,2025-05-21 14:05:02
C00001,1417.24,transfer,ES,2025-05-26 14:05:02
C00001,1596.86,transfer,FR,2025-06-10 14:05:02
C00002,793.61,payment,FR,2025-05-18 14:05:02
C00001,23.27,purchase,FR,2025-05-24 14:05:02
C00001,730.33,purchase,ES,2025-06-06 14:05:02
C00002,881.8,transfer,IT,2025-06-06 14:05:02
C00002,531.19,purchase,DE,2025-05-26 14:05:02
C00528,1129.63,purchase,ES,2025-06-04 14:05:02
C00001,565.98,deposit,FR,2025-05-24 14:05:02
C00002,1024.61,transfer,ES,2025-06-09 14:05:02
C00001,233.08,purchase,FR,2025-06-12 14:05:02
C00279,1720.55,payment,IT,2025-05-26 14:05:02
C00002,1697.33,payment,ES,2025-06-01 14:05:02
C00001,249.49,transfer,FR,2025-06-09 14:05:02
C00001,1205.86,deposit,ES,2025-05-21 14:05:02
C00001,401.55,payment,ES,2025-05-21 14:05:02
C00001,688.63,payment,IT,2025-06-02 14:05:02
C00002,1791.07,withdrawal,ES,2025-06-04 14:05:02
C00002,342.5,deposit,IT,2025-06-17 14:05:02
C00543,541.3,payment,IT,2025-05-28 14:05:02
C00001,1893.88,payment,IT,2025-05-31 14:05:02
C00002,197.84,transfer,IT,2025-05-19 14:05:02
C00002,324.66,payment,DE,2025-06-16 14:05:02
C00001,1220.82,withdrawal,ES,2025-06-09 14:05:02
C00002,1246.86,deposit,ES,2025-06-13 14:05:02
C00002,1852.8,purchase,ES,2025-06-02 14:05:02
C00141,626.73,withdrawal,DE,2025-06-02 14:05:02
C00001,1594.1,deposit,ES,2025-06-02 14:05:02
C00455,388.56,payment,IT,2025-05-21 14:05:02
C00951,1751.02,payment,ES,2025-06-06 14:05:02
C00001,1252.18,deposit,ES,2025-05-24 14:05:02
C00002,136.53,transfer,FR,2025-06-11 14:05:02
C00001,1645.04,payment,IT,2025-05-24 14:05:02
C00001,1746.72,payment,FR,2025-05-22 14:05:02
C00694,304.13,payment,ES,2025-06-01 14:05:02
C00002,1725.94,deposit,IT,2025-06-01 14:05:02
C00001,1030.44,withdrawal,ES,2025-05-26 14:05:02
C00002,1986.45,deposit,FR,2025-05-19 14:05:02
C00002,1722.22,transfer,DE,2025-06-05 14:05:02
C00001,977.36,payment,ES,2025-06-05 14:05:02
C00001,1081.46,transfer,DE,2025-06-01 14:05:02
C00001,1782.54,transfer,DE,2025-06-04 14:05:02
C00001,1376.26,transfer,FR,2025-06-06 14:05:02
C00798,1312.23,payment,DE,2025-06-17 14:05:02
C00001,1139.6,purchase,IT,2025-05-30 14:05:02
C00002,368.56,deposit,DE,2025-06-04 14:05:02
C00001,1921.67,deposit,FR,2025-06-16 14:05:02
C00921,884.14,payment,IT,2025-06-14 14:05:02
C00001,76.05,deposit,ES,2025-06-04 14:05:02
C00001,974.07,withdrawal,FR,2025-06-09 14:05:02
C00001,1601.29,deposit,FR,2025-06-05 14:05:02
C00002,1430.21,payment,DE,2025-05-31 14:05:02
C00731,1041.95,payment,DE,2025-05-22 14:05:02
C00001,1891.61,payment,FR,2025-06-14 14:05:02
C00002,1764.24,transfer,DE,2025-05-30 14:05:02
C00001,1258.8,purchase,FR,2025-06-08 14:05:02
C00001,1686.43,withdrawal,IT,2025-05-24 14:05:02
C00002,803.54,withdrawal,DE,2025-06-12 14:05:02
C00002,784.13,deposit,DE,2025-06-05 14:05:02
C00002,1269.54,deposit,IT,2025-05-22 14:05:02
C00002,1171.33,deposit,IT,2025-05-29 14:05:02
C00001,263.55,purchase,FR,2025-05-21 14:05:02
C00089,109.66,purchase,DE,2025-06-10 14:05:02
C00002,978.23,transfer,IT,2025-06-17 14:05:02
C00001,725.86,withdrawal,ES,2025-06-02 14:05:02
C00586,828.85,payment,DE,2025-05-18 14:05:02
C00993,1017.28,payment,ES,2025-06-01 14:05:02
C00001,1870.52,transfer,IT,2025-06-16 14:05:02
C00002,1354.61,transfer,ES,2025-05-20 14:05:02
C00002,821.68,transfer,FR,2025-06-13 14:05:02
C00001,1892.3,deposit,ES,2025-05-23 14:05:02
C00001,1957.77,withdrawal,ES,2025-06-10 14:05:02
C00001,1069.97,transfer,ES,2025-06-11 14:05:02
C00002,1369.89,transfer,FR,2025-05-25 14:05:02
C00001,656.26,transfer,DE,2025-05-18 14:05:02
C00001,1831.83,deposit,ES,2025-06-06 14:05:02
C00002,1394.9,transfer,ES,2025-05-21 14:05:02
C00002,595.98,payment,ES,2025-06-17 14:05:02
C00001,729.58,purchase,FR,2025-06-13 14:05:02
C00997,1101.73,purchase,IT,2025-06-04 14:05:02
C00001,1591.58,withdrawal,IT,2025-06-16 14:05:02
C00813,920.12,purchase,DE,2025-06-03 14:05:02
C00002,1007.28,withdrawal,ES,2025-06-10 14:05:02
C00001,386.22,payment,IT,2025-06-11 14:05:02
C00354,1022.05,transfer,FR,2025-06-03 14:05:02
C00001,1312.56,deposit,DE,2025-06-16 14:05:02
C00001,299.68,transfer,ES,2025-06-14 14:05:02
C00001,1129.2,withdrawal,DE,2025-06-04 14:05:02
C00001,1733.98,deposit,IT,2025-05-31 14:05:02
C00002,1333.64,deposit,FR,2025-05-30 14:05:02
C00002,542.71,withdrawal,DE,2025-05-19 14:05:02
C00002,990.93,payment,IT,2025-05-19 14:05:02
C00001,1186.54,withdrawal,DE,2025-06-07 14:05:02
C00002,127.8,deposit,ES,2025-05-26 14:05:02
C00001,156.57,withdrawal,FR,2025-05-19 14:05:02
C00001,1365.84,deposit,IT,2025-06-16 14:05:02
C00002,676.87,deposit,IT,2025-06-14 14:05:02
C00001,218.9,payment,FR,2025-06-11 14:05:02
C00002,1510.71,purchase,IT,2025-05-30 14:05:02
C00001,1855.97,payment,FR,2025-06-10 14:05:02
C00590,829.02,payment,FR,2025-05-30 14:05:02
C00001,1729.8,payment,IT,2025-06-07 14:05:02
C00001,386.68,transfer,FR,2025-06-10 14:05:02
C00001,1192.31,purchase,IT,2025-06-17 14:05:02
C00002,1268.21,withdrawal,ES,2025-06-10 14:05:02
C00001,882.68,payment,IT,2025-06-04 14:05:02
C00001,1879.75,withdrawal,IT,2025-06-04 14:05:02
C00001,246.9,purchase,ES,2025-06-10 14:05:02
C00001,1183.45,transfer,IT,2025-06-15 14:05:02
C00001,1971.78,purchase,FR,2025-06-11 14:05:02
C00001,1665.18,payment,FR,2025-06-07 14:05:02
C00002,999.22,deposit,IT,2025-05-31 14:05:02
C00001,1857.92,deposit,FR,2025-06-13 14:05:02
C00286,1603.64,transfer,IT,2025-05-22 14:05:02
C00001,677.67,purchase,DE,2025-06-06 14:05:02
C00351,763.21,purchase,FR,2025-06-16 14:05:02
C00002,15.46,payment,ES,2025-05-18 14:05:02
C00001,800.12,deposit,FR,2025-05-27 14:05:02
C00001,1212.85,deposit,DE,2025-05-29 14:05:02
C00477,1950.32,purchase,FR,2025-06-04 14:05:02
C00002,1997.33,payment,IT,2025-05-21 14:05:02
C00518,1513.16,payment,ES,2025-06-03 14:05:02
C00001,1185.23,deposit,ES,2025-06-02 14:05:02
C00001,1006.5,deposit,DE,2025-06-02 14:05:02
C00002,1332.49,transfer,IT,2025-06-07 14:05:02
C00002,1708.12,purchase,ES,2025-06-14 14:05:02
C00001,198.27,payment,ES,2025-06-07 14:05:02
C00001,716.31,transfer,ES,2025-05-24 14:05:02
C00002,1813.16,purchase,DE,2025-06-02 14:05:02
C00001,475.4,withdrawal,IT,2025-05-28 14:05:02
C00001,1761.12,payment,FR,2025-06-13 14:05:02
C00002,1183.48,transfer,DE,2025-05-25 14:05:02
C00002,282.51,deposit,DE,2025-06-13 14:05:02
C00001,823.01,deposit,IT,2025-06-05 14:05:02
C00001,1222.91,purchase,IT,2025-05-20 14:05:02
C00002,661.1,transfer,FR,2025-06-15 14:05:02
C00648,1763.76,payment,DE,2025-05-31 14:05:02
C00001,1940.94,payment,DE,2025-06-02 14:05:02
C00001,1655.7,transfer,DE,2025-06-11 14:05:02
C00002,1464.4,payment,ES,2025-05-28 14:05:02
C00001,146.01,transfer,DE,2025-05-27 14:05:02
C00002,751.25,purchase,IT,2025-05-24 14:05:02
C00783,299.04,purchase,ES,2025-05-19 14:05:02
C00306,1032.84,deposit,DE,2025-06-05 14:05:02
C00002,1549.36,deposit,IT,2025-05-20 14:05:02
C00001,318.74,withdrawal,IT,2025-05-25 14:05:02
C00002,658.98,purchase,IT,2025-06-15 14:05:02
C00002,441.61,transfer,ES,2025-06-07 14:05:02
C00002,586.24,deposit,FR,2025-05-23 14:05:02
C00951,1061.97,purchase,IT,2025-05-20 14:05:02
C00001,732.21,purchase,ES,2025-06-12 14:05:02
C00505,1725.97,deposit,FR,2025-06-14 14:05:02
C00002,224.79,purchase,FR,2025-06-02 14:05:02
C00672,1463.24,deposit,FR,2025-05-22 14:05:02
C00001,1649.49,withdrawal,FR,2025-05-24 14:05:02
C00368,467.16,withdrawal,DE,2025-06-17 14:05:02
C00671,1486.54,deposit,ES,2025-06-03 14:05:02
C00930,604.86,purchase,ES,2025-06-02 14:05:02
C00001,226.31,payment,IT,2025-06-14 14:05:02
C00001,895.07,purchase,FR,2025-05-19 14:05:02
C00002,636.39,deposit,DE,2025-06-11 14:05:02
C00002,724.5,payment,FR,2025-05-28 14:05:02
C00178,1532.06,withdrawal,ES,2025-06-16 14:05:02
C00001,1219.7,transfer,ES,2025-05-18 14:05:02
C00001,1454.33,payment,DE,2025-06-09 14:05:02
C00001,1346.4,transfer,ES,2025-06-12 14:05:02
C00001,1406.28,purchase,ES,2025-06-13 14:05:02
C00001,101.22,payment,FR,2025-06-12 14:05:02
C00002,1532.12,purchase,IT,2025-06-02 14:05:02
C00001,100.54,purchase,DE,2025-06-14 14:05:02
C00002,999.29,transfer,FR,2025-05-18 14:05:02
C00130,1044.33,deposit,ES,2025-05-23 14:05:02
C00001,147.95,deposit,ES,2025-06-03 14:05:02
C00002,1606.91,purchase,DE,2025-06-07 14:05:02
C00001,1319.32,withdrawal,DE,2025-05-19 14:05:02
C00001,617.76,payment,DE,2025-05-30 14:05:02
C00001,1433.38,purchase,ES,2025-05-20 14:05:02
C00001,56.29,payment,DE,2025-05-26 14:05:02
C00002,1826.46,purchase,ES,2025-05-27 14:05:02
C00002,1396.6,purchase,DE,2025-05-23 14:05:02
C00001,197.49,transfer,DE,2025-06-06 14:05:02
C00988,1856.86,deposit,IT,2025-06-11 14:05:02
C00001,1708.52,transfer,DE,2025-05-21 14:05:02
C00002,944.2,payment,ES,2025-06-10 14:05:02
C00002,873.79,payment,ES,2025-06-17 14:05:02
C00001,1239.59,transfer,DE,2025-05-22 14:05:02
C00252,905.88,payment,DE,2025-06-13 14:05:02
C00191,287.59,withdrawal,DE,2025-05-30 14:05:02
C00001,1629.0,withdrawal,ES,2025-05-25 14:05:02
C00002,1468.14,transfer,IT,2025-06-01 14:05:02
C00002,619.8,withdrawal,ES,2025-06-15 14:05:02
C00002,1614.91,withdrawal,ES,2025-05-21 14:05:02
C00001,1354.52,purchase,DE,2025-05-22 14:05:02
C00991,388.13,deposit,DE,2025-06-16 14:05:02
C00001,328.57,transfer,ES,2025-06-11 14:05:02
C00945,1131.76,deposit,IT,2025-05-20 14:05:02
C00002,1534.08,payment,ES,2025-05-18 14:05:02
C00001,1026.6,withdrawal,IT,2025-06-06 14:05:02
C00002,790.06,withdrawal,DE,2025-06-13 14:05:02
C00001,786.11,payment,ES,2025-06-10 14:05:02
C00001,1784.51,deposit,FR,2025-06-03 14:05:02
C00001,736.61,deposit,DE,2025-05-25 14:05:02
C00001,822.3,payment,FR,2025-06-12 14:05:02
C00001,1272.09,withdrawal,IT,2025-05-24 14:05:02
C00001,188.89,withdrawal,DE,2025-06-17 14:05:02
C00002,893.46,deposit,FR,2025-06-05 14:05:02
C00001,625.34,purchase,ES,2025-06-01 14:05:02
C00001,654.6,payment,IT,2025-06-15 14:05:02
C00001,998.03,deposit,ES,2025-05-19 14:05:02
C00185,160.92,deposit,ES,2025-06-02 14:05:02
C00001,877.13,deposit,IT,2025-06-03 14:05:02
C00001,481.52,withdrawal,ES,2025-05-19 14:05:02
C00857,922.59,withdrawal,FR,2025-06-14 14:05:02
C00001,1672.51,deposit,IT,2025-05-26 14:05:02
C00001,1147.71,transfer,IT,2025-06-13 14:05:02
C00001,516.22,transfer,IT,2025-06-09 14:05:02
C00672,860.51,transfer,ES,2025-06-11 14:05:02
C00001,160.5,payment,DE,2025-06-10 14:05:02
C00001,106.73,withdrawal,IT,2025-05-18 14:05:02
C00001,915.99,purchase,FR,2025-06-04 14:05:02
C00002,271.04,payment,ES,2025-05-22 14:05:02
C00002,147.44,transfer,ES,2025-06-07 14:05:02
C00001,1538.74,payment,ES,2025-06-05 14:05:02
C00002,791.8,deposit,ES,2025-06-08 14:05:02
C00002,1041.24,purchase,DE,2025-05-19 14:05:02
C00002,85.13,transfer,DE,2025-05-30 14:05:02
C00001,1109.08,withdrawal,FR,2025-05-19 14:05:02
C00001,428.34,transfer,FR,2025-05-19 14:05:02
C00001,1406.34,deposit,IT,2025-06-17 14:05:02
C00726,41.19,payment,IT,2025-05-31 14:05:02
C00153,1864.79,purchase,IT,2025-05-24 14:05:02
C00001,15.81,withdrawal,IT,2025-05-21 14:05:02
C00001,1352.35,transfer,ES,2025-05-18 14:05:02
C00001,917.82,transfer,IT,2025-05-20 14:05:02
C00002,602.96,deposit,FR,2025-06-02 14:05:02
C00002,976.26,deposit,DE,2025-05-28 14:05:02
C00002,1168.14,withdrawal,ES,2025-05-28 14:05:02
C00001,499.68,transfer,ES,2025-06-02 14:05:02
C00001,1747.5,payment,DE,2025-06-14 14:05:02
C00002,906.44,purchase,FR,2025-06-10 14:05:02
C00001,59.82,transfer,ES,2025-06-06 14:05:02
C00001,663.71,transfer,DE,2025-05-21 14:05:02
C00002,736.33,payment,FR,2025-06-16 14:05:02
C00002,465.54,payment,FR,2025-05-31 14:05:02
C00545,885.05,purchase,ES,2025-06-06 14:05:02
C00001,229.75,transfer,ES,2025-05-22 14:05:02
C00001,786.09,withdrawal,DE,2025-05-30 14:05:02
C00002,676.48,purchase,DE,2025-06-11 14:05:02
C00002,1998.6,withdrawal,IT,2025-06-05 14:05:02
C00259,487.84,transfer,DE,2025-05-31 14:05:02
C00002,1143.73,withdrawal,DE,2025-06-08 14:05:02
C00261,1916.33,deposit,DE,2025-06-17 14:05:02
C00002,1487.46,withdrawal,DE,2025-06-04 14:05:02
C00002,1528.43,transfer,IT,2025-06-07 14:05:02
C00002,363.98,deposit,DE,2025-05-27 14:05:02
C00002,1222.27,purchase,IT,2025-05-27 14:05:02
C00001,1819.82,withdrawal,IT,2025-05-31 14:05:02
C00001,606.13,purchase,ES,2025-06-01 14:05:02
C00001,664.06,purchase,ES,2025-06-12 14:05:02
C00001,1313.94,payment,ES,2025-06-09 14:05:02
C00001,1093.25,purchase,IT,2025-05-18 14:05:02
C00029,1133.37,purchase,IT,2025-06-16 14:05:02
C00002,621.18,transfer,FR,2025-05-26 14:05:02
C00002,454.8,withdrawal,IT,2025-05-22 14:05:02
C00002,1842.67,payment,IT,2025-06-02 14:05:02
C00177,395.73,purchase,IT,2025-06-15 14:05:02
C00001,1838.84,transfer,IT,2025-06-07 14:05:02
C00002,1464.23,payment,ES,2025-05-30 14:05:02
C00002,655.52,transfer,IT,2025-05-21 14:05:02
C00002,1796.65,deposit,ES,2025-05-26 14:05:02
C00002,651.94,withdrawal,ES,2025-05-23 14:05:02
C00002,721.89,transfer,IT,2025-05-19 14:05:02
C00001,1670.13,withdrawal,IT,2025-05-24 14:05:02
C00001,234.52,purchase,IT,2025-06-08 14:05:02
C00739,953.54,transfer,DE,2025-06-08 14:05:02
C00001,1690.13,withdrawal,FR,2025-05-30 14:05:02
C00001,1281.84,deposit,IT,2025-05-20 14:05:02
C00002,737.25,transfer,DE,2025-06-02 14:05:02
C00002,1191.24,purchase,IT,2025-06-07 14:05:02
C00001,1605.34,transfer,DE,2025-06-14 14:05:02
C00001,1817.01,transfer,IT,2025-05-19 14:05:02
C00001,1648.18,purchase,DE,2025-06-05 14:05:02
C00001,1436.16,deposit,FR,2025-06-04 14:05:02
C00938,989.79,deposit,ES,2025-06-14 14:05:02
C00461,1885.24,transfer,FR,2025-05-29 14:05:02
C00001,933.86,transfer,IT,2025-05-24 14:05:02
C00692,291.43,deposit,IT,2025-06-03 14:05:02
C00001,1525.23,deposit,FR,2025-05-21 14:05:02
C00001,146.68,deposit,DE,2025-05-26 14:05:02
C00001,1744.19,transfer,FR,2025-06-15 14:05:02
C00002,276.74,deposit,IT,2025-06-12 14:05:02
C00001,702.09,transfer,ES,2025-06-09 14:05:02
C00001,1287.11,transfer,DE,2025-05-22 14:05:02
C00001,1702.57,deposit,ES,2025-06-16 14:05:02
C00001,691.04,payment,FR,2025-05-19 14:05:02
C00002,674.43,payment,DE,2025-05-26 14:05:02
C00001,414.37,payment,FR,2025-06-11 14:05:02
C00001,1592.07,payment,FR,2025-06-16 14:05:02
C00662,1099.8,withdrawal,ES,2025-06-09 14:05:02
C00001,1622.62,transfer,IT,2025-06-01 14:05:02
C00002,1773.87,purchase,IT,2025-05-24 14:05:02
C00002,1602.61,transfer,FR,2025-05-28 14:05:02
C00002,1560.35,withdrawal,IT,2025-06-15 14:05:02
C00002,1215.42,transfer,IT,2025-05-28 14:05:02
C00001,1498.02,transfer,FR,2025-06-12 14:05:02
C00143,528.72,payment,FR,2025-05-20 14:05:02
C00001,298.01,transfer,FR,2025-06-11 14:05:02
C00001,1712.9,transfer,IT,2025-06-14 14:05:02
C00002,1399.84,transfer,IT,2025-06-09 14:05:02
C00001,821.85,payment,IT,2025-06-07 14:05:02
C00002,273.98,deposit,ES,2025-05-31 14:05:02
C00002,948.72,purchase,DE,2025-06-16 14:05:02
C00001,248.41,purchase,FR,2025-06-11 14:05:02
C00001,436.76,transfer,IT,2025-05-18 14:05:02
C00002,409.2,transfer,FR,2025-06-05 14:05:02
C00309,1327.44,purchase,IT,2025-06-05 14:05:02
C00002,82.32,deposit,ES,2025-05-31 14:05:02
C00001,1580.6,deposit,ES,2025-05-21 14:05:02
C00001,1349.15,purchase,DE,2025-05-19 14:05:02
C00002,44.86,purchase,DE,2025-06-15 14:05:02
C00556,1804.28,purchase,FR,2025-06-17 14:05:02
C00002,803.2,deposit,FR,2025-06-08 14:05:02
C00002,477.73,deposit,IT,2025-05-23 14:05:02
C00666,291.4,transfer,DE,2025-05-25 14:05:02
C00001,1233.19,transfer,DE,2025-06-08 14:05:02
C00001,744.47,withdrawal,DE,2025-06-05 14:05:02
C00002,1467.84,withdrawal,DE,2025-06-03 14:05:02
C00001,1315.97,withdrawal,FR,2025-06-06 14:05:02
C00001,1843.31,transfer,IT,2025-05-23 14:05:02
C00001,1228.13,purchase,ES,2025-06-04 14:05:02
C00001,648.0,withdrawal,IT,2025-05-30 14:05:02
C00001,1115.78,deposit,DE,2025-06-17 14:05:02
C00002,447.3,purchase,IT,2025-06-01 14:05:02
C00001,141.97,deposit,ES,2025-06-01 14:05:02
C00001,28.08,deposit,ES,2025-06-14 14:05:02
C00001,236.66,payment,ES,2025-05-28 14:05:02
C00002,1297.35,deposit,DE,2025-05-19 14:05:02
C00498,348.74,payment,IT,2025-06-13 14:05:02
C00780,1106.65,payment,ES,2025-05-25 14:05:02
C00001,1967.66,withdrawal,IT,2025-05-24 14:05:02
C00002,1489.73,payment,IT,2025-05-30 14:05:02
C00457,322.97,purchase,DE,2025-06-10 14:05:02
C00001,742.46,transfer,IT,2025-06-09 14:05:02
C00002,170.52,purchase,ES,2025-06-03 14:05:02
C00001,1968.1,deposit,ES,2025-06-06 14:05:02
C00002,1538.77,payment,IT,2025-06-04 14:05:02
C00001,554.78,payment,DE,2025-06-01 14:05:02
C00001,351.81,withdrawal,ES,2025-05-27 14:05:02
C00002,567.86,deposit,ES,2025-06-06 14:05:02
C00002,72.33,deposit,ES,2025-05-28 14:05:02
C00193,1782.89,transfer,IT,2025-06-12 14:05:02
C00002,455.22,payment,DE,2025-05-27 14:05:02
C00002,641.4,purchase,DE,2025-05-21 14:05:02
C00002,1157.94,purchase,IT,2025-06-07 14:05:02
C00732,1851.46,transfer,FR,2025-05-27 14:05:02
C00001,697.79,withdrawal,ES,2025-06-11 14:05:02
C00001,927.4,purchase,FR,2025-06-01 14:05:02
C00001,868.35,purchase,DE,2025-06-11 14:05:02
C00959,794.14,transfer,FR,2025-05-30 14:05:02
C00001,1823.19,transfer,IT,2025-05-21 14:05:02
C00001,676.21,payment,FR,2025-05-23 14:05:02
C00002,1075.41,withdrawal,DE,2025-05-18 14:05:02
C00001,998.63,transfer,DE,2025-05-30 14:05:02
C00001,806.9,purchase,ES,2025-06-07 14:05:02
C00002,911.53,transfer,FR,2025-06-05 14:05:02
C00001,1320.95,transfer,DE,2025-06-12 14:05:02
C00002,1254.97,deposit,IT,2025-06-09 14:05:02
C00002,199.6,transfer,ES,2025-06-04 14:05:02
C00002,510.16,withdrawal,ES,2025-06-13 14:05:02
C00001,1434.78,deposit,IT,2025-06-08 14:05:02
C00002,1614.58,withdrawal,IT,2025-05-20 14:05:02
C00235,801.48,transfer,IT,2025-06-02 14:05:02
C00518,166.54,deposit,ES,2025-05-31 14:05:02
C00610,948.22,purchase,ES,2025-05-24 14:05:02
C00001,1413.67,deposit,DE,2025-05-19 14:05:02
C00001,1306.87,transfer,ES,2025-05-23 14:05:02
C00001,1936.67,payment,FR,2025-05-18 14:05:02
C00492,747.35,transfer,ES,2025-05-27 14:05:02
C00002,1752.69,purchase,DE,2025-05-23 14:05:02
C00002,1564.24,transfer,IT,2025-06-02 14:05:02
C00001,485.35,purchase,ES,2025-05-31 14:05:02
C00001,1907.12,deposit,DE,2025-05-27 14:05:02
C00001,1786.18,transfer,DE,2025-06-01 14:05:02
C00001,1430.25,deposit,ES,2025-06-17 14:05:02
C00002,226.08,deposit,ES,2025-05-27 14:05:02
C00002,451.61,deposit,FR,2025-05-26 14:05:02
C00629,1042.1,transfer,ES,2025-06-17 14:05:02
C00002,457.37,purchase,DE,2025-06-11 14:05:02
C00001,337.1,deposit,ES,2025-05-25 14:05:02
C00001,1092.26,purchase,DE,2025-05-28 14:05:02
C00002,82.41,purchase,FR,2025-06-07 14:05:02
C00206,1663.9,withdrawal,ES,2025-06-04 14:05:02
C00002,1364.35,withdrawal,ES,2025-06-06 14:05:02
C00001,1373.84,payment,FR,2025-05-18 14:05:02
C00002,503.2,payment,IT,2025-06-13 14:05:02
C00001,1951.29,payment,IT,2025-06-15 14:05:02
C00002,1700.17,payment,DE,2025-06-07 14:05:02
C00001,1334.37,payment,IT,2025-06-10 14:05:02
C00512,106.46,withdrawal,ES,2025-06-17 14:05:02
C00002,397.67,purchase,FR,2025-06-04 14:05:02
C00002,1848.59,transfer,FR,2025-06-14 14:05:02
C00001,653.95,withdrawal,DE,2025-06-14 14:05:02
C00001,822.23,payment,IT,2025-06-10 14:05:02
C00002,774.69,purchase,ES,2025-06-03 14:05:02
C00938,288.86,deposit,FR,2025-06-09 14:05:02
C00001,1271.76,payment,FR,2025-06-07 14:05:02
C00002,292.68,payment,DE,2025-05-22 14:05:02
C00001,1227.77,purchase,ES,2025-06-13 14:05:02
C00345,1415.01,deposit,DE,2025-06-17 14:05:02
C00001,1495.53,withdrawal,FR,2025-05-18 14:05:02
C00668,1150.25,purchase,IT,2025-05-27 14:05:02
C00001,1850.53,transfer,ES,2025-05-19 14:05:02
C00192,1888.93,purchase,DE,2025-05-30 14:05:02
C00002,1632.42,transfer,IT,2025-06-06 14:05:02
C00001,1758.22,payment,FR,2025-06-01 14:05:02
C00001,1739.62,transfer,DE,2025-05-31 14:05:02
C00001,1792.73,payment,ES,2025-06-09 14:05:02
C00002,1379.1,deposit,FR,2025-06-13 14:05:02
C00001,527.11,purchase,IT,2025-06-01 14:05:02
C00001,41.73,transfer,IT,2025-06-05 14:05:02
C00001,74.2,withdrawal,FR,2025-05-25 14:05:02
C00002,1593.78,withdrawal,FR,2025-05-24 14:05:02
C00002,1404.2,purchase,ES,2025-06-04 14:05:02
C00193,869.17,payment,DE,2025-06-01 14:05:02
C00001,728.82,payment,DE,2025-06-13 14:05:02
C00001,1373.6,payment,ES,2025-05-18 14:05:02
C00002,1308.52,payment,DE,2025-05-24 14:05:02
C00310,453.03,transfer,ES,2025-06-02 14:05:02
C00001,1620.18,transfer,FR,2025-05-26 14:05:02
C00835,1873.29,transfer,ES,2025-05-25 14:05:02
C00001,1723.71,withdrawal,FR,2025-05-26 14:05:02
C00002,1385.85,purchase,DE,2025-06-17 14:05:02
C00314,823.82,withdrawal,FR,2025-06-06 14:05:02
C00001,14.53,transfer,ES,2025-05-26 14:05:02
C00001,166.97,withdrawal,IT,2025-06-14 14:05:02
C00002,1876.49,withdrawal,DE,2025-06-04 14:05:02
C00001,496.36,withdrawal,DE,2025-06-17 14:05:02
C00002,685.72,payment,DE,2025-06-07 14:05:02
C00002,148.49,purchase,FR,2025-06-11 14:05:02
C00975,1557.3,deposit,IT,2025-05-30 14:05:02
C00001,1818.94,purchase,ES,2025-06-16 14:05:02
C00001,1149.01,purchase,ES,2025-06-07 14:05:02
C00002,1721.77,payment,IT,2025-05-18 14:05:02
C00001,1702.16,withdrawal,FR,2025-06-02 14:05:02
C00001,454.78,withdrawal,FR,2025-06-02 14:05:02
C00001,90.84,payment,IT,2025-06-13 14:05:02
C00002,1654.93,purchase,FR,2025-06-10 14:05:02
C00626,1633.85,payment,IT,2025-05-26 14:05:02
C00393,1888.27,transfer,IT,2025-05-26 14:05:02
C00814,915.41,withdrawal,ES,2025-06-16 14:05:02
C00001,423.32,purchase,IT,2025-05-29 14:05:02
C00001,1191.58,payment,DE,2025-05-22 14:05:02
C00002,856.87,withdrawal,ES,2025-05-21 14:05:02
C00002,385.08,payment,ES,2025-06-16 14:05:02
C00986,1028.46,withdrawal,IT,2025-06-01 14:05:02
C00274,948.0,withdrawal,ES,2025-05-29 14:05:02
C00481,1896.5,deposit,FR,2025-06-04 14:05:02
C00002,66.91,transfer,IT,2025-05-30 14:05:02
C00002,267.26,deposit,FR,2025-05-28 14:05:02
C00001,913.68,purchase,ES,2025-05-19 14:05:02
C00001,55.34,payment,IT,2025-06-11 14:05:02
C00884,393.8,purchase,DE,2025-05-20 14:05:02
C00001,1497.76,withdrawal,FR,2025-06-16 14:05:02
C00001,1929.59,transfer,DE,2025-06-10 14:05:02
C00767,337.84,purchase,IT,2025-06-03 14:05:02
C00002,941.81,deposit,IT,2025-05-19 14:05:02
C00001,1554.37,deposit,ES,2025-05-30 14:05:02
C00001,686.28,withdrawal,IT,2025-06-11 14:05:02
C00002,80.59,transfer,DE,2025-05-25 14:05:02
C00002,1030.19,transfer,ES,2025-06-14 14:05:02
C00001,1937.14,payment,DE,2025-05-22 14:05:02
C00002,83.43,payment,ES,2025-05-18 14:05:02
C00002,730.03,payment,ES,2025-05-19 14:05:02
C00001,1893.83,purchase,ES,2025-06-01 14:05:02
C00001,1399.63,deposit,DE,2025-06-12 14:05:02
C00002,106.73,payment,IT,2025-06-07 14:05:02
C00001,879.23,transfer,ES,2025-05-22 14:05:02
C00002,511.01,purchase,IT,2025-06-03 14:05:02
C00001,243.06,withdrawal,DE,2025-05-31 14:05:02
C00002,1664.64,deposit,ES,2025-06-17 14:05:02
C00001,813.44,purchase,DE,2025-06-04 14:05:02
C00002,1480.94,transfer,ES,2025-06-03 14:05:02
C00001,1923.38,withdrawal,ES,2025-06-08 14:05:02
C00653,559.26,payment,IT,2025-05-29 14:05:02
C00001,211.93,withdrawal,ES,2025-05-21 14:05:02
C00882,1702.63,transfer,DE,2025-05-18 14:05:02
C00002,144.4,deposit,DE,2025-05-23 14:05:02
C00001,1175.12,payment,IT,2025-06-09 14:05:02
C00001,1213.84,withdrawal,DE,2025-06-07 14:05:02
C00002,1476.33,purchase,IT,2025-06-10 14:05:02
C00001,128.03,deposit,DE,2025-05-31 14:05:02
C00001,400.17,withdrawal,ES,2025-06-02 14:05:02
C00002,319.56,transfer,DE,2025-05-22 14:05:02
C00001,1507.84,transfer,DE,2025-05-30 14:05:02
C00756,943.4,withdrawal,ES,2025-06-08 14:05:02
C00001,86.54,transfer,ES,2025-06-06 14:05:02
C00001,503.38,transfer,ES,2025-06-04 14:05:02
C00001,1306.03,transfer,IT,2025-06-11 14:05:02
C00001,621.66,withdrawal,IT,2025-05-21 14:05:02
C00002,1278.13,withdrawal,FR,2025-05-28 14:05:02
C00002,1250.71,transfer,ES,2025-06-12 14:05:02
C00001,1081.31,withdrawal,DE,2025-06-06 14:05:02
C00457,119.03,purchase,DE,2025-06-02 14:05:02
C00002,1707.26,transfer,ES,2025-06-03 14:05:02
C00776,134.14,purchase,ES,2025-05-24 14:05:02
C00002,300.47,transfer,FR,2025-05-20 14:05:02
C00001,523.77,withdrawal,FR,2025-05-23 14:05:02
C00258,325.25,purchase,DE,2025-05-21 14:05:02
C00001,436.74,deposit,FR,2025-05-24 14:05:02
C00001,884.59,payment,ES,2025-05-28 14:05:02
C00002,1000.28,withdrawal,DE,2025-06-05 14:05:02
C00001,508.56,transfer,ES,2025-05-24 14:05:02
C00001,960.48,transfer,DE,2025-05-18 14:05:02
C00002,240.93,transfer,IT,2025-06-17 14:05:02
C00001,1410.73,deposit,DE,2025-06-14 14:05:02
C00001,1259.74,withdrawal,FR,2025-06-05 14:05:02
C00001,722.68,transfer,FR,2025-05-20 14:05:02
C00001,508.67,payment,ES,2025-06-09 14:05:02
C00001,993.97,withdrawal,ES,2025-06-15 14:05:02
C00001,1191.75,transfer,IT,2025-05-29 14:05:02
C00001,1879.21,deposit,ES,2025-06-12 14:05:02
C00001,640.93,transfer,ES,2025-05-31 14:05:02
C00765,1833.65,payment,FR,2025-06-12 14:05:02
C00002,946.22,transfer,IT,2025-05-29 14:05:02
C00624,863.34,payment,FR,2025-06-09 14:05:02
C00002,1277.19,transfer,IT,2025-06-09 14:05:02
C00001,1628.27,payment,DE,2025-05-22 14:05:02
C00002,507.9,deposit,IT,2025-05-31 14:05:02
C00002,141.39,transfer,IT,2025-06-09 14:05:02
C00001,1129.02,deposit,FR,2025-06-05 14:05:02
C00001,298.4,transfer,IT,2025-06-01 14:05:02
C00001,641.87,withdrawal,DE,2025-06-11 14:05:02
C00001,711.79,transfer,DE,2025-06-06 14:05:02
C00001,188.3,payment,IT,2025-06-09 14:05:02
C00001,172.79,withdrawal,ES,2025-06-03 14:05:02
C00001,1231.17,transfer,FR,2025-06-16 14:05:02
C00002,1936.67,withdrawal,DE,2025-06-02 14:05:02
C00001,1113.41,transfer,DE,2025-06-17 14:05:02
C00063,948.04,deposit,ES,2025-06-01 14:05:02
C00001,1461.46,payment,ES,2025-06-01 14:05:02
C00001,1610.43,withdrawal,IT,2025-05-22 14:05:02
C00001,1299.18,deposit,DE,2025-05-22 14:05:02
C00327,906.06,purchase,FR,2025-06-09 14:05:02
C00002,11.42,transfer,ES,2025-05-22 14:05:02
C00001,1432.45,purchase,DE,2025-06-06 14:05:02
C00001,1806.48,payment,IT,2025-06-16 14:05:02
C00001,346.51,payment,FR,2025-06-04 14:05:02
C00002,319.42,withdrawal,DE,2025-05-19 14:05:02
C00001,715.23,purchase,ES,2025-05-19 14:05:02
C00002,1548.31,deposit,FR,2025-06-17 14:05:02
C00001,347.47,payment,IT,2025-06-14 14:05:02
C00002,781.59,purchase,FR,2025-05-24 14:05:02
C00001,1532.74,payment,ES,2025-06-14 14:05:02
C00002,929.94,deposit,IT,2025-05-18 14:05:02
C00001,471.26,payment,DE,2025-05-28 14:05:02
C00572,1791.38,transfer,DE,2025-06-06 14:05:02
C00002,736.89,deposit,FR,2025-06-15 14:05:02
C00001,23.16,transfer,ES,2025-05-22 14:05:02
C00002,412.4,purchase,IT,2025-06-02 14:05:02
C00222,158.21,withdrawal,DE,2025-06-14 14:05:02
C00001,925.92,payment,ES,2025-05-19 14:05:02
C00001,764.32,transfer,FR,2025-06-09 14:05:02
C00002,1809.16,withdrawal,IT,2025-06-08 14:05:02
C00002,1611.45,withdrawal,DE,2025-06-16 14:05:02
C00002,80.27,deposit,DE,2025-06-16 14:05:02
C00306,979.81,deposit,DE,2025-06-05 14:05:02
C00002,1818.39,deposit,IT,2025-05-31 14:05:02
C00002,561.66,deposit,DE,2025-06-08 14:05:02
C00002,811.24,payment,ES,2025-05-26 14:05:02
C00240,1276.02,deposit,DE,2025-06-02 14:05:02
C00564,586.65,payment,ES,2025-05-29 14:05:02
C00001,1270.7,deposit,DE,2025-05-23 14:05:02
C00001,226.47,transfer,FR,2025-06-03 14:05:02
C00001,1704.73,transfer,IT,2025-05-31 14:05:02
C00002,1702.34,withdrawal,ES,2025-06-14 14:05:02
C00002,683.12,payment,FR,2025-06-03 14:05:02
C00002,1610.05,purchase,IT,2025-05-20 14:05:02
C00001,814.09,purchase,DE,2025-05-29 14:05:02
C00001,1378.05,purchase,DE,2025-05-29 14:05:02
C00188,393.2,payment,FR,2025-05-24 14:05:02
C00001,1303.59,purchase,FR,2025-05-19 14:05:02
C00002,1231.83,deposit,FR,2025-06-03 14:05:02
C00001,555.55,withdrawal,DE,2025-06-15 14:05:02
C00615,1838.92,withdrawal,ES,2025-06-05 14:05:02
C00001,1973.43,withdrawal,ES,2025-06-07 14:05:02
C00002,747.25,withdrawal,FR,2025-06-14 14:05:02
C00935,28.79,purchase,ES,2025-06-12 14:05:02
C00001,1056.31,withdrawal,FR,2025-05-20 14:05:02
C00002,804.8,withdrawal,IT,2025-05-23 14:05:02
C00002,1908.56,transfer,DE,2025-05-30 14:05:02
C00001,1163.21,deposit,IT,2025-05-26 14:05:02
C00001,101.9,purchase,FR,2025-05-19 14:05:02
C00001,639.31,deposit,ES,2025-06-12 14:05:02
C00664,862.52,payment,DE,2025-05-20 14:05:02
C00002,465.99,purchase,IT,2025-05-18 14:05:02
C00002,617.89,payment,IT,2025-06-13 14:05:02
C00002,626.59,payment,FR,2025-06-17 14:05:02
C00001,781.98,transfer,ES,2025-06-04 14:05:02
C00983,146.99,payment,ES,2025-05-27 14:05:02
C00002,307.13,payment,FR,2025-06-06 14:05:02
C00001,466.19,payment,ES,2025-05-28 14:05:02
C00002,202.61,transfer,FR,2025-06-11 14:05:02
C00462,1780.8,payment,FR,2025-05-20 14:05:02
C00760,548.62,withdrawal,FR,2025-05-26 14:05:02
C00002,401.05,withdrawal,FR,2025-06-08 14:05:02
C00002,192.31,deposit,ES,2025-06-07 14:05:02
C00001,382.64,transfer,ES,2025-06-17 14:05:02
C00252,786.32,withdrawal,ES,2025-05-21 14:05:02
C00001,1450.3,payment,IT,2025-06-09 14:05:02
C00002,1197.8,transfer,IT,2025-06-12 14:05:02
C00002,255.01,transfer,FR,2025-05-30 14:05:02
C00001,1820.01,purchase,DE,2025-06-02 14:05:02
C00002,1072.06,payment,ES,2025-06-17 14:05:02
C00001,1134.71,payment,DE,2025-05-22 14:05:02
C00002,192.43,payment,DE,2025-05-26 14:05:02
C00002,567.89,transfer,FR,2025-06-03 14:05:02
C00001,1655.3,withdrawal,FR,2025-05-27 14:05:02
C00001,1447.02,withdrawal,FR,2025-05-22 14:05:02
C00001,1581.43,withdrawal,IT,2025-06-07 14:05:02
C00001,489.26,transfer,FR,2025-06-12 14:05:02
C00001,1839.52,deposit,DE,2025-06-10 14:05:02
C00001,1829.4,deposit,IT,2025-06-08 14:05:02
C00001,1624.92,deposit,ES,2025-06-16 14:05:02
C00001,1432.97,transfer,IT,2025-06-15 14:05:02
C00002,1772.84,withdrawal,ES,2025-05-29 14:05:02
C00002,435.69,purchase,DE,2025-05-29 14:05:02
C00002,384.08,deposit,FR,2025-05-25 14:05:02
C00002,1226.97,payment,ES,2025-05-28 14:05:02
C00129,1368.24,purchase,FR,2025-05-30 14:05:02
C00002,577.07,withdrawal,FR,2025-06-02 14:05:02
C00002,894.73,payment,ES,2025-05-21 14:05:02
C00001,51.76,transfer,ES,2025-06-06 14:05:02
C00002,1720.46,transfer,DE,2025-06-13 14:05:02
C00001,383.86,deposit,ES,2025-06-10 14:05:02
C00002,708.68,transfer,DE,2025-06-05 14:05:02
C00214,1306.13,withdrawal,DE,2025-06-01 14:05:02
C00001,1098.22,purchase,IT,2025-06-05 14:05:02
C00002,1521.16,purchase,ES,2025-06-06 14:05:02
C00001,258.63,purchase,IT,2025-05-29 14:05:02
C00002,1135.94,deposit,IT,2025-06-03 14:05:02
C00253,110.7,payment,DE,2025-05-20 14:05:02
C00001,626.14,purchase,ES,2025-06-04 14:05:02
C00001,1494.19,transfer,IT,2025-05-28 14:05:02
C00001,1637.92,payment,ES,2025-06-04 14:05:02
C00002,939.0,deposit,DE,2025-05-25 14:05:02
C00002,761.79,payment,DE,2025-05-26 14:05:02
C00001,219.04,withdrawal,DE,2025-06-11 14:05:02
C00001,1930.7,purchase,FR,2025-06-12 14:05:02
C00001,728.31,transfer,IT,2025-06-03 14:05:02
C00001,1362.08,deposit,DE,2025-05-25 14:05:02
C00002,1232.86,withdrawal,DE,2025-06-12 14:05:02
C00001,1437.99,purchase,DE,2025-06-15 14:05:02
C00001,1053.32,deposit,IT,2025-06-10 14:05:02
C00001,784.58,deposit,ES,2025-06-10 14:05:02
C00856,1306.25,transfer,FR,2025-06-17 14:05:02
C00002,88.88,transfer,FR,2025-05-28 14:05:02
C00002,1579.08,transfer,ES,2025-06-04 14:05:02
C00001,85.05,payment,ES,2025-05-31 14:05:02
C00001,434.17,payment,FR,2025-06-16 14:05:02
C00931,721.79,payment,FR,2025-05-27 14:05:02
C00002,1350.47,deposit,FR,2025-05-20 14:05:02
C00338,1170.9,transfer,IT,2025-05-31 14:05:02
C00002,1221.63,payment,ES,2025-05-25 14:05:02
C00002,1298.83,deposit,DE,2025-05-20 14:05:02
C00001,388.5,transfer,IT,2025-05-30 14:05:02
C00002,950.46,deposit,FR,2025-05-29 14:05:02
C00175,204.47,payment,ES,2025-06-11 14:05:02
C00001,882.92,payment,DE,2025-06-15 14:05:02
C00002,1360.14,withdrawal,DE,2025-05-18 14:05:02
C00002,1267.31,purchase,FR,2025-05-31 14:05:02
C00715,1629.82,purchase,DE,2025-05-22 14:05:02
C00001,1512.56,withdrawal,FR,2025-05-27 14:05:02
C00002,388.42,purchase,DE,2025-06-09 14:05:02
C00002,1255.3,withdrawal,DE,2025-05-21 14:05:02
C00578,1505.97,withdrawal,ES,2025-06-09 14:05:02
C00002,602.31,withdrawal,ES,2025-06-12 14:05:02
C00001,199.98,withdrawal,DE,2025-06-15 14:05:02
C00001,471.8,payment,DE,2025-05-26 14:05:02
C00001,140.32,deposit,FR,2025-05-18 14:05:02
C00001,1099.01,deposit,DE,2025-06-11 14:05:02
C00002,1386.62,deposit,DE,2025-05-29 14:05:02
C00002,181.74,deposit,FR,2025-05-25 14:05:02
C00002,638.69,payment,FR,2025-05-27 14:05:02
C00001,1856.81,purchase,FR,2025-06-06 14:05:02
C00001,1432.67,deposit,FR,2025-06-13 14:05:02
C00002,1826.2,withdrawal,IT,2025-05-22 14:05:02
C00002,1329.73,purchase,FR,2025-05-22 14:05:02
C00001,427.79,withdrawal,FR,2025-06-16 14:05:02
C00001,1411.17,payment,DE,2025-06-15 14:05:02
C00001,1613.57,payment,ES,2025-06-17 14:05:02
C00002,1465.49,withdrawal,IT,2025-05-26 14:05:02
C00913,522.4,purchase,IT,2025-05-23 14:05:02
C00002,1908.06,withdrawal,ES,2025-06-12 14:05:02
C00001,1885.93,transfer,DE,2025-05-22 14:05:02
C00001,943.69,purchase,IT,2025-05-22 14:05:02
C00002,217.89,withdrawal,DE,2025-05-27 14:05:02
C00001,1698.3,deposit,DE,2025-06-17 14:05:02
C00001,1439.56,withdrawal,FR,2025-05-24 14:05:02
C00001,1428.43,transfer,ES,2025-06-10 14:05:02
C00001,213.91,transfer,DE,2025-05-22 14:05:02
C00001,695.47,purchase,FR,2025-06-09 14:05:02
C00158,1138.31,purchase,DE,2025-05-24 14:05:02
C00002,976.36,withdrawal,ES,2025-06-04 14:05:02
C00001,1517.51,payment,ES,2025-05-22 14:05:02
C00020,1543.39,withdrawal,IT,2025-06-08 14:05:02
C00001,208.12,payment,DE,2025-06-04 14:05:02
C00816,1961.11,transfer,ES,2025-05-25 14:05:02
C00001,1678.99,withdrawal,ES,2025-06-02 14:05:02
C00001,1046.3,purchase,FR,2025-05-21 14:05:02
C00001,822.38,purchase,IT,2025-06-11 14:05:02
C00002,150.93,payment,DE,2025-06-17 14:05:02
C00001,596.74,payment,FR,2025-06-12 14:05:02
C00001,1218.98,deposit,DE,2025-06-01 14:05:02
C00001,1663.31,deposit,IT,2025-05-25 14:05:02
C00001,1908.47,transfer,ES,2025-05-29 14:05:02
C00170,53.11,purchase,FR,2025-06-11 14:05:02
C00038,814.2,withdrawal,DE,2025-06-10 14:05:02
C00217,357.88,deposit,FR,2025-06-10 14:05:02
C00002,1227.47,transfer,FR,2025-06-13 14:05:02
C00001,1972.15,payment,IT,2025-06-05 14:05:02
C00067,1000.01,purchase,ES,2025-06-10 14:05:02
C00002,926.3,withdrawal,IT,2025-06-10 14:05:02
C00703,1630.5,deposit,DE,2025-06-10 14:05:02
C00001,1710.82,purchase,ES,2025-06-06 14:05:02
C00573,428.68,withdrawal,ES,2025-05-18 14:05:02
C00001,716.03,withdrawal,IT,2025-06-16 14:05:02
C00001,751.07,payment,ES,2025-05-23 14:05:02
C00526,841.84,purchase,DE,2025-06-13 14:05:02
C00001,608.61,transfer,IT,2025-06-01 14:05:02
C00001,362.38,deposit,FR,2025-05-26 14:05:02
C00002,636.07,withdrawal,IT,2025-06-03 14:05:02
C00001,1100.8,deposit,IT,2025-06-02 14:05:02
C00002,1412.49,payment,IT,2025-06-04 14:05:02
C00001,538.23,transfer,IT,2025-05-24 14:05:02
C00002,682.74,purchase,DE,2025-06-17 14:05:02
C00002,1666.51,purchase,FR,2025-05-20 14:05:02
C00002,1772.05,payment,FR,2025-06-08 14:05:02
C00599,776.49,purchase,ES,2025-05-19 14:05:02
C00858,1616.4,purchase,IT,2025-05-27 14:05:02
C00605,1264.01,deposit,FR,2025-06-13 14:05:02
C00001,561.87,purchase,ES,2025-06-12 14:05:02
C00001,766.86,deposit,DE,2025-06-13 14:05:02
C00002,848.92,payment,IT,2025-06-14 14:05:02
C00002,275.71,deposit,IT,2025-05-30 14:05:02
C00002,792.34,purchase,IT,2025-05-22 14:05:02
C00001,139.32,purchase,IT,2025-06-11 14:05:02
C00001,921.93,payment,DE,2025-06-02 14:05:02
C00012,1868.55,payment,FR,2025-05-25 14:05:02
C00001,1563.9,deposit,DE,2025-06-16 14:05:02
C00001,473.31,payment,DE,2025-05-21 14:05:02
C00001,375.04,withdrawal,FR,2025-05-23 14:05:02
C00001,1090.46,withdrawal,IT,2025-06-15 14:05:02
C00002,1537.22,payment,FR,2025-06-06 14:05:02
C00001,180.76,deposit,ES,2025-06-14 14:05:02
C00532,1252.4,purchase,IT,2025-06-13 14:05:02
C00001,1102.18,transfer,FR,2025-05-28 14:05:02
C00002,1318.26,payment,ES,2025-05-29 14:05:02
C00002,1873.96,payment,FR,2025-05-26 14:05:02
C00391,1028.64,deposit,FR,2025-06-10 14:05:02
C00971,201.29,transfer,ES,2025-06-06 14:05:02
C00001,811.64,withdrawal,DE,2025-05-19 14:05:02
C00002,1572.85,purchase,FR,2025-06-05 14:05:02
C00001,70.76,deposit,FR,2025-05-18 14:05:02
C00001,33.89,withdrawal,IT,2025-06-09 14:05:02
C00001,1725.0,withdrawal,DE,2025-05-30 14:05:02
C00001,340.09,purchase,FR,2025-05-24 14:05:02
C00001,1407.32,withdrawal,ES,2025-05-25 14:05:02
C00001,1067.38,purchase,FR,2025-05-29 14:05:02
C00002,696.89,withdrawal,ES,2025-06-01 14:05:02
C00002,1503.85,transfer,IT,2025-05-26 14:05:02
C00001,924.3,withdrawal,ES,2025-06-03 14:05:02
C00001,63.4,transfer,ES,2025-06-09 14:05:02
C00001,1325.15,transfer,DE,2025-06-01 14:05:02
C00641,131.53,purchase,IT,2025-05-30 14:05:02
C00001,589.77,withdrawal,DE,2025-05-26 14:05:02
C00001,707.43,payment,DE,2025-06-13 14:05:02
C00001,1292.15,withdrawal,ES,2025-06-10 14:05:02
C00001,1505.92,deposit,DE,2025-05-27 14:05:02
C00001,1570.57,withdrawal,IT,2025-06-06 14:05:02
C00001,817.95,purchase,IT,2025-06-11 14:05:02
C00001,378.75,payment,FR,2025-06-07 14:05:02
C00593,1920.66,withdrawal,ES,2025-06-11 14:05:02
C00001,188.54,payment,DE,2025-06-14 14:05:02
C00001,1220.06,withdrawal,FR,2025-05-27 14:05:02
C00001,973.01,payment,FR,2025-05-22 14:05:02
C00002,268.48,purchase,FR,2025-05-26 14:05:02
C00001,75.35,purchase,FR,2025-05-25 14:05:02
C00001,1466.22,payment,ES,2025-05-20 14:05:02
C00002,1783.86,purchase,FR,2025-06-16 14:05:02
C00002,1962.85,withdrawal,DE,2025-05-24 14:05:02
C00002,1324.77,deposit,FR,2025-05-24 14:05:02
C00655,1244.25,withdrawal,DE,2025-05-22 14:05:02
C00287,728.43,withdrawal,DE,2025-06-05 14:05:02
C00002,1460.28,payment,DE,2025-05-21 14:05:02
C00001,909.4,payment,FR,2025-05-26 14:05:02
C00002,1059.33,withdrawal,ES,2025-06-01 14:05:02
C00205,1469.58,purchase,FR,2025-05-23 14:05:02
C00143,1932.09,payment,IT,2025-06-14 14:05:02
C00747,669.97,withdrawal,DE,2025-05-20 14:05:02
C00002,786.06,purchase,DE,2025-05-23 14:05:02
C00002,366.72,deposit,ES,2025-05-24 14:05:02
C00001,1557.46,deposit,IT,2025-06-09 14:05:02
C00001,1061.71,payment,ES,2025-05-28 14:05:02
C00001,976.41,payment,IT,2025-06-04 14:05:02
C00002,1054.65,transfer,DE,2025-05-29 14:05:02
C00002,718.97,deposit,IT,2025-06-02 14:05:02
C00001,1474.67,purchase,FR,2025-05-18 14:05:02
C00789,886.29,deposit,DE,2025-06-02 14:05:02
C00001,860.69,deposit,ES,2025-05-30 14:05:02
C00001,1594.17,withdrawal,DE,2025-05-25 14:05:02
C00224,1807.9,deposit,DE,2025-06-07 14:05:02
C00419,1303.64,payment,DE,2025-06-17 14:05:02
C00001,1464.01,purchase,DE,2025-06-02 14:05:02
C00002,216.79,deposit,IT,2025-05-21 14:05:02
C00572,1498.82,payment,DE,2025-06-05 14:05:02
C00001,439.56,deposit,DE,2025-06-05 14:05:02
C00001,35.68,withdrawal,IT,2025-06-14 14:05:02
C00002,1325.43,deposit,ES,2025-06-02 14:05:02
C00002,1410.33,withdrawal,ES,2025-05-19 14:05:02
C00001,888.22,purchase,DE,2025-05-28 14:05:02
C00002,1065.81,payment,DE,2025-06-01 14:05:02
C00001,71.59,payment,FR,2025-05-31 14:05:02
C00001,172.07,withdrawal,DE,2025-05-25 14:05:02
C00002,656.1,transfer,IT,2025-05-22 14:05:02
C00001,444.36,withdrawal,FR,2025-05-20 14:05:02
C00001,1940.47,payment,DE,2025-06-10 14:05:02
C00321,1636.88,withdrawal,ES,2025-06-16 14:05:02
C00001,1789.88,withdrawal,DE,2025-06-01 14:05:02
C00378,1127.06,payment,FR,2025-05-20 14:05:02
C00001,295.16,withdrawal,ES,2025-06-12 14:05:02
C00001,79.78,purchase,FR,2025-06-10 14:05:02
C00002,1141.55,payment,FR,2025-05-21 14:05:02
C00001,1360.96,transfer,ES,2025-06-04 14:05:02
C00001,184.52,payment,DE,2025-05-27 14:05:02
C00002,1288.82,deposit,DE,2025-06-02 14:05:02
C00219,1345.76,deposit,DE,2025-05-28 14:05:02
C00212,1627.72,payment,ES,2025-05-23 14:05:02
C00001,504.87,withdrawal,ES,2025-06-01 14:05:02
C00437,402.05,purchase,IT,2025-06-14 14:05:02
C00002,1122.09,deposit,FR,2025-06-17 14:05:02
C00001,1388.83,purchase,DE,2025-06-10 14:05:02
C00001,203.49,purchase,DE,2025-06-11 14:05:02
C00297,1571.74,payment,ES,2025-06-07 14:05:02
C00001,1274.82,withdrawal,ES,2025-05-20 14:05:02
C00023,1593.45,purchase,DE,2025-06-14 14:05:02
C00001,895.03,purchase,FR,2025-06-11 14:05:02
C00001,1176.05,withdrawal,ES,2025-05-21 14:05:02
C00001,378.04,transfer,DE,2025-06-13 14:05:02
C00002,617.47,transfer,IT,2025-05-19 14:05:02
C00001,1962.79,deposit,FR,2025-06-17 14:05:02
C00001,793.11,withdrawal,FR,2025-05-28 14:05:02
C00648,477.73,withdrawal,IT,2025-05-18 14:05:02
C00002,223.51,withdrawal,IT,2025-05-23 14:05:02
C00001,1139.22,deposit,FR,2025-06-09 14:05:02
C00002,1581.63,deposit,IT,2025-06-04 14:05:02
C00608,142.72,purchase,FR,2025-05-30 14:05:02
C00017,1354.98,withdrawal,DE,2025-06-10 14:05:02
C00002,1308.72,transfer,FR,2025-06-09 14:05:02
C00001,1469.12,transfer,IT,2025-06-16 14:05:02
C00001,1449.08,transfer,DE,2025-05-28 14:05:02
C00001,670.01,withdrawal,ES,2025-05-23 14:05:02
C00985,876.22,deposit,IT,2025-06-06 14:05:02
C00002,1400.48,purchase,DE,2025-06-09 14:05:02
C00002,1640.59,purchase,ES,2025-06-04 14:05:02
C00001,1040.01,transfer,ES,2025-06-15 14:05:02
C00001,1957.75,withdrawal,IT,2025-05-28 14:05:02
C00002,724.12,transfer,DE,2025-05-24 14:05:02
C00002,1132.16,transfer,FR,2025-05-25 14:05:02
C00001,615.43,withdrawal,DE,2025-05-26 14:05:02
C00002,1576.85,withdrawal,IT,2025-06-08 14:05:02
C00002,264.97,transfer,DE,2025-06-02 14:05:02
C00001,879.66,withdrawal,FR,2025-05-18 14:05:02
C00001,1930.36,transfer,DE,2025-05-23 14:05:02
C00001,680.12,withdrawal,IT,2025-06-07 14:05:02
C00001,11.4,deposit,IT,2025-05-27 14:05:02
C00001,1203.78,transfer,ES,2025-05-24 14:05:02
C00001,1864.96,withdrawal,FR,2025-06-09 14:05:02
C00001,632.25,withdrawal,IT,2025-05-18 14:05:02
C00001,535.55,transfer,FR,2025-06-14 14:05:02
C00001,657.34,deposit,IT,2025-05-28 14:05:02
C00002,827.68,deposit,IT,2025-06-05 14:05:02
C00001,1843.18,purchase,IT,2025-05-30 14:05:02
C00002,1842.24,transfer,FR,2025-06-14 14:05:02
C00294,76.79,transfer,FR,2025-05-28 14:05:02
C00002,1071.18,transfer,DE,2025-06-17 14:05:02
C00001,1749.48,transfer,ES,2025-06-02 14:05:02
C00002,928.78,payment,DE,2025-05-29 14:05:02
C00247,347.53,purchase,IT,2025-06-03 14:05:02
C00001,919.54,withdrawal,DE,2025-05-26 14:05:02
C00001,1776.48,withdrawal,DE,2025-05-30 14:05:02
C00779,1729.04,deposit,IT,2025-06-15 14:05:02
C00001,285.74,transfer,FR,2025-06-10 14:05:02
C00249,1121.07,transfer,IT,2025-05-28 14:05:02
C00001,1360.84,purchase,IT,2025-06-12 14:05:02
C00001,314.45,withdrawal,IT,2025-05-21 14:05:02
C00001,147.84,withdrawal,FR,2025-06-08 14:05:02
C00001,590.54,transfer,DE,2025-05-18 14:05:02
C00001,447.26,deposit,IT,2025-06-09 14:05:02
C00759,1645.5,deposit,DE,2025-06-03 14:05:02
C00001,1945.83,purchase,ES,2025-05-19 14:05:02
C00001,1003.52,payment,IT,2025-05-20 14:05:02
C00001,37.2,transfer,FR,2025-05-20 14:05:02
C00001,387.3,transfer,ES,2025-06-07 14:05:02
C00002,1297.14,withdrawal,ES,2025-05-21 14:05:02
C00002,1340.26,transfer,ES,2025-06-01 14:05:02
C00001,851.71,deposit,FR,2025-06-11 14:05:02
C00002,1681.03,withdrawal,IT,2025-05-29 14:05:02
C00002,126.48,purchase,DE,2025-06-14 14:05:02
C00001,1358.48,deposit,IT,2025-06-10 14:05:02
C00767,999.49,withdrawal,FR,2025-06-08 14:05:02
C00001,1612.02,purchase,IT,2025-05-27 14:05:02
C00002,531.26,purchase,ES,2025-06-16 14:05:02
C00001,1220.95,purchase,IT,2025-05-22 14:05:02
C00002,710.3,purchase,ES,2025-06-08 14:05:02
C00002,1462.02,deposit,IT,2025-05-27 14:05:02
C00001,980.1,payment,FR,2025-05-18 14:05:02
C00001,1016.62,purchase,DE,2025-05-31 14:05:02
C00001,1309.45,purchase,DE,2025-05-25 14:05:02
C00002,798.24,transfer,DE,2025-06-11 14:05:02
C00001,1592.89,purchase,ES,2025-06-09 14:05:02
C00001,1915.28,deposit,DE,2025-06-17 14:05:02
C00404,1025.63,withdrawal,IT,2025-05-30 14:05:02
C00001,1922.29,transfer,FR,2025-05-28 14:05:02
C00001,812.2,deposit,DE,2025-05-29 14:05:02
C00533,698.75,withdrawal,DE,2025-05-19 14:05:02
C00400,820.39,transfer,DE,2025-06-03 14:05:02
C00604,364.52,purchase,FR,2025-06-06 14:05:02
C00001,1708.18,withdrawal,DE,2025-06-08 14:05:02
C00274,438.83,purchase,DE,2025-06-09 14:05:02
C00002,1139.79,purchase,ES,2025-05-26 14:05:02
C00002,47.22,deposit,DE,2025-05-29 14:05:02
C00002,1755.9,purchase,ES,2025-05-23 14:05:02
C00002,1574.71,purchase,IT,2025-06-11 14:05:02
C00001,1564.21,purchase,DE,2025-05-23 14:05:02
C00001,1531.68,purchase,IT,2025-05-22 14:05:02
C00342,1785.12,payment,IT,2025-06-12 14:05:02
C00002,1864.61,transfer,IT,2025-06-10 14:05:02
C00001,1170.89,deposit,IT,2025-06-12 14:05:02
C00001,711.8,transfer,ES,2025-06-11 14:05:02
C00001,15.62,purchase,DE,2025-06-02 14:05:02
C00001,32.62,transfer,DE,2025-06-11 14:05:02
C00001,644.57,transfer,FR,2025-05-26 14:05:02
C00001,25.78,transfer,ES,2025-06-09 14:05:02
C00441,1553.13,purchase,IT,2025-05-19 14:05:02
C00148,1142.47,purchase,IT,2025-06-01 14:05:02
C00002,1171.8,deposit,ES,2025-06-05 14:05:02
C00002,433.87,purchase,DE,2025-06-03 14:05:02
C00001,132.09,withdrawal,FR,2025-05-28 14:05:02
C00001,899.29,transfer,IT,2025-05-19 14:05:02
C00001,672.04,transfer,FR,2025-06-01 14:05:02
C00002,547.44,withdrawal,IT,2025-05-25 14:05:02
C00001,909.14,purchase,ES,2025-06-03 14:05:02
C00001,1403.48,purchase,ES,2025-05-31 14:05:02
C00157,1271.41,transfer,DE,2025-05-28 14:05:02
C00002,1150.3,purchase,IT,2025-05-19 14:05:02
C00002,1345.73,withdrawal,IT,2025-06-05 14:05:02
C00673,1369.25,purchase,ES,2025-06-12 14:05:02
C00002,1872.62,purchase,IT,2025-06-15 14:05:02
C00002,1329.08,purchase,ES,2025-06-17 14:05:02
C00111,444.83,payment,FR,2025-05-24 14:05:02
C00002,1164.49,deposit,ES,2025-06-05 14:05:02
C00002,721.22,deposit,FR,2025-06-10 14:05:02
C00001,1641.8,purchase,DE,2025-06-16 14:05:02
C00002,1518.9,deposit,FR,2025-05-19 14:05:02
C00001,1044.86,payment,DE,2025-06-13 14:05:02
C00791,924.94,deposit,DE,2025-06-12 14:05:02
C00001,272.1,purchase,DE,2025-06-02 14:05:02
C00001,1434.81,withdrawal,FR,2025-06-06 14:05:02
C00001,761.99,transfer,IT,2025-06-09 14:05:02
C00582,572.01,purchase,FR,2025-06-02 14:05:02
C00002,1404.86,withdrawal,DE,2025-06-07 14:05:02
C00459,1460.69,withdrawal,IT,2025-06-11 14:05:02
C00002,401.89,payment,ES,2025-06-08 14:05:02
C00002,840.46,withdrawal,DE,2025-06-15 14:05:02
C00002,1092.63,transfer,IT,2025-06-15 14:05:02
C00001,1947.45,payment,DE,2025-05-21 14:05:02
C00001,104.98,transfer,FR,2025-05-31 14:05:02
C00001,1952.5,purchase,FR,2025-05-27 14:05:02
C00527,1929.49,transfer,ES,2025-05-19 14:05:02
C00001,1467.12,withdrawal,DE,2025-05-25 14:05:02
C00001,1707.13,purchase,FR,2025-05-25 14:05:02
C00001,1687.71,deposit,IT,2025-05-23 14:05:02
C00001,1447.96,deposit,FR,2025-06-12 14:05:02
C00001,425.6,payment,ES,2025-05-28 14:05:02
C00002,1302.86,transfer,IT,2025-06-09 14:05:02
C00001,241.38,purchase,DE,2025-05-19 14:05:02
C00002,964.21,deposit,DE,2025-05-18 14:05:02
C00001,1899.74,transfer,IT,2025-05-31 14:05:02
C00002,1167.53,withdrawal,FR,2025-06-12 14:05:02
C00937,1649.27,payment,FR,2025-06-13 14:05:02
C00001,858.45,transfer,FR,2025-05-26 14:05:02
C00001,1546.4,purchase,DE,2025-05-22 14:05:02
C00570,1080.85,purchase,ES,2025-05-25 14:05:02
C00001,1298.89,purchase,FR,2025-05-24 14:05:02
C00001,133.9,deposit,FR,2025-06-03 14:05:02
C00002,727.75,withdrawal,FR,2025-06-15 14:05:02
C00988,1430.26,deposit,FR,2025-06-12 14:05:02
C00001,1916.68,payment,DE,2025-05-18 14:05:02
C00001,362.68,withdrawal,ES,2025-06-08 14:05:02
C00147,993.02,transfer,DE,2025-05-26 14:05:02
C00001,457.29,purchase,DE,2025-05-19 14:05:02
C00002,1020.22,withdrawal,DE,2025-06-10 14:05:02
C00162,1460.44,withdrawal,ES,2025-06-01 14:05:02
C00082,20.08,payment,FR,2025-06-16 14:05:02
C00002,1556.99,deposit,FR,2025-05-29 14:05:02
C00002,316.13,purchase,IT,2025-06-16 14:05:02
C00002,197.34,deposit,ES,2025-05-27 14:05:02
C00608,179.6,withdrawal,DE,2025-06-08 14:05:02
C00079,133.6,payment,IT,2025-06-08 14:05:02
C00002,1743.55,deposit,DE,2025-06-11 14:05:02
C00001,772.78,withdrawal,DE,2025-05-21 14:05:02
C00001,1152.16,withdrawal,ES,2025-06-14 14:05:02
C00001,704.62,deposit,DE,2025-06-14 14:05:02
C00001,1972.14,deposit,ES,2025-06-06 14:05:02
C00001,1634.96,deposit,IT,2025-06-04 14:05:02
C00001,1259.95,withdrawal,IT,2025-05-28 14:05:02
C00002,1294.34,deposit,DE,2025-06-06 14:05:02
C00002,129.18,payment,FR,2025-05-30 14:05:02
C00002,1425.06,withdrawal,DE,2025-06-13 14:05:02
C00001,741.69,transfer,IT,2025-05-22 14:05:02
C00001,556.01,withdrawal,ES,2025-06-04 14:05:02
C00002,1111.06,deposit,ES,2025-05-20 14:05:02
C00001,1580.14,payment,DE,2025-05-22 14:05:02
C00001,1990.22,payment,FR,2025-05-18 14:05:02
C00002,1138.34,purchase,FR,2025-05-24 14:05:02
C00001,172.93,payment,FR,2025-06-11 14:05:02
C00002,680.76,transfer,DE,2025-05-29 14:05:02
C00002,378.15,deposit,ES,2025-06-06 14:05:02
C00970,1335.99,transfer,ES,2025-05-28 14:05:02
C00001,1508.94,transfer,DE,2025-05-27 14:05:02
C00002,1587.84,deposit,FR,2025-06-06 14:05:02
C00001,1888.07,deposit,FR,2025-06-03 14:05:02
C00001,503.79,purchase,IT,2025-05-24 14:05:02
C00001,1328.05,transfer,ES,2025-06-17 14:05:02
C00002,1792.48,withdrawal,IT,2025-05-21 14:05:02
C00002,200.36,purchase,IT,2025-06-05 14:05:02
C00001,1380.85,purchase,FR,2025-05-28 14:05:02
C00002,1298.28,payment,IT,2025-06-17 14:05:02
C00001,67.43,transfer,ES,2025-06-06 14:05:02
C00001,629.59,payment,FR,2025-06-06 14:05:02
C00001,352.51,payment,IT,2025-05-27 14:05:02
C00001,1577.32,withdrawal,DE,2025-06-11 14:05:02
C00001,1820.21,deposit,FR,2025-06-01 14:05:02
C00002,1234.93,purchase,IT,2025-06-07 14:05:02
C00002,494.81,transfer,DE,2025-05-22 14:05:02
C00001,1415.85,transfer,IT,2025-06-16 14:05:02
C00001,780.78,purchase,DE,2025-06-05 14:05:02
C00001,699.07,withdrawal,FR,2025-05-28 14:05:02
C00002,161.2,transfer,FR,2025-05-24 14:05:02
C00001,250.86,payment,DE,2025-06-08 14:05:02
C00315,70.28,purchase,DE,2025-05-20 14:05:02
C00002,914.09,purchase,IT,2025-05-21 14:05:02
C00001,948.08,payment,FR,2025-06-03 14:05:02
C00002,246.77,withdrawal,FR,2025-05-20 14:05:02
C00001,789.67,transfer,IT,2025-05-30 14:05:02
C00001,844.98,deposit,FR,2025-05-29 14:05:02
C00002,1022.51,withdrawal,DE,2025-05-30 14:05:02
C00001,1345.64,deposit,ES,2025-05-23 14:05:02
C00001,1003.55,deposit,IT,2025-06-04 14:05:02
C00002,106.04,withdrawal,DE,2025-05-21 14:05:02
C00001,221.03,deposit,ES,2025-06-12 14:05:02
C00001,1051.02,deposit,FR,2025-05-20 14:05:02
C00002,896.46,purchase,IT,2025-05-26 14:05:02
C00002,1965.96,payment,IT,2025-05-21 14:05:02
C00002,1313.82,purchase,ES,2025-05-22 14:05:02
C00001,225.62,purchase,FR,2025-05-29 14:05:02
C00002,671.04,payment,ES,2025-06-08 14:05:02
C00001,1574.86,payment,IT,2025-06-10 14:05:02
C00001,37.12,purchase,DE,2025-05-27 14:05:02
C00002,183.8,payment,DE,2025-06-13 14:05:02
C00740,1217.95,payment,IT,2025-06-11 14:05:02
C00002,367.87,transfer,IT,2025-05-25 14:05:02
C00002,574.25,transfer,DE,2025-05-24 14:05:02
C00001,1158.07,withdrawal,IT,2025-05-21 14:05:02
C00002,335.47,purchase,FR,2025-05-23 14:05:02
C00002,253.75,withdrawal,ES,2025-05-28 14:05:02
C00001,469.91,purchase,ES,2025-06-09 14:05:02
C00001,1864.25,deposit,ES,2025-06-06 14:05:02
C00002,674.14,transfer,IT,2025-06-15 14:05:02
C00002,1812.05,purchase,FR,2025-05-31 14:05:02
C00002,320.44,withdrawal,ES,2025-05-30 14:05:02
C00450,1493.62,deposit,DE,2025-05-25 14:05:02
C00002,658.38,withdrawal,ES,2025-06-01 14:05:02
C00763,1186.43,payment,FR,2025-06-01 14:05:02
C00001,1932.07,payment,IT,2025-05-19 14:05:02
C00001,621.36,transfer,FR,2025-05-25 14:05:02
C00357,1302.5,purchase,ES,2025-06-04 14:05:02
C00001,120.2,deposit,DE,2025-06-15 14:05:02
C00608,134.53,purchase,FR,2025-06-11 14:05:02
C00001,1246.51,withdrawal,IT,2025-06-03 14:05:02
C00002,1618.9,transfer,DE,2025-05-25 14:05:02
C00002,837.41,withdrawal,DE,2025-06-03 14:05:02
C00002,594.74,purchase,DE,2025-05-30 14:05:02
C00001,558.57,purchase,DE,2025-05-30 14:05:02
C00002,1836.97,withdrawal,IT,2025-06-03 14:05:02
C00001,1752.08,withdrawal,DE,2025-06-06 14:05:02
C00001,664.81,purchase,IT,2025-05-28 14:05:02
C00002,277.83,transfer,ES,2025-05-31 14:05:02
C00002,1731.05,deposit,DE,2025-06-13 14:05:02
C00001,65.22,purchase,ES,2025-06-02 14:05:02
C00002,1099.48,withdrawal,ES,2025-05-27 14:05:02
C00001,647.83,transfer,ES,2025-06-10 14:05:02
C00002,1661.25,deposit,DE,2025-06-11 14:05:02
C00002,1884.71,withdrawal,IT,2025-06-12 14:05:02
C00001,111.13,purchase,ES,2025-06-03 14:05:02
C00001,783.53,deposit,DE,2025-05-27 14:05:02
C00796,550.55,purchase,FR,2025-06-04 14:05:02
C00001,170.62,purchase,DE,2025-05-22 14:05:02
C00002,447.17,transfer,DE,2025-06-01 14:05:02
C00002,269.5,purchase,FR,2025-05-29 14:05:02
C00224,1008.92,payment,FR,2025-05-27 14:05:02
C00001,35.09,withdrawal,FR,2025-05-30 14:05:02
C00001,145.23,deposit,FR,2025-06-13 14:05:02
C00001,1037.02,purchase,DE,2025-05-19 14:05:02
C00001,1404.73,purchase,ES,2025-05-24 14:05:02
C00001,1752.76,deposit,ES,2025-06-14 14:05:02
C00002,1046.74,purchase,FR,2025-06-14 14:05:02
C00001,242.72,payment,IT,2025-06-08 14:05:02
C00001,15.41,transfer,FR,2025-06-03 14:05:02
C00001,1030.53,transfer,IT,2025-06-11 14:05:02
C00001,24.59,purchase,ES,2025-05-25 14:05:02
C00002,1698.69,payment,FR,2025-06-11 14:05:02
C00002,94.46,withdrawal,ES,2025-05-27 14:05:02
C00001,712.03,transfer,ES,2025-05-20 14:05:02
C00002,600.14,purchase,ES,2025-05-30 14:05:02
C00504,1927.14,withdrawal,DE,2025-06-04 14:05:02
C00002,621.62,deposit,ES,2025-05-27 14:05:02
C00001,811.21,purchase,IT,2025-05-23 14:05:02
C00001,253.89,deposit,ES,2025-06-08 14:05:02
C00002,645.63,transfer,FR,2025-06-02 14:05:02
C00001,969.77,transfer,FR,2025-05-21 14:05:02
C00111,1572.05,transfer,DE,2025-05-27 14:05:02
C00001,1057.47,deposit,ES,2025-05-24 14:05:02
C00001,1063.75,purchase,ES,2025-06-13 14:05:02
C00001,1618.04,purchase,DE,2025-05-28 14:05:02
C00001,762.95,deposit,DE,2025-05-21 14:05:02
C00001,130.84,purchase,ES,2025-06-10 14:05:02
C00001,536.39,purchase,IT,2025-06-12 14:05:02
C00001,148.62,transfer,ES,2025-05-20 14:05:02
C00002,1795.69,withdrawal,DE,2025-05-30 14:05:02
C00002,1844.12,withdrawal,DE,2025-05-21 14:05:02
C00001,772.11,purchase,ES,2025-06-01 14:05:02
C00001,20.59,transfer,IT,2025-06-06 14:05:02
C00001,1951.34,deposit,FR,2025-06-08 14:05:02
C00001,875.53,payment,FR,2025-06-08 14:05:02
C00122,22.36,payment,IT,2025-05-18 14:05:02
C00001,1694.45,deposit,FR,2025-05-19 14:05:02
C00001,134.43,transfer,ES,2025-05-26 14:05:02
C00002,536.19,payment,FR,2025-06-12 14:05:02
C00001,883.87,transfer,ES,2025-06-02 14:05:02
C00001,1019.54,deposit,DE,2025-06-08 14:05:02
C00002,154.02,transfer,DE,2025-06-03 14:05:02
C00001,1867.34,purchase,FR,2025-06-05 14:05:02
C00982,1928.69,withdrawal,IT,2025-05-18 14:05:02
C00002,1525.3,deposit,DE,2025-06-11 14:05:02
C00001,1959.74,deposit,FR,2025-05-27 14:05:02
C00002,1467.61,transfer,FR,2025-05-25 14:05:02
C00002,457.63,withdrawal,IT,2025-06-11 14:05:02
C00593,1142.94,deposit,DE,2025-05-18 14:05:02
C00001,1256.83,transfer,FR,2025-05-26 14:05:02
C00522,949.07,deposit,FR,2025-05-20 14:05:02
C00001,648.34,deposit,FR,2025-06-01 14:05:02
C00001,1267.62,transfer,DE,2025-06-16 14:05:02
C00765,1538.63,deposit,DE,2025-06-01 14:05:02
C00002,1335.27,withdrawal,ES,2025-06-13 14:05:02
C00002,1627.88,payment,FR,2025-05-18 14:05:02
C00001,570.09,withdrawal,DE,2025-05-18 14:05:02
C00002,526.58,withdrawal,ES,2025-05-31 14:05:02
C00001,1902.48,transfer,FR,2025-05-27 14:05:02
C00748,301.22,payment,ES,2025-05-27 14:05:02
C00001,1038.64,transfer,IT,2025-05-20 14:05:02
C00001,1050.12,withdrawal,DE,2025-06-12 14:05:02
C00001,348.28,transfer,IT,2025-05-21 14:05:02
C00002,108.16,purchase,DE,2025-05-25 14:05:02
C00002,379.7,withdrawal,IT,2025-05-25 14:05:02
C00002,1768.25,purchase,FR,2025-05-25 14:05:02
C00001,734.1,withdrawal,ES,2025-06-01 14:05:02
C00001,1093.51,deposit,DE,2025-06-03 14:05:02
C00002,1152.69,transfer,ES,2025-05-24 14:05:02
C00002,342.17,withdrawal,FR,2025-06-08 14:05:02
C00002,314.23,deposit,DE,2025-06-10 14:05:02
C00994,1213.58,purchase,ES,2025-06-04 14:05:02
C00392,704.48,withdrawal,DE,2025-06-13 14:05:02
C00002,1485.01,purchase,IT,2025-06-06 14:05:02
C00002,152.42,purchase,DE,2025-06-05 14:05:02
C00001,1688.66,payment,DE,2025-05-23 14:05:02
C00002,1634.63,deposit,ES,2025-05-19 14:05:02
C00001,1177.42,payment,IT,2025-06-06 14:05:02
C00001,1602.96,withdrawal,IT,2025-06-15 14:05:02
C00002,105.46,payment,ES,2025-06-01 14:05:02
C00002,1224.02,withdrawal,DE,2025-06-04 14:05:02
C00208,823.65,withdrawal,DE,2025-06-03 14:05:02
C00001,1909.75,payment,ES,2025-06-05 14:05:02
C00002,1817.72,transfer,FR,2025-05-27 14:05:02
C00002,1257.49,withdrawal,DE,2025-05-23 14:05:02
C00001,275.96,deposit,FR,2025-06-03 14:05:02
C00001,1888.23,payment,FR,2025-06-12 14:05:02
C00002,113.43,payment,IT,2025-06-01 14:05:02
C00001,202.19,deposit,IT,2025-06-01 14:05:02
C00001,1429.9,deposit,DE,2025-06-01 14:05:02
C00001,453.3,payment,ES,2025-06-11 14:05:02
C00001,1065.26,transfer,DE,2025-06-13 14:05:02
C00001,887.41,transfer,IT,2025-05-31 14:05:02
C00002,1205.23,payment,ES,2025-06-15 14:05:02
C00001,462.06,withdrawal,ES,2025-06-07 14:05:02
C00705,1322.3,purchase,ES,2025-05-24 14:05:02
C00001,1469.67,deposit,IT,2025-06-13 14:05:02
C00002,1348.32,transfer,DE,2025-06-02 14:05:02
C00001,688.79,deposit,ES,2025-06-10 14:05:02
C00001,971.96,deposit,FR,2025-06-02 14:05:02
C00001,792.19,transfer,FR,2025-06-15 14:05:02
C00002,329.34,withdrawal,FR,2025-05-23 14:05:02
C00068,45.37,withdrawal,DE,2025-06-11 14:05:02
C00001,1240.36,purchase,ES,2025-06-17 14:05:02
C00972,1482.54,purchase,IT,2025-06-10 14:05:02
C00002,925.32,withdrawal,IT,2025-05-26 14:05:02
C00001,1362.07,transfer,IT,2025-06-08 14:05:02
C00001,1228.35,payment,IT,2025-05-23 14:05:02
C00002,1458.46,deposit,IT,2025-05-20 14:05:02
C00001,1190.25,purchase,FR,2025-06-04 14:05:02
C00002,1489.18,payment,ES,2025-05-22 14:05:02
C00002,162.97,payment,IT,2025-06-03 14:05:02
C00001,861.48,transfer,FR,2025-06-07 14:05:02
C00001,1890.65,purchase,ES,2025-05-22 14:05:02
C00001,1137.28,purchase,ES,2025-06-08 14:05:02
C00002,156.62,purchase,FR,2025-05-22 14:05:02
C00001,1331.37,deposit,FR,2025-05-24 14:05:02
C00002,1970.39,transfer,ES,2025-05-28 14:05:02
C00711,1287.67,deposit,DE,2025-06-11 14:05:02
C00001,999.4,payment,FR,2025-06-14 14:05:02
C00001,25.52,purchase,IT,2025-06-13 14:05:02
C00002,75.45,payment,DE,2025-06-01 14:05:02
C00001,1218.6,deposit,IT,2025-06-13 14:05:02
C00001,1802.17,deposit,DE,2025-06-08 14:05:02
C00002,137.33,deposit,ES,2025-06-17 14:05:02
C00001,49.38,payment,FR,2025-05-31 14:05:02
C00001,896.93,payment,IT,2025-06-01 14:05:02
C00001,1886.69,transfer,ES,2025-05-23 14:05:02
C00002,1067.9,transfer,FR,2025-05-26 14:05:02
C00001,670.92,purchase,IT,2025-06-07 14:05:02
C00001,757.44,payment,FR,2025-06-06 14:05:02
C00001,1448.0,deposit,ES,2025-05-19 14:05:02
C00001,704.21,withdrawal,IT,2025-05-18 14:05:02
C00002,462.61,payment,IT,2025-05-22 14:05:02
C00001,61.2,payment,FR,2025-05-31 14:05:02
C00021,859.92,transfer,ES,2025-06-10 14:05:02
C00001,452.72,withdrawal,FR,2025-06-10 14:05:02
C00001,1165.76,deposit,FR,2025-06-03 14:05:02
C00002,1557.99,transfer,ES,2025-05-29 14:05:02
C00001,1084.76,transfer,FR,2025-06-12 14:05:02
C00001,1790.48,payment,IT,2025-06-15 14:05:02
C00002,1169.11,purchase,ES,2025-05-19 14:05:02
C00002,922.07,transfer,FR,2025-05-25 14:05:02
C00317,292.76,withdrawal,DE,2025-05-19 14:05:02
C00002,1583.68,transfer,IT,2025-06-17 14:05:02
C00001,388.17,purchase,FR,2025-06-06 14:05:02
C00001,88.28,withdrawal,IT,2025-06-15 14:05:02
C00001,1863.7,deposit,DE,2025-05-24 14:05:02
C00825,1920.41,purchase,ES,2025-06-16 14:05:02
C00488,709.87,purchase,DE,2025-05-28 14:05:02
C00522,449.41,payment,FR,2025-06-13 14:05:02
C00001,1715.05,payment,IT,2025-06-11 14:05:02
C00002,770.18,withdrawal,IT,2025-05-19 14:05:02
C00002,500.75,purchase,FR,2025-06-02 14:05:02
C00001,332.97,transfer,FR,2025-05-27 14:05:02
C00921,1561.3,payment,FR,2025-06-15 14:05:02
C00002,1774.7,deposit,IT,2025-06-05 14:05:02
C00001,1085.17,payment,IT,2025-06-15 14:05:02
C00002,1047.01,transfer,IT,2025-05-28 14:05:02
C00001,229.36,purchase,ES,2025-05-23 14:05:02
C00711,868.45,deposit,IT,2025-05-27 14:05:02
C00002,1317.87,withdrawal,DE,2025-06-08 14:05:02
C00002,1954.18,transfer,FR,2025-05-23 14:05:02
C00001,1693.78,deposit,ES,2025-05-31 14:05:02
C00001,431.85,deposit,IT,2025-05-20 14:05:02
C00001,763.72,purchase,ES,2025-06-14 14:05:02
C00002,1882.19,transfer,FR,2025-06-05 14:05:02
C00001,1379.8,payment,FR,2025-06-03 14:05:02
C00002,1455.46,withdrawal,ES,2025-05-28 14:05:02
C00001,722.61,purchase,ES,2025-05-20 14:05:02
C00002,1037.32,withdrawal,ES,2025-06-05 14:05:02
C00001,1154.46,payment,IT,2025-06-05 14:05:02
C00648,1379.93,payment,ES,2025-05-27 14:05:02
C00001,1952.7,payment,IT,2025-05-31 14:05:02
C00001,1260.87,payment,DE,2025-05-26 14:05:02
C00002,1377.72,payment,ES,2025-06-02 14:05:02
C00002,470.99,payment,DE,2025-05-24 14:05:02
C00897,1892.49,withdrawal,ES,2025-05-19 14:05:02
C00002,1941.75,deposit,IT,2025-06-17 14:05:02
C00711,715.27,deposit,DE,2025-06-06 14:05:02
C00001,1544.14,payment,ES,2025-06-16 14:05:02
C00001,1450.7,withdrawal,FR,2025-05-20 14:05:02
C00002,1466.95,deposit,DE,2025-06-07 14:05:02
C00001,1643.85,payment,FR,2025-05-28 14:05:02
C00001,1100.59,deposit,DE,2025-05-20 14:05:02
C00002,1435.49,transfer,IT,2025-05-28 14:05:02
C00002,1598.5,withdrawal,IT,2025-05-24 14:05:02
C00002,1264.22,payment,FR,2025-06-05 14:05:02
C00001,866.34,withdrawal,DE,2025-06-04 14:05:02
C00001,274.78,deposit,ES,2025-05-26 14:05:02
C00001,114.93,deposit,FR,2025-06-01 14:05:02
C00169,1016.66,deposit,IT,2025-05-19 14:05:02
C00350,1277.18,payment,IT,2025-06-06 14:05:02
C00073,649.83,purchase,ES,2025-05-18 14:05:02
C00886,847.91,payment,DE,2025-05-21 14:05:02
C00002,331.46,purchase,FR,2025-06-04 14:05:02
C00002,1781.79,transfer,DE,2025-06-04 14:05:02
C00001,17.64,deposit,IT,2025-06-01 14:05:02
C00002,445.04,transfer,IT,2025-05-22 14:05:02
C00001,952.62,transfer,IT,2025-06-11 14:05:02
C00565,1919.43,payment,ES,2025-05-29 14:05:02
C00002,531.71,transfer,DE,2025-06-07 14:05:02
C00001,753.79,purchase,IT,2025-05-25 14:05:02
C00001,1787.98,payment,FR,2025-06-09 14:05:02
C00001,1060.19,transfer,IT,2025-06-17 14:05:02
C00001,735.27,withdrawal,ES,2025-06-17 14:05:02
C00001,769.5,payment,ES,2025-06-06 14:05:02
C00001,1553.61,deposit,IT,2025-05-27 14:05:02
C00001,1974.61,payment,DE,2025-06-09 14:05:02
C00002,1634.83,purchase,DE,2025-06-04 14:05:02
C00001,1573.22,purchase,IT,2025-06-02 14:05:02
C00001,1941.3,purchase,DE,2025-06-12 14:05:02
C00001,920.13,payment,FR,2025-05-25 14:05:02
C00001,383.73,withdrawal,FR,2025-06-03 14:05:02
C00380,1280.71,purchase,DE,2025-05-26 14:05:02
C00001,1410.32,purchase,FR,2025-05-24 14:05:02
C00002,1242.53,deposit,IT,2025-05-20 14:05:02
C00002,874.12,payment,FR,2025-05-23 14:05:02
C00002,1587.71,payment,FR,2025-05-27 14:05:02
C00662,283.02,withdrawal,IT,2025-05-29 14:05:02
C00002,1767.9,purchase,FR,2025-06-09 14:05:02
C00001,1687.97,transfer,ES,2025-05-27 14:05:02
C00001,246.54,transfer,ES,2025-05-24 14:05:02
C00001,1735.63,purchase,ES,2025-05-20 14:05:02
C00002,1274.37,purchase,IT,2025-06-11 14:05:02
C00001,490.61,transfer,FR,2025-05-25 14:05:02
C00001,878.23,withdrawal,ES,2025-05-23 14:05:02
C00831,986.99,payment,ES,2025-06-09 14:05:02
C00002,654.78,transfer,DE,2025-06-04 14:05:02
C00002,695.32,transfer,ES,2025-06-12 14:05:02
C00001,1849.35,purchase,DE,2025-06-15 14:05:02
C00863,737.31,deposit,ES,2025-06-14 14:05:02
C00001,1724.04,transfer,FR,2025-05-19 14:05:02
C00857,10.27,payment,IT,2025-06-17 14:05:02
C00002,1538.0,payment,ES,2025-05-28 14:05:02
C00726,1208.36,purchase,ES,2025-06-07 14:05:02
C00001,1974.66,deposit,DE,2025-06-05 14:05:02
C00001,794.97,purchase,FR,2025-05-21 14:05:02
C00001,1641.5,withdrawal,ES,2025-05-22 14:05:02
C00001,1193.22,transfer,FR,2025-05-20 14:05:02
C00001,1329.17,payment,FR,2025-06-05 14:05:02
C00001,723.46,payment,ES,2025-06-08 14:05:02
C00001,537.24,transfer,FR,2025-06-14 14:05:02
C00002,72.12,withdrawal,FR,2025-05-26 14:05:02
C00001,1589.11,transfer,FR,2025-06-16 14:05:02
C00002,1200.42,withdrawal,IT,2025-05-23 14:05:02
C00001,1458.63,payment,ES,2025-06-11 14:05:02
C00002,361.7,withdrawal,ES,2025-06-14 14:05:02
C00002,798.1,deposit,ES,2025-05-26 14:05:02
C00001,1775.44,purchase,IT,2025-06-04 14:05:02
C00755,1174.0,transfer,IT,2025-06-08 14:05:02
C00002,912.94,transfer,FR,2025-06-03 14:05:02
C00002,42.47,deposit,ES,2025-06-14 14:05:02
C00002,1339.65,purchase,ES,2025-06-02 14:05:02
C00782,762.18,deposit,IT,2025-06-15 14:05:02
C00001,1765.83,payment,DE,2025-05-29 14:05:02
C00002,1384.36,transfer,ES,2025-05-23 14:05:02
C00858,1522.62,purchase,DE,2025-05-22 14:05:02
C00002,695.9,deposit,ES,2025-05-30 14:05:02
C00980,1505.53,purchase,DE,2025-06-04 14:05:02
C00001,528.87,payment,IT,2025-05-23 14:05:02
C00126,1180.24,payment,ES,2025-06-15 14:05:02
C00657,1566.25,transfer,DE,2025-05-20 14:05:02
C00001,1605.52,payment,ES,2025-06-05 14:05:02
C00002,1465.29,deposit,FR,2025-06-17 14:05:02
C00001,872.92,payment,IT,2025-05-25 14:05:02
C00002,335.5,deposit,FR,2025-05-23 14:05:02
C00502,45.73,transfer,IT,2025-06-02 14:05:02
C00001,209.81,withdrawal,DE,2025-05-21 14:05:02
C00001,1516.44,withdrawal,DE,2025-06-07 14:05:02
C00002,448.86,payment,ES,2025-06-01 14:05:02
C00002,749.41,deposit,ES,2025-05-26 14:05:02
C00002,1188.69,deposit,FR,2025-06-06 14:05:02
C00001,1015.7,payment,DE,2025-06-12 14:05:02
C00116,1241.78,deposit,ES,2025-06-07 14:05:02
C00001,1715.41,withdrawal,DE,2025-06-10 14:05:02
C00667,1804.87,payment,DE,2025-06-05 14:05:02
C00002,1585.37,withdrawal,DE,2025-05-25 14:05:02
C00001,387.09,purchase,FR,2025-05-29 14:05:02
C00002,1451.01,transfer,IT,2025-06-04 14:05:02
C00001,568.05,withdrawal,DE,2025-06-11 14:05:02
C00001,1593.66,withdrawal,ES,2025-05-24 14:05:02
C00001,1961.09,deposit,IT,2025-06-12 14:05:02
C00001,1497.23,transfer,IT,2025-05-26 14:05:02
C00002,1497.86,withdrawal,DE,2025-05-22 14:05:02
C00001,111.7,payment,FR,2025-05-31 14:05:02
C00001,1258.13,withdrawal,IT,2025-06-03 14:05:02
C00063,1096.74,payment,IT,2025-06-14 14:05:02
C00001,1321.48,payment,DE,2025-06-03 14:05:02
C00017,1315.36,deposit,IT,2025-05-28 14:05:02
C00002,98.55,payment,IT,2025-05-26 14:05:02
C00262,1440.56,transfer,IT,2025-06-16 14:05:02
C00001,425.7,deposit,DE,2025-05-22 14:05:02
C00001,1854.08,purchase,DE,2025-05-19 14:05:02
C00001,951.14,deposit,IT,2025-05-30 14:05:02
C00001,162.1,purchase,ES,2025-05-20 14:05:02
C00001,1328.48,deposit,DE,2025-05-25 14:05:02
C00001,541.12,payment,ES,2025-06-06 14:05:02
C00001,160.49,purchase,FR,2025-05-24 14:05:02
C00002,1615.85,withdrawal,DE,2025-06-09 14:05:02
C00001,1919.72,deposit,DE,2025-06-12 14:05:02
C00002,1421.88,withdrawal,FR,2025-06-06 14:05:02
C00002,677.96,purchase,FR,2025-06-07 14:05:02
C00267,1239.09,purchase,DE,2025-06-13 14:05:02
C00002,1554.32,deposit,DE,2025-05-25 14:05:02
C00001,1689.1,deposit,IT,2025-06-02 14:05:02
C00002,499.49,payment,DE,2025-06-15 14:05:02
C00001,103.95,withdrawal,IT,2025-05-28 14:05:02
C00002,1133.84,deposit,FR,2025-06-16 14:05:02
C00185,324.12,payment,ES,2025-06-04 14:05:02
C00319,614.09,purchase,IT,2025-06-06 14:05:02
C00002,1568.78,withdrawal,DE,2025-05-18 14:05:02
C00002,218.86,payment,ES,2025-06-11 14:05:02
C00001,1237.75,withdrawal,ES,2025-06-11 14:05:02
C00001,1238.45,withdrawal,ES,2025-05-22 14:05:02
C00381,1209.69,purchase,ES,2025-06-15 14:05:02
C00001,1004.29,withdrawal,IT,2025-05-31 14:05:02
C00002,870.26,withdrawal,ES,2025-05-18 14:05:02
C00002,1070.92,purchase,DE,2025-05-23 14:05:02
C00001,215.76,purchase,DE,2025-05-30 14:05:02
C00001,99.93,purchase,FR,2025-06-12 14:05:02
C00002,209.68,withdrawal,FR,2025-05-27 14:05:02
C00001,1097.07,withdrawal,FR,2025-05-27 14:05:02
C00001,969.54,deposit,IT,2025-06-01 14:05:02
C00002,127.53,payment,IT,2025-06-11 14:05:02
C00002,1137.42,withdrawal,DE,2025-05-20 14:05:02
C00001,663.16,purchase,ES,2025-05-26 14:05:02
C00001,685.64,transfer,IT,2025-05-21 14:05:02
C00001,1982.95,payment,FR,2025-06-07 14:05:02
C00002,372.4,deposit,FR,2025-05-25 14:05:02
C00112,708.25,purchase,IT,2025-05-24 14:05:02
C00001,1718.83,payment,DE,2025-06-14 14:05:02
C00001,1296.34,transfer,IT,2025-06-01 14:05:02
C00001,110.43,withdrawal,ES,2025-05-20 14:05:02
C00583,1859.97,payment,IT,2025-06-07 14:05:02
C00001,1635.69,deposit,FR,2025-06-14 14:05:02
C00001,72.28,transfer,ES,2025-06-15 14:05:02
C00001,251.54,withdrawal,FR,2025-05-18 14:05:02
C00002,1817.58,deposit,FR,2025-05-27 14:05:02
C00002,303.22,transfer,DE,2025-06-07 14:05:02
C00001,948.92,transfer,FR,2025-06-04 14:05:02
C00002,799.45,transfer,DE,2025-06-11 14:05:02
C00002,1456.65,payment,DE,2025-06-03 14:05:02
C00002,337.09,withdrawal,DE,2025-05-25 14:05:02
C00001,414.49,transfer,FR,2025-06-01 14:05:02
C00002,1557.1,payment,ES,2025-06-14 14:05:02
C00001,232.92,transfer,FR,2025-06-08 14:05:02
C00023,1815.92,purchase,DE,2025-06-17 14:05:02
C00002,1235.06,transfer,IT,2025-06-03 14:05:02
C00002,1760.36,deposit,ES,2025-06-13 14:05:02
C00932,1892.85,deposit,IT,2025-05-24 14:05:02
C00001,813.48,deposit,IT,2025-05-25 14:05:02
C00001,1232.39,transfer,FR,2025-05-21 14:05:02
C00001,1883.5,withdrawal,DE,2025-06-11 14:05:02
C00844,343.17,purchase,DE,2025-05-29 14:05:02
C00001,1267.61,deposit,FR,2025-06-01 14:05:02
C00002,827.27,withdrawal,ES,2025-05-29 14:05:02
C00001,1403.74,payment,DE,2025-06-14 14:05:02
C00002,1395.6,payment,DE,2025-06-14 14:05:02
C00001,451.18,payment,ES,2025-06-17 14:05:02
C00002,1514.85,transfer,FR,2025-05-31 14:05:02
C00001,720.33,purchase,IT,2025-06-06 14:05:02
C00002,1115.21,deposit,IT,2025-05-28 14:05:02
C00001,991.56,deposit,DE,2025-06-07 14:05:02
C00001,1321.92,purchase,FR,2025-05-21 14:05:02
C00285,402.95,withdrawal,ES,2025-05-26 14:05:02
C00002,1304.88,purchase,DE,2025-05-24 14:05:02
C00001,1222.21,withdrawal,IT,2025-06-01 14:05:02
C00002,978.81,transfer,ES,2025-06-07 14:05:02
C00001,1092.22,purchase,IT,2025-05-25 14:05:02
C00001,755.07,transfer,ES,2025-06-04 14:05:02
C00001,1922.24,withdrawal,IT,2025-05-21 14:05:02
C00002,1967.02,withdrawal,ES,2025-06-09 14:05:02
C00001,517.32,payment,FR,2025-06-03 14:05:02
C00001,1611.38,transfer,ES,2025-06-08 14:05:02
C00972,200.73,payment,FR,2025-05-21 14:05:02
C00002,1358.7,purchase,IT,2025-06-08 14:05:02
C00990,1952.46,transfer,IT,2025-06-04 14:05:02
C00001,864.45,purchase,IT,2025-05-26 14:05:02
C00001,679.62,withdrawal,ES,2025-05-27 14:05:02
C00002,856.49,withdrawal,FR,2025-05-28 14:05:02
C00001,526.72,deposit,IT,2025-05-20 14:05:02
C00002,1446.17,withdrawal,ES,2025-06-16 14:05:02
C00001,1726.03,payment,DE,2025-05-31 14:05:02
C00001,1826.26,withdrawal,DE,2025-06-13 14:05:02
C00001,793.14,withdrawal,FR,2025-06-02 14:05:02
C00652,177.46,purchase,IT,2025-05-27 14:05:02
C00001,769.44,payment,ES,2025-06-09 14:05:02
C00001,187.95,purchase,FR,2025-06-14 14:05:02
C00002,1798.85,transfer,DE,2025-05-18 14:05:02
C00002,1540.57,transfer,IT,2025-06-12 14:05:02
C00001,258.95,deposit,ES,2025-05-26 14:05:02
C00935,1246.21,deposit,IT,2025-05-21 14:05:02
C00001,1956.8,payment,DE,2025-06-10 14:05:02
C00001,1084.38,deposit,FR,2025-05-26 14:05:02
C00001,1967.96,purchase,DE,2025-05-28 14:05:02
C00001,1747.77,withdrawal,FR,2025-06-17 14:05:02
C00002,1640.57,purchase,FR,2025-06-01 14:05:02
C00002,140.97,withdrawal,IT,2025-06-06 14:05:02
C00001,260.72,transfer,ES,2025-05-19 14:05:02
C00526,50.08,withdrawal,DE,2025-05-30 14:05:02
C00001,1929.61,transfer,FR,2025-06-03 14:05:02
C00002,219.17,withdrawal,IT,2025-06-15 14:05:02
C00030,715.86,payment,FR,2025-05-28 14:05:02
C00001,943.29,payment,ES,2025-05-31 14:05:02
C00002,1471.66,payment,DE,2025-06-07 14:05:02
C00002,1409.98,payment,FR,2025-06-05 14:05:02
C00001,1723.89,deposit,IT,2025-05-18 14:05:02
C00002,86.53,purchase,ES,2025-06-06 14:05:02
C00748,1107.41,withdrawal,ES,2025-06-13 14:05:02
C00002,1629.51,purchase,DE,2025-06-11 14:05:02
C00001,1320.15,transfer,DE,2025-05-29 14:05:02
C00002,716.87,payment,ES,2025-06-08 14:05:02
C00555,1728.09,withdrawal,FR,2025-06-15 14:05:02
C00002,748.93,deposit,IT,2025-06-12 14:05:02
C00001,1442.88,deposit,ES,2025-06-01 14:05:02
C00001,1094.66,withdrawal,FR,2025-06-16 14:05:02
C00002,1368.75,deposit,IT,2025-06-04 14:05:02
C00001,1575.72,deposit,ES,2025-06-07 14:05:02
C00002,561.02,purchase,IT,2025-05-21 14:05:02
C00001,507.61,deposit,IT,2025-06-10 14:05:02
C00288,158.93,deposit,DE,2025-06-03 14:05:02
C00002,384.58,purchase,IT,2025-06-09 14:05:02
C00002,1249.58,payment,ES,2025-05-19 14:05:02
C00001,937.52,transfer,ES,2025-05-26 14:05:02
C00001,328.02,transfer,FR,2025-05-28 14:05:02
C00002,1032.97,deposit,DE,2025-06-09 14:05:02
C00001,1496.15,deposit,ES,2025-05-28 14:05:02
C00001,1748.0,payment,ES,2025-06-13 14:05:02
C00001,606.12,payment,IT,2025-05-22 14:05:02
C00001,116.61,deposit,ES,2025-06-08 14:05:02
C00001,1796.04,transfer,IT,2025-05-26 14:05:02
C00001,10.59,purchase,ES,2025-05-23 14:05:02
C00001,410.51,transfer,DE,2025-05-23 14:05:02
C00001,72.6,deposit,DE,2025-06-07 14:05:02
C00002,954.89,purchase,FR,2025-06-05 14:05:02
C00782,1591.26,payment,ES,2025-05-28 14:05:02
C00001,1076.44,transfer,IT,2025-06-02 14:05:02
C00589,1682.06,transfer,IT,2025-06-04 14:05:02
C00002,363.45,deposit,IT,2025-05-28 14:05:02
C00002,519.77,purchase,DE,2025-05-27 14:05:02
C00002,762.11,withdrawal,ES,2025-05-18 14:05:02
C00441,1627.27,withdrawal,ES,2025-05-23 14:05:02
C00001,876.16,transfer,FR,2025-05-25 14:05:02
C00001,330.35,withdrawal,IT,2025-05-23 14:05:02
C00812,235.12,purchase,DE,2025-05-31 14:05:02
C00002,1624.4,transfer,ES,2025-06-14 14:05:02
C00001,1908.96,purchase,ES,2025-06-06 14:05:02
C00002,1692.79,deposit,ES,2025-06-05 14:05:02
C00904,1011.9,withdrawal,DE,2025-05-23 14:05:02
C00002,969.61,transfer,DE,2025-06-01 14:05:02
C00002,1290.96,withdrawal,FR,2025-05-25 14:05:02
C00002,1764.11,transfer,ES,2025-05-26 14:05:02
C00001,1002.89,payment,IT,2025-06-09 14:05:02
C00001,1529.6,transfer,IT,2025-06-06 14:05:02
C00001,1993.62,purchase,DE,2025-06-12 14:05:02
C00001,51.69,withdrawal,DE,2025-05-31 14:05:02
C00002,589.66,purchase,ES,2025-06-16 14:05:02
C00002,1713.07,payment,FR,2025-06-17 14:05:02
C00001,721.6,payment,ES,2025-06-07 14:05:02
C00001,766.41,withdrawal,ES,2025-06-03 14:05:02
C00001,1870.74,payment,DE,2025-06-12 14:05:02
C00001,1891.71,purchase,FR,2025-05-18 14:05:02
C00001,393.19,withdrawal,IT,2025-05-26 14:05:02
C00001,76.84,transfer,ES,2025-06-17 14:05:02
C00001,453.44,transfer,FR,2025-06-10 14:05:02
C00981,1490.04,deposit,ES,2025-06-01 14:05:02
C00001,1088.53,purchase,IT,2025-06-01 14:05:02
C00001,728.02,purchase,IT,2025-06-05 14:05:02
C00002,1727.93,withdrawal,ES,2025-05-23 14:05:02
C00001,479.29,withdrawal,FR,2025-05-31 14:05:02
C00001,29.76,transfer,IT,2025-06-07 14:05:02
C00002,738.35,purchase,FR,2025-05-22 14:05:02
C00001,1447.75,purchase,DE,2025-05-30 14:05:02
C00001,1670.83,deposit,IT,2025-06-07 14:05:02
C00002,17.28,transfer,IT,2025-05-24 14:05:02
C00228,317.98,transfer,FR,2025-05-21 14:05:02
C00132,1394.24,deposit,IT,2025-06-08 14:05:02
C00001,1970.04,withdrawal,ES,2025-06-11 14:05:02
C00287,1903.37,transfer,DE,2025-05-26 14:05:02
C00001,849.29,transfer,FR,2025-05-19 14:05:02
C01000,627.38,purchase,ES,2025-05-23 14:05:02
C00002,1802.07,purchase,FR,2025-05-26 14:05:02
C00001,504.66,withdrawal,IT,2025-05-25 14:05:02
C00001,565.88,deposit,IT,2025-06-04 14:05:02
C00002,1894.81,purchase,IT,2025-06-13 14:05:02
C00001,1650.79,deposit,DE,2025-05-24 14:05:02
C00001,1605.88,withdrawal,DE,2025-05-26 14:05:02
C00002,1742.76,withdrawal,DE,2025-05-26 14:05:02
C00599,1234.95,deposit,FR,2025-06-09 14:05:02
C00001,1123.08,payment,ES,2025-05-29 14:05:02
C00002,1803.3,withdrawal,DE,2025-06-15 14:05:02
C00002,1756.49,withdrawal,FR,2025-05-19 14:05:02
C00001,101.33,payment,ES,2025-06-02 14:05:02
C00001,60.31,payment,DE,2025-05-19 14:05:02
C00001,127.72,deposit,FR,2025-06-03 14:05:02
C00001,1273.98,payment,FR,2025-05-31 14:05:02
C00001,706.98,purchase,IT,2025-06-09 14:05:02
C00002,777.08,withdrawal,IT,2025-06-12 14:05:02
C00002,1974.18,payment,ES,2025-06-12 14:05:02
C00957,297.22,payment,FR,2025-06-03 14:05:02
C00001,1678.84,payment,IT,2025-06-09 14:05:02
C00001,292.62,transfer,FR,2025-05-28 14:05:02
C00002,930.0,transfer,IT,2025-06-16 14:05:02
C00001,1210.3,deposit,IT,2025-05-27 14:05:02
C00002,1614.08,payment,DE,2025-06-05 14:05:02
C00001,518.37,transfer,DE,2025-06-01 14:05:02
C00001,693.5,payment,DE,2025-06-16 14:05:02
C00002,1698.35,purchase,FR,2025-05-28 14:05:02
C00001,1493.76,deposit,IT,2025-06-02 14:05:02
C00001,1596.84,transfer,FR,2025-06-09 14:05:02
C00001,1335.33,deposit,ES,2025-05-23 14:05:02
C00001,373.88,transfer,IT,2025-05-28 14:05:02
C00001,1120.31,purchase,ES,2025-06-09 14:05:02
C00001,390.77,payment,DE,2025-06-04 14:05:02
C00001,360.95,purchase,FR,2025-05-26 14:05:02
C00001,1087.44,payment,DE,2025-06-06 14:05:02
C00001,254.24,withdrawal,DE,2025-06-16 14:05:02
C00001,668.03,withdrawal,FR,2025-06-15 14:05:02
C00001,108.29,purchase,ES,2025-06-13 14:05:02
C00002,31.54,transfer,FR,2025-06-06 14:05:02
C00002,39.31,deposit,ES,2025-05-24 14:05:02
C00001,970.31,payment,DE,2025-05-18 14:05:02
C00450,1512.12,payment,IT,2025-06-17 14:05:02
C00381,899.63,withdrawal,ES,2025-05-25 14:05:02
C00001,42.65,payment,DE,2025-06-03 14:05:02
C00002,1486.32,transfer,IT,2025-06-09 14:05:02
C00002,1253.72,payment,FR,2025-05-31 14:05:02
C00001,21.52,withdrawal,IT,2025-05-21 14:05:02
C00002,1037.68,deposit,DE,2025-06-09 14:05:02
C00002,503.37,deposit,IT,2025-05-26 14:05:02
C00001,341.43,payment,DE,2025-05-24 14:05:02
C00903,791.89,withdrawal,ES,2025-06-01 14:05:02
C00002,841.35,deposit,ES,2025-05-24 14:05:02
C00002,199.22,transfer,IT,2025-06-13 14:05:02
C00537,1130.06,deposit,ES,2025-06-15 14:05:02
C00998,348.03,transfer,FR,2025-05-23 14:05:02
C00002,1036.54,payment,IT,2025-06-02 14:05:02
C00002,96.68,deposit,FR,2025-06-07 14:05:02
C00002,1673.78,purchase,DE,2025-05-29 14:05:02
C00001,239.51,withdrawal,FR,2025-05-19 14:05:02
C00001,1426.14,payment,IT,2025-05-19 14:05:02
C00001,666.95,payment,DE,2025-05-26 14:05:02
C00001,1116.19,deposit,IT,2025-06-15 14:05:02
C00001,1064.29,transfer,IT,2025-05-26 14:05:02
C00001,1553.57,purchase,ES,2025-05-23 14:05:02
C00392,970.44,transfer,FR,2025-06-03 14:05:02
C00001,62.23,payment,FR,2025-06-06 14:05:02
C00231,1009.24,purchase,DE,2025-06-02 14:05:02
C00001,48.66,transfer,DE,2025-06-04 14:05:02
C00548,1814.78,payment,IT,2025-06-06 14:05:02
C00001,759.17,purchase,ES,2025-05-18 14:05:02
C00002,175.41,withdrawal,ES,2025-05-18 14:05:02
C00002,1441.31,purchase,ES,2025-05-20 14:05:02
C00002,379.14,withdrawal,FR,2025-05-23 14:05:02
C00001,1178.27,deposit,ES,2025-06-01 14:05:02
C00002,1333.1,transfer,IT,2025-05-20 14:05:02
C00001,729.34,payment,IT,2025-05-27 14:05:02
C00001,926.0,deposit,DE,2025-06-06 14:05:02
C00001,1645.69,transfer,IT,2025-06-17 14:05:02
C00001,1601.63,purchase,IT,2025-05-18 14:05:02
C00001,1145.23,withdrawal,DE,2025-05-20 14:05:02
C00001,848.35,withdrawal,DE,2025-05-31 14:05:02
C00002,13.57,purchase,DE,2025-06-04 14:05:02
C00001,182.67,withdrawal,IT,2025-06-01 14:05:02
C00002,393.18,payment,IT,2025-05-24 14:05:02
C00002,422.71,purchase,IT,2025-06-01 14:05:02
C00001,25.76,withdrawal,FR,2025-05-21 14:05:02
C00002,877.0,deposit,IT,2025-05-30 14:05:02
C00001,570.48,transfer,IT,2025-05-18 14:05:02
C00002,1295.46,payment,FR,2025-05-19 14:05:02
C00001,990.45,purchase,DE,2025-06-05 14:05:02
C00001,471.11,transfer,IT,2025-06-01 14:05:02
C00448,48.71,deposit,DE,2025-06-01 14:05:02
C00001,1847.97,deposit,FR,2025-05-23 14:05:02
C00002,1029.99,transfer,IT,2025-05-18 14:05:02
C00002,437.36,purchase,FR,2025-06-06 14:05:02
C00001,584.22,deposit,DE,2025-05-24 14:05:02
C00001,1191.66,deposit,DE,2025-06-01 14:05:02
C00002,1120.71,withdrawal,FR,2025-06-15 14:05:02
C00731,1471.35,purchase,DE,2025-06-05 14:05:02
C00002,479.16,deposit,ES,2025-06-07 14:05:02
C00001,143.41,purchase,ES,2025-06-16 14:05:02
C00001,1892.86,payment,FR,2025-06-10 14:05:02
C00925,1266.94,payment,DE,2025-05-27 14:05:02
C00002,558.67,transfer,FR,2025-06-07 14:05:02
C00002,377.5,transfer,IT,2025-06-10 14:05:02
C00001,1295.9,payment,DE,2025-06-16 14:05:02
C00002,1501.74,transfer,FR,2025-06-07 14:05:02
C00002,576.36,transfer,DE,2025-06-13 14:05:02
C00001,55.12,deposit,FR,2025-05-21 14:05:02
C00001,1563.45,withdrawal,FR,2025-06-03 14:05:02
C00001,146.02,deposit,DE,2025-06-14 14:05:02
C00505,1358.37,withdrawal,IT,2025-05-25 14:05:02
C00001,992.76,purchase,IT,2025-06-08 14:05:02
C00002,1915.0,withdrawal,IT,2025-06-09 14:05:02
C00001,1611.99,purchase,IT,2025-05-21 14:05:02
C00001,117.87,deposit,DE,2025-06-12 14:05:02
C00001,269.0,transfer,IT,2025-06-17 14:05:02
C00263,658.19,deposit,DE,2025-05-28 14:05:02
C00001,130.21,payment,DE,2025-05-28 14:05:02
C00001,1377.34,deposit,FR,2025-05-24 14:05:02
C00001,195.32,transfer,IT,2025-05-21 14:05:02
C00002,763.89,deposit,IT,2025-06-06 14:05:02
C00002,917.93,purchase,FR,2025-06-17 14:05:02
C00901,1230.83,transfer,DE,2025-06-15 14:05:02
C00002,430.76,withdrawal,DE,2025-06-11 14:05:02
C00002,331.57,payment,FR,2025-05-23 14:05:02
C00128,338.13,withdrawal,ES,2025-05-24 14:05:02
C00886,1952.81,deposit,IT,2025-06-02 14:05:02
C00601,1610.05,withdrawal,DE,2025-06-09 14:05:02
C00001,1701.18,purchase,FR,2025-05-25 14:05:02
C00001,1598.93,purchase,FR,2025-06-16 14:05:02
C00001,1326.34,deposit,FR,2025-06-02 14:05:02
C00001,684.3,withdrawal,DE,2025-06-14 14:05:02
C00784,237.91,transfer,FR,2025-05-24 14:05:02
C00002,477.24,withdrawal,FR,2025-05-22 14:05:02
C00001,179.55,withdrawal,ES,2025-05-24 14:05:02
C00002,414.05,purchase,IT,2025-06-04 14:05:02
C00002,249.18,transfer,IT,2025-05-19 14:05:02
C00001,657.38,transfer,ES,2025-06-13 14:05:02
C00001,1457.94,transfer,ES,2025-06-03 14:05:02
C00002,1671.92,withdrawal,ES,2025-06-01 14:05:02
C00727,1726.38,transfer,IT,2025-05-19 14:05:02
C00001,512.59,payment,ES,2025-06-08 14:05:02
C00001,1960.59,payment,DE,2025-05-24 14:05:02
C00002,1875.56,deposit,IT,2025-05-24 14:05:02
C00002,1552.91,payment,IT,2025-06-06 14:05:02
C00001,1533.81,purchase,ES,2025-06-06 14:05:02
C00001,1040.88,deposit,FR,2025-06-09 14:05:02
C00002,524.74,payment,ES,2025-05-27 14:05:02
C00242,585.31,deposit,IT,2025-06-16 14:05:02
C00001,142.74,transfer,ES,2025-05-23 14:05:02
C00002,741.97,withdrawal,FR,2025-05-31 14:05:02
C00001,1003.57,transfer,ES,2025-06-01 14:05:02
C00929,1133.31,purchase,DE,2025-06-08 14:05:02
C00599,962.48,deposit,ES,2025-06-04 14:05:02
C00001,1092.77,deposit,ES,2025-05-25 14:05:02
C00957,222.36,purchase,ES,2025-05-22 14:05:02
C00295,567.33,withdrawal,DE,2025-05-30 14:05:02
C00002,1711.12,purchase,ES,2025-05-19 14:05:02
C00001,793.78,deposit,ES,2025-06-10 14:05:02
C00001,1178.95,withdrawal,IT,2025-05-30 14:05:02
C00002,1512.38,purchase,IT,2025-06-10 14:05:02
C00002,1291.57,deposit,FR,2025-06-13 14:05:02
C00001,570.8,transfer,IT,2025-05-23 14:05:02
C00001,1296.66,payment,DE,2025-06-07 14:05:02
C00001,472.35,payment,FR,2025-05-31 14:05:02
C00001,1657.66,purchase,DE,2025-05-18 14:05:02
C00001,1009.41,transfer,IT,2025-06-15 14:05:02
C00002,602.45,purchase,FR,2025-05-22 14:05:02
C00002,965.33,payment,IT,2025-06-04 14:05:02
C00001,193.81,payment,ES,2025-06-02 14:05:02
C00001,1216.73,withdrawal,FR,2025-05-28 14:05:02
C00001,1699.39,payment,DE,2025-05-30 14:05:02
C00001,534.94,withdrawal,ES,2025-06-06 14:05:02
C00001,1458.48,deposit,FR,2025-06-09 14:05:02
C00001,1137.9,deposit,ES,2025-06-03 14:05:02
C00434,521.26,withdrawal,IT,2025-06-13 14:05:02
C00001,16.48,payment,DE,2025-05-27 14:05:02
C00002,478.33,purchase,IT,2025-05-20 14:05:02
C00001,1685.78,deposit,IT,2025-05-31 14:05:02
C00001,1918.58,withdrawal,ES,2025-05-21 14:05:02
C00002,1555.81,payment,ES,2025-05-28 14:05:02
C00002,627.77,deposit,IT,2025-06-11 14:05:02
C00002,338.14,transfer,FR,2025-06-05 14:05:02
C00002,554.13,purchase,FR,2025-05-19 14:05:02
C00002,49.58,deposit,IT,2025-06-03 14:05:02
C00002,1903.49,payment,FR,2025-05-27 14:05:02
C00002,1007.82,purchase,FR,2025-06-11 14:05:02
C00002,1010.94,withdrawal,ES,2025-06-01 14:05:02
C00002,1886.78,transfer,FR,2025-06-04 14:05:02
C00001,1540.94,withdrawal,ES,2025-05-18 14:05:02
C00347,168.84,purchase,FR,2025-06-16 14:05:02
C00853,656.29,purchase,FR,2025-06-16 14:05:02
C00748,1334.42,withdrawal,ES,2025-06-17 14:05:02
C00002,1319.77,payment,DE,2025-06-07 14:05:02
C00001,434.45,withdrawal,ES,2025-05-28 14:05:02
C00001,1495.28,purchase,FR,2025-05-24 14:05:02
C00001,177.28,deposit,ES,2025-06-08 14:05:02
C00002,278.26,transfer,IT,2025-05-28 14:05:02
C00001,368.3,deposit,IT,2025-05-24 14:05:02
C00002,693.49,payment,IT,2025-05-26 14:05:02
C00002,197.8,withdrawal,DE,2025-06-01 14:05:02
C00001,1061.74,withdrawal,FR,2025-05-18 14:05:02
C00002,646.21,purchase,IT,2025-05-23 14:05:02
C00861,214.32,transfer,DE,2025-05-19 14:05:02
C00002,731.29,payment,ES,2025-05-18 14:05:02
C00001,1448.34,transfer,FR,2025-05-30 14:05:02
C00002,229.66,payment,IT,2025-06-05 14:05:02
C00001,1201.21,deposit,ES,2025-06-06 14:05:02
C00001,1359.63,deposit,IT,2025-06-01 14:05:02
C00002,1270.61,payment,IT,2025-06-03 14:05:02
C00002,507.84,payment,DE,2025-05-29 14:05:02
C00002,1021.82,purchase,FR,2025-05-24 14:05:02
C00002,936.18,transfer,FR,2025-05-18 14:05:02
C00002,1430.31,withdrawal,IT,2025-06-03 14:05:02
C00100,463.58,payment,ES,2025-06-14 14:05:02
C00002,80.7,withdrawal,ES,2025-06-07 14:05:02
C00001,84.68,transfer,DE,2025-06-12 14:05:02
C00001,116.56,transfer,DE,2025-06-10 14:05:02
C00001,979.36,withdrawal,DE,2025-05-31 14:05:02
C00002,1492.51,deposit,FR,2025-05-28 14:05:02
C00002,430.7,purchase,DE,2025-06-04 14:05:02
C00244,688.25,purchase,ES,2025-05-21 14:05:02
C00002,1389.83,withdrawal,IT,2025-05-22 14:05:02
C00001,1409.54,withdrawal,DE,2025-06-13 14:05:02
C00001,543.1,withdrawal,ES,2025-06-10 14:05:02
C00337,1788.4,transfer,FR,2025-06-01 14:05:02
C00001,1401.24,transfer,FR,2025-06-02 14:05:02
C00001,1611.58,deposit,ES,2025-06-07 14:05:02
C00001,316.45,purchase,DE,2025-06-11 14:05:02
C00448,530.95,purchase,FR,2025-06-06 14:05:02
C00001,1012.23,payment,DE,2025-06-11 14:05:02
C00001,219.03,transfer,IT,2025-05-30 14:05:02
C00002,1825.76,deposit,ES,2025-05-26 14:05:02
C00001,1118.63,deposit,IT,2025-06-14 14:05:02
C00001,910.5,purchase,FR,2025-06-07 14:05:02
C00002,1514.63,transfer,DE,2025-06-11 14:05:02
C00421,1729.21,deposit,ES,2025-06-17 14:05:02
C00001,831.54,payment,IT,2025-06-16 14:05:02
C00001,250.45,transfer,FR,2025-05-25 14:05:02
C00001,661.11,withdrawal,IT,2025-05-29 14:05:02
C00001,1983.32,purchase,FR,2025-05-18 14:05:02
C00002,884.67,payment,FR,2025-06-16 14:05:02
C00002,1342.09,payment,ES,2025-06-15 14:05:02
C00001,1102.6,payment,IT,2025-05-22 14:05:02
C00001,1494.45,purchase,ES,2025-05-31 14:05:02
C00001,1119.73,purchase,IT,2025-05-23 14:05:02
C00002,404.86,transfer,DE,2025-06-04 14:05:02
C00002,1833.27,withdrawal,DE,2025-06-17 14:05:02
C00775,816.68,withdrawal,ES,2025-05-26 14:05:02
C00002,372.22,withdrawal,IT,2025-05-22 14:05:02
C00001,1830.43,payment,FR,2025-06-05 14:05:02
C00002,590.7,deposit,ES,2025-05-27 14:05:02
C00273,1830.39,purchase,FR,2025-06-02 14:05:02
C00001,1444.73,payment,ES,2025-05-26 14:05:02
C00002,254.11,withdrawal,FR,2025-05-31 14:05:02
C00002,1780.8,payment,ES,2025-05-22 14:05:02
C00911,937.13,purchase,IT,2025-05-20 14:05:02
C00002,851.83,payment,IT,2025-05-27 14:05:02
C00001,1738.18,payment,DE,2025-06-14 14:05:02
C00001,1300.67,withdrawal,IT,2025-05-23 14:05:02
C00872,1977.29,deposit,DE,2025-05-21 14:05:02
C00001,332.88,withdrawal,ES,2025-05-18 14:05:02
C00457,79.62,withdrawal,DE,2025-06-12 14:05:02
C00001,1386.97,payment,IT,2025-06-01 14:05:02
C00001,1124.34,transfer,FR,2025-06-15 14:05:02
C00002,312.2,withdrawal,FR,2025-06-11 14:05:02
C00001,1902.15,purchase,ES,2025-05-27 14:05:02
C00002,508.82,deposit,ES,2025-06-07 14:05:02
C00854,648.37,payment,ES,2025-06-07 14:05:02
C00001,652.16,deposit,ES,2025-06-15 14:05:02
C00002,1039.04,transfer,IT,2025-06-12 14:05:02
C00002,364.72,withdrawal,DE,2025-06-08 14:05:02
C00001,243.55,withdrawal,IT,2025-06-08 14:05:02
C00530,517.69,deposit,FR,2025-05-21 14:05:02
C00001,820.35,deposit,ES,2025-06-17 14:05:02
C00001,929.68,purchase,IT,2025-06-15 14:05:02
C00002,471.23,deposit,ES,2025-05-20 14:05:02
C00001,1841.14,purchase,FR,2025-06-04 14:05:02
C00933,157.02,withdrawal,ES,2025-06-09 14:05:02
C00002,1494.18,purchase,FR,2025-06-03 14:05:02
C00778,764.99,withdrawal,IT,2025-06-06 14:05:02
C00859,1160.8,withdrawal,FR,2025-06-03 14:05:02
C00002,1142.37,transfer,FR,2025-06-16 14:05:02
C00001,222.0,purchase,ES,2025-05-21 14:05:02
C00002,1074.15,purchase,IT,2025-05-19 14:05:02
C00001,388.74,payment,ES,2025-06-15 14:05:02
C00002,1496.36,purchase,DE,2025-05-21 14:05:02
C00002,1788.33,purchase,IT,2025-06-10 14:05:02
C00001,338.54,transfer,ES,2025-05-27 14:05:02
C00002,1644.94,deposit,ES,2025-05-29 14:05:02
C00761,700.39,payment,DE,2025-06-13 14:05:02
C00001,1833.22,deposit,DE,2025-05-20 14:05:02
C00002,14.4,purchase,IT,2025-06-07 14:05:02
C00002,1216.48,payment,ES,2025-06-12 14:05:02
C00002,1061.4,transfer,DE,2025-06-05 14:05:02
C00002,1691.0,purchase,FR,2025-05-26 14:05:02
C00001,768.68,withdrawal,IT,2025-06-11 14:05:02
C00002,1009.43,withdrawal,FR,2025-06-08 14:05:02
C00002,276.65,transfer,ES,2025-05-27 14:05:02
C00002,183.12,payment,DE,2025-06-16 14:05:02
C00002,1105.29,purchase,DE,2025-05-24 14:05:02
C00001,191.15,purchase,ES,2025-06-10 14:05:02
C00001,1276.33,transfer,DE,2025-06-04 14:05:02
C00016,570.5,transfer,FR,2025-06-01 14:05:02
C00002,554.23,payment,FR,2025-06-13 14:05:02
C00001,452.41,deposit,FR,2025-05-28 14:05:02
C00002,634.58,transfer,ES,2025-06-04 14:05:02
C00002,1522.28,transfer,IT,2025-06-12 14:05:02
C00001,647.89,deposit,DE,2025-06-03 14:05:02
C00002,1938.36,withdrawal,ES,2025-06-13 14:05:02
C00001,581.4,deposit,ES,2025-05-25 14:05:02
C00002,1493.48,withdrawal,DE,2025-06-17 14:05:02
C00001,457.74,deposit,DE,2025-06-06 14:05:02
C00002,1529.36,withdrawal,IT,2025-05-18 14:05:02
C00001,1255.92,purchase,FR,2025-06-07 14:05:02
C00897,384.27,purchase,IT,2025-05-20 14:05:02
C00002,1614.6,purchase,ES,2025-06-10 14:05:02
C00660,1968.61,deposit,DE,2025-06-13 14:05:02
C00001,1530.61,deposit,IT,2025-06-03 14:05:02
C00002,498.0,transfer,ES,2025-06-03 14:05:02
C00001,1804.39,payment,ES,2025-06-17 14:05:02
C00001,57.58,purchase,IT,2025-05-30 14:05:02
C00001,617.09,deposit,IT,2025-06-04 14:05:02
C00001,167.19,purchase,FR,2025-05-28 14:05:02
C00001,617.79,transfer,IT,2025-05-24 14:05:02
C00002,692.96,withdrawal,FR,2025-06-04 14:05:02
C00001,979.28,withdrawal,FR,2025-05-26 14:05:02
C00001,720.19,deposit,FR,2025-05-31 14:05:02
C00001,1738.52,withdrawal,IT,2025-06-13 14:05:02
C00001,948.52,transfer,FR,2025-06-16 14:05:02
C00002,1860.13,purchase,FR,2025-06-17 14:05:02
C00001,945.68,withdrawal,ES,2025-06-03 14:05:02
C00001,250.78,payment,DE,2025-06-17 14:05:02
C00001,1384.01,payment,ES,2025-06-06 14:05:02
C00001,215.2,purchase,FR,2025-05-20 14:05:02
C00001,580.05,purchase,DE,2025-05-29 14:05:02
C00002,201.04,payment,FR,2025-06-07 14:05:02
C00002,1732.46,transfer,FR,2025-05-31 14:05:02
C00002,1762.35,deposit,ES,2025-06-11 14:05:02
C00001,1629.23,deposit,FR,2025-05-20 14:05:02
C00642,1041.49,purchase,IT,2025-05-29 14:05:02
C00547,720.53,deposit,FR,2025-06-10 14:05:02
C00002,1361.94,deposit,DE,2025-06-04 14:05:02
C00012,1405.85,transfer,ES,2025-06-12 14:05:02
C00001,1208.03,deposit,IT,2025-06-10 14:05:02
C00308,89.81,withdrawal,DE,2025-05-19 14:05:02
C00318,523.36,withdrawal,IT,2025-05-30 14:05:02
C00002,11.48,purchase,DE,2025-06-01 14:05:02
C00002,390.66,withdrawal,DE,2025-06-03 14:05:02
C00001,898.99,withdrawal,DE,2025-06-17 14:05:02
C00032,144.34,transfer,ES,2025-06-13 14:05:02
C00002,1364.94,withdrawal,ES,2025-06-09 14:05:02
C00002,1054.34,transfer,IT,2025-05-23 14:05:02
C00002,938.36,transfer,IT,2025-06-07 14:05:02
C00001,1281.5,purchase,FR,2025-05-29 14:05:02
C00002,622.75,withdrawal,DE,2025-05-28 14:05:02
C00001,80.22,withdrawal,IT,2025-06-13 14:05:02
C00002,496.19,deposit,IT,2025-06-13 14:05:02
C00001,1457.28,payment,FR,2025-05-27 14:05:02
C00001,1736.12,transfer,DE,2025-05-23 14:05:02
C00002,1739.75,purchase,ES,2025-05-26 14:05:02
C00001,378.97,payment,DE,2025-05-31 14:05:02
C00001,739.22,withdrawal,FR,2025-06-06 14:05:02
C00520,1810.24,transfer,IT,2025-06-17 14:05:02
C00001,433.51,withdrawal,ES,2025-05-19 14:05:02
C00002,424.02,purchase,FR,2025-05-31 14:05:02
C00001,1027.28,payment,IT,2025-06-02 14:05:02
C00001,1165.39,transfer,IT,2025-06-03 14:05:02
C00017,1148.2,purchase,DE,2025-06-09 14:05:02
C00001,417.08,withdrawal,FR,2025-06-17 14:05:02
C00957,745.63,withdrawal,FR,2025-06-12 14:05:02
C00678,1136.8,deposit,FR,2025-05-20 14:05:02
C00001,516.5,transfer,DE,2025-06-06 14:05:02
C00001,619.47,transfer,FR,2025-06-14 14:05:02
C00001,296.17,withdrawal,IT,2025-05-27 14:05:02
C00002,898.92,deposit,DE,2025-06-10 14:05:02
C00001,279.25,purchase,DE,2025-06-05 14:05:02
C00002,1691.96,payment,FR,2025-05-26 14:05:02
C00002,482.78,withdrawal,ES,2025-05-18 14:05:02
C00001,661.21,transfer,FR,2025-06-02 14:05:02
C00001,766.01,purchase,FR,2025-05-20 14:05:02
C00002,358.06,purchase,IT,2025-05-21 14:05:02
C00002,49.11,withdrawal,FR,2025-06-04 14:05:02
C00001,397.32,transfer,FR,2025-05-26 14:05:02
C00001,1230.4,purchase,DE,2025-05-27 14:05:02
C00002,685.95,deposit,DE,2025-06-16 14:05:02
C00002,27.4,withdrawal,DE,2025-05-23 14:05:02
C00476,1957.42,deposit,IT,2025-05-24 14:05:02
C00001,1409.3,withdrawal,IT,2025-05-23 14:05:02
C00002,123.4,deposit,FR,2025-05-24 14:05:02
C00001,1540.88,payment,ES,2025-06-11 14:05:02
C00001,1674.21,payment,DE,2025-06-05 14:05:02
C00002,1516.04,payment,FR,2025-06-02 14:05:02
C00002,864.68,withdrawal,IT,2025-06-04 14:05:02
C00987,16.44,purchase,FR,2025-06-09 14:05:02
C00001,1439.62,payment,IT,2025-06-16 14:05:02
C00707,743.74,transfer,DE,2025-05-28 14:05:02
C00404,1123.12,transfer,FR,2025-06-13 14:05:02
C00264,1738.3,withdrawal,DE,2025-05-22 14:05:02
C00001,715.37,purchase,FR,2025-05-22 14:05:02
C00001,1530.84,purchase,IT,2025-05-30 14:05:02
C00001,1125.55,withdrawal,DE,2025-05-26 14:05:02
C00001,1979.51,transfer,IT,2025-05-27 14:05:02
C00001,1235.61,deposit,IT,2025-06-14 14:05:02
C00643,265.23,withdrawal,DE,2025-05-25 14:05:02
C00001,720.08,purchase,FR,2025-05-31 14:05:02
C00001,1957.42,deposit,IT,2025-05-29 14:05:02
C00195,1700.11,purchase,IT,2025-06-14 14:05:02
C00002,1459.45,purchase,ES,2025-06-08 14:05:02
C00001,1774.08,payment,DE,2025-05-24 14:05:02
C00002,1368.99,payment,ES,2025-06-16 14:05:02
C00973,445.16,transfer,DE,2025-06-16 14:05:02
C00002,30.26,deposit,IT,2025-05-20 14:05:02
C00001,766.58,withdrawal,FR,2025-05-23 14:05:02
C00001,1693.86,transfer,IT,2025-05-29 14:05:02
C00001,17.06,purchase,IT,2025-05-19 14:05:02
C00001,1570.04,deposit,ES,2025-06-08 14:05:02
C00385,1240.09,payment,IT,2025-05-31 14:05:02
C00001,990.49,deposit,DE,2025-06-16 14:05:02
C00001,723.1,withdrawal,FR,2025-05-20 14:05:02
C00004,1707.23,withdrawal,FR,2025-05-19 14:05:02
C00001,1338.5,payment,IT,2025-06-15 14:05:02
C00001,1606.48,purchase,DE,2025-05-29 14:05:02
C00001,685.89,purchase,IT,2025-05-18 14:05:02
C00241,463.96,purchase,DE,2025-06-04 14:05:02
C00318,441.83,withdrawal,FR,2025-05-29 14:05:02
C00002,1480.44,payment,IT,2025-06-16 14:05:02
C00001,1556.61,deposit,DE,2025-06-08 14:05:02
C00001,657.89,purchase,ES,2025-06-01 14:05:02
C00333,1105.88,payment,ES,2025-06-15 14:05:02
C00001,712.0,transfer,ES,2025-06-14 14:05:02
C00355,1223.38,transfer,FR,2025-06-12 14:05:02
C00002,717.98,payment,IT,2025-05-26 14:05:02
C00408,332.22,payment,ES,2025-06-01 14:05:02
C00002,1009.38,transfer,DE,2025-05-28 14:05:02
C00002,435.99,purchase,IT,2025-06-01 14:05:02
C00001,805.51,purchase,ES,2025-05-24 14:05:02
C00002,636.85,payment,FR,2025-05-21 14:05:02
C00002,404.63,purchase,ES,2025-05-24 14:05:02
C00041,368.39,withdrawal,FR,2025-06-05 14:05:02
C00002,1535.82,deposit,DE,2025-05-22 14:05:02
C00002,1166.87,withdrawal,FR,2025-05-30 14:05:02
C00054,1064.32,withdrawal,DE,2025-05-22 14:05:02
C00001,1723.94,deposit,ES,2025-05-22 14:05:02
C00002,1750.95,transfer,ES,2025-06-05 14:05:02
C00002,983.38,deposit,DE,2025-06-13 14:05:02
C00001,1722.22,purchase,ES,2025-06-09 14:05:02
C00002,1503.26,purchase,FR,2025-05-18 14:05:02
C00001,1213.44,purchase,ES,2025-06-04 14:05:02
C00001,216.25,payment,FR,2025-05-20 14:05:02
C00002,632.94,payment,FR,2025-05-22 14:05:02
C00002,1609.39,purchase,IT,2025-06-02 14:05:02
C00002,892.77,deposit,DE,2025-05-25 14:05:02
C00765,1614.48,purchase,IT,2025-05-18 14:05:02
C00056,195.17,transfer,IT,2025-05-18 14:05:02
C00002,785.49,purchase,FR,2025-05-28 14:05:02
C00515,823.51,deposit,ES,2025-05-27 14:05:02
C00002,1515.1,transfer,FR,2025-06-03 14:05:02
C00002,668.46,payment,ES,2025-06-15 14:05:02
C00001,1936.26,purchase,DE,2025-05-18 14:05:02
C00001,309.49,transfer,ES,2025-05-23 14:05:02
C00915,725.32,transfer,DE,2025-06-13 14:05:02
C00002,969.76,transfer,ES,2025-06-10 14:05:02
C00938,128.34,payment,DE,2025-06-08 14:05:02
C00950,1810.36,transfer,DE,2025-06-01 14:05:02
C00002,552.89,withdrawal,IT,2025-05-18 14:05:02
C00001,1148.82,purchase,FR,2025-05-27 14:05:02
C00002,1474.25,deposit,DE,2025-05-19 14:05:02
C00002,1017.43,transfer,IT,2025-06-11 14:05:02
C00497,1386.85,withdrawal,IT,2025-05-22 14:05:02
C00001,76.21,withdrawal,DE,2025-06-06 14:05:02
C00001,471.46,purchase,ES,2025-05-27 14:05:02
C00001,226.48,withdrawal,DE,2025-05-22 14:05:02
C00001,975.52,withdrawal,DE,2025-06-14 14:05:02
C00002,680.65,purchase,DE,2025-06-10 14:05:02
C00001,580.33,deposit,IT,2025-06-02 14:05:02
C00001,705.51,payment,ES,2025-06-16 14:05:02
C00001,778.36,deposit,ES,2025-06-11 14:05:02
C00001,414.18,withdrawal,FR,2025-05-29 14:05:02
C00001,1294.94,purchase,DE,2025-05-23 14:05:02
C00001,801.87,withdrawal,DE,2025-06-03 14:05:02
C00001,1728.56,purchase,DE,2025-06-07 14:05:02
C00001,1488.41,purchase,FR,2025-06-17 14:05:02
C00001,1000.28,transfer,DE,2025-06-13 14:05:02
C00001,173.49,payment,DE,2025-06-01 14:05:02
C00001,798.14,deposit,ES,2025-05-27 14:05:02
C00001,1329.12,deposit,DE,2025-05-24 14:05:02
C00001,464.89,payment,IT,2025-06-01 14:05:02
C00001,1328.69,deposit,ES,2025-05-24 14:05:02
C00001,820.84,deposit,IT,2025-05-30 14:05:02
C00571,1930.62,transfer,IT,2025-06-13 14:05:02
C00574,569.91,deposit,FR,2025-05-20 14:05:02
C00002,855.25,deposit,FR,2025-05-20 14:05:02
C00001,1782.95,payment,FR,2025-05-21 14:05:02
C00002,1847.51,deposit,IT,2025-06-07 14:05:02
C00103,703.76,deposit,IT,2025-06-04 14:05:02
C00002,114.83,payment,ES,2025-06-04 14:05:02
C00002,1583.45,payment,ES,2025-06-02 14:05:02
C00001,771.06,purchase,IT,2025-06-10 14:05:02
C00001,1219.45,deposit,DE,2025-06-07 14:05:02
C00001,1464.2,purchase,FR,2025-05-23 14:05:02
C00001,1961.88,deposit,IT,2025-06-09 14:05:02
C00086,134.04,deposit,IT,2025-06-11 14:05:02
C00001,1705.08,transfer,FR,2025-06-03 14:05:02
C00002,81.27,withdrawal,DE,2025-05-23 14:05:02
C00002,1283.65,purchase,IT,2025-06-17 14:05:02
C00001,1494.48,transfer,FR,2025-05-25 14:05:02
C00002,1001.14,purchase,DE,2025-06-07 14:05:02
C00001,13.64,payment,DE,2025-05-25 14:05:02
C00001,154.82,payment,DE,2025-05-18 14:05:02
C00442,1171.76,transfer,FR,2025-06-01 14:05:02
C00756,506.13,deposit,ES,2025-05-21 14:05:02
C00001,1147.34,purchase,IT,2025-05-31 14:05:02
C00492,461.71,purchase,DE,2025-05-27 14:05:02
C00002,273.38,transfer,DE,2025-06-07 14:05:02
C00001,1720.2,payment,DE,2025-05-19 14:05:02
C00002,1099.22,purchase,IT,2025-05-18 14:05:02
C00002,1018.44,payment,IT,2025-05-23 14:05:02
C00001,1705.3,purchase,ES,2025-06-12 14:05:02
C00002,874.89,purchase,FR,2025-06-11 14:05:02
C00101,1279.87,purchase,DE,2025-06-11 14:05:02
C00096,840.63,transfer,IT,2025-06-01 14:05:02
C00001,1807.39,deposit,DE,2025-06-15 14:05:02
C00002,215.41,deposit,FR,2025-05-27 14:05:02
C00755,1611.28,transfer,DE,2025-05-22 14:05:02
C00001,785.16,transfer,FR,2025-05-29 14:05:02
C00001,1948.36,withdrawal,IT,2025-06-15 14:05:02
C00002,64.81,deposit,DE,2025-06-16 14:05:02
C00001,790.29,withdrawal,ES,2025-06-04 14:05:02
C00001,1796.83,payment,FR,2025-06-07 14:05:02
C00002,13.04,purchase,FR,2025-05-20 14:05:02
C00001,1210.24,payment,ES,2025-05-23 14:05:02
C00001,1577.76,payment,ES,2025-05-21 14:05:02
C00001,1411.45,withdrawal,FR,2025-06-04 14:05:02
C00002,237.09,payment,IT,2025-05-30 14:05:02
C00001,421.02,purchase,ES,2025-06-04 14:05:02
C00050,246.11,withdrawal,FR,2025-05-31 14:05:02
C00001,890.94,deposit,FR,2025-06-14 14:05:02
C00002,1691.78,payment,IT,2025-06-15 14:05:02
C00002,176.87,withdrawal,FR,2025-06-15 14:05:02
C00001,1472.81,purchase,ES,2025-05-25 14:05:02
C00002,1824.53,deposit,IT,2025-06-17 14:05:02
C00001,449.1,deposit,ES,2025-05-21 14:05:02
C00002,166.36,purchase,IT,2025-05-24 14:05:02
C00001,255.14,purchase,DE,2025-06-07 14:05:02
C00002,1526.8,payment,FR,2025-05-29 14:05:02
C00002,856.19,withdrawal,FR,2025-06-12 14:05:02
C00001,849.91,withdrawal,DE,2025-05-25 14:05:02
C00001,1807.43,payment,IT,2025-06-16 14:05:02
C00002,742.21,deposit,DE,2025-06-01 14:05:02
C00002,927.86,transfer,ES,2025-05-23 14:05:02
C00001,908.65,payment,IT,2025-05-30 14:05:02
C00001,654.16,deposit,FR,2025-06-05 14:05:02
C00498,291.89,purchase,FR,2025-05-24 14:05:02
C00002,131.39,deposit,FR,2025-06-16 14:05:02
C00001,1807.13,purchase,FR,2025-06-02 14:05:02
C00002,290.83,payment,ES,2025-06-05 14:05:02
C00002,1351.67,purchase,DE,2025-06-02 14:05:02
C00001,1209.69,deposit,FR,2025-06-07 14:05:02
C00001,1515.51,payment,DE,2025-06-11 14:05:02
C00242,167.59,deposit,IT,2025-05-24 14:05:02
C00002,1609.47,purchase,FR,2025-05-22 14:05:02
C00001,1925.94,purchase,DE,2025-06-05 14:05:02
C00001,1643.41,payment,DE,2025-05-21 14:05:02
C00001,1908.21,payment,IT,2025-05-22 14:05:02
C00002,1600.73,transfer,IT,2025-05-23 14:05:02
C00002,1949.43,payment,IT,2025-05-19 14:05:02
C00002,505.1,deposit,DE,2025-06-09 14:05:02
C00001,363.79,deposit,FR,2025-05-27 14:05:02
C00002,655.09,transfer,IT,2025-05-26 14:05:02
C00001,1924.92,deposit,DE,2025-05-27 14:05:02
C00001,1606.95,transfer,FR,2025-06-09 14:05:02
C00001,1738.77,withdrawal,FR,2025-06-13 14:05:02
C00002,1520.73,withdrawal,ES,2025-05-27 14:05:02
C00001,1229.64,deposit,ES,2025-05-18 14:05:02
C00002,155.83,purchase,ES,2025-05-30 14:05:02
C00557,214.47,deposit,IT,2025-06-02 14:05:02
C00001,704.32,transfer,ES,2025-06-03 14:05:02
C00001,1267.32,deposit,DE,2025-06-08 14:05:02
C00001,633.0,withdrawal,FR,2025-06-02 14:05:02
C00002,1320.35,purchase,IT,2025-05-23 14:05:02
C00002,325.74,payment,ES,2025-05-25 14:05:02
C00001,698.51,transfer,ES,2025-05-25 14:05:02
C00001,58.82,payment,IT,2025-06-08 14:05:02
C00001,1217.51,purchase,DE,2025-05-18 14:05:02
C00001,1986.43,payment,IT,2025-06-09 14:05:02
C00002,1399.4,purchase,FR,2025-05-25 14:05:02
C00001,1497.32,withdrawal,ES,2025-05-19 14:05:02
C00596,1732.34,payment,FR,2025-05-31 14:05:02
C00001,205.33,payment,DE,2025-05-19 14:05:02
C00001,737.69,transfer,DE,2025-06-07 14:05:02
C00001,287.14,withdrawal,ES,2025-06-15 14:05:02
C00002,1988.74,purchase,DE,2025-05-22 14:05:02
C00002,1391.22,transfer,DE,2025-06-02 14:05:02
C00002,700.78,purchase,IT,2025-05-23 14:05:02
C00001,1246.27,payment,IT,2025-05-28 14:05:02
C00001,48.63,withdrawal,DE,2025-06-01 14:05:02
C00001,235.54,payment,ES,2025-06-03 14:05:02
C00001,764.95,purchase,DE,2025-05-29 14:05:02
C00002,967.83,purchase,IT,2025-06-04 14:05:02
C00675,863.83,purchase,FR,2025-06-13 14:05:02
C00001,1064.62,transfer,DE,2025-05-27 14:05:02
C00001,1291.82,withdrawal,IT,2025-05-30 14:05:02
C00931,1650.86,deposit,FR,2025-06-09 14:05:02
C00369,392.94,transfer,DE,2025-06-12 14:05:02
C00001,175.91,payment,FR,2025-06-14 14:05:02
C00002,262.18,withdrawal,DE,2025-05-18 14:05:02
C00001,701.76,transfer,FR,2025-05-20 14:05:02
C00002,1852.37,withdrawal,FR,2025-06-17 14:05:02
C00762,1670.75,transfer,ES,2025-06-11 14:05:02
C00001,1485.71,payment,FR,2025-05-30 14:05:02
C00980,624.61,withdrawal,FR,2025-06-09 14:05:02
C00765,656.91,deposit,ES,2025-05-25 14:05:02
C00002,1961.93,deposit,FR,2025-05-22 14:05:02
C00002,1261.43,purchase,ES,2025-06-13 14:05:02
C00002,768.12,purchase,IT,2025-06-11 14:05:02
C00002,318.73,withdrawal,FR,2025-05-26 14:05:02
C00001,789.87,purchase,ES,2025-05-22 14:05:02
C00002,1656.35,deposit,IT,2025-05-31 14:05:02
C00001,803.01,deposit,DE,2025-06-08 14:05:02
C00001,977.01,purchase,FR,2025-06-04 14:05:02
C00256,716.83,purchase,FR,2025-05-27 14:05:02
C00002,1490.98,purchase,ES,2025-06-11 14:05:02
C00001,1445.68,transfer,DE,2025-05-22 14:05:02
C00001,401.71,withdrawal,DE,2025-06-04 14:05:02
C00001,1134.2,withdrawal,IT,2025-05-19 14:05:02
C00001,476.35,deposit,ES,2025-06-10 14:05:02
C00001,484.01,purchase,FR,2025-06-16 14:05:02
C00001,23.55,purchase,ES,2025-06-01 14:05:02
C00451,288.88,purchase,ES,2025-05-31 14:05:02
C00001,374.81,deposit,DE,2025-05-28 14:05:02
C00001,91.53,payment,ES,2025-06-13 14:05:02
C00739,1633.5,withdrawal,IT,2025-05-24 14:05:02
C00002,697.05,deposit,FR,2025-06-07 14:05:02
C00723,1771.41,withdrawal,IT,2025-06-04 14:05:02
C00002,1584.94,deposit,ES,2025-06-07 14:05:02
C00754,1336.58,payment,ES,2025-06-05 14:05:02
C00002,910.76,payment,ES,2025-05-26 14:05:02
C00412,600.63,payment,ES,2025-06-13 14:05:02
C00001,819.36,purchase,IT,2025-05-27 14:05:02
C00001,101.18,transfer,IT,2025-05-23 14:05:02
C00001,74.08,transfer,FR,2025-06-11 14:05:02
C00002,255.92,deposit,IT,2025-06-04 14:05:02
C00755,970.12,deposit,IT,2025-06-01 14:05:02
C00663,257.3,deposit,ES,2025-06-08 14:05:02
C00758,1201.59,deposit,IT,2025-06-04 14:05:02
C00002,1473.92,payment,ES,2025-05-24 14:05:02
C00002,1919.53,payment,FR,2025-06-17 14:05:02
C00001,1241.18,purchase,IT,2025-06-12 14:05:02
C00001,1518.2,purchase,FR,2025-05-26 14:05:02
C00002,1850.76,transfer,DE,2025-05-31 14:05:02
C00001,656.58,payment,IT,2025-05-19 14:05:02
C00002,1054.48,payment,ES,2025-05-28 14:05:02
C00002,687.18,payment,ES,2025-06-07 14:05:02
C00002,1282.11,deposit,FR,2025-06-01 14:05:02
C00001,1028.42,withdrawal,ES,2025-05-18 14:05:02
C00001,378.93,purchase,DE,2025-06-10 14:05:02
C00391,1150.46,purchase,FR,2025-06-12 14:05:02
C00001,821.32,payment,ES,2025-06-03 14:05:02
C00001,468.26,transfer,IT,2025-06-09 14:05:02
C00002,376.82,transfer,ES,2025-06-17 14:05:02
C00002,1126.46,transfer,IT,2025-06-07 14:05:02
C00001,927.05,deposit,DE,2025-06-11 14:05:02
C00002,1695.06,transfer,DE,2025-05-20 14:05:02
C00001,1747.63,purchase,DE,2025-06-09 14:05:02
C00002,1392.98,withdrawal,DE,2025-05-26 14:05:02
C00168,614.74,deposit,IT,2025-06-17 14:05:02
C00001,879.32,deposit,DE,2025-05-18 14:05:02
C00001,762.8,transfer,DE,2025-05-22 14:05:02
C00001,1618.72,purchase,DE,2025-06-01 14:05:02
C00001,471.96,withdrawal,IT,2025-06-07 14:05:02
C00001,1729.02,purchase,FR,2025-05-18 14:05:02
C00002,468.86,purchase,DE,2025-06-03 14:05:02
C00001,1665.03,deposit,FR,2025-05-20 14:05:02
C00001,937.72,withdrawal,ES,2025-06-13 14:05:02
C00384,1910.72,transfer,FR,2025-05-23 14:05:02
C00001,990.18,deposit,DE,2025-05-23 14:05:02
C00001,1032.23,purchase,ES,2025-06-03 14:05:02
C00001,683.26,transfer,IT,2025-05-24 14:05:02
C00728,1913.68,withdrawal,ES,2025-06-04 14:05:02
C00001,1918.21,payment,ES,2025-06-02 14:05:02
C00002,825.11,transfer,IT,2025-06-10 14:05:02
C00001,122.66,deposit,IT,2025-05-23 14:05:02
C00001,769.67,withdrawal,DE,2025-06-15 14:05:02
C00002,310.09,deposit,IT,2025-06-07 14:05:02
C00001,1931.67,purchase,ES,2025-06-16 14:05:02
C00002,1598.73,deposit,FR,2025-06-04 14:05:02
C00002,1055.53,deposit,IT,2025-05-28 14:05:02
C00001,440.22,purchase,FR,2025-06-01 14:05:02
C00002,1660.23,deposit,DE,2025-06-05 14:05:02
C00001,59.3,deposit,DE,2025-06-03 14:05:02
C00001,865.62,deposit,ES,2025-06-08 14:05:02
C00001,1640.08,purchase,DE,2025-05-22 14:05:02
C00001,1454.15,payment,DE,2025-06-05 14:05:02
C00454,1197.83,deposit,FR,2025-05-23 14:05:02
C00001,1051.27,withdrawal,FR,2025-06-06 14:05:02
C00002,1540.6,purchase,IT,2025-05-19 14:05:02
C00002,986.58,deposit,FR,2025-06-04 14:05:02
C00001,953.83,withdrawal,ES,2025-05-22 14:05:02
C00001,526.99,transfer,ES,2025-05-24 14:05:02
C00002,1905.25,purchase,DE,2025-06-16 14:05:02
C00800,42.38,payment,DE,2025-05-23 14:05:02
C00102,1967.4,purchase,DE,2025-06-17 14:05:02
C00002,459.59,transfer,FR,2025-06-08 14:05:02
C00343,664.9,payment,IT,2025-05-21 14:05:02
C00001,90.26,deposit,DE,2025-06-01 14:05:02
C00566,602.06,transfer,DE,2025-06-01 14:05:02
C00002,1497.04,purchase,FR,2025-05-18 14:05:02
C00002,1744.78,transfer,ES,2025-06-02 14:05:02
C00571,345.7,deposit,FR,2025-05-27 14:05:02
C00002,1435.81,deposit,DE,2025-06-15 14:05:02
C00001,103.73,deposit,FR,2025-05-30 14:05:02
C00897,1088.82,withdrawal,FR,2025-05-27 14:05:02
C00001,764.32,withdrawal,DE,2025-06-05 14:05:02
C00001,1361.48,payment,FR,2025-06-07 14:05:02
C00001,1491.94,transfer,IT,2025-06-14 14:05:02
C00001,1611.11,purchase,ES,2025-05-19 14:05:02
C00002,526.45,purchase,FR,2025-05-24 14:05:02
C00001,545.98,payment,DE,2025-06-01 14:05:02
C00374,460.72,payment,FR,2025-05-27 14:05:02
C00298,166.92,transfer,FR,2025-06-07 14:05:02
C00001,1332.33,withdrawal,FR,2025-06-13 14:05:02
C00001,1726.63,deposit,FR,2025-06-03 14:05:02
C00002,745.58,purchase,IT,2025-06-17 14:05:02
C00001,1079.75,deposit,IT,2025-06-07 14:05:02
C00002,543.66,payment,FR,2025-06-04 14:05:02
C00002,1583.16,transfer,ES,2025-05-27 14:05:02
C00001,1953.6,deposit,ES,2025-05-23 14:05:02
C00001,1632.52,transfer,FR,2025-05-22 14:05:02
C00001,304.86,withdrawal,FR,2025-05-21 14:05:02
C00001,1481.52,transfer,FR,2025-06-01 14:05:02
C00001,976.17,deposit,DE,2025-06-01 14:05:02
C00001,494.99,deposit,DE,2025-06-01 14:05:02
C00002,1207.58,transfer,ES,2025-05-27 14:05:02
C00002,476.94,withdrawal,ES,2025-06-12 14:05:02
C00002,623.62,deposit,DE,2025-05-23 14:05:02
C00002,1741.48,deposit,DE,2025-06-08 14:05:02
C00001,1438.31,purchase,IT,2025-06-12 14:05:02
C00001,951.86,transfer,IT,2025-06-02 14:05:02
C00002,1120.45,purchase,ES,2025-06-12 14:05:02
C00366,794.28,purchase,DE,2025-06-09 14:05:02
C00002,1479.36,purchase,DE,2025-06-02 14:05:02
C00066,277.03,deposit,DE,2025-05-24 14:05:02
C00001,1009.69,withdrawal,DE,2025-05-27 14:05:02
C00001,1021.58,payment,IT,2025-05-30 14:05:02
C00002,340.01,purchase,ES,2025-05-26 14:05:02
C00002,520.39,purchase,FR,2025-06-06 14:05:02
C00001,1322.62,payment,DE,2025-05-22 14:05:02
C00001,10.85,deposit,ES,2025-06-14 14:05:02
C00002,332.38,payment,DE,2025-06-08 14:05:02
C00002,512.18,payment,DE,2025-06-02 14:05:02
C00002,1079.66,deposit,ES,2025-06-12 14:05:02
C00001,1747.81,purchase,IT,2025-05-26 14:05:02
C00001,1415.96,deposit,ES,2025-06-11 14:05:02
C00001,906.36,transfer,IT,2025-06-14 14:05:02
C00001,1268.4,deposit,IT,2025-06-13 14:05:02
C00002,723.83,payment,ES,2025-06-14 14:05:02
C00378,1141.07,deposit,IT,2025-06-04 14:05:02
C00002,1706.54,deposit,DE,2025-05-29 14:05:02
C00002,768.49,withdrawal,DE,2025-05-26 14:05:02
C00002,1435.8,purchase,FR,2025-05-23 14:05:02
C00001,1497.93,purchase,DE,2025-05-30 14:05:02
C00001,1530.48,deposit,FR,2025-06-05 14:05:02
C00001,1095.14,transfer,FR,2025-05-29 14:05:02
C00001,801.79,payment,ES,2025-06-05 14:05:02
C00002,1965.29,purchase,ES,2025-06-17 14:05:02
C00028,1222.55,withdrawal,DE,2025-05-30 14:05:02
C00001,1224.01,transfer,FR,2025-06-13 14:05:02
C00001,886.11,purchase,ES,2025-06-05 14:05:02
C00061,713.13,deposit,FR,2025-06-11 14:05:02
C00002,1018.41,purchase,DE,2025-05-22 14:05:02
C00001,435.23,payment,ES,2025-05-20 14:05:02
C00001,1119.61,transfer,ES,2025-05-27 14:05:02
C00001,238.95,transfer,DE,2025-06-04 14:05:02
C00001,366.22,purchase,ES,2025-05-21 14:05:02
C00002,649.22,transfer,ES,2025-06-11 14:05:02
C00001,1162.41,transfer,ES,2025-06-15 14:05:02
C00002,1841.76,payment,FR,2025-06-02 14:05:02
C00550,788.16,deposit,FR,2025-06-15 14:05:02
C00608,1515.78,deposit,DE,2025-05-25 14:05:02
C00001,1371.82,deposit,IT,2025-06-02 14:05:02
C00001,1999.14,transfer,DE,2025-05-23 14:05:02
C00001,733.16,deposit,FR,2025-06-04 14:05:02
C00002,1001.89,deposit,FR,2025-06-10 14:05:02
C00002,1274.11,withdrawal,FR,2025-05-27 14:05:02
C00002,615.89,deposit,DE,2025-06-12 14:05:02
C00002,382.51,transfer,DE,2025-05-19 14:05:02
C00001,1497.05,transfer,ES,2025-06-02 14:05:02
C00001,1703.9,payment,IT,2025-06-03 14:05:02
C00001,1362.65,deposit,IT,2025-05-24 14:05:02
C00114,720.88,deposit,FR,2025-05-25 14:05:02
C00857,1023.76,purchase,FR,2025-06-05 14:05:02
C00001,1555.62,payment,FR,2025-05-20 14:05:02
C00002,751.1,transfer,IT,2025-06-11 14:05:02
C00001,721.93,deposit,ES,2025-05-19 14:05:02
C00002,1131.1,deposit,DE,2025-05-24 14:05:02
C00362,753.04,payment,FR,2025-05-25 14:05:02
C00002,819.42,purchase,ES,2025-06-12 14:05:02
C00001,163.35,transfer,DE,2025-05-28 14:05:02
C00249,677.2,purchase,IT,2025-05-21 14:05:02
C00001,99.38,deposit,DE,2025-06-01 14:05:02
C00001,161.56,payment,IT,2025-06-15 14:05:02
C00001,237.48,transfer,DE,2025-06-07 14:05:02
C00002,1153.6,withdrawal,ES,2025-05-18 14:05:02
C00002,42.23,transfer,FR,2025-05-24 14:05:02
C00001,254.55,deposit,ES,2025-06-12 14:05:02
C00001,1940.33,payment,IT,2025-06-06 14:05:02
C00001,1692.7,transfer,DE,2025-06-13 14:05:02
C00001,1021.27,withdrawal,DE,2025-06-05 14:05:02
C00593,1610.91,purchase,IT,2025-05-24 14:05:02
C00002,1703.37,withdrawal,ES,2025-05-25 14:05:02
C00001,1230.52,transfer,DE,2025-05-21 14:05:02
C00001,170.26,withdrawal,FR,2025-06-03 14:05:02
C00002,1464.84,purchase,ES,2025-06-11 14:05:02
C00002,1933.35,withdrawal,DE,2025-05-21 14:05:02
C00001,1691.28,withdrawal,FR,2025-06-07 14:05:02
C00001,433.13,payment,FR,2025-06-05 14:05:02
C00001,184.73,deposit,ES,2025-05-25 14:05:02
C00395,695.48,deposit,ES,2025-05-24 14:05:02
C00001,1447.51,purchase,DE,2025-05-24 14:05:02
C00570,737.97,payment,ES,2025-05-20 14:05:02
C00001,1887.1,transfer,IT,2025-06-15 14:05:02
C00273,151.63,deposit,ES,2025-06-05 14:05:02
C00001,1226.59,withdrawal,IT,2025-06-07 14:05:02
C00514,1116.02,purchase,DE,2025-05-23 14:05:02
C00912,1649.17,transfer,DE,2025-05-23 14:05:02
C00002,294.14,deposit,FR,2025-06-17 14:05:02
C00002,1851.1,withdrawal,FR,2025-05-19 14:05:02
C00002,609.99,transfer,DE,2025-06-11 14:05:02
C00001,92.42,withdrawal,DE,2025-05-26 14:05:02
C00002,1660.59,payment,FR,2025-05-30 14:05:02
C00002,1130.02,purchase,ES,2025-06-01 14:05:02
C00002,1278.46,purchase,DE,2025-06-04 14:05:02
C00002,1933.64,payment,IT,2025-06-15 14:05:02
C00234,770.01,transfer,DE,2025-06-12 14:05:02
C00002,836.47,withdrawal,FR,2025-05-24 14:05:02
C00001,1913.32,deposit,ES,2025-05-21 14:05:02
C00001,673.54,purchase,IT,2025-06-08 14:05:02
C00465,1464.3,payment,ES,2025-06-03 14:05:02
C00001,1075.98,transfer,ES,2025-05-18 14:05:02
C00001,59.83,payment,ES,2025-06-09 14:05:02
C00437,613.07,transfer,FR,2025-06-06 14:05:02
C00002,1125.84,payment,ES,2025-05-26 14:05:02
C00002,908.95,purchase,IT,2025-06-01 14:05:02
C00907,889.1,transfer,IT,2025-06-03 14:05:02
C00002,51.43,payment,FR,2025-06-06 14:05:02
C00001,1954.55,payment,FR,2025-06-02 14:05:02
C00002,986.63,purchase,ES,2025-05-19 14:05:02
C00002,867.78,deposit,IT,2025-05-21 14:05:02
C00001,1602.56,purchase,FR,2025-05-20 14:05:02
C00001,926.71,transfer,IT,2025-06-15 14:05:02
C00001,371.94,deposit,IT,2025-06-13 14:05:02
C00002,1929.84,purchase,ES,2025-05-19 14:05:02
C00002,310.7,payment,IT,2025-05-28 14:05:02
C00001,1908.03,payment,DE,2025-05-18 14:05:02
C00002,1089.28,withdrawal,FR,2025-05-30 14:05:02
C00001,273.65,purchase,ES,2025-06-10 14:05:02
C00001,1702.36,deposit,IT,2025-06-11 14:05:02
C00001,744.59,deposit,DE,2025-05-26 14:05:02
C00001,685.22,deposit,FR,2025-06-14 14:05:02
C00158,145.19,deposit,IT,2025-06-17 14:05:02
C00002,1056.22,transfer,ES,2025-05-21 14:05:02
C00002,1462.2,transfer,IT,2025-06-12 14:05:02
C00002,1792.06,purchase,DE,2025-05-24 14:05:02
C00001,1923.14,withdrawal,DE,2025-06-10 14:05:02
C00002,912.24,purchase,ES,2025-06-03 14:05:02
C00001,1331.04,withdrawal,DE,2025-06-16 14:05:02
C00001,647.36,transfer,FR,2025-06-10 14:05:02
C00952,1931.04,transfer,DE,2025-06-14 14:05:02
C00001,588.64,purchase,FR,2025-05-24 14:05:02
C00001,1844.12,withdrawal,ES,2025-06-05 14:05:02
C00001,701.15,payment,FR,2025-06-08 14:05:02
C00320,1593.51,deposit,ES,2025-05-26 14:05:02
C00001,558.83,withdrawal,IT,2025-06-05 14:05:02
C00002,164.73,payment,IT,2025-05-31 14:05:02
C00001,1999.98,deposit,FR,2025-05-20 14:05:02
C00002,456.99,withdrawal,DE,2025-05-19 14:05:02
C00002,1064.11,withdrawal,ES,2025-06-05 14:05:02
C00001,1668.33,purchase,FR,2025-06-01 14:05:02
C00001,169.44,transfer,FR,2025-06-12 14:05:02
C00001,1258.83,transfer,ES,2025-06-10 14:05:02
C00866,680.49,purchase,FR,2025-05-31 14:05:02
C00001,433.56,withdrawal,IT,2025-05-25 14:05:02
C00002,227.97,payment,ES,2025-05-31 14:05:02
C00001,1913.98,payment,IT,2025-06-11 14:05:02
C00001,1989.87,purchase,DE,2025-05-22 14:05:02
C00001,578.69,deposit,IT,2025-05-30 14:05:02
C00001,1453.55,transfer,ES,2025-06-03 14:05:02
C00002,581.01,withdrawal,ES,2025-06-12 14:05:02
C00001,1633.15,payment,IT,2025-06-04 14:05:02
C00001,399.23,purchase,IT,2025-05-28 14:05:02
C00001,1956.63,payment,ES,2025-05-30 14:05:02
C00001,834.83,transfer,ES,2025-06-12 14:05:02
C00001,426.43,transfer,DE,2025-05-31 14:05:02
C00002,668.65,withdrawal,FR,2025-05-22 14:05:02
C00001,550.76,payment,ES,2025-05-30 14:05:02
C00001,1276.12,payment,ES,2025-06-07 14:05:02
C00001,1938.56,payment,IT,2025-05-27 14:05:02
C00001,1620.95,transfer,IT,2025-05-21 14:05:02
C00002,191.92,deposit,ES,2025-06-03 14:05:02
C00002,15.47,payment,IT,2025-05-25 14:05:02
C00002,1173.86,withdrawal,ES,2025-06-01 14:05:02
C00868,1786.75,deposit,FR,2025-05-25 14:05:02
C00002,709.82,purchase,FR,2025-05-28 14:05:02
C00002,502.4,purchase,DE,2025-05-29 14:05:02
C00001,963.66,withdrawal,IT,2025-05-29 14:05:02
C00857,1966.66,deposit,IT,2025-06-14 14:05:02
C00390,1825.11,purchase,IT,2025-05-23 14:05:02
C00002,1364.85,transfer,IT,2025-06-08 14:05:02
C00002,1529.33,purchase,DE,2025-05-29 14:05:02
C00001,1522.05,withdrawal,ES,2025-06-03 14:05:02
C00001,1179.94,payment,DE,2025-05-24 14:05:02
C00001,410.2,payment,ES,2025-06-12 14:05:02
C00001,1751.99,purchase,FR,2025-05-25 14:05:02
C00002,1553.54,payment,DE,2025-06-01 14:05:02
C00001,593.19,withdrawal,IT,2025-06-08 14:05:02
C00002,103.14,deposit,DE,2025-06-09 14:05:02
C00002,1063.2,deposit,ES,2025-06-13 14:05:02
C00002,1223.49,purchase,ES,2025-06-11 14:05:02
C00002,700.66,deposit,IT,2025-05-22 14:05:02
C00042,1805.45,withdrawal,DE,2025-05-23 14:05:02
C00002,137.76,transfer,DE,2025-05-29 14:05:02
C00001,932.9,payment,ES,2025-06-10 14:05:02
C00001,1988.86,withdrawal,ES,2025-06-11 14:05:02
C00001,1067.4,deposit,IT,2025-05-30 14:05:02
C00002,438.77,purchase,IT,2025-06-15 14:05:02
C00001,1616.9,transfer,DE,2025-05-22 14:05:02
C00001,967.6,deposit,ES,2025-06-07 14:05:02
C00001,1846.79,payment,DE,2025-05-26 14:05:02
C00001,612.5,deposit,IT,2025-05-23 14:05:02
C00788,1724.67,transfer,IT,2025-05-18 14:05:02
C00002,1772.15,withdrawal,FR,2025-06-10 14:05:02
C00002,1989.52,transfer,ES,2025-05-23 14:05:02
C00001,1716.5,withdrawal,FR,2025-06-16 14:05:02
C00002,533.96,withdrawal,FR,2025-06-08 14:05:02
C00001,1387.03,transfer,ES,2025-05-21 14:05:02
C00002,1240.39,purchase,ES,2025-06-17 14:05:02
C00001,1462.96,deposit,DE,2025-05-30 14:05:02
C00002,1054.61,withdrawal,DE,2025-06-10 14:05:02
C00001,1521.64,withdrawal,ES,2025-05-29 14:05:02
C00803,1215.15,deposit,ES,2025-05-23 14:05:02
C00001,753.03,deposit,DE,2025-05-18 14:05:02
C00002,43.43,deposit,FR,2025-06-14 14:05:02
C00002,988.61,payment,DE,2025-06-05 14:05:02
C00300,1226.71,purchase,FR,2025-06-11 14:05:02
C00001,1390.44,withdrawal,IT,2025-05-23 14:05:02
C00002,535.8,deposit,ES,2025-06-08 14:05:02
C00002,1911.02,transfer,FR,2025-05-27 14:05:02
C00001,1744.02,payment,IT,2025-05-21 14:05:02
C00002,627.16,deposit,DE,2025-06-10 14:05:02
C00001,993.59,deposit,DE,2025-06-04 14:05:02
C00001,1345.9,withdrawal,FR,2025-05-23 14:05:02
C00002,1516.69,purchase,IT,2025-06-10 14:05:02
C00001,461.81,payment,ES,2025-06-15 14:05:02
C00002,1648.42,deposit,DE,2025-05-22 14:05:02
C00709,1450.21,withdrawal,ES,2025-05-18 14:05:02
C00002,1045.55,deposit,FR,2025-05-29 14:05:02
C00002,707.78,payment,DE,2025-06-02 14:05:02
C00002,1202.62,transfer,FR,2025-06-16 14:05:02
C00001,1097.48,deposit,FR,2025-06-12 14:05:02
C00001,1608.63,purchase,DE,2025-06-15 14:05:02
C00420,831.39,purchase,ES,2025-06-01 14:05:02
C00001,862.72,purchase,FR,2025-05-20 14:05:02
C00001,393.01,withdrawal,FR,2025-06-07 14:05:02
C00002,585.66,purchase,FR,2025-06-15 14:05:02
C00589,1071.86,deposit,FR,2025-06-16 14:05:02
C00945,14.84,payment,ES,2025-05-24 14:05:02
C00002,481.9,purchase,ES,2025-06-09 14:05:02
C00002,595.13,purchase,DE,2025-05-30 14:05:02
C00001,1923.23,payment,FR,2025-05-22 14:05:02
C00375,1776.37,transfer,IT,2025-06-10 14:05:02
C00001,335.66,payment,FR,2025-05-20 14:05:02
C00367,116.33,deposit,IT,2025-05-31 14:05:02
C00002,40.59,transfer,FR,2025-05-28 14:05:02
C00874,32.33,deposit,ES,2025-06-15 14:05:02
C00001,1663.65,transfer,ES,2025-05-22 14:05:02
C00002,1732.08,purchase,ES,2025-05-25 14:05:02
C00001,483.08,deposit,IT,2025-06-02 14:05:02
C00002,755.93,withdrawal,ES,2025-05-31 14:05:02
C00001,341.39,purchase,ES,2025-06-17 14:05:02
C00494,1991.01,withdrawal,ES,2025-05-22 14:05:02
C00001,1235.48,transfer,ES,2025-06-05 14:05:02
C00002,315.34,purchase,DE,2025-06-05 14:05:02
C00002,929.66,payment,FR,2025-05-20 14:05:02
C00002,794.8,purchase,FR,2025-06-16 14:05:02
C00002,231.3,purchase,DE,2025-06-09 14:05:02
C00541,843.47,withdrawal,ES,2025-05-29 14:05:02
C00001,446.7,transfer,DE,2025-05-22 14:05:02
C00001,1367.35,transfer,ES,2025-05-29 14:05:02
C00001,1445.36,withdrawal,IT,2025-06-05 14:05:02
C00002,186.05,transfer,IT,2025-05-28 14:05:02
C00001,695.5,purchase,DE,2025-06-07 14:05:02
C00002,1601.53,deposit,IT,2025-06-12 14:05:02
C00002,722.11,withdrawal,DE,2025-06-06 14:05:02
C00002,866.31,withdrawal,FR,2025-05-29 14:05:02
C00002,518.08,purchase,DE,2025-06-17 14:05:02
C00002,379.06,transfer,IT,2025-06-04 14:05:02
C00001,578.28,purchase,ES,2025-06-16 14:05:02
C00001,1145.27,payment,DE,2025-05-23 14:05:02
C00001,303.41,purchase,FR,2025-06-15 14:05:02
C00002,260.8,payment,FR,2025-05-23 14:05:02
C00283,1663.43,purchase,IT,2025-06-08 14:05:02
C00001,1963.41,deposit,DE,2025-06-01 14:05:02
C00001,210.92,payment,FR,2025-06-11 14:05:02
C00001,422.47,payment,FR,2025-06-07 14:05:02
C00002,953.86,transfer,FR,2025-05-22 14:05:02
C00002,1387.25,purchase,IT,2025-05-20 14:05:02
C00002,399.98,deposit,DE,2025-05-28 14:05:02
C00001,550.13,withdrawal,ES,2025-05-29 14:05:02
C00001,145.57,transfer,DE,2025-05-28 14:05:02
C00001,1364.54,transfer,FR,2025-06-09 14:05:02
C00193,406.83,transfer,DE,2025-06-05 14:05:02
C00001,606.56,withdrawal,IT,2025-06-10 14:05:02
C00989,1031.9,purchase,ES,2025-05-23 14:05:02
C00002,1221.84,transfer,FR,2025-05-25 14:05:02
C00001,1520.91,withdrawal,DE,2025-06-14 14:05:02
C00731,1833.78,purchase,FR,2025-06-07 14:05:02
C00001,1407.39,withdrawal,DE,2025-06-03 14:05:02
C00001,1213.22,transfer,FR,2025-05-27 14:05:02
C00550,1779.29,deposit,IT,2025-05-28 14:05:02
C00002,1137.42,deposit,IT,2025-06-10 14:05:02
C00001,1980.19,purchase,ES,2025-05-26 14:05:02
C00002,501.91,transfer,DE,2025-06-09 14:05:02
C00002,660.26,deposit,FR,2025-06-10 14:05:02
C00001,392.82,deposit,IT,2025-06-07 14:05:02
C00002,1436.54,payment,IT,2025-05-20 14:05:02
C00001,936.01,withdrawal,ES,2025-05-27 14:05:02
C00001,1995.53,deposit,ES,2025-06-01 14:05:02
C00001,883.18,purchase,IT,2025-05-29 14:05:02
C00001,752.23,transfer,ES,2025-05-24 14:05:02
C00002,1149.53,withdrawal,DE,2025-06-06 14:05:02
C00002,981.91,transfer,DE,2025-06-12 14:05:02
C00001,1662.51,deposit,ES,2025-06-06 14:05:02
C00884,1385.88,transfer,ES,2025-06-13 14:05:02
C00001,1427.57,payment,ES,2025-06-13 14:05:02
C00002,838.94,withdrawal,IT,2025-05-27 14:05:02
C00002,733.41,deposit,DE,2025-06-14 14:05:02
C00002,1502.13,deposit,ES,2025-06-16 14:05:02
C00001,601.01,deposit,DE,2025-06-03 14:05:02
C00002,95.82,deposit,DE,2025-05-18 14:05:02
C00001,812.18,transfer,FR,2025-05-22 14:05:02
C00002,1444.28,payment,DE,2025-05-30 14:05:02
C00002,1861.41,transfer,DE,2025-06-11 14:05:02
C00001,731.79,transfer,FR,2025-05-31 14:05:02
C00001,1916.75,payment,FR,2025-05-30 14:05:02
C00001,23.42,purchase,FR,2025-06-16 14:05:02
C00001,311.14,withdrawal,IT,2025-06-02 14:05:02
C00002,1132.36,deposit,FR,2025-06-03 14:05:02
C00001,1430.72,payment,DE,2025-05-23 14:05:02
C00001,754.87,payment,ES,2025-06-04 14:05:02
C00002,1548.78,purchase,DE,2025-05-22 14:05:02
C00001,239.6,withdrawal,DE,2025-05-18 14:05:02
C00002,832.3,transfer,DE,2025-06-11 14:05:02
C00001,747.28,transfer,FR,2025-06-17 14:05:02
C00498,1428.81,payment,DE,2025-05-26 14:05:02
C00001,305.12,deposit,DE,2025-06-03 14:05:02
C00001,1364.63,purchase,DE,2025-06-16 14:05:02
C00001,1511.83,purchase,ES,2025-06-15 14:05:02
C00001,806.86,deposit,ES,2025-05-18 14:05:02
C00001,1374.39,withdrawal,ES,2025-05-28 14:05:02
C00001,270.9,withdrawal,ES,2025-06-11 14:05:02
C00675,704.98,purchase,ES,2025-05-22 14:05:02
C00767,782.03,payment,DE,2025-06-01 14:05:02
C00002,1341.67,purchase,ES,2025-05-22 14:05:02
C00002,1660.6,withdrawal,DE,2025-05-31 14:05:02
C00002,372.04,withdrawal,ES,2025-05-28 14:05:02
C00001,1559.49,payment,DE,2025-05-29 14:05:02
C00002,879.31,deposit,ES,2025-06-03 14:05:02
C00001,1997.5,transfer,FR,2025-05-18 14:05:02
C00001,231.79,deposit,DE,2025-06-16 14:05:02
C00001,1255.17,withdrawal,IT,2025-06-04 14:05:02
C00001,1907.21,purchase,ES,2025-05-21 14:05:02
C00001,1997.16,payment,DE,2025-05-24 14:05:02
C00001,1090.67,payment,FR,2025-05-26 14:05:02
C00002,1504.18,purchase,IT,2025-05-26 14:05:02
C00001,1055.3,payment,FR,2025-05-26 14:05:02
C00001,718.25,transfer,ES,2025-05-19 14:05:02
C00001,1237.95,payment,FR,2025-05-22 14:05:02
C00721,661.25,purchase,FR,2025-05-22 14:05:02
C00001,1394.99,deposit,FR,2025-05-24 14:05:02
C00102,353.71,payment,FR,2025-05-19 14:05:02
C00001,703.62,deposit,DE,2025-06-15 14:05:02
C00001,1825.17,withdrawal,IT,2025-06-06 14:05:02
C00001,324.87,transfer,ES,2025-05-29 14:05:02
C00002,245.0,purchase,ES,2025-05-26 14:05:02
C00002,1582.45,deposit,FR,2025-06-03 14:05:02
C00002,1401.12,purchase,FR,2025-06-09 14:05:02
C00001,37.07,payment,DE,2025-06-06 14:05:02
C00001,817.05,withdrawal,DE,2025-05-27 14:05:02
C00297,37.51,deposit,FR,2025-06-10 14:05:02
C00002,411.06,purchase,DE,2025-05-20 14:05:02
C00002,104.71,deposit,IT,2025-06-10 14:05:02
C00002,1649.32,payment,ES,2025-06-02 14:05:02
C00002,1991.98,withdrawal,IT,2025-06-10 14:05:02
C00001,1917.54,purchase,ES,2025-06-01 14:05:02
C00002,353.89,purchase,DE,2025-06-12 14:05:02
C00001,1181.71,deposit,FR,2025-06-12 14:05:02
C00001,370.28,purchase,ES,2025-05-27 14:05:02
C00001,109.44,purchase,FR,2025-06-17 14:05:02
C00001,22.64,payment,DE,2025-05-19 14:05:02
C00001,1791.43,transfer,DE,2025-06-12 14:05:02
C00002,19.49,withdrawal,IT,2025-05-26 14:05:02
C00002,472.61,deposit,DE,2025-05-25 14:05:02
C00002,1661.0,deposit,IT,2025-06-15 14:05:02
C00002,1352.99,withdrawal,DE,2025-05-25 14:05:02
C00001,1107.73,withdrawal,IT,2025-05-19 14:05:02
C00814,501.99,payment,ES,2025-05-24 14:05:02
C00001,1540.86,deposit,IT,2025-05-25 14:05:02
C00002,106.26,purchase,DE,2025-06-17 14:05:02
C00001,98.24,withdrawal,DE,2025-06-10 14:05:02
C00002,1170.44,withdrawal,FR,2025-06-17 14:05:02
C00001,1984.46,payment,ES,2025-05-20 14:05:02
C00001,314.68,payment,IT,2025-06-08 14:05:02
C00002,1680.57,payment,IT,2025-05-29 14:05:02
C00966,604.62,transfer,DE,2025-06-03 14:05:02
C00001,1145.54,transfer,DE,2025-06-08 14:05:02
C00001,817.36,withdrawal,FR,2025-06-02 14:05:02
C00001,701.64,payment,ES,2025-06-06 14:05:02
C00001,19.43,transfer,IT,2025-06-17 14:05:02
C00001,901.35,transfer,FR,2025-06-09 14:05:02
C00427,877.88,transfer,DE,2025-06-02 14:05:02
C00001,1552.54,payment,FR,2025-05-27 14:05:02
C00668,1221.7,withdrawal,FR,2025-06-14 14:05:02
C00001,1317.97,deposit,IT,2025-05-22 14:05:02
C00002,874.84,payment,IT,2025-06-15 14:05:02
C00001,1751.28,deposit,IT,2025-06-03 14:05:02
C00002,1999.53,withdrawal,ES,2025-06-02 14:05:02
C00002,1648.22,payment,FR,2025-05-18 14:05:02
C00062,1402.56,payment,IT,2025-05-24 14:05:02
C00001,155.88,withdrawal,IT,2025-05-22 14:05:02
C00002,1319.81,withdrawal,FR,2025-06-09 14:05:02
C00151,39.63,payment,ES,2025-05-19 14:05:02
C00002,1083.0,transfer,ES,2025-05-20 14:05:02
C00001,285.28,withdrawal,IT,2025-06-04 14:05:02
C00002,1510.58,deposit,FR,2025-05-30 14:05:02
C00002,716.5,deposit,IT,2025-06-14 14:05:02
C00002,719.83,withdrawal,ES,2025-06-17 14:05:02
C00002,1034.78,withdrawal,ES,2025-05-31 14:05:02
C00819,945.26,deposit,FR,2025-06-15 14:05:02
C00002,1476.68,payment,IT,2025-05-26 14:05:02
C00001,966.53,payment,FR,2025-06-01 14:05:02
C00001,913.64,payment,FR,2025-06-11 14:05:02
C00002,707.63,deposit,IT,2025-05-19 14:05:02
C00002,1686.01,withdrawal,IT,2025-06-02 14:05:02
C00001,1135.36,payment,DE,2025-06-12 14:05:02
C00002,1742.82,deposit,DE,2025-06-15 14:05:02
C00001,1173.56,purchase,DE,2025-06-10 14:05:02
C00001,1649.09,deposit,DE,2025-05-23 14:05:02
C00752,646.3,purchase,FR,2025-06-03 14:05:02
C00002,1678.59,purchase,IT,2025-05-26 14:05:02
C00706,525.12,purchase,FR,2025-06-02 14:05:02
C00002,1990.11,deposit,ES,2025-06-04 14:05:02
C00001,59.17,deposit,DE,2025-05-18 14:05:02
C00002,483.72,deposit,DE,2025-06-06 14:05:02
C00001,1083.58,transfer,IT,2025-05-24 14:05:02
C00001,1707.94,deposit,DE,2025-06-06 14:05:02
C00001,911.86,purchase,ES,2025-05-22 14:05:02
C00002,1293.9,withdrawal,DE,2025-05-31 14:05:02
C00001,1135.29,purchase,DE,2025-06-05 14:05:02
C00786,678.09,transfer,DE,2025-05-24 14:05:02
C00002,1822.11,deposit,DE,2025-06-11 14:05:02
C00965,708.5,deposit,DE,2025-06-13 14:05:02
C00002,1848.39,transfer,DE,2025-05-30 14:05:02
C00001,1313.06,payment,FR,2025-05-23 14:05:02
C00023,1893.56,deposit,ES,2025-06-16 14:05:02
C00001,613.52,withdrawal,DE,2025-05-22 14:05:02
C00002,1239.64,payment,DE,2025-06-10 14:05:02
C00001,1219.21,deposit,FR,2025-06-11 14:05:02
C00001,1748.86,purchase,FR,2025-06-07 14:05:02
C00001,41.62,purchase,IT,2025-06-14 14:05:02
C00002,1754.64,payment,FR,2025-06-10 14:05:02
C00001,1081.5,transfer,ES,2025-06-15 14:05:02
C00001,356.24,deposit,FR,2025-06-05 14:05:02
C00001,1970.08,transfer,DE,2025-06-11 14:05:02
C00002,910.61,payment,IT,2025-05-22 14:05:02
C00002,1403.87,purchase,ES,2025-05-27 14:05:02
C00002,1121.44,deposit,ES,2025-06-14 14:05:02
C00002,1382.53,purchase,IT,2025-05-19 14:05:02
C00001,503.89,payment,DE,2025-06-15 14:05:02
C00001,1894.14,payment,ES,2025-06-05 14:05:02
C00001,1706.97,purchase,FR,2025-05-25 14:05:02
C00002,1638.56,payment,DE,2025-06-15 14:05:02
C00001,848.63,purchase,ES,2025-05-20 14:05:02
C00001,1653.93,purchase,ES,2025-06-02 14:05:02
C00001,227.81,transfer,IT,2025-05-24 14:05:02
C00001,1976.25,purchase,IT,2025-06-07 14:05:02
C00874,706.82,deposit,DE,2025-05-24 14:05:02
C00002,609.07,withdrawal,FR,2025-06-14 14:05:02
C00001,740.77,withdrawal,ES,2025-06-17 14:05:02
C00001,1378.96,payment,FR,2025-05-23 14:05:02
C00001,262.28,purchase,FR,2025-05-25 14:05:02
C00002,364.58,payment,ES,2025-05-20 14:05:02
C00001,1076.88,purchase,IT,2025-05-26 14:05:02
C00002,426.09,deposit,ES,2025-06-04 14:05:02
C00001,108.88,payment,DE,2025-05-20 14:05:02
C00002,905.88,deposit,FR,2025-06-09 14:05:02
C00406,1758.6,deposit,ES,2025-05-26 14:05:02
C00411,1182.67,payment,DE,2025-06-11 14:05:02
C00001,1458.26,purchase,DE,2025-05-20 14:05:02
C00800,517.88,payment,IT,2025-05-25 14:05:02
C00002,129.18,transfer,IT,2025-06-03 14:05:02
C00002,118.66,deposit,IT,2025-06-06 14:05:02
C00001,1867.11,transfer,IT,2025-06-17 14:05:02
C00002,884.9,transfer,DE,2025-06-16 14:05:02
C00002,1690.29,payment,IT,2025-06-14 14:05:02
C00001,156.07,deposit,IT,2025-06-12 14:05:02
C00002,529.4,transfer,ES,2025-06-12 14:05:02
C00002,1915.71,deposit,FR,2025-05-25 14:05:02
C00002,223.71,purchase,ES,2025-06-05 14:05:02
C00002,1998.42,transfer,DE,2025-06-14 14:05:02
C00190,824.71,withdrawal,FR,2025-06-13 14:05:02
C00002,1770.26,deposit,IT,2025-05-30 14:05:02
C00001,1044.99,withdrawal,FR,2025-05-26 14:05:02
C00002,1763.31,purchase,FR,2025-05-19 14:05:02
C00002,129.28,deposit,ES,2025-06-01 14:05:02
C00002,1774.3,payment,DE,2025-05-23 14:05:02
C00002,1592.42,deposit,IT,2025-05-31 14:05:02
C00002,1294.68,purchase,FR,2025-06-09 14:05:02
C00001,1037.56,transfer,IT,2025-05-28 14:05:02
C00001,1834.48,withdrawal,DE,2025-05-18 14:05:02
C00001,648.66,purchase,FR,2025-05-21 14:05:02
C00142,1005.26,transfer,IT,2025-05-26 14:05:02
C00001,1284.22,deposit,FR,2025-06-13 14:05:02
C00001,1196.57,payment,DE,2025-06-16 14:05:02
C00001,942.22,withdrawal,DE,2025-05-29 14:05:02
C00002,959.76,transfer,FR,2025-06-08 14:05:02
C00001,637.45,payment,DE,2025-05-23 14:05:02
C00001,1712.51,deposit,DE,2025-06-03 14:05:02
C00002,1700.19,purchase,DE,2025-06-13 14:05:02
C00001,14.87,payment,IT,2025-05-22 14:05:02
C00066,22.09,withdrawal,IT,2025-06-12 14:05:02
C00001,1648.91,purchase,FR,2025-05-27 14:05:02
C00001,1586.09,purchase,IT,2025-06-16 14:05:02
C00258,858.54,transfer,FR,2025-05-22 14:05:02
C00508,1740.5,withdrawal,DE,2025-06-09 14:05:02
C00002,868.46,purchase,FR,2025-05-27 14:05:02
C00001,1850.97,purchase,ES,2025-05-25 14:05:02
C00001,149.37,transfer,IT,2025-05-30 14:05:02
C00002,459.11,purchase,ES,2025-06-12 14:05:02
C00001,204.62,payment,ES,2025-06-14 14:05:02
C00002,1421.31,payment,ES,2025-06-13 14:05:02
C00002,1627.41,purchase,ES,2025-06-02 14:05:02
C00001,387.99,payment,DE,2025-06-13 14:05:02
C00001,15.63,purchase,ES,2025-05-27 14:05:02
C00001,1131.79,purchase,DE,2025-05-26 14:05:02
C00001,1122.43,deposit,DE,2025-06-14 14:05:02
C00002,127.52,transfer,IT,2025-05-24 14:05:02
C00300,1656.89,withdrawal,DE,2025-06-14 14:05:02
C00911,1893.33,payment,IT,2025-05-20 14:05:02
C00001,107.13,withdrawal,ES,2025-05-28 14:05:02
C00001,1016.32,withdrawal,DE,2025-06-08 14:05:02
C00001,79.47,purchase,DE,2025-06-05 14:05:02
C00002,478.52,payment,ES,2025-05-27 14:05:02
C00001,1096.01,payment,IT,2025-06-12 14:05:02
C00001,137.97,payment,DE,2025-05-24 14:05:02
C00001,1163.89,purchase,IT,2025-05-30 14:05:02
C00002,1276.16,transfer,FR,2025-05-24 14:05:02
C00002,324.58,transfer,IT,2025-06-03 14:05:02
C00002,856.59,purchase,ES,2025-05-25 14:05:02
C00001,292.97,payment,ES,2025-06-03 14:05:02
C00002,1647.5,transfer,FR,2025-06-06 14:05:02
C00001,1457.05,deposit,DE,2025-06-02 14:05:02
C00254,692.59,purchase,IT,2025-06-11 14:05:02
C00226,1684.12,transfer,FR,2025-05-25 14:05:02
C00002,170.8,transfer,FR,2025-06-03 14:05:02
C00001,517.1,withdrawal,FR,2025-05-18 14:05:02
C00001,565.93,deposit,FR,2025-05-30 14:05:02
C00002,1866.05,payment,ES,2025-06-09 14:05:02
C00599,290.38,withdrawal,FR,2025-06-08 14:05:02
C00001,334.4,purchase,IT,2025-05-22 14:05:02
C00001,100.54,payment,FR,2025-06-08 14:05:02
C00002,1057.87,purchase,DE,2025-05-25 14:05:02
C00659,719.35,deposit,DE,2025-06-12 14:05:02
C00001,933.22,transfer,FR,2025-06-15 14:05:02
C00001,778.76,purchase,IT,2025-06-05 14:05:02
C00002,479.94,withdrawal,IT,2025-06-12 14:05:02
C00002,686.73,payment,FR,2025-06-15 14:05:02
C00002,1752.62,payment,ES,2025-05-19 14:05:02
C00001,1916.43,payment,FR,2025-05-20 14:05:02
C00245,97.0,withdrawal,ES,2025-05-27 14:05:02
C00001,1850.35,transfer,DE,2025-06-05 14:05:02
C00002,243.28,purchase,IT,2025-05-19 14:05:02
C00001,1942.6,purchase,DE,2025-06-10 14:05:02
C00001,1294.81,transfer,DE,2025-06-16 14:05:02
C00002,1449.25,withdrawal,FR,2025-06-08 14:05:02
C00159,506.02,withdrawal,ES,2025-05-18 14:05:02
C00001,1315.45,transfer,ES,2025-06-16 14:05:02
C00001,1455.21,deposit,IT,2025-05-30 14:05:02
C00002,1256.01,deposit,ES,2025-05-27 14:05:02
C00002,1320.15,withdrawal,ES,2025-05-26 14:05:02
C00539,1363.31,deposit,IT,2025-06-03 14:05:02
C00697,1782.57,deposit,IT,2025-05-30 14:05:02
C00001,1602.12,withdrawal,ES,2025-05-19 14:05:02
C00001,449.11,withdrawal,ES,2025-05-20 14:05:02
C00001,1722.8,transfer,IT,2025-05-19 14:05:02
C00001,884.64,payment,FR,2025-06-03 14:05:02
C00846,1579.32,payment,ES,2025-05-18 14:05:02
C00001,870.3,withdrawal,FR,2025-06-05 14:05:02
C00002,621.14,purchase,IT,2025-06-10 14:05:02
C00002,664.27,withdrawal,FR,2025-06-16 14:05:02
C00002,567.47,payment,FR,2025-05-22 14:05:02
C00002,32.1,withdrawal,IT,2025-05-29 14:05:02
C00001,1335.07,withdrawal,IT,2025-06-04 14:05:02
C00002,1667.51,deposit,FR,2025-06-13 14:05:02
C00002,1160.23,withdrawal,IT,2025-06-14 14:05:02
C00001,1358.62,deposit,DE,2025-06-14 14:05:02
C00002,243.4,transfer,DE,2025-06-08 14:05:02
C00002,764.66,deposit,FR,2025-06-04 14:05:02
C00002,791.73,deposit,DE,2025-05-27 14:05:02
C00001,575.89,transfer,IT,2025-05-21 14:05:02
C00002,776.32,purchase,ES,2025-05-30 14:05:02
C00001,1599.93,transfer,FR,2025-05-23 14:05:02
C00002,921.38,purchase,ES,2025-06-10 14:05:02
C00001,729.16,deposit,ES,2025-06-06 14:05:02
C00002,1754.5,deposit,ES,2025-06-09 14:05:02
C00001,1167.11,withdrawal,FR,2025-05-24 14:05:02
C00002,431.53,payment,FR,2025-06-11 14:05:02
C00001,1083.95,transfer,IT,2025-05-28 14:05:02
C00001,876.86,payment,IT,2025-06-06 14:05:02
C00001,1787.51,withdrawal,IT,2025-06-14 14:05:02
C00002,437.45,purchase,ES,2025-06-02 14:05:02
C00061,1887.27,purchase,ES,2025-05-24 14:05:02
C00001,248.66,transfer,FR,2025-06-03 14:05:02
C00002,1219.41,transfer,FR,2025-05-28 14:05:02
C00528,1785.44,transfer,ES,2025-06-17 14:05:02
C00001,798.05,purchase,FR,2025-05-30 14:05:02
C00771,671.24,purchase,DE,2025-05-18 14:05:02
C00001,1099.89,transfer,IT,2025-06-13 14:05:02
C00001,1417.75,deposit,IT,2025-06-10 14:05:02
C00002,244.36,transfer,FR,2025-05-28 14:05:02
C00002,553.88,transfer,DE,2025-05-31 14:05:02
C00002,1555.81,transfer,IT,2025-06-17 14:05:02
C00819,917.29,deposit,ES,2025-06-14 14:05:02
C00001,759.59,transfer,ES,2025-06-16 14:05:02
C00001,1900.06,payment,IT,2025-06-17 14:05:02
C00001,666.45,transfer,IT,2025-05-25 14:05:02
C00001,1863.32,deposit,FR,2025-06-04 14:05:02
C00001,152.66,withdrawal,FR,2025-06-11 14:05:02
C00001,1736.27,purchase,DE,2025-06-10 14:05:02
C00001,1397.34,purchase,ES,2025-05-30 14:05:02
C00001,347.87,payment,IT,2025-05-25 14:05:02
C00002,254.63,payment,IT,2025-05-31 14:05:02
C00001,284.26,deposit,IT,2025-05-19 14:05:02
C00001,1348.45,deposit,DE,2025-06-13 14:05:02
C00001,97.84,deposit,DE,2025-05-27 14:05:02
C00306,466.19,purchase,IT,2025-06-03 14:05:02
C00002,1996.96,purchase,DE,2025-05-29 14:05:02
C00001,759.1,deposit,ES,2025-06-14 14:05:02
C00001,768.05,withdrawal,DE,2025-06-12 14:05:02
C00002,1035.64,purchase,DE,2025-05-23 14:05:02
C00001,956.32,deposit,DE,2025-05-19 14:05:02
C00002,1276.98,deposit,ES,2025-05-25 14:05:02
C00001,1764.61,withdrawal,DE,2025-05-26 14:05:02
C00001,1817.34,deposit,ES,2025-06-10 14:05:02
C00001,190.82,purchase,IT,2025-05-25 14:05:02
C00001,1973.87,deposit,ES,2025-05-26 14:05:02
C00001,1485.51,withdrawal,ES,2025-05-18 14:05:02
C00001,441.1,purchase,DE,2025-05-25 14:05:02
C00002,16.24,transfer,IT,2025-06-12 14:05:02
C00001,1100.46,withdrawal,DE,2025-06-17 14:05:02
C00001,1788.72,withdrawal,FR,2025-06-02 14:05:02
C00001,171.92,purchase,IT,2025-05-30 14:05:02
C00002,1965.43,deposit,DE,2025-05-18 14:05:02
C00001,128.63,withdrawal,ES,2025-06-16 14:05:02
C00001,1411.51,payment,IT,2025-05-25 14:05:02
C00001,1454.14,deposit,DE,2025-05-29 14:05:02
C00001,482.63,deposit,ES,2025-05-21 14:05:02
C00126,470.03,payment,IT,2025-05-29 14:05:02
C00001,876.35,deposit,ES,2025-05-18 14:05:02
C00001,1241.83,transfer,ES,2025-05-19 14:05:02
C00001,745.35,withdrawal,IT,2025-06-12 14:05:02
C00001,72.86,deposit,FR,2025-05-28 14:05:02
C00002,688.61,purchase,IT,2025-06-13 14:05:02
C00002,822.06,withdrawal,FR,2025-06-07 14:05:02
C00001,915.53,deposit,IT,2025-05-30 14:05:02
C00267,1110.39,purchase,IT,2025-05-30 14:05:02
C00002,1791.61,payment,DE,2025-05-23 14:05:02
C00002,1254.38,withdrawal,IT,2025-06-05 14:05:02
C00909,775.39,transfer,DE,2025-05-29 14:05:02
C00001,175.18,purchase,ES,2025-05-22 14:05:02
C00002,227.22,payment,ES,2025-06-14 14:05:02
C00002,1789.59,withdrawal,DE,2025-05-21 14:05:02
C00001,235.32,withdrawal,ES,2025-05-18 14:05:02
C00002,984.98,purchase,FR,2025-06-01 14:05:02
C00001,1213.09,withdrawal,FR,2025-05-24 14:05:02
C00001,121.54,transfer,DE,2025-05-28 14:05:02
C00001,428.38,withdrawal,DE,2025-06-11 14:05:02
C00002,1982.64,deposit,IT,2025-05-19 14:05:02
C00001,126.84,purchase,DE,2025-06-05 14:05:02
C00002,794.61,payment,IT,2025-05-23 14:05:02
C00002,1582.67,deposit,IT,2025-06-17 14:05:02
C00002,1060.29,withdrawal,FR,2025-06-12 14:05:02
C00886,1374.63,deposit,FR,2025-06-03 14:05:02
C00002,481.62,withdrawal,ES,2025-06-05 14:05:02
C00001,1919.65,transfer,FR,2025-05-31 14:05:02
C00002,753.19,deposit,FR,2025-06-01 14:05:02
C00001,1559.79,transfer,FR,2025-05-18 14:05:02
C00001,352.18,deposit,IT,2025-06-11 14:05:02
C00001,444.66,payment,DE,2025-06-08 14:05:02
C00422,1621.26,withdrawal,ES,2025-06-08 14:05:02
C00002,1001.08,payment,IT,2025-05-20 14:05:02
C00001,743.27,transfer,ES,2025-06-01 14:05:02
C00771,201.14,withdrawal,FR,2025-06-10 14:05:02
C00002,1883.27,deposit,DE,2025-06-04 14:05:02
C00002,984.55,transfer,ES,2025-05-25 14:05:02
C00002,1401.14,deposit,DE,2025-05-26 14:05:02
C00001,37.99,transfer,IT,2025-06-01 14:05:02
C00001,568.76,payment,FR,2025-05-30 14:05:02
C00194,719.29,deposit,ES,2025-05-30 14:05:02
C00001,1996.07,transfer,FR,2025-05-28 14:05:02
C00001,375.05,withdrawal,ES,2025-05-30 14:05:02
C00506,1864.23,payment,IT,2025-05-21 14:05:02
C00002,1127.73,deposit,DE,2025-06-14 14:05:02
C00001,1161.29,withdrawal,IT,2025-05-21 14:05:02
C00002,658.37,purchase,FR,2025-05-20 14:05:02
C00002,1209.39,payment,ES,2025-05-27 14:05:02
C00002,1217.01,payment,ES,2025-06-07 14:05:02
C00001,229.86,payment,IT,2025-05-28 14:05:02
C00001,355.62,withdrawal,IT,2025-05-24 14:05:02
C00097,1962.6,payment,ES,2025-06-01 14:05:02
C00001,176.03,transfer,ES,2025-05-22 14:05:02
C00002,1475.19,transfer,IT,2025-06-03 14:05:02
C00001,389.5,deposit,FR,2025-05-23 14:05:02
C00506,231.7,payment,ES,2025-06-03 14:05:02
C00803,494.03,transfer,ES,2025-05-30 14:05:02
C00001,160.5,purchase,FR,2025-06-04 14:05:02
C00001,120.28,payment,DE,2025-05-21 14:05:02
C00002,399.8,payment,DE,2025-06-13 14:05:02
C00001,298.73,transfer,DE,2025-05-26 14:05:02
C00002,1668.07,purchase,IT,2025-05-28 14:05:02
C00001,16.02,transfer,ES,2025-06-17 14:05:02
C00002,1019.31,withdrawal,FR,2025-05-28 14:05:02
C00180,129.34,withdrawal,DE,2025-06-10 14:05:02
C00001,1082.13,purchase,ES,2025-06-05 14:05:02
C00001,328.61,deposit,DE,2025-06-08 14:05:02
C00002,792.66,transfer,IT,2025-05-25 14:05:02
C00122,1521.06,deposit,DE,2025-06-14 14:05:02
C00001,963.95,payment,IT,2025-06-13 14:05:02
C00002,1370.79,transfer,ES,2025-05-25 14:05:02
C00002,881.12,payment,DE,2025-05-24 14:05:02
C00001,1058.61,purchase,FR,2025-05-31 14:05:02
C00002,584.16,withdrawal,FR,2025-05-20 14:05:02
C00327,1618.71,deposit,IT,2025-05-29 14:05:02
C00001,607.44,withdrawal,FR,2025-06-14 14:05:02
C00002,367.9,withdrawal,ES,2025-05-25 14:05:02
C00002,873.07,withdrawal,IT,2025-05-20 14:05:02
C00002,1025.63,transfer,DE,2025-05-20 14:05:02
C00002,1449.74,payment,FR,2025-06-10 14:05:02
C00002,948.52,payment,IT,2025-06-10 14:05:02
C00001,68.86,deposit,FR,2025-05-31 14:05:02
C00002,325.55,payment,FR,2025-06-04 14:05:02
C00001,1081.31,deposit,FR,2025-05-23 14:05:02
C00155,560.54,payment,ES,2025-05-22 14:05:02
C00537,45.65,payment,FR,2025-05-21 14:05:02
C00001,277.01,deposit,IT,2025-05-23 14:05:02
C00001,1759.24,deposit,ES,2025-06-11 14:05:02
C00200,786.08,transfer,ES,2025-05-19 14:05:02
C00001,1292.5,purchase,IT,2025-06-04 14:05:02
C00001,1375.86,deposit,ES,2025-05-26 14:05:02
C00001,395.76,deposit,IT,2025-06-10 14:05:02
C00001,1646.96,deposit,DE,2025-06-08 14:05:02
C00002,1380.81,payment,IT,2025-06-01 14:05:02
C00001,547.01,transfer,IT,2025-06-14 14:05:02
C00002,1154.93,deposit,IT,2025-06-02 14:05:02
C00002,221.53,transfer,DE,2025-06-15 14:05:02
C00001,168.97,purchase,FR,2025-05-18 14:05:02
C00002,566.17,withdrawal,ES,2025-05-26 14:05:02
C00001,1725.15,deposit,DE,2025-06-10 14:05:02
C00001,1298.94,withdrawal,IT,2025-06-13 14:05:02
C00001,1538.35,purchase,FR,2025-05-27 14:05:02
C00002,1266.61,payment,IT,2025-06-12 14:05:02
C00001,1449.25,withdrawal,FR,2025-06-06 14:05:02
C00350,1229.44,payment,FR,2025-06-11 14:05:02
C00001,1170.94,transfer,DE,2025-06-17 14:05:02
C00192,736.63,transfer,IT,2025-06-02 14:05:02
C00593,1213.35,purchase,IT,2025-05-18 14:05:02
C00001,1122.71,withdrawal,IT,2025-06-17 14:05:02
C00001,400.13,deposit,ES,2025-05-19 14:05:02
C00002,473.82,payment,DE,2025-05-19 14:05:02
C00002,648.72,withdrawal,FR,2025-06-08 14:05:02
C00121,908.09,transfer,IT,2025-05-28 14:05:02
C00001,225.86,purchase,FR,2025-06-08 14:05:02
C00002,910.74,deposit,ES,2025-05-21 14:05:02
C00001,505.47,purchase,IT,2025-05-23 14:05:02
C00002,1544.61,withdrawal,FR,2025-05-29 14:05:02
C00002,754.16,payment,DE,2025-05-31 14:05:02
C00002,994.39,transfer,IT,2025-05-29 14:05:02
C00002,1905.33,deposit,ES,2025-06-16 14:05:02
C00001,159.06,transfer,ES,2025-06-08 14:05:02
C00001,1839.04,deposit,IT,2025-05-28 14:05:02
C00001,1790.7,payment,FR,2025-05-31 14:05:02
C00002,1927.02,transfer,DE,2025-05-27 14:05:02
C00002,1866.14,payment,FR,2025-05-28 14:05:02
C00002,412.86,payment,FR,2025-06-11 14:05:02
C00001,1621.23,payment,IT,2025-05-25 14:05:02
C00001,335.91,deposit,IT,2025-06-13 14:05:02
C00002,298.64,deposit,FR,2025-05-24 14:05:02
C00002,461.02,transfer,IT,2025-06-16 14:05:02
C00001,1834.86,deposit,DE,2025-05-25 14:05:02
C00002,1995.77,purchase,ES,2025-05-22 14:05:02
C00001,841.4,transfer,DE,2025-06-01 14:05:02
C00002,1980.34,withdrawal,ES,2025-05-31 14:05:02
C00193,507.37,withdrawal,IT,2025-05-30 14:05:02
C00002,1533.49,purchase,ES,2025-05-20 14:05:02
C00002,354.76,purchase,FR,2025-06-02 14:05:02
C00001,568.08,purchase,FR,2025-06-09 14:05:02
C00001,195.63,withdrawal,FR,2025-05-21 14:05:02
C00966,1651.02,payment,ES,2025-06-12 14:05:02
C00001,1896.19,withdrawal,DE,2025-06-15 14:05:02
C00002,1914.57,deposit,FR,2025-06-13 14:05:02
C00002,98.65,payment,DE,2025-05-19 14:05:02
C00001,801.56,transfer,IT,2025-06-17 14:05:02
C00002,624.58,purchase,FR,2025-06-12 14:05:02
C00001,389.02,transfer,ES,2025-06-10 14:05:02
C00002,893.56,purchase,IT,2025-05-18 14:05:02
C00001,1550.69,payment,FR,2025-05-25 14:05:02
C00001,1445.95,payment,IT,2025-06-13 14:05:02
C00001,1878.6,transfer,ES,2025-05-29 14:05:02
C00001,92.32,purchase,ES,2025-06-04 14:05:02
C00001,1252.24,payment,IT,2025-06-10 14:05:02
C00001,1168.87,transfer,FR,2025-06-15 14:05:02
C00002,115.44,purchase,FR,2025-06-17 14:05:02
C00001,616.15,deposit,FR,2025-06-08 14:05:02
C00001,1186.37,deposit,IT,2025-05-31 14:05:02
C00001,722.28,withdrawal,IT,2025-06-05 14:05:02
C00492,513.17,payment,ES,2025-06-13 14:05:02
C00644,141.38,payment,IT,2025-05-20 14:05:02
C00001,1977.25,withdrawal,DE,2025-05-28 14:05:02
C00002,1879.89,payment,IT,2025-06-05 14:05:02
C00002,1718.54,transfer,ES,2025-05-19 14:05:02
C00001,502.28,withdrawal,DE,2025-06-15 14:05:02
C00001,1965.64,withdrawal,DE,2025-06-12 14:05:02
C00002,416.22,transfer,ES,2025-05-19 14:05:02
C00819,1526.68,purchase,ES,2025-06-12 14:05:02
C00001,1035.99,deposit,DE,2025-06-12 14:05:02
C00002,1758.15,purchase,IT,2025-06-07 14:05:02
C00392,1510.52,payment,FR,2025-05-18 14:05:02
C00002,1466.05,deposit,FR,2025-06-10 14:05:02
C00001,674.28,transfer,FR,2025-06-09 14:05:02
C00002,1204.33,purchase,IT,2025-06-17 14:05:02
C00001,1646.18,payment,FR,2025-05-23 14:05:02
C00001,1296.95,deposit,DE,2025-05-24 14:05:02
C00001,1721.53,payment,FR,2025-06-11 14:05:02
C00776,942.15,payment,ES,2025-05-22 14:05:02
C00002,1575.56,transfer,FR,2025-06-11 14:05:02
C00001,1472.95,transfer,ES,2025-06-12 14:05:02
C00002,778.52,withdrawal,IT,2025-05-22 14:05:02
C00743,1032.98,deposit,IT,2025-06-08 14:05:02
C00002,329.54,payment,IT,2025-05-22 14:05:02
C00001,1816.98,payment,DE,2025-06-01 14:05:02
C00001,444.1,withdrawal,IT,2025-06-10 14:05:02
C00001,1242.19,payment,ES,2025-06-04 14:05:02
C00002,276.46,deposit,ES,2025-06-17 14:05:02
C00002,1305.96,withdrawal,FR,2025-06-15 14:05:02
C00001,1653.85,deposit,IT,2025-06-06 14:05:02
C00001,1857.68,transfer,FR,2025-06-09 14:05:02
C00002,1118.77,transfer,FR,2025-06-01 14:05:02
C00002,1257.43,withdrawal,FR,2025-06-14 14:05:02
C00001,850.36,deposit,ES,2025-06-17 14:05:02
C00001,522.72,transfer,IT,2025-05-25 14:05:02
C00001,1843.59,transfer,FR,2025-06-04 14:05:02
C00002,986.21,transfer,ES,2025-06-11 14:05:02
C00001,925.93,payment,ES,2025-06-11 14:05:02
C00002,1601.09,deposit,IT,2025-05-21 14:05:02
C00002,212.57,purchase,IT,2025-05-18 14:05:02
C00402,876.63,transfer,DE,2025-06-16 14:05:02
C00002,1340.2,purchase,IT,2025-05-29 14:05:02
C00002,53.18,withdrawal,ES,2025-06-12 14:05:02
C00849,812.51,transfer,IT,2025-06-16 14:05:02
C00256,1714.95,payment,DE,2025-06-08 14:05:02
C00001,1147.19,payment,IT,2025-06-17 14:05:02
C00001,768.71,payment,ES,2025-05-27 14:05:02
C00001,757.75,purchase,ES,2025-05-28 14:05:02
C00002,542.09,deposit,ES,2025-05-24 14:05:02
C00001,544.43,purchase,DE,2025-05-26 14:05:02
C00002,511.41,transfer,DE,2025-06-16 14:05:02
C00002,677.58,transfer,IT,2025-05-22 14:05:02
C00002,381.04,purchase,IT,2025-05-18 14:05:02
C00001,701.59,withdrawal,IT,2025-06-17 14:05:02
C00001,1500.59,purchase,IT,2025-06-02 14:05:02
C00001,940.79,payment,FR,2025-05-26 14:05:02
C00001,1956.96,transfer,ES,2025-06-05 14:05:02
C00001,451.48,purchase,IT,2025-05-28 14:05:02
C00002,115.63,transfer,ES,2025-06-02 14:05:02
C00002,59.83,transfer,FR,2025-06-01 14:05:02
C00001,575.69,transfer,FR,2025-06-03 14:05:02
C00551,1722.04,withdrawal,ES,2025-06-03 14:05:02
C00002,1379.93,withdrawal,DE,2025-05-21 14:05:02
C00838,195.36,transfer,ES,2025-05-20 14:05:02
C00268,1992.31,transfer,DE,2025-06-11 14:05:02
C00002,608.41,deposit,DE,2025-06-15 14:05:02
C00001,1992.72,withdrawal,IT,2025-06-13 14:05:02
C00890,235.92,purchase,FR,2025-06-08 14:05:02
C00137,489.99,payment,DE,2025-06-02 14:05:02
C00998,63.89,deposit,DE,2025-06-07 14:05:02
C00001,1475.23,withdrawal,FR,2025-06-17 14:05:02
C00001,389.35,withdrawal,ES,2025-05-18 14:05:02
C00001,1428.91,deposit,IT,2025-05-30 14:05:02
C00001,98.94,payment,FR,2025-06-10 14:05:02
C00001,725.97,deposit,FR,2025-06-16 14:05:02
C00001,1008.65,withdrawal,IT,2025-05-28 14:05:02
C00001,1508.01,purchase,IT,2025-06-15 14:05:02
C00002,414.47,payment,ES,2025-06-06 14:05:02
C00001,1917.83,transfer,IT,2025-06-03 14:05:02
C00001,568.37,purchase,DE,2025-06-08 14:05:02
C00001,534.9,deposit,DE,2025-05-29 14:05:02
C00001,1069.69,payment,IT,2025-06-01 14:05:02
C00023,1473.64,withdrawal,FR,2025-05-24 14:05:02
C00001,968.85,transfer,FR,2025-05-23 14:05:02
C00001,430.7,withdrawal,IT,2025-05-25 14:05:02
C00002,173.62,purchase,ES,2025-06-13 14:05:02
C00001,349.02,withdrawal,DE,2025-06-11 14:05:02
C00001,95.57,withdrawal,ES,2025-05-31 14:05:02
C00002,1782.18,transfer,IT,2025-06-08 14:05:02
C00002,1801.75,transfer,IT,2025-06-13 14:05:02
C00002,188.34,withdrawal,IT,2025-06-12 14:05:02
C00001,966.86,purchase,FR,2025-05-28 14:05:02
C00002,624.38,transfer,ES,2025-06-15 14:05:02
C00228,155.6,deposit,ES,2025-05-26 14:05:02
C00370,1909.8,withdrawal,FR,2025-06-15 14:05:02
C00001,1785.83,payment,ES,2025-06-03 14:05:02
C00002,1639.95,purchase,FR,2025-06-12 14:05:02
C00002,323.16,deposit,ES,2025-05-21 14:05:02
C00001,1491.76,withdrawal,FR,2025-05-25 14:05:02
C00002,979.91,deposit,ES,2025-06-05 14:05:02
C00001,985.08,transfer,FR,2025-05-18 14:05:02
C00102,1871.78,deposit,ES,2025-06-02 14:05:02
C00002,592.2,transfer,ES,2025-05-30 14:05:02
C00002,108.2,withdrawal,ES,2025-05-20 14:05:02
C00001,486.54,transfer,IT,2025-05-18 14:05:02
C00001,1499.49,payment,IT,2025-05-27 14:05:02
C00002,1957.22,payment,DE,2025-06-02 14:05:02
C00001,500.86,payment,DE,2025-06-04 14:05:02
C00002,1966.79,deposit,FR,2025-05-26 14:05:02
C00001,962.34,transfer,DE,2025-06-03 14:05:02
C00149,407.71,deposit,DE,2025-06-08 14:05:02
C00953,1932.12,withdrawal,FR,2025-06-05 14:05:02
C00001,1800.85,deposit,FR,2025-05-18 14:05:02
C00001,1307.76,purchase,ES,2025-05-31 14:05:02
C00001,1137.54,deposit,DE,2025-05-27 14:05:02
C00034,170.48,transfer,ES,2025-05-28 14:05:02
C00001,28.91,withdrawal,IT,2025-05-30 14:05:02
C00002,514.72,deposit,DE,2025-06-05 14:05:02
C00002,1059.4,transfer,IT,2025-05-31 14:05:02
C00001,1988.28,withdrawal,FR,2025-05-25 14:05:02
C00002,1491.05,transfer,IT,2025-06-01 14:05:02
C00002,774.11,payment,DE,2025-05-30 14:05:02
C00002,1896.39,transfer,IT,2025-05-20 14:05:02
C00361,765.6,payment,DE,2025-06-05 14:05:02
C00002,195.93,payment,IT,2025-05-19 14:05:02
C00001,357.71,withdrawal,FR,2025-05-19 14:05:02
C00002,1721.63,withdrawal,ES,2025-06-04 14:05:02
C00774,1860.52,deposit,ES,2025-06-01 14:05:02
C00001,38.67,payment,DE,2025-05-28 14:05:02
C00001,1273.82,deposit,ES,2025-05-22 14:05:02
C00001,70.62,transfer,ES,2025-05-18 14:05:02
C00001,1268.07,withdrawal,DE,2025-05-25 14:05:02
C00001,1266.9,deposit,FR,2025-06-10 14:05:02
C00002,1011.83,payment,DE,2025-06-05 14:05:02
C00001,1310.48,transfer,IT,2025-06-09 14:05:02
C00001,791.57,withdrawal,DE,2025-05-29 14:05:02
C00001,1597.29,payment,FR,2025-06-11 14:05:02
C00766,1936.24,purchase,FR,2025-05-28 14:05:02
C00194,279.99,withdrawal,IT,2025-05-29 14:05:02
C00216,353.11,payment,IT,2025-06-13 14:05:02
C00001,1697.61,payment,FR,2025-06-13 14:05:02
C00608,1526.63,deposit,DE,2025-06-09 14:05:02
C00001,1391.64,deposit,DE,2025-06-01 14:05:02
C00002,682.5,purchase,ES,2025-05-29 14:05:02
C00330,956.86,purchase,DE,2025-05-26 14:05:02
C00133,1791.47,deposit,DE,2025-06-14 14:05:02
C00001,1037.26,withdrawal,FR,2025-06-10 14:05:02
C00001,581.36,transfer,DE,2025-05-31 14:05:02
C00002,249.64,purchase,FR,2025-06-02 14:05:02
C00002,573.25,withdrawal,IT,2025-05-31 14:05:02
C00002,606.06,withdrawal,ES,2025-05-23 14:05:02
C00520,1036.97,purchase,FR,2025-06-07 14:05:02
C00001,1611.46,purchase,FR,2025-06-01 14:05:02
C00002,787.27,purchase,DE,2025-06-14 14:05:02
C00002,692.52,purchase,DE,2025-05-23 14:05:02
C00001,199.68,withdrawal,ES,2025-05-26 14:05:02
C00002,1173.44,transfer,FR,2025-05-28 14:05:02
C00564,1411.73,deposit,IT,2025-06-08 14:05:02
C00001,1137.51,purchase,DE,2025-05-18 14:05:02
C00001,568.35,withdrawal,FR,2025-06-11 14:05:02
C00544,1376.44,withdrawal,IT,2025-06-10 14:05:02
C00001,944.87,transfer,FR,2025-05-27 14:05:02
C00001,1773.24,payment,FR,2025-05-26 14:05:02
C00002,1179.11,deposit,FR,2025-05-28 14:05:02
C00002,92.74,payment,FR,2025-06-09 14:05:02
C00001,1810.11,purchase,ES,2025-06-13 14:05:02
C00002,551.01,payment,ES,2025-05-22 14:05:02
C00002,1536.13,transfer,FR,2025-06-07 14:05:02
C00002,1203.33,payment,DE,2025-06-15 14:05:02
C00677,1844.53,deposit,ES,2025-06-06 14:05:02
C00001,550.73,deposit,FR,2025-06-07 14:05:02
C00002,1978.01,deposit,IT,2025-06-12 14:05:02
C00001,1481.88,withdrawal,DE,2025-05-29 14:05:02
C00001,949.77,withdrawal,ES,2025-06-07 14:05:02
C00001,1311.33,transfer,FR,2025-06-11 14:05:02
C00540,219.03,transfer,IT,2025-06-15 14:05:02
C00002,1420.34,withdrawal,DE,2025-06-04 14:05:02
C00001,45.2,withdrawal,ES,2025-05-29 14:05:02
C00001,1228.04,transfer,DE,2025-06-16 14:05:02
C00001,412.36,withdrawal,DE,2025-06-17 14:05:02
C00002,49.87,purchase,DE,2025-05-24 14:05:02
C00002,491.44,transfer,IT,2025-05-31 14:05:02
C00002,1403.6,withdrawal,IT,2025-05-22 14:05:02
C00001,782.07,payment,ES,2025-06-10 14:05:02
C00001,726.1,withdrawal,ES,2025-06-16 14:05:02
C00001,1838.62,deposit,ES,2025-06-14 14:05:02
C00001,1226.86,deposit,IT,2025-06-17 14:05:02
C00001,364.39,withdrawal,ES,2025-06-13 14:05:02
C00500,1153.95,deposit,FR,2025-06-13 14:05:02
C00523,19.62,withdrawal,ES,2025-06-17 14:05:02
C00128,1823.97,withdrawal,FR,2025-05-22 14:05:02
C00001,142.54,withdrawal,FR,2025-05-20 14:05:02
C00127,1442.96,transfer,IT,2025-05-21 14:05:02
C00002,1227.07,transfer,ES,2025-05-21 14:05:02
C00001,440.39,payment,IT,2025-05-29 14:05:02
C00001,1689.92,payment,FR,2025-06-10 14:05:02
C00001,1562.33,transfer,FR,2025-06-02 14:05:02
C00001,1490.04,withdrawal,DE,2025-05-26 14:05:02
C00002,780.29,withdrawal,DE,2025-05-19 14:05:02
C00001,234.89,deposit,DE,2025-05-22 14:05:02
C00001,1542.55,payment,ES,2025-05-29 14:05:02
C00001,1157.89,withdrawal,IT,2025-06-02 14:05:02
C00001,1776.13,purchase,ES,2025-05-18 14:05:02
C00002,502.61,payment,ES,2025-05-26 14:05:02
C00002,1067.0,transfer,IT,2025-05-31 14:05:02
C00002,1135.16,purchase,FR,2025-06-06 14:05:02
C00002,1848.07,deposit,FR,2025-05-23 14:05:02
C00752,1192.31,deposit,DE,2025-06-12 14:05:02
C00151,1113.34,transfer,ES,2025-06-07 14:05:02
C00796,1161.53,payment,DE,2025-05-19 14:05:02
C00002,1622.19,transfer,FR,2025-06-09 14:05:02
C00002,838.51,transfer,IT,2025-06-05 14:05:02
C00001,940.83,payment,FR,2025-05-29 14:05:02
C00001,812.6,transfer,DE,2025-06-09 14:05:02
C00002,1306.56,transfer,FR,2025-05-26 14:05:02
C00002,1103.68,deposit,DE,2025-05-28 14:05:02
C00138,1256.89,withdrawal,FR,2025-06-10 14:05:02
C00001,469.29,deposit,FR,2025-06-05 14:05:02
C00001,1591.34,purchase,ES,2025-06-13 14:05:02
C00001,1618.75,deposit,IT,2025-06-17 14:05:02
C00002,518.34,deposit,DE,2025-06-17 14:05:02
C00001,1076.47,deposit,ES,2025-06-04 14:05:02
C00001,1026.58,payment,DE,2025-06-02 14:05:02
C00001,308.99,deposit,IT,2025-05-25 14:05:02
C00002,800.63,payment,FR,2025-06-13 14:05:02
C00002,214.15,deposit,FR,2025-05-25 14:05:02
C00001,1693.77,transfer,FR,2025-06-09 14:05:02
C00001,1182.42,deposit,DE,2025-06-14 14:05:02
C00001,1506.07,payment,FR,2025-06-14 14:05:02
C00002,572.23,payment,FR,2025-06-13 14:05:02
C00002,546.57,deposit,ES,2025-05-27 14:05:02
C00001,103.93,purchase,IT,2025-05-27 14:05:02
C00001,223.7,transfer,ES,2025-05-18 14:05:02
C00656,1618.96,purchase,IT,2025-06-03 14:05:02
C00001,1221.44,withdrawal,ES,2025-06-15 14:05:02
C00001,1305.83,payment,DE,2025-05-23 14:05:02
C00001,1093.3,deposit,FR,2025-05-31 14:05:02
C00001,1071.14,payment,ES,2025-06-05 14:05:02
C00001,1949.88,purchase,ES,2025-06-08 14:05:02
C00001,419.39,payment,IT,2025-05-26 14:05:02
C00001,1259.11,withdrawal,IT,2025-06-15 14:05:02
C00001,74.48,payment,IT,2025-06-05 14:05:02
C00002,1650.9,payment,FR,2025-05-29 14:05:02
C00002,1884.51,withdrawal,IT,2025-06-15 14:05:02
C00376,748.52,deposit,FR,2025-06-11 14:05:02
C00811,267.85,deposit,IT,2025-06-15 14:05:02
C00001,338.46,transfer,DE,2025-05-28 14:05:02
C00001,559.37,purchase,IT,2025-06-01 14:05:02
C00001,558.53,withdrawal,IT,2025-05-21 14:05:02
C00001,53.2,transfer,DE,2025-06-02 14:05:02
C00781,324.6,withdrawal,DE,2025-06-11 14:05:02
C00257,355.03,payment,ES,2025-06-12 14:05:02
C00001,1524.46,purchase,ES,2025-06-11 14:05:02
C00001,1175.7,payment,DE,2025-05-29 14:05:02
C00001,1015.64,withdrawal,FR,2025-05-24 14:05:02
C00001,838.75,withdrawal,ES,2025-06-06 14:05:02
C00001,336.0,withdrawal,FR,2025-06-14 14:05:02
C00737,459.8,withdrawal,ES,2025-05-26 14:05:02
C00002,1621.8,withdrawal,FR,2025-05-22 14:05:02
C00725,660.92,withdrawal,ES,2025-06-01 14:05:02
C00001,322.19,payment,ES,2025-05-27 14:05:02
C00002,443.5,withdrawal,ES,2025-05-24 14:05:02
C00017,202.38,transfer,FR,2025-05-30 14:05:02
C00001,1639.91,purchase,IT,2025-05-22 14:05:02
C00172,1001.13,purchase,DE,2025-05-19 14:05:02
C00001,1543.84,deposit,FR,2025-05-20 14:05:02
C00652,1752.1,payment,DE,2025-05-25 14:05:02
C00002,1072.04,withdrawal,ES,2025-05-28 14:05:02
C00001,1300.95,withdrawal,IT,2025-06-04 14:05:02
C00001,488.73,transfer,DE,2025-06-12 14:05:02
C00463,652.48,transfer,ES,2025-06-06 14:05:02
C00532,742.06,deposit,ES,2025-06-04 14:05:02
C00002,1290.67,withdrawal,ES,2025-05-21 14:05:02
C00001,1030.57,purchase,ES,2025-06-09 14:05:02
C00002,1458.02,transfer,IT,2025-06-09 14:05:02
C00001,1251.46,deposit,ES,2025-06-14 14:05:02
C00001,1297.01,deposit,IT,2025-05-27 14:05:02
C00655,759.66,transfer,FR,2025-06-11 14:05:02
C00002,1968.63,purchase,DE,2025-06-10 14:05:02
C00001,652.54,purchase,FR,2025-06-16 14:05:02
C00001,539.55,deposit,FR,2025-06-07 14:05:02
C00002,1226.96,transfer,DE,2025-06-09 14:05:02
C00562,1797.55,payment,IT,2025-06-17 14:05:02
C00996,553.72,purchase,ES,2025-05-28 14:05:02
C00072,407.03,withdrawal,DE,2025-06-08 14:05:02
C00001,1281.16,deposit,IT,2025-06-04 14:05:02
C00924,1675.94,withdrawal,DE,2025-05-27 14:05:02
C00001,1488.46,withdrawal,DE,2025-06-04 14:05:02
C00002,1608.82,transfer,FR,2025-05-20 14:05:02
C00636,810.86,payment,ES,2025-06-15 14:05:02
C00613,791.9,deposit,IT,2025-06-08 14:05:02
C00001,1477.24,deposit,DE,2025-06-09 14:05:02
C00001,1423.26,withdrawal,DE,2025-05-23 14:05:02
C00757,1571.89,transfer,ES,2025-05-25 14:05:02
C00001,771.44,purchase,FR,2025-06-08 14:05:02
C00387,1709.13,deposit,DE,2025-05-24 14:05:02
C00725,1808.52,transfer,DE,2025-06-11 14:05:02
C00001,1197.09,purchase,ES,2025-05-23 14:05:02
C00001,1627.0,withdrawal,DE,2025-06-02 14:05:02
C00002,382.77,deposit,IT,2025-05-30 14:05:02
C00002,79.41,payment,ES,2025-05-26 14:05:02
C00677,1149.73,purchase,FR,2025-05-18 14:05:02
C00002,264.28,purchase,DE,2025-06-17 14:05:02
C00001,1645.92,payment,DE,2025-05-30 14:05:02
C00001,1497.36,payment,IT,2025-05-19 14:05:02
C00001,396.63,withdrawal,DE,2025-06-04 14:05:02
C00001,844.74,purchase,IT,2025-06-03 14:05:02
C00001,1799.45,payment,DE,2025-05-23 14:05:02
C00002,918.24,withdrawal,ES,2025-05-26 14:05:02
C00002,422.14,purchase,ES,2025-05-25 14:05:02
C00002,774.04,deposit,FR,2025-05-22 14:05:02
C00001,186.06,purchase,ES,2025-06-11 14:05:02
C00001,283.45,withdrawal,IT,2025-05-20 14:05:02
C00001,460.29,purchase,ES,2025-05-29 14:05:02
C00001,539.45,purchase,IT,2025-06-05 14:05:02
C00002,421.07,payment,DE,2025-06-11 14:05:02
C00498,516.09,purchase,ES,2025-06-04 14:05:02
C00001,1143.06,deposit,FR,2025-05-27 14:05:02
C00002,1847.4,payment,ES,2025-05-19 14:05:02
C00002,779.26,deposit,DE,2025-05-18 14:05:02
C00002,828.7,payment,IT,2025-05-29 14:05:02
C00001,766.12,transfer,DE,2025-06-08 14:05:02
C00001,1536.7,payment,IT,2025-06-08 14:05:02
C00001,1889.12,deposit,ES,2025-06-13 14:05:02
C00122,1817.58,transfer,ES,2025-05-21 14:05:02
C00001,309.71,transfer,DE,2025-05-28 14:05:02
C00001,1976.07,purchase,FR,2025-06-12 14:05:02
C00002,1447.5,withdrawal,ES,2025-05-28 14:05:02
C00002,642.5,withdrawal,IT,2025-05-25 14:05:02
C00001,1302.91,transfer,ES,2025-05-30 14:05:02
C00001,1314.9,deposit,ES,2025-06-08 14:05:02
C00001,60.58,withdrawal,ES,2025-05-20 14:05:02
C00001,1035.25,transfer,FR,2025-06-11 14:05:02
C00001,855.59,withdrawal,FR,2025-05-24 14:05:02
C00002,1683.25,payment,ES,2025-06-17 14:05:02
C00001,1382.41,transfer,FR,2025-06-14 14:05:02
C00001,1383.23,payment,DE,2025-05-28 14:05:02
C00002,1739.41,deposit,IT,2025-06-04 14:05:02
C00001,1500.58,withdrawal,IT,2025-06-08 14:05:02
C00002,723.96,transfer,DE,2025-05-28 14:05:02
C00001,302.74,purchase,ES,2025-06-01 14:05:02
C00002,506.33,withdrawal,FR,2025-06-12 14:05:02
C00002,290.99,transfer,ES,2025-05-19 14:05:02
C00002,1760.3,withdrawal,FR,2025-05-26 14:05:02
C00002,183.95,withdrawal,DE,2025-06-01 14:05:02
C00001,1434.12,withdrawal,DE,2025-06-06 14:05:02
C00080,1679.07,payment,DE,2025-06-17 14:05:02
C00001,321.14,withdrawal,FR,2025-05-18 14:05:02
C00002,1601.22,purchase,ES,2025-05-28 14:05:02
C00002,235.01,payment,FR,2025-05-26 14:05:02
C00001,1388.26,payment,ES,2025-05-28 14:05:02
C00002,1398.6,withdrawal,ES,2025-05-21 14:05:02
C00001,1228.98,transfer,DE,2025-05-18 14:05:02
C00002,1512.51,transfer,ES,2025-06-14 14:05:02
C00002,1491.67,purchase,IT,2025-06-17 14:05:02
C00438,381.81,withdrawal,FR,2025-05-21 14:05:02
C00002,647.78,transfer,ES,2025-05-30 14:05:02
C00001,1118.05,transfer,DE,2025-06-05 14:05:02
C00001,371.83,payment,FR,2025-06-02 14:05:02
C00001,1141.24,purchase,ES,2025-05-22 14:05:02
C00001,305.69,transfer,FR,2025-05-30 14:05:02
C00001,153.3,purchase,ES,2025-05-22 14:05:02
C00577,738.47,transfer,FR,2025-06-17 14:05:02
C00002,414.46,transfer,DE,2025-05-25 14:05:02
C00002,382.02,withdrawal,IT,2025-05-21 14:05:02
C00002,512.59,withdrawal,ES,2025-06-16 14:05:02
C00001,322.66,deposit,FR,2025-05-22 14:05:02
C00368,351.3,withdrawal,DE,2025-06-09 14:05:02
C00001,562.63,deposit,DE,2025-06-09 14:05:02
C00002,1097.61,transfer,DE,2025-06-02 14:05:02
C00002,1382.09,payment,ES,2025-06-07 14:05:02
C00001,631.55,payment,IT,2025-06-02 14:05:02
C00002,870.97,transfer,ES,2025-06-15 14:05:02
C00002,1576.47,purchase,IT,2025-06-05 14:05:02
C00002,891.99,transfer,ES,2025-06-07 14:05:02
C00002,668.32,purchase,FR,2025-06-03 14:05:02
C00001,858.38,withdrawal,IT,2025-06-06 14:05:02
C00001,1993.4,purchase,ES,2025-06-07 14:05:02
C00002,1039.47,transfer,DE,2025-05-19 14:05:02
C00002,282.73,deposit,ES,2025-05-29 14:05:02
C00002,869.62,withdrawal,DE,2025-06-03 14:05:02
C00002,1524.42,transfer,ES,2025-06-04 14:05:02
C00001,63.54,withdrawal,FR,2025-06-03 14:05:02
C00001,310.0,withdrawal,ES,2025-06-13 14:05:02
C00001,667.28,transfer,ES,2025-06-16 14:05:02
C00002,1307.76,transfer,DE,2025-05-22 14:05:02
C00001,939.38,purchase,ES,2025-06-11 14:05:02
C00002,1154.8,transfer,FR,2025-06-09 14:05:02
C00002,1292.78,withdrawal,IT,2025-05-24 14:05:02
C00532,676.86,transfer,DE,2025-06-06 14:05:02
C00002,239.97,payment,DE,2025-05-30 14:05:02
C00002,1690.76,transfer,IT,2025-05-26 14:05:02
C00001,1295.43,deposit,IT,2025-05-22 14:05:02
C00001,1418.17,purchase,DE,2025-05-21 14:05:02
C00002,1072.38,withdrawal,FR,2025-05-22 14:05:02
C00002,1561.86,payment,IT,2025-06-11 14:05:02
C00793,1992.75,payment,FR,2025-06-03 14:05:02
C00346,48.02,deposit,FR,2025-06-17 14:05:02
C00001,232.87,transfer,DE,2025-06-09 14:05:02
C00094,555.36,deposit,DE,2025-06-05 14:05:02
C00002,285.96,withdrawal,FR,2025-06-03 14:05:02
C00016,1138.16,purchase,ES,2025-05-28 14:05:02
C00001,171.08,purchase,FR,2025-06-06 14:05:02
C00001,1955.59,payment,FR,2025-06-02 14:05:02
C00002,1322.36,withdrawal,DE,2025-06-06 14:05:02
C00002,1527.39,payment,IT,2025-06-08 14:05:02
C00001,1023.29,withdrawal,ES,2025-06-11 14:05:02
C00001,728.98,withdrawal,ES,2025-06-17 14:05:02
C00002,1164.76,deposit,FR,2025-06-15 14:05:02
C00002,355.65,withdrawal,IT,2025-05-26 14:05:02
C00001,1603.3,payment,ES,2025-05-21 14:05:02
C00001,113.58,transfer,DE,2025-06-17 14:05:02
C00001,1998.41,withdrawal,IT,2025-05-18 14:05:02
C00001,559.61,purchase,ES,2025-06-15 14:05:02
C00002,1495.1,payment,ES,2025-06-03 14:05:02
C00002,44.39,withdrawal,FR,2025-06-11 14:05:02
C00001,1736.62,withdrawal,ES,2025-05-22 14:05:02
C00001,1266.88,transfer,FR,2025-05-31 14:05:02
C00429,1218.94,purchase,FR,2025-05-27 14:05:02
C00001,517.09,payment,DE,2025-06-14 14:05:02
C00001,953.41,payment,FR,2025-05-20 14:05:02
C00001,1717.29,withdrawal,IT,2025-05-29 14:05:02
C00001,127.75,transfer,FR,2025-06-06 14:05:02
C00002,709.36,withdrawal,ES,2025-05-18 14:05:02
C00001,412.16,withdrawal,ES,2025-06-15 14:05:02
C00002,227.14,purchase,ES,2025-05-22 14:05:02
C00002,1751.21,withdrawal,ES,2025-05-25 14:05:02
C00002,998.98,payment,FR,2025-05-24 14:05:02
C00001,265.56,transfer,IT,2025-05-25 14:05:02
C00002,1033.72,withdrawal,DE,2025-06-10 14:05:02
C00001,896.04,deposit,IT,2025-06-16 14:05:02
C00001,1863.83,payment,FR,2025-06-03 14:05:02
C00886,1946.15,transfer,DE,2025-05-24 14:05:02
C00001,1623.62,deposit,FR,2025-06-04 14:05:02
C00823,156.55,transfer,FR,2025-05-30 14:05:02
C00268,308.43,purchase,FR,2025-06-05 14:05:02
C00001,472.26,deposit,ES,2025-06-12 14:05:02
C00002,1724.75,purchase,FR,2025-06-01 14:05:02
C00950,1402.38,transfer,IT,2025-06-15 14:05:02
C00002,356.3,purchase,ES,2025-06-11 14:05:02
C00001,1184.12,payment,IT,2025-05-19 14:05:02
C00002,1350.17,purchase,DE,2025-05-21 14:05:02
C00001,637.84,withdrawal,DE,2025-05-31 14:05:02
C00001,1169.17,transfer,DE,2025-06-03 14:05:02
C00001,1675.04,deposit,DE,2025-05-26 14:05:02
C00001,1378.11,payment,ES,2025-05-21 14:05:02
C00002,1762.55,deposit,FR,2025-05-22 14:05:02
C00002,1654.4,deposit,ES,2025-06-13 14:05:02
C00351,1868.88,withdrawal,DE,2025-06-10 14:05:02
C00001,1495.02,deposit,IT,2025-06-10 14:05:02
C00001,1473.2,purchase,FR,2025-06-13 14:05:02
C00002,835.6,deposit,ES,2025-05-29 14:05:02
C00001,978.78,transfer,DE,2025-06-01 14:05:02
C00001,1176.9,withdrawal,ES,2025-05-25 14:05:02
C00002,880.79,deposit,DE,2025-05-29 14:05:02
C00002,513.81,payment,FR,2025-06-17 14:05:02
C00959,560.35,purchase,ES,2025-06-06 14:05:02
C00706,847.34,purchase,DE,2025-05-28 14:05:02
C00002,1365.85,transfer,FR,2025-05-28 14:05:02
C00001,1297.67,transfer,DE,2025-05-21 14:05:02
C00393,267.14,purchase,DE,2025-06-14 14:05:02
C00001,1747.95,withdrawal,FR,2025-05-27 14:05:02
C00779,1705.46,payment,DE,2025-06-07 14:05:02
C00002,1603.7,deposit,DE,2025-06-16 14:05:02
C00001,126.57,deposit,DE,2025-06-17 14:05:02
C00835,228.51,purchase,ES,2025-06-12 14:05:02
C00002,1057.03,payment,FR,2025-05-30 14:05:02
C00002,1559.42,deposit,FR,2025-05-29 14:05:02
C00002,1177.88,deposit,IT,2025-06-07 14:05:02
C00001,1754.78,withdrawal,ES,2025-06-16 14:05:02
C00002,1077.66,transfer,ES,2025-06-16 14:05:02
C00001,1897.02,deposit,IT,2025-06-05 14:05:02
C00001,1968.97,transfer,DE,2025-05-22 14:05:02
C00001,1460.01,withdrawal,ES,2025-05-18 14:05:02
C00002,616.33,purchase,FR,2025-06-16 14:05:02
C00558,1804.89,payment,IT,2025-05-18 14:05:02
C00002,1769.36,deposit,FR,2025-05-29 14:05:02
C00001,1175.26,transfer,DE,2025-05-27 14:05:02
C00001,54.5,transfer,ES,2025-05-21 14:05:02
C00002,36.43,deposit,FR,2025-05-18 14:05:02
C00002,224.25,payment,ES,2025-06-15 14:05:02
C00002,650.47,deposit,DE,2025-06-10 14:05:02
C00002,626.89,deposit,FR,2025-05-29 14:05:02
C00002,933.99,transfer,FR,2025-06-13 14:05:02
C00746,160.31,transfer,IT,2025-05-22 14:05:02
C00002,1776.07,deposit,ES,2025-06-02 14:05:02
C00001,1968.06,payment,DE,2025-05-24 14:05:02
C00868,1296.55,transfer,ES,2025-06-15 14:05:02
C00002,1969.73,payment,IT,2025-06-06 14:05:02
C00002,380.83,payment,FR,2025-06-07 14:05:02
C00001,1354.84,withdrawal,ES,2025-05-20 14:05:02
C00001,572.25,deposit,FR,2025-06-08 14:05:02
C00002,24.96,withdrawal,IT,2025-05-26 14:05:02
C00171,297.23,payment,IT,2025-05-19 14:05:02
C00045,104.06,withdrawal,IT,2025-05-22 14:05:02
C00001,945.47,deposit,IT,2025-06-03 14:05:02
C00002,440.06,deposit,DE,2025-05-28 14:05:02
C00002,1869.53,payment,FR,2025-06-15 14:05:02
C00818,367.16,transfer,ES,2025-05-28 14:05:02
C00001,673.57,deposit,FR,2025-06-17 14:05:02
C00067,162.78,deposit,FR,2025-06-02 14:05:02
C00001,865.66,transfer,IT,2025-06-14 14:05:02
C00149,1654.63,purchase,IT,2025-05-30 14:05:02
C00002,761.42,transfer,IT,2025-06-16 14:05:02
C00914,646.97,transfer,ES,2025-06-10 14:05:02
C00001,1493.75,withdrawal,ES,2025-05-21 14:05:02
C00001,1043.06,transfer,FR,2025-06-03 14:05:02
C00001,1117.29,withdrawal,ES,2025-05-29 14:05:02
C00001,1958.78,deposit,ES,2025-05-30 14:05:02
C00001,664.15,transfer,FR,2025-05-31 14:05:02
C00002,538.52,withdrawal,IT,2025-06-04 14:05:02
C00001,1906.48,transfer,FR,2025-06-03 14:05:02
C00001,619.85,purchase,ES,2025-06-01 14:05:02
C00001,139.61,withdrawal,ES,2025-06-05 14:05:02
C00001,181.18,withdrawal,DE,2025-06-17 14:05:02
C00001,1905.31,deposit,ES,2025-06-16 14:05:02
C00002,1595.86,payment,DE,2025-05-18 14:05:02
C00002,1742.04,deposit,ES,2025-05-18 14:05:02
C00493,1810.92,withdrawal,ES,2025-05-30 14:05:02
C00001,1339.26,deposit,IT,2025-05-20 14:05:02
C00002,954.04,transfer,FR,2025-06-05 14:05:02
C00002,315.84,purchase,FR,2025-05-28 14:05:02
C00001,161.38,transfer,ES,2025-05-24 14:05:02
C00002,311.92,transfer,FR,2025-05-18 14:05:02
C00002,345.11,deposit,IT,2025-05-31 14:05:02
C00002,183.57,purchase,ES,2025-06-10 14:05:02
C00689,518.78,withdrawal,FR,2025-06-06 14:05:02
C00002,1967.11,withdrawal,ES,2025-05-20 14:05:02
C00880,774.64,payment,FR,2025-05-21 14:05:02
C00001,282.94,transfer,IT,2025-06-11 14:05:02
C00001,1938.13,purchase,DE,2025-05-19 14:05:02
C00001,1343.63,transfer,ES,2025-06-10 14:05:02
C00002,867.9,transfer,IT,2025-05-26 14:05:02
C00370,1130.57,payment,ES,2025-06-04 14:05:02
C00002,1691.31,payment,IT,2025-06-08 14:05:02
C00001,602.43,deposit,ES,2025-06-02 14:05:02
C00002,299.28,payment,ES,2025-05-22 14:05:02
C00002,1117.95,deposit,DE,2025-05-22 14:05:02
C00002,429.13,payment,ES,2025-05-21 14:05:02
C00001,1053.95,deposit,DE,2025-05-29 14:05:02
C00002,550.02,transfer,FR,2025-06-12 14:05:02
C00002,1085.66,withdrawal,ES,2025-06-11 14:05:02
C00002,1689.44,payment,FR,2025-06-08 14:05:02
C00002,1568.09,transfer,ES,2025-05-20 14:05:02
C00809,1130.41,withdrawal,DE,2025-06-03 14:05:02
C00001,116.99,withdrawal,ES,2025-06-15 14:05:02
C00002,449.11,payment,DE,2025-05-22 14:05:02
C00001,656.3,payment,FR,2025-06-17 14:05:02
C00478,1512.83,payment,DE,2025-05-30 14:05:02
C00001,629.9,payment,FR,2025-06-06 14:05:02
C00838,1203.51,withdrawal,IT,2025-05-22 14:05:02
C00002,479.46,withdrawal,DE,2025-06-16 14:05:02
C00002,713.97,purchase,IT,2025-06-10 14:05:02
C00001,452.09,deposit,DE,2025-06-05 14:05:02
C00002,1601.43,purchase,IT,2025-05-31 14:05:02
C00002,1413.46,transfer,DE,2025-05-28 14:05:02
C00002,475.95,payment,DE,2025-05-27 14:05:02
C00001,1696.65,payment,ES,2025-06-17 14:05:02
C00001,824.76,transfer,FR,2025-06-12 14:05:02
C00002,900.98,withdrawal,IT,2025-06-05 14:05:02
C00002,400.59,transfer,FR,2025-06-01 14:05:02
C00002,1522.05,payment,FR,2025-05-27 14:05:02
C00002,29.56,withdrawal,IT,2025-05-24 14:05:02
C00001,258.36,transfer,FR,2025-06-04 14:05:02
C00001,585.07,transfer,IT,2025-06-17 14:05:02
C00001,1149.75,payment,ES,2025-05-25 14:05:02
C00309,43.89,deposit,DE,2025-05-30 14:05:02
C00002,477.87,deposit,FR,2025-05-31 14:05:02
C00001,1869.88,transfer,DE,2025-06-08 14:05:02
C00977,1467.02,withdrawal,DE,2025-05-21 14:05:02
C00001,24.97,transfer,FR,2025-05-20 14:05:02
C00002,1427.82,payment,IT,2025-05-18 14:05:02
C00001,572.97,purchase,ES,2025-06-11 14:05:02
C00001,1494.74,purchase,FR,2025-05-22 14:05:02
C00001,657.03,transfer,ES,2025-05-29 14:05:02
C00002,494.9,deposit,FR,2025-06-04 14:05:02
C00002,1428.22,withdrawal,ES,2025-06-03 14:05:02
C00002,1852.85,purchase,FR,2025-05-18 14:05:02
C00002,1366.85,payment,ES,2025-06-09 14:05:02
C00002,1292.98,purchase,FR,2025-06-04 14:05:02
C00002,883.39,withdrawal,ES,2025-05-31 14:05:02
C00002,1025.4,purchase,DE,2025-05-31 14:05:02
C00002,777.93,withdrawal,ES,2025-06-08 14:05:02
C00001,685.55,transfer,DE,2025-05-30 14:05:02
C00001,1953.89,payment,ES,2025-05-21 14:05:02
C00001,1730.39,payment,FR,2025-06-12 14:05:02
C00980,507.88,deposit,IT,2025-06-08 14:05:02
C00001,869.97,withdrawal,FR,2025-05-28 14:05:02
C00002,736.89,withdrawal,DE,2025-05-26 14:05:02
C00002,1845.95,deposit,ES,2025-06-11 14:05:02
C00001,1767.7,purchase,IT,2025-05-22 14:05:02
C00001,1067.12,purchase,ES,2025-06-10 14:05:02
C00001,1523.31,transfer,IT,2025-06-03 14:05:02
C00001,676.5,withdrawal,DE,2025-05-21 14:05:02
C00535,336.42,withdrawal,IT,2025-06-15 14:05:02
C00744,1379.54,withdrawal,FR,2025-06-04 14:05:02
C00001,1153.1,transfer,IT,2025-06-10 14:05:02
C00002,1255.34,deposit,DE,2025-06-14 14:05:02
C00124,1748.54,payment,ES,2025-06-06 14:05:02
C00001,724.89,deposit,IT,2025-05-19 14:05:02
C00202,789.68,deposit,DE,2025-06-01 14:05:02
C00002,1683.13,deposit,ES,2025-06-10 14:05:02
C00001,1253.7,deposit,ES,2025-06-07 14:05:02
C00001,344.7,purchase,FR,2025-05-28 14:05:02
C00002,243.61,deposit,IT,2025-06-03 14:05:02
C00807,534.9,transfer,IT,2025-05-25 14:05:02
C00001,584.8,deposit,ES,2025-06-01 14:05:02
C00001,1352.14,purchase,IT,2025-06-10 14:05:02
C00001,1640.44,withdrawal,DE,2025-05-30 14:05:02
C00342,711.93,purchase,ES,2025-06-09 14:05:02
C00360,1838.17,purchase,DE,2025-06-15 14:05:02
C00001,1628.77,deposit,ES,2025-05-22 14:05:02
C00001,688.48,deposit,FR,2025-06-17 14:05:02
C00001,1645.5,withdrawal,DE,2025-06-08 14:05:02
C00276,485.52,transfer,DE,2025-05-19 14:05:02
C00632,1214.37,purchase,IT,2025-05-28 14:05:02
C00360,933.23,payment,DE,2025-05-24 14:05:02
C00002,1847.97,withdrawal,ES,2025-06-07 14:05:02
C00001,800.28,deposit,IT,2025-06-16 14:05:02
C00001,1141.87,withdrawal,DE,2025-05-28 14:05:02
C00001,625.67,purchase,FR,2025-06-11 14:05:02
C00767,378.67,purchase,FR,2025-05-30 14:05:02
C00002,991.33,withdrawal,FR,2025-05-21 14:05:02
C00001,1479.11,purchase,ES,2025-05-27 14:05:02
C00002,347.68,payment,IT,2025-06-03 14:05:02
C00002,1611.08,transfer,IT,2025-05-26 14:05:02
C00002,1215.95,deposit,DE,2025-05-19 14:05:02
C00001,763.3,deposit,IT,2025-05-27 14:05:02
C00002,92.72,purchase,FR,2025-05-19 14:05:02
C00001,1032.69,payment,ES,2025-06-10 14:05:02
C00001,620.05,transfer,ES,2025-05-24 14:05:02
C00002,18.22,payment,DE,2025-05-25 14:05:02
C00001,860.51,payment,DE,2025-06-08 14:05:02
C00001,873.58,payment,IT,2025-05-19 14:05:02
C00002,1127.31,payment,ES,2025-06-14 14:05:02
C00002,1076.99,withdrawal,FR,2025-05-29 14:05:02
C00002,739.34,payment,ES,2025-05-19 14:05:02
C00002,446.1,transfer,DE,2025-06-15 14:05:02
C00001,618.85,deposit,IT,2025-06-13 14:05:02
C00001,370.32,payment,ES,2025-05-24 14:05:02
C00001,1172.83,deposit,ES,2025-05-30 14:05:02
C00002,526.95,purchase,FR,2025-06-01 14:05:02
C00001,42.35,transfer,FR,2025-05-28 14:05:02
C00002,855.52,purchase,FR,2025-05-22 14:05:02
C00002,526.08,transfer,IT,2025-06-03 14:05:02
C00002,1487.93,transfer,IT,2025-05-19 14:05:02
C00001,842.54,transfer,DE,2025-06-06 14:05:02
C00002,769.65,deposit,DE,2025-05-28 14:05:02
C00002,792.51,deposit,ES,2025-06-15 14:05:02
C00002,1372.53,transfer,DE,2025-05-29 14:05:02
C00001,180.89,deposit,IT,2025-05-20 14:05:02
C00002,1312.35,payment,IT,2025-06-17 14:05:02
C00001,966.27,payment,IT,2025-06-10 14:05:02
C00001,821.56,deposit,FR,2025-05-27 14:05:02
C00001,42.48,withdrawal,FR,2025-05-24 14:05:02
C00002,1322.79,purchase,FR,2025-06-14 14:05:02
C00001,1268.54,deposit,IT,2025-06-14 14:05:02
C00002,1407.23,deposit,IT,2025-06-09 14:05:02
C00473,1696.3,payment,IT,2025-05-21 14:05:02
C00002,214.17,transfer,ES,2025-05-28 14:05:02
C00001,921.38,purchase,FR,2025-06-12 14:05:02
C00001,309.87,deposit,IT,2025-06-13 14:05:02
C00002,1026.86,purchase,ES,2025-05-26 14:05:02
C00002,1395.56,withdrawal,FR,2025-05-20 14:05:02
C00001,1563.55,withdrawal,FR,2025-05-25 14:05:02
C00754,1815.79,withdrawal,ES,2025-05-18 14:05:02
C00001,1906.17,withdrawal,FR,2025-06-04 14:05:02
C00001,363.4,payment,DE,2025-05-20 14:05:02
C00001,71.11,deposit,ES,2025-05-22 14:05:02
C00001,1291.44,payment,DE,2025-05-29 14:05:02
C00001,1127.11,transfer,IT,2025-06-02 14:05:02
C00716,95.8,purchase,DE,2025-06-17 14:05:02
C00001,1060.56,payment,IT,2025-05-29 14:05:02
C00001,387.61,purchase,IT,2025-05-31 14:05:02
C00002,1576.87,withdrawal,ES,2025-05-29 14:05:02
C00001,1230.2,payment,ES,2025-05-30 14:05:02
C00041,840.98,payment,FR,2025-06-12 14:05:02
C00001,16.41,purchase,FR,2025-06-03 14:05:02
C00001,98.68,transfer,DE,2025-05-26 14:05:02
C00001,70.43,transfer,DE,2025-05-30 14:05:02
C00001,391.14,transfer,FR,2025-06-11 14:05:02
C00002,150.17,deposit,IT,2025-05-30 14:05:02
C00852,1424.09,transfer,IT,2025-05-18 14:05:02
C00001,1311.52,purchase,IT,2025-06-06 14:05:02
C00001,436.06,withdrawal,DE,2025-05-20 14:05:02
C00001,756.39,payment,IT,2025-06-05 14:05:02
C00001,448.98,purchase,IT,2025-06-17 14:05:02
C00002,780.75,transfer,ES,2025-06-06 14:05:02
C00001,1310.49,transfer,ES,2025-06-01 14:05:02
C00001,1334.49,purchase,FR,2025-05-21 14:05:02
C00002,287.86,payment,FR,2025-05-20 14:05:02
C00002,434.16,withdrawal,IT,2025-05-18 14:05:02
C00997,940.01,payment,IT,2025-05-24 14:05:02
C00002,682.45,deposit,FR,2025-06-14 14:05:02
C00001,641.88,deposit,DE,2025-06-04 14:05:02
C00001,1932.24,transfer,FR,2025-06-04 14:05:02
C00002,501.68,withdrawal,DE,2025-06-06 14:05:02
C00002,1110.52,deposit,ES,2025-05-19 14:05:02
C00002,1689.74,transfer,DE,2025-05-21 14:05:02
C00002,774.34,deposit,ES,2025-06-08 14:05:02
C00002,51.19,payment,ES,2025-06-06 14:05:02
C00001,691.27,purchase,IT,2025-06-03 14:05:02
C00563,1990.91,deposit,IT,2025-06-14 14:05:02
C00001,1323.15,transfer,FR,2025-05-27 14:05:02
C00001,420.26,withdrawal,DE,2025-05-24 14:05:02
C00001,1165.52,payment,DE,2025-05-24 14:05:02
C00002,930.78,purchase,DE,2025-05-20 14:05:02
C00002,1982.21,withdrawal,FR,2025-05-31 14:05:02
C00002,915.93,transfer,FR,2025-06-02 14:05:02
C00001,317.71,deposit,ES,2025-06-01 14:05:02
C00001,316.57,deposit,DE,2025-05-19 14:05:02
C00001,214.78,transfer,ES,2025-06-04 14:05:02
C00001,970.74,payment,DE,2025-05-25 14:05:02
C00369,1467.02,withdrawal,FR,2025-05-29 14:05:02
C00002,581.46,purchase,IT,2025-06-14 14:05:02
C00751,1427.81,deposit,DE,2025-06-10 14:05:02
C00001,408.83,withdrawal,DE,2025-05-26 14:05:02
C00851,94.48,deposit,IT,2025-06-07 14:05:02
C00002,721.42,withdrawal,DE,2025-05-21 14:05:02
C00001,1293.7,withdrawal,IT,2025-05-21 14:05:02
C00002,587.94,deposit,IT,2025-06-17 14:05:02
C00001,553.06,transfer,FR,2025-05-19 14:05:02
C00002,1048.54,withdrawal,FR,2025-06-12 14:05:02
C00002,434.82,withdrawal,ES,2025-06-06 14:05:02
C00002,539.47,purchase,ES,2025-06-02 14:05:02
C00001,265.79,purchase,ES,2025-06-14 14:05:02
C00001,1110.37,purchase,DE,2025-06-03 14:05:02
C00001,985.71,transfer,DE,2025-05-20 14:05:02
C00002,534.23,payment,ES,2025-05-30 14:05:02
C00002,1775.91,payment,FR,2025-06-06 14:05:02
C00001,999.27,deposit,IT,2025-05-25 14:05:02
C00001,1157.03,transfer,FR,2025-05-18 14:05:02
C00002,586.45,purchase,ES,2025-05-23 14:05:02
C00204,1194.5,withdrawal,IT,2025-06-17 14:05:02
C00001,1198.58,deposit,DE,2025-06-06 14:05:02
C00001,904.74,purchase,IT,2025-06-14 14:05:02
C00002,1617.32,withdrawal,DE,2025-05-21 14:05:02
C00001,1684.89,withdrawal,DE,2025-05-27 14:05:02
C00001,1257.2,purchase,DE,2025-06-10 14:05:02
C00001,1249.49,withdrawal,FR,2025-05-25 14:05:02
C00002,267.59,purchase,FR,2025-05-19 14:05:02
C00001,709.39,deposit,FR,2025-06-16 14:05:02
C00001,757.6,payment,ES,2025-06-07 14:05:02
C00001,1754.31,deposit,DE,2025-05-31 14:05:02
C00001,1755.83,transfer,FR,2025-06-12 14:05:02
C00001,1758.63,deposit,ES,2025-06-17 14:05:02
C00001,1272.36,deposit,DE,2025-06-07 14:05:02
C00001,1600.57,transfer,IT,2025-06-10 14:05:02
C00218,378.91,transfer,DE,2025-05-24 14:05:02
C00001,1858.22,deposit,FR,2025-05-19 14:05:02
C00002,1973.29,deposit,DE,2025-06-10 14:05:02
C00909,320.29,deposit,DE,2025-05-24 14:05:02
C00001,897.58,deposit,DE,2025-06-12 14:05:02
C00001,452.23,withdrawal,IT,2025-05-28 14:05:02
C00001,422.46,transfer,IT,2025-06-14 14:05:02
C00001,1224.57,withdrawal,ES,2025-05-23 14:05:02
C00002,1876.18,deposit,FR,2025-06-11 14:05:02
C00002,1589.91,transfer,FR,2025-06-07 14:05:02
C00002,329.07,withdrawal,IT,2025-05-27 14:05:02
C00002,1017.93,purchase,IT,2025-06-10 14:05:02
C00001,1424.47,deposit,DE,2025-05-31 14:05:02
C00492,49.18,deposit,IT,2025-05-25 14:05:02
C00001,1188.29,purchase,ES,2025-05-20 14:05:02
C00002,1921.16,purchase,DE,2025-05-25 14:05:02
C00746,1229.63,transfer,IT,2025-06-17 14:05:02
C00002,890.03,payment,DE,2025-05-29 14:05:02
C00001,343.06,deposit,IT,2025-05-24 14:05:02
C00001,448.79,transfer,DE,2025-05-26 14:05:02
C00002,852.15,withdrawal,ES,2025-06-15 14:05:02
C00001,539.25,purchase,ES,2025-06-06 14:05:02
C00002,29.71,deposit,IT,2025-06-04 14:05:02
C00001,767.15,deposit,DE,2025-06-06 14:05:02
C00001,713.5,deposit,ES,2025-06-07 14:05:02
C00001,1674.54,deposit,DE,2025-05-21 14:05:02
C00001,49.33,transfer,FR,2025-05-26 14:05:02
C00001,425.44,transfer,FR,2025-05-31 14:05:02
C00002,1929.96,payment,DE,2025-06-17 14:05:02
C00001,1438.33,withdrawal,IT,2025-05-26 14:05:02
C00439,1700.17,deposit,FR,2025-05-31 14:05:02
C00379,188.75,payment,FR,2025-06-06 14:05:02
C00002,442.09,withdrawal,FR,2025-05-22 14:05:02
C00638,812.1,deposit,FR,2025-05-27 14:05:02
C00002,812.72,withdrawal,DE,2025-06-01 14:05:02
C00002,1805.55,transfer,FR,2025-05-25 14:05:02
C00001,1779.05,transfer,IT,2025-06-08 14:05:02
C00514,211.19,payment,DE,2025-05-20 14:05:02
C00002,1062.99,payment,IT,2025-06-10 14:05:02
C00002,827.58,purchase,DE,2025-06-12 14:05:02
C00002,1708.58,payment,DE,2025-05-29 14:05:02
C00001,658.35,purchase,ES,2025-05-29 14:05:02
C00001,729.02,transfer,ES,2025-05-27 14:05:02
C00001,481.11,payment,ES,2025-05-29 14:05:02
C00002,882.61,withdrawal,FR,2025-06-04 14:05:02
C00002,30.15,withdrawal,IT,2025-06-16 14:05:02
C00202,104.6,transfer,ES,2025-05-20 14:05:02
C00709,872.77,deposit,FR,2025-05-18 14:05:02
C00979,1700.62,transfer,DE,2025-06-14 14:05:02
C00001,1744.6,payment,FR,2025-05-27 14:05:02
C00002,362.56,transfer,FR,2025-05-29 14:05:02
C00001,692.35,payment,DE,2025-05-27 14:05:02
C00002,698.02,withdrawal,DE,2025-05-21 14:05:02
C00001,1981.87,purchase,FR,2025-06-10 14:05:02
C00002,1025.47,transfer,DE,2025-05-28 14:05:02
C00001,1669.29,withdrawal,IT,2025-05-27 14:05:02
C00144,712.92,transfer,ES,2025-06-15 14:05:02
C00002,899.23,withdrawal,DE,2025-05-23 14:05:02
C00002,845.9,withdrawal,ES,2025-05-25 14:05:02
C00326,94.94,withdrawal,IT,2025-05-25 14:05:02
C00001,1954.97,withdrawal,ES,2025-05-29 14:05:02
C00001,745.36,deposit,ES,2025-06-07 14:05:02
C00002,282.83,purchase,FR,2025-05-22 14:05:02
C00002,47.23,transfer,IT,2025-06-03 14:05:02
C00001,1374.2,withdrawal,ES,2025-06-07 14:05:02
C00001,1049.54,transfer,ES,2025-06-08 14:05:02
C00001,344.34,deposit,IT,2025-05-20 14:05:02
C00703,1938.52,withdrawal,IT,2025-05-20 14:05:02
C00002,1339.57,transfer,IT,2025-06-11 14:05:02
C00002,1353.44,transfer,ES,2025-06-05 14:05:02
C00639,1661.62,deposit,ES,2025-05-28 14:05:02
C00001,1166.73,purchase,ES,2025-06-06 14:05:02
C00091,325.32,purchase,IT,2025-06-01 14:05:02
C00002,602.84,payment,ES,2025-06-11 14:05:02
C00001,404.76,withdrawal,ES,2025-05-22 14:05:02
C00741,370.11,deposit,ES,2025-06-06 14:05:02
C00002,781.06,withdrawal,DE,2025-06-02 14:05:02
C00001,154.86,transfer,IT,2025-06-04 14:05:02
C00231,29.06,deposit,IT,2025-06-04 14:05:02
C00001,36.26,transfer,DE,2025-05-26 14:05:02
C00001,911.36,purchase,IT,2025-06-08 14:05:02
C00002,1624.1,payment,DE,2025-06-10 14:05:02
C00002,466.08,withdrawal,ES,2025-05-19 14:05:02
C00001,1430.49,purchase,ES,2025-05-31 14:05:02
C00001,152.23,payment,DE,2025-06-08 14:05:02
C00001,1030.51,payment,IT,2025-05-21 14:05:02
C00709,725.67,transfer,ES,2025-06-09 14:05:02
C00001,1347.81,payment,FR,2025-05-19 14:05:02
C00001,822.1,payment,IT,2025-05-19 14:05:02
C00001,1851.18,deposit,FR,2025-06-02 14:05:02
C00411,1442.46,payment,DE,2025-06-13 14:05:02
C00002,788.04,transfer,ES,2025-05-21 14:05:02
C00002,993.34,purchase,FR,2025-05-22 14:05:02
C00001,120.15,transfer,IT,2025-06-07 14:05:02
C00046,1144.88,deposit,FR,2025-05-23 14:05:02
C00001,1902.01,payment,FR,2025-06-03 14:05:02
C00001,1998.86,deposit,IT,2025-06-07 14:05:02
C00001,943.77,purchase,IT,2025-05-30 14:05:02
C00002,747.22,transfer,FR,2025-05-27 14:05:02
C00001,52.42,payment,IT,2025-05-27 14:05:02
C00002,1671.44,purchase,ES,2025-05-19 14:05:02
C00001,321.77,payment,FR,2025-06-02 14:05:02
C00002,1980.37,purchase,IT,2025-06-04 14:05:02
C00184,850.3,transfer,DE,2025-05-22 14:05:02
C00001,1091.44,payment,DE,2025-06-11 14:05:02
C00001,1613.58,deposit,FR,2025-05-24 14:05:02
C00001,1510.33,payment,DE,2025-05-23 14:05:02
C00002,1979.04,transfer,FR,2025-06-03 14:05:02
C00966,1523.97,deposit,ES,2025-06-07 14:05:02
C00002,482.79,withdrawal,FR,2025-06-06 14:05:02
C00180,569.84,payment,FR,2025-05-23 14:05:02
C00002,1112.35,withdrawal,FR,2025-06-06 14:05:02
C00587,957.15,payment,ES,2025-06-06 14:05:02
C00002,540.51,withdrawal,IT,2025-06-17 14:05:02
C00001,502.35,deposit,DE,2025-06-08 14:05:02
C00001,872.16,payment,ES,2025-06-14 14:05:02
C00002,510.42,withdrawal,IT,2025-05-18 14:05:02
C00674,144.24,transfer,FR,2025-06-06 14:05:02
C00001,1233.57,purchase,FR,2025-06-02 14:05:02
C00415,1910.32,purchase,DE,2025-05-29 14:05:02
C00002,1611.34,withdrawal,FR,2025-05-23 14:05:02
C00002,1057.33,deposit,FR,2025-05-19 14:05:02
C00002,144.71,withdrawal,ES,2025-06-05 14:05:02
C00001,1009.99,withdrawal,IT,2025-06-12 14:05:02
C00002,1980.96,purchase,ES,2025-05-27 14:05:02
C00002,1219.16,payment,DE,2025-06-17 14:05:02
C00160,287.93,purchase,ES,2025-05-29 14:05:02
C00001,1558.23,purchase,ES,2025-06-02 14:05:02
C00001,45.8,purchase,ES,2025-06-17 14:05:02
C00002,807.34,transfer,DE,2025-05-24 14:05:02
C00002,1587.46,deposit,FR,2025-06-17 14:05:02
C00001,318.23,withdrawal,FR,2025-05-27 14:05:02
C00002,519.31,transfer,IT,2025-06-03 14:05:02
C00765,862.02,transfer,FR,2025-06-04 14:05:02
C00001,1533.57,purchase,ES,2025-06-04 14:05:02
C00001,1106.53,withdrawal,DE,2025-06-08 14:05:02
C00001,397.92,purchase,FR,2025-05-18 14:05:02
C00753,1948.63,withdrawal,FR,2025-06-11 14:05:02
C00359,551.05,payment,IT,2025-06-07 14:05:02
C00001,841.68,payment,DE,2025-05-22 14:05:02
C00002,1397.45,withdrawal,DE,2025-06-13 14:05:02
C00640,693.08,withdrawal,DE,2025-06-12 14:05:02
C00849,876.81,withdrawal,FR,2025-06-16 14:05:02
C00002,1652.18,withdrawal,ES,2025-05-19 14:05:02
C00918,36.39,withdrawal,IT,2025-05-24 14:05:02
C00001,525.23,purchase,ES,2025-05-20 14:05:02
C00001,956.05,payment,FR,2025-05-30 14:05:02
C00971,1373.16,transfer,FR,2025-05-31 14:05:02
C00002,806.45,payment,DE,2025-05-27 14:05:02
C00848,1180.81,payment,ES,2025-06-15 14:05:02
C00519,1729.32,payment,DE,2025-05-31 14:05:02
C00001,1342.61,deposit,DE,2025-05-18 14:05:02
C00002,1250.83,withdrawal,ES,2025-06-16 14:05:02
C00937,1021.23,payment,FR,2025-05-19 14:05:02
C00146,948.33,withdrawal,IT,2025-06-15 14:05:02
C00040,646.03,deposit,IT,2025-06-01 14:05:02
C00002,1666.62,purchase,IT,2025-05-30 14:05:02
C00001,1430.7,withdrawal,IT,2025-06-12 14:05:02
C00001,1425.87,deposit,FR,2025-05-27 14:05:02
C00001,1214.32,deposit,FR,2025-05-31 14:05:02
C00001,1982.9,transfer,ES,2025-06-09 14:05:02
C00001,1003.92,purchase,IT,2025-05-24 14:05:02
C00336,1168.96,withdrawal,FR,2025-06-15 14:05:02
C00002,843.3,purchase,IT,2025-06-10 14:05:02
C00002,869.13,deposit,ES,2025-06-02 14:05:02
C00001,1817.35,deposit,DE,2025-06-10 14:05:02
C00001,464.92,payment,FR,2025-05-20 14:05:02
C00001,1931.7,withdrawal,ES,2025-05-25 14:05:02
C00002,1956.75,deposit,FR,2025-05-24 14:05:02
C00001,826.76,payment,DE,2025-05-23 14:05:02
C00001,324.03,transfer,IT,2025-06-06 14:05:02
C00246,518.72,purchase,FR,2025-06-03 14:05:02
C00001,1832.62,deposit,FR,2025-05-28 14:05:02
C00001,126.51,withdrawal,DE,2025-05-23 14:05:02
C00001,1721.4,purchase,DE,2025-05-19 14:05:02
C00001,1928.95,deposit,IT,2025-06-06 14:05:02
C00001,1633.04,payment,FR,2025-05-30 14:05:02
C00002,700.23,transfer,FR,2025-06-05 14:05:02
C00483,1368.85,withdrawal,DE,2025-05-29 14:05:02
C00001,1909.4,deposit,ES,2025-05-29 14:05:02
C00001,1299.17,deposit,DE,2025-06-11 14:05:02
C00001,1547.13,purchase,ES,2025-05-31 14:05:02
C00002,36.28,transfer,ES,2025-05-23 14:05:02
C00002,812.3,payment,ES,2025-05-23 14:05:02
C00001,1853.29,payment,IT,2025-05-31 14:05:02
C00854,534.95,purchase,FR,2025-05-29 14:05:02
C00002,1537.84,withdrawal,ES,2025-06-08 14:05:02
C00001,1367.91,payment,DE,2025-05-20 14:05:02
C00500,1969.67,payment,FR,2025-06-02 14:05:02
C00002,395.7,purchase,ES,2025-06-07 14:05:02
C00002,1799.55,purchase,IT,2025-06-11 14:05:02
C00001,653.6,transfer,FR,2025-05-21 14:05:02
C00001,1672.26,transfer,IT,2025-05-29 14:05:02
C00001,1290.83,payment,DE,2025-06-15 14:05:02
C00002,1257.56,purchase,IT,2025-06-16 14:05:02
C00002,445.4,deposit,IT,2025-05-28 14:05:02
C00002,1386.44,transfer,IT,2025-06-05 14:05:02
C00001,1081.84,transfer,DE,2025-06-15 14:05:02
C00001,827.21,deposit,FR,2025-06-15 14:05:02
C00001,140.76,payment,ES,2025-05-23 14:05:02
C00001,150.0,deposit,ES,2025-06-07 14:05:02
C00001,1332.14,purchase,DE,2025-06-08 14:05:02
C00540,1594.08,payment,FR,2025-06-07 14:05:02
C00002,1975.87,transfer,IT,2025-05-21 14:05:02
C00851,332.06,transfer,DE,2025-05-19 14:05:02
C00001,1626.58,payment,IT,2025-06-16 14:05:02
C00001,1635.24,payment,DE,2025-05-29 14:05:02
C00001,540.23,withdrawal,ES,2025-06-02 14:05:02
C00972,407.41,transfer,ES,2025-05-25 14:05:02
C00001,165.22,transfer,IT,2025-06-05 14:05:02
C00002,1970.23,purchase,DE,2025-05-18 14:05:02
C00001,1835.34,deposit,IT,2025-05-20 14:05:02
C00923,144.94,deposit,DE,2025-05-26 14:05:02
C00002,1949.41,deposit,FR,2025-05-18 14:05:02
C00002,217.35,deposit,DE,2025-06-02 14:05:02
C00002,1022.94,withdrawal,FR,2025-05-21 14:05:02
C00002,1556.25,transfer,ES,2025-05-24 14:05:02
C00001,1753.42,purchase,FR,2025-06-15 14:05:02
C00001,833.07,purchase,FR,2025-06-10 14:05:02
C00914,19.86,withdrawal,DE,2025-06-02 14:05:02
C00001,173.18,deposit,DE,2025-06-08 14:05:02
C00001,1188.15,payment,IT,2025-05-31 14:05:02
C00002,1969.08,withdrawal,ES,2025-05-31 14:05:02
C00001,779.56,purchase,IT,2025-05-30 14:05:02
C00001,1465.96,purchase,ES,2025-06-05 14:05:02
C00002,1194.5,transfer,FR,2025-06-16 14:05:02
C00414,1118.69,withdrawal,FR,2025-06-13 14:05:02
C00001,1660.02,withdrawal,ES,2025-06-06 14:05:02
C00002,1266.25,payment,DE,2025-05-24 14:05:02
C00002,919.25,purchase,DE,2025-06-01 14:05:02
C00840,1718.62,withdrawal,DE,2025-05-26 14:05:02
C00001,45.25,deposit,ES,2025-06-06 14:05:02
C00001,1047.52,withdrawal,FR,2025-06-05 14:05:02
C00001,959.35,purchase,FR,2025-06-03 14:05:02
C00687,1368.19,transfer,DE,2025-06-03 14:05:02
C00001,87.48,deposit,ES,2025-05-29 14:05:02
C00001,1085.17,purchase,FR,2025-05-20 14:05:02
C00001,500.94,purchase,ES,2025-06-11 14:05:02
C00002,121.13,payment,IT,2025-06-10 14:05:02
C00002,1471.9,payment,FR,2025-05-21 14:05:02
C00002,414.32,deposit,FR,2025-06-15 14:05:02
C00002,1155.81,withdrawal,IT,2025-06-06 14:05:02
C00001,474.37,purchase,FR,2025-06-08 14:05:02
C00117,1898.62,purchase,DE,2025-06-12 14:05:02
C00001,1472.4,withdrawal,FR,2025-06-05 14:05:02
C00002,413.12,deposit,DE,2025-06-08 14:05:02
C00001,1141.28,payment,ES,2025-06-14 14:05:02
C00002,169.1,deposit,ES,2025-05-30 14:05:02
C00002,1608.53,deposit,DE,2025-06-06 14:05:02
C00089,1480.45,withdrawal,IT,2025-05-21 14:05:02
C00002,1288.0,withdrawal,IT,2025-05-30 14:05:02
C00002,1616.07,withdrawal,IT,2025-05-31 14:05:02
C00002,1217.08,withdrawal,DE,2025-05-31 14:05:02
C00002,850.48,payment,DE,2025-06-02 14:05:02
C00001,460.54,transfer,FR,2025-05-22 14:05:02
C00001,321.61,purchase,DE,2025-05-30 14:05:02
C00001,92.68,transfer,FR,2025-06-04 14:05:02
C00001,49.48,transfer,DE,2025-06-16 14:05:02
C00002,548.54,transfer,FR,2025-05-30 14:05:02
C00001,1222.05,payment,ES,2025-06-15 14:05:02
C00002,1731.2,payment,FR,2025-06-15 14:05:02
C00002,880.05,deposit,DE,2025-06-01 14:05:02
C00001,1417.96,transfer,ES,2025-05-26 14:05:02
C00002,1719.68,purchase,FR,2025-06-11 14:05:02
C00001,644.4,payment,DE,2025-05-21 14:05:02
C00001,186.38,withdrawal,FR,2025-05-21 14:05:02
C00001,1268.86,transfer,ES,2025-06-04 14:05:02
C00334,798.24,transfer,FR,2025-05-23 14:05:02
C00825,1859.55,payment,DE,2025-05-27 14:05:02
C00001,681.54,deposit,IT,2025-05-19 14:05:02
C00001,1319.39,payment,IT,2025-06-04 14:05:02
C00001,929.11,withdrawal,ES,2025-05-25 14:05:02
C00001,437.09,withdrawal,ES,2025-06-04 14:05:02
C00001,889.97,payment,FR,2025-06-07 14:05:02
C00791,18.05,transfer,ES,2025-05-28 14:05:02
C00001,1389.6,deposit,ES,2025-05-26 14:05:02
C00001,319.64,deposit,DE,2025-05-19 14:05:02
C00001,450.68,payment,FR,2025-05-26 14:05:02
C00002,953.71,deposit,FR,2025-06-10 14:05:02
C00002,1935.87,purchase,IT,2025-06-13 14:05:02
C00001,1321.19,deposit,DE,2025-06-14 14:05:02
C00001,583.06,deposit,FR,2025-05-27 14:05:02
C00786,1879.32,payment,DE,2025-06-01 14:05:02
C00002,1970.22,payment,IT,2025-06-13 14:05:02
C00001,384.75,withdrawal,DE,2025-05-30 14:05:02
C00002,445.06,payment,IT,2025-06-08 14:05:02
C00001,1982.58,purchase,IT,2025-05-24 14:05:02
C00002,262.44,purchase,IT,2025-05-31 14:05:02
C00001,982.3,withdrawal,DE,2025-06-02 14:05:02
C00002,1590.84,transfer,IT,2025-05-21 14:05:02
C00002,1568.53,payment,IT,2025-06-15 14:05:02
C00001,533.88,payment,DE,2025-06-09 14:05:02
C00002,137.72,payment,DE,2025-05-26 14:05:02
C00002,158.23,deposit,FR,2025-06-11 14:05:02
C00002,882.81,withdrawal,IT,2025-06-17 14:05:02
C00001,1378.07,deposit,IT,2025-06-08 14:05:02
C00001,1775.59,payment,DE,2025-05-28 14:05:02
C00002,215.14,withdrawal,IT,2025-06-06 14:05:02
C00001,65.8,transfer,FR,2025-05-25 14:05:02
C00806,544.13,payment,ES,2025-05-30 14:05:02
C00875,463.26,payment,IT,2025-06-08 14:05:02
C00525,822.24,purchase,DE,2025-06-09 14:05:02
C00243,1557.43,payment,DE,2025-06-17 14:05:02
C00002,1555.18,payment,ES,2025-05-29 14:05:02
C00001,1367.36,withdrawal,IT,2025-06-03 14:05:02
C00002,304.64,withdrawal,FR,2025-05-28 14:05:02
C00707,1668.52,purchase,IT,2025-06-08 14:05:02
C00001,1733.53,purchase,IT,2025-05-26 14:05:02
C00001,369.88,payment,IT,2025-06-08 14:05:02
C00001,688.81,purchase,DE,2025-05-29 14:05:02
C00001,1629.2,deposit,DE,2025-06-12 14:05:02
C00001,65.92,deposit,IT,2025-05-30 14:05:02
C00001,1462.52,purchase,ES,2025-05-27 14:05:02
C00002,690.93,purchase,IT,2025-06-14 14:05:02
C00001,186.72,transfer,DE,2025-05-28 14:05:02
C00001,87.68,withdrawal,ES,2025-05-26 14:05:02
C00001,1079.26,deposit,IT,2025-05-24 14:05:02
C00002,1007.49,purchase,IT,2025-06-03 14:05:02
C00547,792.84,withdrawal,ES,2025-05-20 14:05:02
C00763,1824.15,purchase,ES,2025-05-31 14:05:02
C00097,1974.67,purchase,DE,2025-06-07 14:05:02
C00002,627.64,transfer,FR,2025-05-27 14:05:02
C00002,523.25,payment,ES,2025-05-29 14:05:02
C00085,1224.65,deposit,FR,2025-05-20 14:05:02
C00001,1797.42,payment,FR,2025-06-15 14:05:02
C00330,1478.68,payment,ES,2025-06-08 14:05:02
C00001,902.31,transfer,DE,2025-05-29 14:05:02
C00001,1797.09,purchase,ES,2025-06-04 14:05:02
C00002,1518.21,deposit,FR,2025-05-30 14:05:02
C00001,64.28,withdrawal,DE,2025-05-26 14:05:02
C00002,1205.92,payment,IT,2025-06-02 14:05:02
C00581,1626.76,payment,IT,2025-06-13 14:05:02
C00628,412.46,purchase,FR,2025-06-08 14:05:02
C00001,745.0,purchase,FR,2025-06-16 14:05:02
C00001,339.31,transfer,FR,2025-05-28 14:05:02
C00001,942.94,transfer,DE,2025-06-10 14:05:02
C00002,338.23,withdrawal,DE,2025-05-29 14:05:02
C00001,1374.27,deposit,IT,2025-05-19 14:05:02
C00001,178.6,transfer,ES,2025-06-15 14:05:02
C00001,247.98,withdrawal,ES,2025-06-02 14:05:02
C00874,1512.88,payment,FR,2025-05-31 14:05:02
C00002,1349.83,withdrawal,DE,2025-05-18 14:05:02
C00002,657.87,deposit,IT,2025-06-15 14:05:02
C00001,792.61,transfer,DE,2025-05-21 14:05:02
C00002,1302.05,transfer,FR,2025-06-02 14:05:02
C00002,602.21,payment,FR,2025-05-30 14:05:02
C00002,1906.08,withdrawal,ES,2025-06-14 14:05:02
C00001,1008.09,transfer,FR,2025-06-10 14:05:02
C00002,57.81,purchase,IT,2025-06-05 14:05:02
C00001,1566.03,deposit,FR,2025-05-22 14:05:02
C00406,1709.94,transfer,FR,2025-06-15 14:05:02
C00002,1579.21,deposit,FR,2025-05-18 14:05:02
C00988,1956.64,deposit,DE,2025-05-21 14:05:02
C00002,347.96,withdrawal,DE,2025-05-31 14:05:02
C00001,786.47,deposit,DE,2025-05-27 14:05:02
C00001,539.32,payment,IT,2025-06-14 14:05:02
C00001,1148.75,payment,DE,2025-06-01 14:05:02
C00884,1952.79,transfer,IT,2025-05-20 14:05:02
C00001,1797.41,payment,FR,2025-06-17 14:05:02
C00001,542.63,transfer,DE,2025-05-27 14:05:02
C00706,1161.2,purchase,FR,2025-06-01 14:05:02
C00001,749.27,withdrawal,ES,2025-05-25 14:05:02
C00001,522.28,payment,ES,2025-05-24 14:05:02
C00001,1081.77,payment,ES,2025-06-13 14:05:02
C00002,46.18,purchase,FR,2025-05-18 14:05:02
C00002,304.68,transfer,IT,2025-06-16 14:05:02
C00053,1077.71,purchase,ES,2025-05-30 14:05:02
C00002,1357.95,deposit,ES,2025-06-12 14:05:02
C00001,1800.31,purchase,ES,2025-05-26 14:05:02
C00001,1069.56,purchase,DE,2025-05-30 14:05:02
C00002,1858.62,purchase,IT,2025-05-18 14:05:02
C00002,700.95,purchase,IT,2025-06-16 14:05:02
C00641,250.28,withdrawal,IT,2025-05-26 14:05:02
C00002,1194.49,deposit,DE,2025-05-22 14:05:02
C00002,1075.78,purchase,FR,2025-05-30 14:05:02
C00001,1819.74,deposit,IT,2025-05-19 14:05:02
C00021,373.21,payment,FR,2025-05-29 14:05:02
C00215,785.1,deposit,FR,2025-05-21 14:05:02
C00001,1214.62,purchase,FR,2025-06-03 14:05:02
C00002,839.72,deposit,FR,2025-06-02 14:05:02
C00001,1220.45,purchase,ES,2025-05-30 14:05:02
C00001,811.64,transfer,FR,2025-06-14 14:05:02
C00002,895.0,payment,IT,2025-05-25 14:05:02
C00002,1103.95,deposit,IT,2025-05-20 14:05:02
C00002,230.3,purchase,FR,2025-05-27 14:05:02
C00001,233.06,purchase,DE,2025-06-17 14:05:02
C00002,1985.99,purchase,IT,2025-06-06 14:05:02
C00002,101.56,transfer,DE,2025-05-22 14:05:02
C00001,533.89,deposit,IT,2025-05-18 14:05:02
C00002,783.32,purchase,IT,2025-06-09 14:05:02
C00002,1778.22,purchase,FR,2025-06-08 14:05:02
C00107,404.21,deposit,DE,2025-06-07 14:05:02
C00001,399.29,deposit,DE,2025-06-13 14:05:02
C00001,10.41,purchase,FR,2025-06-09 14:05:02
C00001,1662.25,transfer,DE,2025-05-27 14:05:02
C00001,1489.48,payment,FR,2025-06-15 14:05:02
C00002,1192.85,deposit,IT,2025-06-12 14:05:02
C00002,1482.38,withdrawal,IT,2025-05-27 14:05:02
C00002,1447.76,payment,IT,2025-05-30 14:05:02
C00002,342.38,payment,ES,2025-05-22 14:05:02
C00001,1790.57,deposit,IT,2025-06-08 14:05:02
C00001,1453.37,purchase,IT,2025-06-11 14:05:02
C00001,984.14,purchase,FR,2025-06-17 14:05:02
C00002,1043.67,purchase,ES,2025-06-15 14:05:02
C00001,1878.92,withdrawal,FR,2025-06-16 14:05:02
C00065,1941.22,purchase,DE,2025-06-11 14:05:02
C00001,1283.92,purchase,DE,2025-05-22 14:05:02
C00001,1518.43,purchase,DE,2025-05-28 14:05:02
C00001,1217.18,purchase,IT,2025-05-31 14:05:02
C00002,1133.62,withdrawal,ES,2025-06-08 14:05:02
C00001,1415.0,purchase,FR,2025-06-14 14:05:02
C00002,1287.14,payment,DE,2025-06-11 14:05:02
C00001,1430.1,purchase,ES,2025-06-05 14:05:02
C00729,216.35,payment,ES,2025-05-29 14:05:02
C00002,655.79,purchase,ES,2025-06-05 14:05:02
C00001,1169.47,purchase,DE,2025-06-04 14:05:02
C00002,736.83,transfer,IT,2025-06-08 14:05:02
C00001,579.8,deposit,DE,2025-05-31 14:05:02
C00001,771.19,withdrawal,DE,2025-06-07 14:05:02
C00962,1837.12,purchase,FR,2025-06-09 14:05:02
C00001,1115.5,withdrawal,DE,2025-06-12 14:05:02
C00002,450.16,withdrawal,DE,2025-05-26 14:05:02
C00001,534.65,deposit,FR,2025-06-16 14:05:02
C00001,1191.1,purchase,IT,2025-05-21 14:05:02
C00002,1120.98,withdrawal,DE,2025-06-04 14:05:02
C00001,1638.34,transfer,FR,2025-05-23 14:05:02
C00001,1292.87,deposit,IT,2025-06-07 14:05:02
C00227,1230.31,deposit,FR,2025-05-25 14:05:02
C00001,1451.12,transfer,IT,2025-05-25 14:05:02
C00001,1294.27,payment,ES,2025-05-23 14:05:02
C00553,956.31,payment,ES,2025-05-18 14:05:02
C00002,1018.99,purchase,IT,2025-06-09 14:05:02
C00001,699.69,transfer,IT,2025-06-03 14:05:02
C00001,1799.29,purchase,FR,2025-05-30 14:05:02
C00408,668.23,payment,DE,2025-06-17 14:05:02
C00001,1620.77,payment,ES,2025-05-28 14:05:02
C00001,571.69,withdrawal,DE,2025-05-24 14:05:02
C00371,1099.44,purchase,ES,2025-05-23 14:05:02
C00001,55.79,deposit,FR,2025-05-26 14:05:02
C00369,1999.32,purchase,DE,2025-06-13 14:05:02
C00002,697.61,payment,IT,2025-06-04 14:05:02
C00002,655.93,withdrawal,ES,2025-06-01 14:05:02
C00001,168.22,deposit,FR,2025-05-24 14:05:02
C00002,859.41,deposit,FR,2025-05-19 14:05:02
C00002,1173.95,payment,ES,2025-05-28 14:05:02
C00002,1582.63,withdrawal,DE,2025-05-23 14:05:02
C00001,1555.74,withdrawal,IT,2025-06-12 14:05:02
C00001,549.99,payment,DE,2025-05-31 14:05:02
C00001,449.37,purchase,FR,2025-06-12 14:05:02
C00013,781.16,payment,ES,2025-06-11 14:05:02
C00444,1529.92,deposit,DE,2025-05-29 14:05:02
C00002,1499.21,withdrawal,FR,2025-05-25 14:05:02
C00001,771.81,transfer,IT,2025-06-14 14:05:02
C00626,961.23,withdrawal,IT,2025-06-16 14:05:02
C00059,1793.8,payment,ES,2025-05-27 14:05:02
C00725,1861.75,payment,IT,2025-05-26 14:05:02
C00002,161.25,withdrawal,IT,2025-05-28 14:05:02
C00002,1406.74,purchase,FR,2025-06-06 14:05:02
C00001,1663.89,payment,FR,2025-06-06 14:05:02
C00002,85.42,purchase,DE,2025-05-22 14:05:02
C00001,389.45,transfer,FR,2025-06-10 14:05:02
C00002,697.52,transfer,IT,2025-06-11 14:05:02
C00002,1696.92,deposit,DE,2025-05-25 14:05:02
C00001,1982.39,purchase,FR,2025-06-13 14:05:02
C00001,1855.17,withdrawal,ES,2025-05-19 14:05:02
C00001,200.28,transfer,FR,2025-05-19 14:05:02
C00001,1248.75,payment,ES,2025-05-30 14:05:02
C00002,1346.85,deposit,FR,2025-05-31 14:05:02
C00002,1900.96,deposit,ES,2025-05-27 14:05:02
C00491,1244.11,withdrawal,IT,2025-05-28 14:05:02
C00002,962.1,transfer,DE,2025-06-01 14:05:02
C00002,1771.55,transfer,DE,2025-06-13 14:05:02
C00001,223.53,deposit,ES,2025-05-28 14:05:02
C00002,572.16,payment,FR,2025-06-05 14:05:02
C00001,1666.43,withdrawal,IT,2025-05-22 14:05:02
C00002,1579.03,payment,IT,2025-06-06 14:05:02
C00002,1246.22,purchase,ES,2025-05-27 14:05:02
C00001,1427.78,purchase,IT,2025-05-30 14:05:02
C00001,1263.96,payment,DE,2025-05-18 14:05:02
C00002,402.27,withdrawal,FR,2025-05-27 14:05:02
C00001,1261.96,payment,DE,2025-06-04 14:05:02
C00001,1906.92,transfer,FR,2025-06-05 14:05:02
C00002,224.08,purchase,IT,2025-05-25 14:05:02
C00001,474.64,withdrawal,FR,2025-06-17 14:05:02
C00001,165.3,transfer,IT,2025-05-31 14:05:02
C00001,1604.74,purchase,IT,2025-06-17 14:05:02
C00001,1458.22,deposit,ES,2025-05-29 14:05:02
C00055,1841.75,withdrawal,DE,2025-06-15 14:05:02
C00001,735.29,transfer,ES,2025-06-08 14:05:02
C00707,814.56,payment,IT,2025-06-11 14:05:02
C00002,1294.75,withdrawal,DE,2025-05-31 14:05:02
C00001,1042.2,payment,IT,2025-06-04 14:05:02
C00001,1657.36,withdrawal,FR,2025-05-23 14:05:02
C00001,1832.51,deposit,DE,2025-06-02 14:05:02
C00001,1382.11,transfer,IT,2025-06-09 14:05:02
C00404,1922.06,withdrawal,ES,2025-06-09 14:05:02
C00026,1015.64,transfer,IT,2025-05-20 14:05:02
C00001,1779.18,deposit,ES,2025-06-12 14:05:02
C00002,1586.89,transfer,IT,2025-06-06 14:05:02
C00001,1911.94,purchase,ES,2025-05-24 14:05:02
C00002,748.84,payment,IT,2025-05-30 14:05:02
C00426,1515.5,payment,DE,2025-06-10 14:05:02
C00002,848.13,payment,DE,2025-05-20 14:05:02
C00001,1130.95,transfer,FR,2025-06-05 14:05:02
C00001,1685.51,payment,IT,2025-06-03 14:05:02
C00755,636.41,purchase,FR,2025-05-30 14:05:02
C00001,457.57,transfer,FR,2025-06-14 14:05:02
C00001,460.84,deposit,DE,2025-06-04 14:05:02
C00002,980.16,purchase,IT,2025-05-22 14:05:02
C00002,524.94,purchase,ES,2025-06-15 14:05:02
C00001,622.62,purchase,IT,2025-05-30 14:05:02
C00001,1127.71,withdrawal,ES,2025-06-02 14:05:02
C00002,360.52,withdrawal,FR,2025-06-14 14:05:02
C00002,1487.26,deposit,IT,2025-05-23 14:05:02
C00209,1088.45,payment,FR,2025-05-31 14:05:02
C00002,899.12,transfer,ES,2025-06-07 14:05:02
C00001,1258.74,purchase,ES,2025-05-23 14:05:02
C00002,846.34,withdrawal,ES,2025-06-14 14:05:02
C00001,661.85,withdrawal,DE,2025-05-23 14:05:02
C00001,1001.94,purchase,IT,2025-06-08 14:05:02
C00002,1103.08,transfer,IT,2025-05-23 14:05:02
C00735,984.9,transfer,FR,2025-05-22 14:05:02
C00001,1174.91,purchase,FR,2025-06-14 14:05:02
C00001,1534.21,payment,ES,2025-06-10 14:05:02
C00001,1433.79,transfer,DE,2025-05-18 14:05:02
C00001,26.56,withdrawal,FR,2025-06-17 14:05:02
C00002,1563.07,transfer,DE,2025-05-27 14:05:02
C00002,260.78,withdrawal,FR,2025-05-23 14:05:02
C00001,1693.1,purchase,ES,2025-06-14 14:05:02
C00002,66.0,purchase,IT,2025-05-23 14:05:02
C00001,488.5,deposit,ES,2025-06-06 14:05:02
C00349,712.03,withdrawal,ES,2025-06-03 14:05:02
C00002,1643.89,deposit,FR,2025-06-08 14:05:02
C00002,442.05,payment,FR,2025-05-19 14:05:02
C00001,123.4,payment,FR,2025-05-31 14:05:02
C00869,541.54,deposit,IT,2025-06-12 14:05:02
C00001,1609.18,withdrawal,ES,2025-05-25 14:05:02
C00002,1011.91,withdrawal,FR,2025-06-05 14:05:02
C00577,1002.0,transfer,IT,2025-06-06 14:05:02
C00001,141.25,payment,IT,2025-05-24 14:05:02
C00001,1670.99,deposit,IT,2025-06-03 14:05:02
C00393,1762.01,transfer,IT,2025-05-30 14:05:02
C00001,381.41,purchase,DE,2025-06-15 14:05:02
C00002,1484.52,transfer,FR,2025-05-31 14:05:02
C00001,1083.62,transfer,DE,2025-06-13 14:05:02
C00002,714.93,deposit,FR,2025-06-03 14:05:02
C00917,64.09,payment,DE,2025-06-07 14:05:02
C00001,922.64,withdrawal,ES,2025-05-23 14:05:02
C00001,1150.67,purchase,IT,2025-05-19 14:05:02
C00002,586.06,transfer,DE,2025-05-26 14:05:02
C00002,338.56,withdrawal,DE,2025-05-22 14:05:02
C00001,1909.85,payment,IT,2025-05-24 14:05:02
C00001,705.87,withdrawal,FR,2025-06-16 14:05:02
C00002,1788.65,transfer,FR,2025-06-12 14:05:02
C00001,1330.19,purchase,ES,2025-05-21 14:05:02
C00001,1688.61,purchase,FR,2025-06-03 14:05:02
C00001,1842.74,payment,DE,2025-05-19 14:05:02
C00444,234.7,purchase,ES,2025-05-18 14:05:02
C00001,469.01,withdrawal,DE,2025-06-02 14:05:02
C00002,643.08,deposit,FR,2025-06-05 14:05:02
C00001,809.76,transfer,IT,2025-06-02 14:05:02
C00001,1021.38,payment,DE,2025-06-08 14:05:02
C00002,1297.93,purchase,DE,2025-06-02 14:05:02
C00001,1796.81,payment,DE,2025-05-20 14:05:02
C00002,1497.52,transfer,FR,2025-05-26 14:05:02
C00001,150.09,transfer,ES,2025-05-28 14:05:02
C00526,636.47,transfer,FR,2025-06-16 14:05:02
C00340,384.34,purchase,DE,2025-06-10 14:05:02
C00681,522.23,withdrawal,IT,2025-06-02 14:05:02
C00001,1331.49,payment,ES,2025-05-25 14:05:02
C00002,1731.12,withdrawal,ES,2025-05-27 14:05:02
C00657,1457.42,transfer,ES,2025-05-26 14:05:02
C00400,776.51,payment,DE,2025-05-31 14:05:02
C00001,23.88,transfer,FR,2025-05-18 14:05:02
C00492,1814.8,withdrawal,IT,2025-06-11 14:05:02
C00001,630.81,transfer,ES,2025-05-24 14:05:02
C00001,1050.49,withdrawal,DE,2025-05-19 14:05:02
C00002,716.05,payment,FR,2025-06-02 14:05:02
C00434,1464.68,purchase,IT,2025-06-05 14:05:02
C00002,970.73,withdrawal,DE,2025-06-05 14:05:02
C00002,961.21,withdrawal,IT,2025-06-04 14:05:02
C00001,1211.19,withdrawal,FR,2025-06-03 14:05:02
C00001,486.84,transfer,ES,2025-05-24 14:05:02
C00001,364.52,payment,ES,2025-05-23 14:05:02
C00002,1064.3,withdrawal,ES,2025-05-27 14:05:02
C00001,930.36,payment,ES,2025-05-29 14:05:02
C00001,598.69,transfer,DE,2025-06-15 14:05:02
C00002,1555.38,deposit,ES,2025-06-08 14:05:02
C00324,1271.21,deposit,DE,2025-06-09 14:05:02
C00001,1820.9,deposit,DE,2025-05-29 14:05:02
C00002,204.14,deposit,IT,2025-06-15 14:05:02
C00002,808.49,withdrawal,ES,2025-05-19 14:05:02
C01000,983.44,payment,ES,2025-05-22 14:05:02
C00002,166.6,deposit,FR,2025-06-05 14:05:02
C00001,304.61,withdrawal,DE,2025-06-17 14:05:02
C00001,1476.89,payment,DE,2025-06-05 14:05:02
C00001,581.62,transfer,IT,2025-06-10 14:05:02
C00001,509.18,withdrawal,ES,2025-06-03 14:05:02
C00002,1346.95,payment,ES,2025-05-22 14:05:02
C00002,1198.64,purchase,FR,2025-06-15 14:05:02
C00649,1372.88,deposit,FR,2025-06-03 14:05:02
C00002,1852.18,purchase,DE,2025-05-20 14:05:02
C00001,1281.02,deposit,IT,2025-05-29 14:05:02
C00002,227.63,deposit,ES,2025-06-17 14:05:02
C00001,203.33,transfer,DE,2025-06-02 14:05:02
C00002,1437.21,withdrawal,FR,2025-05-27 14:05:02
C00912,40.21,deposit,ES,2025-06-05 14:05:02
C00001,1706.48,payment,DE,2025-06-06 14:05:02
C00002,1598.27,payment,DE,2025-05-19 14:05:02
C00001,1073.03,deposit,DE,2025-06-12 14:05:02
C00002,1723.35,deposit,DE,2025-06-12 14:05:02
C00002,1612.84,payment,ES,2025-05-30 14:05:02
C00002,1979.51,payment,DE,2025-05-19 14:05:02
C00001,1641.06,transfer,DE,2025-06-13 14:05:02
C00616,1378.76,withdrawal,IT,2025-06-06 14:05:02
C00001,1150.49,payment,DE,2025-05-22 14:05:02
C00001,885.25,deposit,FR,2025-05-30 14:05:02
C00001,1112.48,transfer,FR,2025-06-04 14:05:02
C00002,70.43,deposit,IT,2025-05-18 14:05:02
C00001,1333.27,withdrawal,FR,2025-06-06 14:05:02
C00002,774.27,purchase,FR,2025-06-08 14:05:02
C00904,667.44,purchase,IT,2025-06-03 14:05:02
C00002,1182.03,purchase,IT,2025-06-10 14:05:02
C00001,1195.07,payment,ES,2025-06-07 14:05:02
C00586,1668.74,deposit,IT,2025-06-04 14:05:02
C00001,1593.23,deposit,ES,2025-06-09 14:05:02
C00816,391.13,purchase,IT,2025-05-26 14:05:02
C00001,1067.57,withdrawal,ES,2025-05-21 14:05:02
C00002,1457.51,payment,FR,2025-05-23 14:05:02
C00003,141.9,withdrawal,ES,2025-06-03 14:05:02
C00001,1283.72,transfer,DE,2025-05-19 14:05:02
C00002,98.56,purchase,ES,2025-06-08 14:05:02
C00001,983.42,purchase,FR,2025-06-16 14:05:02
C00002,761.99,deposit,IT,2025-06-05 14:05:02
C00994,1187.04,purchase,DE,2025-06-05 14:05:02
C00001,1218.4,purchase,ES,2025-06-04 14:05:02
C00002,249.62,withdrawal,IT,2025-06-04 14:05:02
C00002,1183.64,deposit,DE,2025-06-10 14:05:02
C00001,1438.31,deposit,ES,2025-06-17 14:05:02
C00001,907.93,purchase,FR,2025-06-12 14:05:02
C00002,345.93,payment,ES,2025-06-03 14:05:02
C00002,1710.06,purchase,FR,2025-05-21 14:05:02
C00434,867.49,withdrawal,ES,2025-06-16 14:05:02
C00002,548.73,transfer,FR,2025-06-15 14:05:02
C00001,1830.16,purchase,IT,2025-06-13 14:05:02
C00001,1516.46,transfer,IT,2025-05-29 14:05:02
C00001,95.38,deposit,IT,2025-06-14 14:05:02
C00002,1288.03,withdrawal,FR,2025-06-07 14:05:02
C00001,1024.69,withdrawal,DE,2025-05-29 14:05:02
C00112,1038.71,transfer,FR,2025-06-05 14:05:02
C00002,1235.22,payment,IT,2025-06-06 14:05:02
C00002,259.19,payment,FR,2025-05-26 14:05:02
C00001,696.0,deposit,ES,2025-06-07 14:05:02
C00001,1863.85,deposit,ES,2025-05-19 14:05:02
C00002,1002.77,payment,IT,2025-06-06 14:05:02
C00001,1357.37,purchase,DE,2025-05-28 14:05:02
C00001,1125.16,withdrawal,IT,2025-05-27 14:05:02
C00655,502.11,purchase,ES,2025-05-28 14:05:02
C00239,446.46,transfer,FR,2025-05-27 14:05:02
C00139,1131.0,payment,FR,2025-05-26 14:05:02
C00055,1455.84,purchase,ES,2025-06-15 14:05:02
C00001,298.08,payment,ES,2025-05-20 14:05:02
C00001,318.7,purchase,DE,2025-06-14 14:05:02
C00002,842.23,deposit,FR,2025-05-26 14:05:02
C00002,876.19,transfer,DE,2025-05-20 14:05:02
C00028,650.72,purchase,FR,2025-05-28 14:05:02
C00002,333.23,transfer,ES,2025-06-14 14:05:02
C00001,335.77,transfer,FR,2025-06-04 14:05:02
C00002,1461.82,payment,DE,2025-06-05 14:05:02
C00001,703.28,withdrawal,FR,2025-05-18 14:05:02
C00002,1323.41,payment,ES,2025-06-09 14:05:02
C00001,1339.33,purchase,IT,2025-05-30 14:05:02
C00001,317.73,payment,ES,2025-05-24 14:05:02
C00002,192.05,withdrawal,ES,2025-05-23 14:05:02
C00181,1798.64,purchase,ES,2025-06-06 14:05:02
C00002,1996.48,purchase,DE,2025-05-23 14:05:02
C00001,246.89,purchase,FR,2025-06-04 14:05:02
C00002,585.16,transfer,ES,2025-06-06 14:05:02
C00002,48.19,withdrawal,ES,2025-06-14 14:05:02
C00001,95.15,transfer,IT,2025-05-23 14:05:02
C00001,986.55,purchase,DE,2025-06-05 14:05:02
C00001,1154.96,payment,ES,2025-05-23 14:05:02
C00001,1003.98,deposit,FR,2025-05-27 14:05:02
C00002,1497.5,transfer,IT,2025-06-12 14:05:02
C00194,1834.54,purchase,IT,2025-05-31 14:05:02
C00001,1338.44,withdrawal,ES,2025-05-28 14:05:02
C00001,760.53,deposit,FR,2025-05-19 14:05:02
C00661,1007.12,deposit,ES,2025-06-15 14:05:02
C00999,1895.48,purchase,IT,2025-05-22 14:05:02
C00001,490.71,transfer,DE,2025-06-02 14:05:02
C00002,539.46,purchase,DE,2025-06-04 14:05:02
C00002,1758.85,transfer,FR,2025-06-07 14:05:02
C00001,353.08,transfer,ES,2025-06-13 14:05:02
C00001,1173.49,transfer,DE,2025-05-28 14:05:02
C00001,208.95,withdrawal,IT,2025-06-13 14:05:02
C00001,1295.08,purchase,DE,2025-06-05 14:05:02
C00002,1629.69,withdrawal,FR,2025-06-04 14:05:02
C00002,701.01,purchase,IT,2025-06-03 14:05:02
C00002,585.14,purchase,ES,2025-05-25 14:05:02
C00001,191.39,purchase,ES,2025-06-07 14:05:02
C00029,1235.2,purchase,FR,2025-05-24 14:05:02
C00001,1584.51,withdrawal,ES,2025-06-10 14:05:02
C00001,854.97,payment,ES,2025-06-12 14:05:02
C00081,1703.62,payment,IT,2025-06-06 14:05:02
C00001,1217.75,payment,FR,2025-06-10 14:05:02
C00134,1654.5,transfer,ES,2025-05-24 14:05:02
C00001,784.48,payment,IT,2025-05-21 14:05:02
C00837,283.07,deposit,FR,2025-06-07 14:05:02
C00002,1095.2,withdrawal,IT,2025-05-31 14:05:02
C00001,1884.3,transfer,DE,2025-05-24 14:05:02
C00246,137.72,withdrawal,ES,2025-06-15 14:05:02
C00002,1706.19,withdrawal,DE,2025-06-08 14:05:02
C00001,1827.95,deposit,FR,2025-06-06 14:05:02
C00002,435.63,payment,ES,2025-06-01 14:05:02
C00001,1540.66,withdrawal,ES,2025-05-24 14:05:02
C00472,1317.54,purchase,FR,2025-06-03 14:05:02
C00974,821.92,purchase,DE,2025-05-19 14:05:02
C00002,775.9,transfer,FR,2025-06-17 14:05:02
C00002,712.84,purchase,FR,2025-05-18 14:05:02
C00001,1608.58,withdrawal,FR,2025-06-06 14:05:02
C00002,1831.95,deposit,FR,2025-05-28 14:05:02
C00002,1434.64,purchase,IT,2025-06-16 14:05:02
C00001,1809.33,purchase,DE,2025-05-28 14:05:02
C00002,29.98,withdrawal,DE,2025-05-30 14:05:02
C00002,1266.51,withdrawal,DE,2025-05-26 14:05:02
C00001,1657.87,payment,IT,2025-05-25 14:05:02
C00002,320.63,purchase,ES,2025-06-11 14:05:02
C00850,1538.45,transfer,FR,2025-06-11 14:05:02
C00001,1687.2,payment,FR,2025-06-06 14:05:02
C00002,84.4,withdrawal,DE,2025-05-23 14:05:02
C00220,467.32,purchase,ES,2025-06-16 14:05:02
C00001,516.32,purchase,ES,2025-06-05 14:05:02
C00001,1021.75,purchase,FR,2025-05-19 14:05:02
C00533,580.28,purchase,IT,2025-05-19 14:05:02
C00936,1540.46,purchase,FR,2025-06-15 14:05:02
C00001,1572.15,purchase,DE,2025-06-15 14:05:02
C00001,127.72,withdrawal,FR,2025-05-31 14:05:02
C00002,1041.4,transfer,FR,2025-06-09 14:05:02
C00001,153.96,transfer,IT,2025-06-02 14:05:02
C00001,108.13,payment,ES,2025-05-23 14:05:02
C00002,1643.29,withdrawal,DE,2025-06-03 14:05:02
C00002,389.09,deposit,ES,2025-06-13 14:05:02
C00751,1147.67,transfer,DE,2025-05-21 14:05:02
C00001,164.82,transfer,DE,2025-06-06 14:05:02
C00001,525.43,deposit,DE,2025-06-17 14:05:02
C00775,825.36,deposit,ES,2025-05-20 14:05:02
C00001,367.44,withdrawal,FR,2025-06-13 14:05:02
C00001,723.44,deposit,ES,2025-06-16 14:05:02
C00001,765.51,transfer,IT,2025-06-08 14:05:02
C00001,490.0,withdrawal,IT,2025-05-21 14:05:02
C00001,1553.97,withdrawal,DE,2025-05-24 14:05:02
C00001,1933.14,withdrawal,DE,2025-06-02 14:05:02
C00001,1702.7,purchase,DE,2025-06-07 14:05:02
C00001,1608.39,payment,IT,2025-05-26 14:05:02
C00002,273.87,payment,ES,2025-06-10 14:05:02
C00087,748.55,payment,IT,2025-06-03 14:05:02
C00001,1497.25,purchase,IT,2025-06-09 14:05:02
C00001,1635.51,purchase,ES,2025-05-21 14:05:02
C00001,1276.78,withdrawal,ES,2025-06-15 14:05:02
C00027,198.12,deposit,IT,2025-05-24 14:05:02
C00001,222.5,purchase,ES,2025-05-22 14:05:02
C00001,494.73,purchase,FR,2025-05-24 14:05:02
C00002,727.5,deposit,IT,2025-05-31 14:05:02
C00076,1427.24,withdrawal,IT,2025-06-03 14:05:02
C00002,600.49,deposit,DE,2025-05-18 14:05:02
C00001,1308.09,payment,DE,2025-06-02 14:05:02
C00002,132.94,payment,IT,2025-06-05 14:05:02
C00001,814.7,deposit,DE,2025-06-08 14:05:02
C00001,1573.27,payment,FR,2025-05-21 14:05:02
C00001,1774.76,withdrawal,DE,2025-05-31 14:05:02
C00002,285.02,purchase,ES,2025-06-04 14:05:02
C00164,420.8,withdrawal,FR,2025-06-14 14:05:02
C00432,134.91,deposit,IT,2025-06-12 14:05:02
C00002,1249.33,deposit,ES,2025-06-12 14:05:02
C00001,1465.86,deposit,IT,2025-05-30 14:05:02
C00001,658.66,purchase,ES,2025-05-28 14:05:02
C00001,133.93,withdrawal,FR,2025-05-18 14:05:02
C00002,1027.69,deposit,FR,2025-06-07 14:05:02
C00989,142.29,withdrawal,FR,2025-05-30 14:05:02
C00001,727.38,payment,ES,2025-06-03 14:05:02
C00001,1680.06,purchase,DE,2025-06-14 14:05:02
C00001,1788.76,transfer,DE,2025-06-13 14:05:02
C00001,1980.74,withdrawal,FR,2025-05-26 14:05:02
C00001,1649.33,payment,DE,2025-05-29 14:05:02
C00001,1633.19,payment,FR,2025-06-10 14:05:02
C00002,1336.81,purchase,FR,2025-06-06 14:05:02
C00001,42.19,payment,DE,2025-05-28 14:05:02
C00001,1591.4,transfer,IT,2025-05-23 14:05:02
C00482,1795.2,withdrawal,ES,2025-05-27 14:05:02
C00279,587.43,purchase,ES,2025-05-30 14:05:02
C00001,1151.93,payment,ES,2025-05-29 14:05:02
C00001,1997.41,purchase,IT,2025-06-11 14:05:02
C00002,1727.16,transfer,ES,2025-06-10 14:05:02
C00002,130.26,deposit,IT,2025-06-10 14:05:02
C00002,1891.46,withdrawal,ES,2025-06-02 14:05:02
C00001,1348.32,payment,IT,2025-05-27 14:05:02
C00002,544.27,purchase,DE,2025-05-23 14:05:02
C00140,516.89,deposit,ES,2025-05-19 14:05:02
C00001,962.37,transfer,FR,2025-06-06 14:05:02
C00001,1828.26,deposit,ES,2025-05-19 14:05:02
C00136,1807.04,withdrawal,IT,2025-05-25 14:05:02
C00793,1421.23,purchase,IT,2025-05-31 14:05:02
C00142,816.49,withdrawal,ES,2025-06-02 14:05:02
C00001,1019.04,withdrawal,IT,2025-05-27 14:05:02
C00002,12.34,purchase,IT,2025-06-03 14:05:02
C00002,1329.54,transfer,FR,2025-06-04 14:05:02
C00001,746.62,deposit,ES,2025-05-30 14:05:02
C00002,1022.04,withdrawal,DE,2025-05-23 14:05:02
C00001,1760.82,transfer,IT,2025-05-30 14:05:02
C00001,1517.4,purchase,FR,2025-05-20 14:05:02
C00002,656.94,transfer,DE,2025-05-28 14:05:02
C00001,1967.96,payment,DE,2025-06-11 14:05:02
C00002,732.95,deposit,DE,2025-06-15 14:05:02
C00001,501.99,withdrawal,IT,2025-06-02 14:05:02
C00001,1789.18,purchase,DE,2025-05-22 14:05:02
C00002,1289.29,deposit,IT,2025-06-01 14:05:02
C00900,787.12,transfer,ES,2025-05-23 14:05:02
C00001,1677.26,payment,FR,2025-06-07 14:05:02
C00002,253.6,payment,DE,2025-06-06 14:05:02
C00001,612.76,purchase,DE,2025-06-13 14:05:02
C00002,1166.42,purchase,FR,2025-06-13 14:05:02
C00002,703.87,purchase,FR,2025-06-03 14:05:02
C00002,1982.03,purchase,FR,2025-05-28 14:05:02
C00002,1749.76,deposit,DE,2025-05-26 14:05:02
C00001,842.71,deposit,DE,2025-06-02 14:05:02
C00001,689.31,withdrawal,DE,2025-06-16 14:05:02
C00001,949.22,purchase,ES,2025-05-25 14:05:02
C00002,1165.13,payment,IT,2025-06-08 14:05:02
C00001,852.28,withdrawal,FR,2025-06-02 14:05:02
C00001,1838.53,purchase,IT,2025-05-26 14:05:02
C00002,110.67,purchase,FR,2025-05-20 14:05:02
C00001,280.09,purchase,ES,2025-06-16 14:05:02
C00001,1952.8,purchase,DE,2025-05-30 14:05:02
C00002,1868.99,transfer,DE,2025-06-04 14:05:02
C00001,794.93,payment,ES,2025-06-16 14:05:02
C00002,313.59,payment,DE,2025-05-30 14:05:02
C00001,1586.57,payment,IT,2025-06-07 14:05:02
C00452,1061.08,purchase,ES,2025-05-24 14:05:02
C00001,794.23,purchase,ES,2025-05-18 14:05:02
C00002,797.1,deposit,IT,2025-06-05 14:05:02
C00001,1511.73,withdrawal,FR,2025-06-17 14:05:02
C00001,1112.56,withdrawal,IT,2025-05-25 14:05:02
C00001,509.27,withdrawal,FR,2025-06-15 14:05:02
C00246,177.81,withdrawal,FR,2025-06-09 14:05:02
C00001,1240.65,payment,IT,2025-06-09 14:05:02
C00002,126.01,payment,FR,2025-06-09 14:05:02
C00001,913.57,purchase,DE,2025-06-13 14:05:02
C00001,1216.54,purchase,IT,2025-06-17 14:05:02
C00001,788.03,transfer,DE,2025-05-26 14:05:02
C00120,576.08,payment,IT,2025-06-16 14:05:02
C00002,961.88,withdrawal,IT,2025-05-24 14:05:02
C00001,602.87,deposit,FR,2025-06-13 14:05:02
C00002,120.3,payment,DE,2025-05-28 14:05:02
C00001,1463.33,deposit,IT,2025-05-25 14:05:02
C00001,1761.92,deposit,ES,2025-05-29 14:05:02
C00001,1313.4,transfer,FR,2025-06-05 14:05:02
C00002,1927.58,deposit,DE,2025-05-21 14:05:02
C00002,1212.76,purchase,IT,2025-05-19 14:05:02
C00714,1654.02,transfer,IT,2025-06-03 14:05:02
C00001,83.68,purchase,ES,2025-06-07 14:05:02
C00002,854.09,withdrawal,DE,2025-05-19 14:05:02
C00001,1043.99,purchase,IT,2025-05-21 14:05:02
C00002,648.01,purchase,FR,2025-05-18 14:05:02
C00001,1681.08,purchase,FR,2025-06-06 14:05:02
C00002,595.97,withdrawal,IT,2025-06-06 14:05:02
C00002,1027.39,purchase,DE,2025-06-12 14:05:02
C00001,1358.2,withdrawal,DE,2025-06-08 14:05:02
C00002,682.03,transfer,DE,2025-05-19 14:05:02
C00001,1199.34,deposit,FR,2025-06-16 14:05:02
C00002,1960.37,deposit,ES,2025-05-18 14:05:02
C00001,912.9,purchase,IT,2025-06-16 14:05:02
C00002,419.9,payment,IT,2025-06-17 14:05:02
C00002,655.02,purchase,IT,2025-06-17 14:05:02
C00001,998.42,purchase,DE,2025-06-03 14:05:02
C00001,269.85,transfer,DE,2025-06-15 14:05:02
C00001,482.98,deposit,FR,2025-06-04 14:05:02
C00001,418.4,transfer,DE,2025-05-23 14:05:02
C00001,1522.75,deposit,FR,2025-05-25 14:05:02
C00001,1797.86,payment,IT,2025-05-30 14:05:02
C00002,1150.91,payment,FR,2025-05-23 14:05:02
C00186,139.33,withdrawal,FR,2025-05-25 14:05:02
C00001,757.29,purchase,ES,2025-06-08 14:05:02
C00002,1380.33,purchase,DE,2025-05-23 14:05:02
C00001,1289.1,transfer,FR,2025-06-15 14:05:02
C00001,1319.82,payment,FR,2025-05-30 14:05:02
C00002,1651.24,deposit,ES,2025-06-12 14:05:02
C00001,716.79,payment,IT,2025-05-24 14:05:02
C00002,989.1,withdrawal,IT,2025-06-09 14:05:02
C00001,161.03,payment,IT,2025-06-10 14:05:02
C00322,791.64,withdrawal,DE,2025-05-18 14:05:02
C00001,1511.27,purchase,ES,2025-05-25 14:05:02
C00001,1688.11,deposit,ES,2025-05-23 14:05:02
C00002,1002.06,payment,FR,2025-05-20 14:05:02
C00001,531.7,withdrawal,FR,2025-06-05 14:05:02
C00002,382.81,deposit,ES,2025-05-22 14:05:02
C00002,1329.08,payment,DE,2025-06-07 14:05:02
C00002,1800.9,transfer,FR,2025-05-19 14:05:02
C00002,1287.21,withdrawal,IT,2025-05-27 14:05:02
C00001,1169.41,deposit,ES,2025-05-19 14:05:02
C00001,1202.84,withdrawal,DE,2025-06-14 14:05:02
C00002,197.65,deposit,ES,2025-05-31 14:05:02
C00001,1463.22,withdrawal,ES,2025-05-31 14:05:02
C00002,523.11,transfer,FR,2025-06-16 14:05:02
C00470,1473.53,deposit,ES,2025-05-23 14:05:02
C00001,1893.17,deposit,FR,2025-05-29 14:05:02
C00152,1506.09,payment,ES,2025-05-21 14:05:02
C00002,1110.94,transfer,DE,2025-06-15 14:05:02
C00001,1906.95,deposit,IT,2025-05-28 14:05:02
C00002,765.74,payment,IT,2025-05-29 14:05:02
C00001,158.64,purchase,FR,2025-06-14 14:05:02
C00001,623.33,withdrawal,IT,2025-05-19 14:05:02
C00001,1990.34,payment,DE,2025-06-05 14:05:02
C00001,754.34,purchase,ES,2025-06-01 14:05:02
C00001,926.67,payment,DE,2025-05-21 14:05:02
C00002,561.02,withdrawal,IT,2025-06-05 14:05:02
C00468,646.47,withdrawal,FR,2025-06-17 14:05:02
C00001,1394.74,purchase,FR,2025-05-19 14:05:02
C00761,1942.49,payment,DE,2025-05-26 14:05:02
C00002,167.62,payment,IT,2025-05-26 14:05:02
C00002,1161.64,withdrawal,IT,2025-06-12 14:05:02
C00002,1131.49,payment,DE,2025-05-19 14:05:02
C00002,1590.67,payment,DE,2025-05-30 14:05:02
C00002,861.32,purchase,FR,2025-06-13 14:05:02
C00001,1395.66,withdrawal,IT,2025-05-21 14:05:02
C00001,786.57,purchase,FR,2025-05-30 14:05:02
C00002,1746.1,withdrawal,ES,2025-06-09 14:05:02
C00002,522.74,payment,ES,2025-05-20 14:05:02
C00475,649.88,deposit,ES,2025-05-20 14:05:02
C01000,1366.37,transfer,FR,2025-05-29 14:05:02
C00001,1977.24,withdrawal,DE,2025-05-18 14:05:02
C00001,328.34,withdrawal,IT,2025-06-01 14:05:02
C00001,233.95,payment,FR,2025-06-02 14:05:02
C00001,1923.5,deposit,IT,2025-05-31 14:05:02
C00001,131.45,payment,IT,2025-05-27 14:05:02
C00001,1071.58,payment,IT,2025-05-20 14:05:02
C00001,1505.98,payment,IT,2025-06-07 14:05:02
C00275,1591.28,transfer,DE,2025-06-06 14:05:02
C00002,1939.51,withdrawal,ES,2025-06-17 14:05:02
C00001,187.91,withdrawal,IT,2025-06-08 14:05:02
C00001,189.03,deposit,ES,2025-05-19 14:05:02
C00001,1212.58,purchase,FR,2025-06-02 14:05:02
C00001,781.31,purchase,ES,2025-06-12 14:05:02
C00001,760.74,purchase,IT,2025-06-04 14:05:02
C00001,1756.76,transfer,DE,2025-06-09 14:05:02
C00001,951.33,payment,DE,2025-06-15 14:05:02
C00001,162.42,payment,ES,2025-05-26 14:05:02
C00002,1715.64,transfer,ES,2025-05-30 14:05:02
C00001,699.68,purchase,FR,2025-05-20 14:05:02
C00078,1505.91,transfer,ES,2025-05-28 14:05:02
C00001,438.8,payment,DE,2025-06-13 14:05:02
C00002,1228.33,deposit,DE,2025-06-11 14:05:02
C00001,448.1,transfer,IT,2025-06-14 14:05:02
C00002,39.11,withdrawal,IT,2025-05-31 14:05:02
C00605,1329.69,withdrawal,DE,2025-06-08 14:05:02
C00002,18.39,purchase,FR,2025-05-27 14:05:02
C00438,1456.22,transfer,ES,2025-05-25 14:05:02
C00001,472.3,purchase,FR,2025-06-07 14:05:02
C00001,482.55,withdrawal,IT,2025-06-02 14:05:02
C00002,1713.54,deposit,DE,2025-05-20 14:05:02
C00001,138.96,purchase,ES,2025-06-03 14:05:02
C00001,247.29,transfer,ES,2025-06-11 14:05:02
C00419,1871.46,payment,DE,2025-06-14 14:05:02
C00001,1448.01,purchase,IT,2025-06-12 14:05:02
C00789,555.07,purchase,FR,2025-06-07 14:05:02
C00886,1738.8,payment,FR,2025-06-05 14:05:02
C00212,1061.68,deposit,FR,2025-06-05 14:05:02
C00002,157.29,purchase,ES,2025-05-24 14:05:02
C00465,244.78,purchase,ES,2025-05-23 14:05:02
C00001,1810.03,transfer,IT,2025-05-21 14:05:02
C00562,829.08,deposit,DE,2025-06-08 14:05:02
C00001,338.23,payment,IT,2025-05-24 14:05:02
C00002,1270.42,withdrawal,FR,2025-05-23 14:05:02
C00001,562.41,deposit,ES,2025-05-24 14:05:02
C00001,258.75,purchase,DE,2025-06-05 14:05:02
C00001,1533.55,withdrawal,IT,2025-05-25 14:05:02
C00001,1434.76,payment,DE,2025-05-29 14:05:02
C00002,1576.42,withdrawal,IT,2025-06-02 14:05:02
C00002,378.25,withdrawal,ES,2025-06-17 14:05:02
C00001,1399.0,transfer,DE,2025-05-21 14:05:02
C00001,622.54,transfer,DE,2025-05-18 14:05:02
C00002,1679.21,withdrawal,FR,2025-05-28 14:05:02
C00001,930.54,payment,FR,2025-06-03 14:05:02
C00087,1042.81,deposit,ES,2025-06-08 14:05:02
C00001,739.71,transfer,FR,2025-06-12 14:05:02
C00002,1135.08,withdrawal,IT,2025-05-20 14:05:02
C00001,30.25,purchase,ES,2025-06-03 14:05:02
C00001,968.6,purchase,IT,2025-06-16 14:05:02
C00001,951.14,deposit,FR,2025-06-11 14:05:02
C00001,380.28,transfer,IT,2025-06-02 14:05:02
C00848,287.74,purchase,ES,2025-06-06 14:05:02
C00001,1935.93,deposit,IT,2025-05-26 14:05:02
C00002,1024.35,deposit,IT,2025-05-22 14:05:02
C00001,1733.06,withdrawal,IT,2025-06-10 14:05:02
C00001,1974.84,deposit,IT,2025-06-11 14:05:02
C00600,664.32,withdrawal,IT,2025-05-24 14:05:02
C00002,1437.75,transfer,FR,2025-05-23 14:05:02
C00002,57.07,payment,IT,2025-05-30 14:05:02
C00002,1552.08,purchase,FR,2025-05-22 14:05:02
C00001,678.89,deposit,ES,2025-06-01 14:05:02
C00002,709.57,transfer,IT,2025-05-20 14:05:02
C00001,107.82,purchase,FR,2025-06-07 14:05:02
C00001,401.26,transfer,ES,2025-05-18 14:05:02
C00002,201.92,withdrawal,DE,2025-06-16 14:05:02
C00001,1524.3,deposit,DE,2025-05-30 14:05:02
C00930,1250.93,deposit,DE,2025-05-25 14:05:02
C00316,1527.37,deposit,FR,2025-06-08 14:05:02
C00002,1289.24,purchase,ES,2025-06-07 14:05:02
C00001,779.19,purchase,IT,2025-06-04 14:05:02
C00461,1765.74,transfer,IT,2025-06-14 14:05:02
C00001,149.23,deposit,FR,2025-05-31 14:05:02
C00002,1178.31,withdrawal,DE,2025-06-02 14:05:02
C00979,482.13,payment,FR,2025-05-28 14:05:02
C00001,812.63,transfer,ES,2025-05-19 14:05:02
C00501,1020.3,purchase,FR,2025-06-06 14:05:02
C00807,847.16,withdrawal,ES,2025-06-06 14:05:02
C00001,965.62,payment,IT,2025-06-10 14:05:02
C00893,1985.47,transfer,ES,2025-05-29 14:05:02
C00001,1181.9,withdrawal,DE,2025-06-15 14:05:02
C00624,1056.61,payment,IT,2025-05-21 14:05:02
C00002,444.09,transfer,FR,2025-05-18 14:05:02
C00001,999.52,payment,FR,2025-05-24 14:05:02
C00002,349.51,withdrawal,ES,2025-06-12 14:05:02
C00001,690.42,payment,IT,2025-05-27 14:05:02
C00724,1089.3,withdrawal,FR,2025-05-31 14:05:02
C00001,1464.38,payment,FR,2025-05-24 14:05:02
C00001,850.1,payment,FR,2025-06-11 14:05:02
C00827,1751.93,deposit,IT,2025-05-21 14:05:02
C00001,1034.06,payment,IT,2025-06-14 14:05:02
C00001,914.33,transfer,DE,2025-05-21 14:05:02
C00362,1614.81,payment,IT,2025-06-12 14:05:02
C00001,342.11,deposit,DE,2025-06-14 14:05:02
C00002,1360.22,transfer,IT,2025-06-12 14:05:02
C00001,425.52,withdrawal,ES,2025-05-31 14:05:02
C00002,1950.08,deposit,IT,2025-05-25 14:05:02
C00001,1605.19,transfer,DE,2025-05-25 14:05:02
C00484,872.56,payment,IT,2025-06-11 14:05:02
C00001,488.7,transfer,DE,2025-05-27 14:05:02
C00002,795.84,payment,IT,2025-05-26 14:05:02
C00002,736.83,withdrawal,ES,2025-06-08 14:05:02
C00002,1024.24,transfer,ES,2025-05-19 14:05:02
C00001,512.97,withdrawal,IT,2025-06-04 14:05:02
C00001,78.47,purchase,IT,2025-06-08 14:05:02
C00001,36.45,transfer,FR,2025-05-18 14:05:02
C00001,1112.87,payment,ES,2025-06-16 14:05:02
C00002,1877.68,purchase,IT,2025-05-29 14:05:02
C00001,275.39,purchase,ES,2025-06-03 14:05:02
C00001,932.97,purchase,IT,2025-05-25 14:05:02
C00002,1558.91,purchase,IT,2025-06-06 14:05:02
C00186,997.65,transfer,ES,2025-05-28 14:05:02
C00001,1588.13,withdrawal,ES,2025-05-30 14:05:02
C00002,1579.63,withdrawal,IT,2025-05-30 14:05:02
C00001,698.26,deposit,DE,2025-05-27 14:05:02
C00002,1750.71,purchase,FR,2025-06-12 14:05:02
C00001,1536.18,purchase,DE,2025-06-15 14:05:02
C00001,891.96,payment,IT,2025-06-14 14:05:02
C00637,311.33,payment,IT,2025-05-20 14:05:02
C00002,1039.93,payment,FR,2025-05-23 14:05:02
C00983,129.23,purchase,FR,2025-06-16 14:05:02
C00002,1757.78,payment,FR,2025-05-29 14:05:02
C00001,1137.81,withdrawal,ES,2025-06-17 14:05:02
C00702,1893.93,transfer,IT,2025-05-24 14:05:02
C00002,132.92,deposit,DE,2025-06-14 14:05:02
C00682,1173.08,purchase,FR,2025-06-17 14:05:02
C00002,1892.28,transfer,FR,2025-05-25 14:05:02
C00002,836.03,withdrawal,ES,2025-05-27 14:05:02
C00787,1618.63,withdrawal,DE,2025-05-28 14:05:02
C00001,731.97,transfer,FR,2025-05-24 14:05:02
C00610,1986.97,deposit,DE,2025-06-15 14:05:02
C00002,1277.46,purchase,DE,2025-06-10 14:05:02
C00002,293.46,deposit,DE,2025-05-21 14:05:02
C00096,1947.99,transfer,FR,2025-06-10 14:05:02
C00001,949.94,withdrawal,DE,2025-05-31 14:05:02
C00002,114.83,transfer,DE,2025-06-14 14:05:02
C00001,1892.92,transfer,ES,2025-05-19 14:05:02
C00001,41.67,withdrawal,DE,2025-05-28 14:05:02
C00002,404.79,transfer,IT,2025-05-19 14:05:02
C00002,928.94,purchase,ES,2025-05-25 14:05:02
C00001,605.93,payment,IT,2025-06-03 14:05:02
C00590,1506.54,purchase,IT,2025-06-15 14:05:02
C00001,812.89,payment,ES,2025-06-10 14:05:02
C00693,1241.22,purchase,DE,2025-06-02 14:05:02
C00001,1989.68,purchase,ES,2025-05-27 14:05:02
C00001,1385.93,deposit,IT,2025-06-17 14:05:02
C00001,311.19,transfer,FR,2025-06-03 14:05:02
C00529,147.42,purchase,DE,2025-05-28 14:05:02
C00001,1642.04,payment,FR,2025-06-05 14:05:02
C00002,84.05,withdrawal,ES,2025-06-12 14:05:02
C00076,1800.68,transfer,IT,2025-06-16 14:05:02
C00002,1057.9,transfer,FR,2025-05-27 14:05:02
C00001,1854.57,payment,FR,2025-05-25 14:05:02
C00584,1978.41,deposit,ES,2025-06-04 14:05:02
C00002,1429.04,transfer,IT,2025-05-22 14:05:02
C00001,95.5,purchase,ES,2025-05-22 14:05:02
C00002,198.3,deposit,ES,2025-06-10 14:05:02
C00002,408.58,deposit,ES,2025-06-05 14:05:02
C00002,1601.7,deposit,FR,2025-06-10 14:05:02
C00002,1649.79,payment,ES,2025-06-14 14:05:02
C00002,1945.44,payment,IT,2025-05-20 14:05:02
C00001,123.08,deposit,ES,2025-05-31 14:05:02
C00001,1902.63,deposit,ES,2025-06-15 14:05:02
C00002,916.65,payment,IT,2025-05-25 14:05:02
C00001,786.31,purchase,FR,2025-05-28 14:05:02
C00230,335.93,purchase,IT,2025-05-24 14:05:02
C00001,598.1,withdrawal,DE,2025-06-04 14:05:02
C00002,1155.98,purchase,ES,2025-06-04 14:05:02
C00283,1582.33,purchase,DE,2025-05-31 14:05:02
C00002,1350.27,transfer,DE,2025-06-10 14:05:02
C00002,877.57,withdrawal,DE,2025-05-24 14:05:02
C00001,1346.73,deposit,FR,2025-05-28 14:05:02
C00682,1598.03,purchase,IT,2025-06-13 14:05:02
C00164,1140.88,payment,IT,2025-05-30 14:05:02
C00001,369.51,transfer,DE,2025-05-26 14:05:02
C00001,637.23,withdrawal,FR,2025-05-27 14:05:02
C00002,1607.43,withdrawal,FR,2025-06-05 14:05:02
C00002,102.04,withdrawal,DE,2025-05-25 14:05:02
C00905,1095.87,purchase,FR,2025-06-08 14:05:02
C00002,1368.76,deposit,ES,2025-05-31 14:05:02
C00001,369.85,purchase,DE,2025-06-09 14:05:02
C00002,1605.73,deposit,DE,2025-06-12 14:05:02
C00002,1361.34,transfer,IT,2025-06-11 14:05:02
C00001,599.34,purchase,DE,2025-05-24 14:05:02
C00002,937.4,deposit,DE,2025-06-05 14:05:02
C00001,566.53,purchase,IT,2025-06-14 14:05:02
C00001,701.73,deposit,IT,2025-06-11 14:05:02
C00002,203.22,payment,IT,2025-06-09 14:05:02
C00002,1551.58,deposit,DE,2025-05-31 14:05:02
C00002,152.2,transfer,ES,2025-06-09 14:05:02
C00001,233.69,transfer,DE,2025-06-13 14:05:02
C00002,922.86,transfer,FR,2025-06-10 14:05:02
C00001,107.46,payment,DE,2025-06-02 14:05:02
C00001,1875.19,purchase,IT,2025-06-04 14:05:02
C00001,1854.31,withdrawal,ES,2025-06-12 14:05:02
C00001,956.53,withdrawal,DE,2025-06-16 14:05:02
C00076,1990.38,payment,FR,2025-06-15 14:05:02
C00001,1411.34,payment,IT,2025-05-22 14:05:02
C00001,436.84,deposit,FR,2025-06-13 14:05:02
C00001,1049.73,withdrawal,DE,2025-06-14 14:05:02
C00002,617.33,payment,ES,2025-06-16 14:05:02
C00001,1992.93,withdrawal,DE,2025-05-22 14:05:02
C00001,1492.78,purchase,FR,2025-05-26 14:05:02
C00002,1240.28,withdrawal,FR,2025-06-15 14:05:02
C00001,296.65,payment,IT,2025-06-16 14:05:02
C00002,1293.43,payment,FR,2025-06-08 14:05:02
C00992,830.08,transfer,IT,2025-06-12 14:05:02
C00001,671.45,purchase,FR,2025-05-30 14:05:02
C00001,481.25,deposit,IT,2025-05-28 14:05:02
C00002,379.12,purchase,ES,2025-06-17 14:05:02
C00189,1548.96,withdrawal,IT,2025-05-18 14:05:02
C00001,1695.6,purchase,DE,2025-06-13 14:05:02
C00002,1783.25,withdrawal,DE,2025-06-14 14:05:02
C00001,928.82,transfer,DE,2025-06-17 14:05:02
C00001,1663.21,purchase,ES,2025-05-19 14:05:02
C00001,1488.74,withdrawal,DE,2025-05-18 14:05:02
C00001,1548.38,purchase,IT,2025-05-23 14:05:02
C00001,1132.12,transfer,FR,2025-06-11 14:05:02
C00893,639.03,deposit,ES,2025-06-04 14:05:02
C00002,1989.67,deposit,DE,2025-06-08 14:05:02
C00001,401.9,transfer,ES,2025-06-13 14:05:02
C00877,492.03,withdrawal,ES,2025-06-08 14:05:02
C00002,1886.72,deposit,ES,2025-06-08 14:05:02
C00254,1443.91,withdrawal,IT,2025-05-23 14:05:02
C00001,653.03,transfer,ES,2025-06-12 14:05:02
C00002,1135.74,payment,FR,2025-06-04 14:05:02
C00001,677.17,deposit,ES,2025-06-14 14:05:02
C00002,1076.05,deposit,FR,2025-06-04 14:05:02
C00002,1464.08,withdrawal,ES,2025-06-02 14:05:02
C00001,404.37,payment,IT,2025-05-24 14:05:02
C00002,1782.48,withdrawal,FR,2025-06-07 14:05:02
C00001,1361.75,deposit,FR,2025-06-04 14:05:02
C00880,1455.97,withdrawal,IT,2025-05-30 14:05:02
C00001,1017.08,payment,DE,2025-06-13 14:05:02
C00002,503.15,purchase,IT,2025-05-19 14:05:02
C00001,510.98,payment,ES,2025-05-26 14:05:02
C00002,336.21,deposit,IT,2025-06-15 14:05:02
C00494,680.43,transfer,FR,2025-05-27 14:05:02
C00951,307.99,withdrawal,FR,2025-05-27 14:05:02
C00002,995.76,purchase,IT,2025-06-15 14:05:02
C00001,760.96,deposit,ES,2025-06-10 14:05:02
C00726,645.95,deposit,ES,2025-06-09 14:05:02
C00002,905.01,withdrawal,IT,2025-05-25 14:05:02
C00001,1769.26,purchase,DE,2025-06-11 14:05:02
C00002,873.51,withdrawal,IT,2025-06-08 14:05:02
C00333,1348.31,transfer,DE,2025-06-04 14:05:02
C00001,1877.34,payment,FR,2025-05-22 14:05:02
C00002,1042.56,payment,IT,2025-06-11 14:05:02
C00002,43.52,payment,IT,2025-06-16 14:05:02
C00023,1644.74,deposit,FR,2025-06-05 14:05:02
C00002,942.2,payment,ES,2025-06-07 14:05:02
C00001,1710.38,payment,ES,2025-06-02 14:05:02
C00001,276.72,deposit,DE,2025-06-13 14:05:02
C00001,1628.99,payment,IT,2025-05-20 14:05:02
C00115,179.76,payment,FR,2025-05-18 14:05:02
C00002,78.38,payment,ES,2025-06-15 14:05:02
C00001,1562.63,deposit,DE,2025-06-15 14:05:02
C00001,544.3,transfer,IT,2025-05-31 14:05:02
C00001,953.51,withdrawal,FR,2025-06-03 14:05:02
C00002,954.2,payment,ES,2025-06-13 14:05:02
C00001,378.49,purchase,IT,2025-06-16 14:05:02
C00002,1032.47,purchase,FR,2025-06-10 14:05:02
C00721,663.91,withdrawal,FR,2025-06-08 14:05:02
C00002,169.54,withdrawal,FR,2025-05-22 14:05:02
C00001,504.13,purchase,FR,2025-05-19 14:05:02
C00001,700.02,withdrawal,ES,2025-05-22 14:05:02
C00001,574.12,withdrawal,IT,2025-05-18 14:05:02
C00001,1147.0,deposit,FR,2025-05-31 14:05:02
C00002,1955.37,withdrawal,FR,2025-05-19 14:05:02
C00328,926.57,payment,IT,2025-05-29 14:05:02
C00002,745.87,deposit,ES,2025-05-23 14:05:02
C00002,438.18,deposit,ES,2025-06-15 14:05:02
C00001,1500.06,deposit,FR,2025-05-28 14:05:02
C00786,1773.65,withdrawal,FR,2025-06-02 14:05:02
C00002,628.96,purchase,DE,2025-06-11 14:05:02
C00002,1035.4,deposit,FR,2025-05-30 14:05:02
C00561,1791.37,payment,FR,2025-06-04 14:05:02
C00001,1400.35,deposit,IT,2025-05-21 14:05:02
C00346,447.77,transfer,IT,2025-05-22 14:05:02
C00638,1823.51,transfer,ES,2025-05-18 14:05:02
C00408,24.33,transfer,FR,2025-05-25 14:05:02
C00001,39.28,withdrawal,IT,2025-05-25 14:05:02
C00532,509.21,withdrawal,ES,2025-05-22 14:05:02
C00349,961.53,deposit,ES,2025-05-28 14:05:02
C00001,919.24,transfer,FR,2025-05-21 14:05:02
C00840,1969.71,purchase,IT,2025-06-16 14:05:02
C00001,895.94,withdrawal,IT,2025-06-05 14:05:02
C00002,1467.89,purchase,FR,2025-06-12 14:05:02
C00001,450.24,deposit,ES,2025-06-08 14:05:02
C00001,946.64,payment,ES,2025-06-15 14:05:02
C00001,1732.65,purchase,FR,2025-05-23 14:05:02
C00002,1764.91,payment,IT,2025-06-08 14:05:02
C00002,1423.29,withdrawal,DE,2025-05-21 14:05:02
C00001,716.98,deposit,FR,2025-05-19 14:05:02
C00001,740.05,payment,FR,2025-05-31 14:05:02
C00001,321.28,purchase,IT,2025-06-07 14:05:02
C00472,443.89,withdrawal,IT,2025-05-30 14:05:02
C00001,1068.23,deposit,DE,2025-06-07 14:05:02
C00297,402.85,withdrawal,ES,2025-05-18 14:05:02
C00001,1088.48,deposit,IT,2025-06-12 14:05:02
C00001,1442.53,withdrawal,DE,2025-05-30 14:05:02
C00002,77.85,purchase,IT,2025-05-26 14:05:02
C00889,194.39,payment,DE,2025-06-07 14:05:02
C00001,668.65,deposit,DE,2025-05-23 14:05:02
C00002,119.35,purchase,ES,2025-06-05 14:05:02
C00001,1768.88,purchase,IT,2025-05-23 14:05:02
C00002,554.45,deposit,FR,2025-05-19 14:05:02
C00002,998.13,payment,IT,2025-06-01 14:05:02
C00001,512.43,transfer,FR,2025-06-05 14:05:02
C00002,1031.08,deposit,IT,2025-05-25 14:05:02
C00001,556.85,purchase,ES,2025-05-29 14:05:02
C00001,1030.0,transfer,FR,2025-06-07 14:05:02
C00001,85.27,deposit,FR,2025-05-22 14:05:02
C00001,1663.86,transfer,DE,2025-06-11 14:05:02
C00001,951.71,withdrawal,FR,2025-06-12 14:05:02
C00002,1756.33,purchase,DE,2025-06-04 14:05:02
C00001,771.21,transfer,ES,2025-06-07 14:05:02
C00002,1992.59,deposit,IT,2025-05-25 14:05:02
C00002,1198.26,withdrawal,FR,2025-06-04 14:05:02
C00016,664.53,purchase,IT,2025-05-21 14:05:02
C00002,709.23,purchase,DE,2025-06-09 14:05:02
C00001,929.6,purchase,DE,2025-06-11 14:05:02
C00002,401.43,deposit,DE,2025-06-02 14:05:02
C00001,412.57,purchase,ES,2025-05-21 14:05:02
C00001,544.92,transfer,IT,2025-06-13 14:05:02
C00001,699.25,withdrawal,ES,2025-06-16 14:05:02
C00001,626.3,transfer,DE,2025-06-06 14:05:02
C00001,53.32,withdrawal,ES,2025-05-18 14:05:02
C00002,1379.27,deposit,DE,2025-06-10 14:05:02
C00001,327.19,deposit,ES,2025-06-13 14:05:02
C00001,1469.01,deposit,DE,2025-06-02 14:05:02
C00002,893.8,deposit,IT,2025-05-30 14:05:02
C00001,373.07,deposit,FR,2025-05-28 14:05:02
C00001,398.93,payment,IT,2025-05-28 14:05:02
C00001,229.22,deposit,DE,2025-06-01 14:05:02
C00001,1500.44,transfer,FR,2025-05-29 14:05:02
C00002,1409.81,deposit,DE,2025-06-04 14:05:02
C00001,1616.52,payment,DE,2025-06-08 14:05:02
C00001,1432.25,withdrawal,DE,2025-06-01 14:05:02
C00001,803.29,transfer,FR,2025-05-27 14:05:02
C00001,508.57,payment,IT,2025-06-09 14:05:02
C00079,1804.87,purchase,IT,2025-05-24 14:05:02
C00858,1404.05,purchase,ES,2025-05-25 14:05:02
C00002,1475.8,transfer,FR,2025-05-19 14:05:02
C00001,1734.4,payment,IT,2025-06-02 14:05:02
C00402,505.49,purchase,DE,2025-05-28 14:05:02
C00617,1441.81,deposit,ES,2025-06-05 14:05:02
C00001,1949.54,withdrawal,DE,2025-05-21 14:05:02
C00001,1049.79,transfer,FR,2025-05-18 14:05:02
C00509,1269.73,withdrawal,ES,2025-05-29 14:05:02
C00001,388.46,purchase,DE,2025-05-24 14:05:02
C00002,1689.52,payment,FR,2025-05-20 14:05:02
C00773,1146.97,deposit,IT,2025-06-14 14:05:02
C00002,1423.43,purchase,IT,2025-05-20 14:05:02
C00001,828.06,deposit,FR,2025-05-27 14:05:02
C00001,320.15,deposit,ES,2025-05-24 14:05:02
C00804,1190.89,transfer,IT,2025-05-25 14:05:02
C00001,1917.27,deposit,FR,2025-06-02 14:05:02
C00001,1551.98,withdrawal,IT,2025-05-18 14:05:02
C00002,1641.41,withdrawal,DE,2025-05-27 14:05:02
C00001,813.93,withdrawal,IT,2025-06-16 14:05:02
C00001,1007.12,purchase,IT,2025-06-08 14:05:02
C00002,1459.68,transfer,DE,2025-06-14 14:05:02
C00001,691.07,payment,DE,2025-06-02 14:05:02
C00794,977.25,purchase,DE,2025-05-18 14:05:02
C00002,1469.26,payment,DE,2025-05-29 14:05:02
C00002,1561.14,withdrawal,ES,2025-05-21 14:05:02
C00001,414.95,withdrawal,IT,2025-06-16 14:05:02
C00002,466.71,transfer,ES,2025-05-23 14:05:02
C00001,1470.91,payment,ES,2025-05-29 14:05:02
C00001,1173.48,deposit,DE,2025-06-11 14:05:02
C00001,1794.2,withdrawal,IT,2025-06-05 14:05:02
C00382,1102.26,withdrawal,FR,2025-06-17 14:05:02
C00002,803.57,payment,FR,2025-05-20 14:05:02
C00001,1621.16,purchase,ES,2025-05-29 14:05:02
C00001,616.33,withdrawal,DE,2025-05-28 14:05:02
C00564,1713.65,deposit,ES,2025-05-30 14:05:02
C00002,1826.9,deposit,DE,2025-06-01 14:05:02
C00001,398.41,deposit,IT,2025-06-10 14:05:02
C00001,1722.57,payment,ES,2025-06-16 14:05:02
C00002,1782.53,payment,ES,2025-06-09 14:05:02
C00001,520.05,withdrawal,FR,2025-06-04 14:05:02
C00001,329.24,transfer,IT,2025-06-06 14:05:02
C00001,1852.96,withdrawal,ES,2025-06-12 14:05:02
C00002,198.04,transfer,IT,2025-05-21 14:05:02
C00001,551.98,purchase,DE,2025-05-27 14:05:02
C00002,581.81,deposit,FR,2025-05-27 14:05:02
C00002,239.93,transfer,IT,2025-06-09 14:05:02
C00001,1424.92,purchase,ES,2025-06-12 14:05:02
C00517,1299.97,transfer,ES,2025-06-03 14:05:02
C00997,443.59,transfer,DE,2025-05-31 14:05:02
C00001,499.76,withdrawal,DE,2025-06-16 14:05:02
C00002,277.23,transfer,DE,2025-06-17 14:05:02
C00001,436.65,purchase,ES,2025-05-25 14:05:02
C00625,1751.19,transfer,FR,2025-06-03 14:05:02
C00001,779.84,deposit,ES,2025-06-01 14:05:02
C00002,755.29,transfer,IT,2025-06-13 14:05:02
C00001,738.52,purchase,FR,2025-06-01 14:05:02
C00001,1911.24,deposit,ES,2025-06-03 14:05:02
C00001,135.71,transfer,ES,2025-06-04 14:05:02
C00002,691.9,deposit,FR,2025-05-27 14:05:02
C00001,385.66,deposit,DE,2025-06-08 14:05:02
C00002,385.51,withdrawal,DE,2025-06-17 14:05:02
C00140,1968.15,transfer,IT,2025-05-19 14:05:02
C00002,211.9,deposit,IT,2025-06-13 14:05:02
C00950,359.76,purchase,IT,2025-06-06 14:05:02
C00957,753.3,purchase,ES,2025-05-20 14:05:02
C00001,1997.72,deposit,IT,2025-06-07 14:05:02
C00110,361.56,purchase,IT,2025-05-27 14:05:02
C00002,1091.32,transfer,FR,2025-06-04 14:05:02
C00002,1272.1,payment,DE,2025-06-06 14:05:02
C00002,1116.62,payment,IT,2025-05-21 14:05:02
C00002,709.25,deposit,IT,2025-06-05 14:05:02
C00001,1658.26,payment,ES,2025-06-14 14:05:02
C00002,1950.97,payment,DE,2025-06-01 14:05:02
C00002,1473.78,transfer,FR,2025-05-25 14:05:02
C00001,1199.71,deposit,DE,2025-06-13 14:05:02
C00001,493.11,withdrawal,DE,2025-05-25 14:05:02
C00001,1002.77,deposit,FR,2025-05-26 14:05:02
C00001,35.05,payment,FR,2025-06-16 14:05:02
C00001,337.41,withdrawal,ES,2025-06-12 14:05:02
C00001,742.69,payment,FR,2025-05-19 14:05:02
C00001,826.31,withdrawal,IT,2025-05-20 14:05:02
C00001,1690.4,payment,ES,2025-06-06 14:05:02
C00001,906.04,withdrawal,DE,2025-06-16 14:05:02
C00001,1732.31,deposit,FR,2025-05-29 14:05:02
C00302,1805.14,purchase,FR,2025-06-10 14:05:02
C00001,1583.05,transfer,ES,2025-05-25 14:05:02
C00001,1286.99,purchase,IT,2025-06-03 14:05:02
C00001,160.73,withdrawal,ES,2025-06-05 14:05:02
C00001,1319.99,transfer,FR,2025-05-25 14:05:02
C00001,1414.96,withdrawal,IT,2025-06-15 14:05:02
C00001,790.62,transfer,DE,2025-05-24 14:05:02
C00121,197.38,payment,FR,2025-05-24 14:05:02
C00001,631.67,payment,FR,2025-06-08 14:05:02
C00001,1741.68,purchase,ES,2025-06-08 14:05:02
C00001,335.33,purchase,DE,2025-06-06 14:05:02
C00001,1142.34,payment,FR,2025-05-22 14:05:02
C00002,1471.1,deposit,IT,2025-06-11 14:05:02
C00002,1485.09,purchase,IT,2025-06-17 14:05:02
C00002,1060.51,deposit,DE,2025-05-19 14:05:02
C00001,589.09,withdrawal,IT,2025-05-29 14:05:02
C00847,440.39,transfer,DE,2025-05-25 14:05:02
C00001,171.65,deposit,ES,2025-06-10 14:05:02
C00001,329.33,payment,FR,2025-05-31 14:05:02
C00153,634.93,withdrawal,FR,2025-06-01 14:05:02
C00002,726.51,transfer,DE,2025-06-06 14:05:02
C00002,998.52,deposit,DE,2025-06-08 14:05:02
C00001,1643.93,withdrawal,DE,2025-05-25 14:05:02
C00001,1345.09,transfer,FR,2025-05-24 14:05:02
C00001,213.66,transfer,FR,2025-05-28 14:05:02
C00467,355.5,purchase,FR,2025-05-22 14:05:02
C00002,562.62,transfer,FR,2025-06-01 14:05:02
C00001,1535.82,withdrawal,IT,2025-06-02 14:05:02
C00001,43.63,transfer,IT,2025-06-07 14:05:02
C00002,1547.54,purchase,FR,2025-05-23 14:05:02
C00001,114.88,withdrawal,DE,2025-06-14 14:05:02
C00002,130.96,payment,FR,2025-05-21 14:05:02
C00002,51.73,transfer,IT,2025-06-02 14:05:02
C00001,383.65,withdrawal,FR,2025-05-18 14:05:02
C00001,1918.2,transfer,FR,2025-06-05 14:05:02
C00001,635.96,payment,ES,2025-05-31 14:05:02
C00001,564.76,purchase,FR,2025-05-23 14:05:02
C00574,236.03,payment,ES,2025-06-12 14:05:02
C00857,259.34,transfer,DE,2025-06-13 14:05:02
C00002,811.41,deposit,IT,2025-06-03 14:05:02
C00001,1527.76,deposit,IT,2025-05-18 14:05:02
C00002,1419.15,transfer,FR,2025-06-02 14:05:02
C00001,1679.95,payment,IT,2025-06-17 14:05:02
C00001,223.68,purchase,DE,2025-05-27 14:05:02
C00001,971.4,payment,IT,2025-05-25 14:05:02
C00002,995.72,transfer,DE,2025-06-17 14:05:02
C00001,988.68,payment,IT,2025-06-15 14:05:02
C00001,308.17,payment,IT,2025-06-07 14:05:02
C00001,1358.27,deposit,DE,2025-05-22 14:05:02
C00001,1503.53,payment,FR,2025-05-28 14:05:02
C00001,1205.86,transfer,IT,2025-06-04 14:05:02
C00001,1444.59,purchase,DE,2025-06-07 14:05:02
C00001,102.17,withdrawal,ES,2025-05-20 14:05:02
C00001,70.62,transfer,ES,2025-05-26 14:05:02
C00002,111.25,payment,IT,2025-05-29 14:05:02
C00190,264.8,transfer,ES,2025-06-04 14:05:02
C00002,1739.75,withdrawal,ES,2025-05-28 14:05:02
C00001,1778.45,purchase,ES,2025-06-02 14:05:02
C00001,865.93,payment,ES,2025-06-17 14:05:02
C00001,1630.25,payment,IT,2025-06-08 14:05:02
C00002,1754.89,transfer,IT,2025-05-26 14:05:02
C00001,1282.13,payment,IT,2025-06-10 14:05:02
C00002,895.07,withdrawal,ES,2025-05-18 14:05:02
C00002,1121.69,purchase,ES,2025-05-19 14:05:02
C00439,239.24,purchase,DE,2025-05-23 14:05:02
C00002,718.75,deposit,FR,2025-06-08 14:05:02
C00001,1076.4,withdrawal,DE,2025-06-10 14:05:02
C00001,1034.45,deposit,ES,2025-06-01 14:05:02
C00002,140.11,transfer,ES,2025-06-07 14:05:02
C00002,537.31,payment,DE,2025-06-02 14:05:02
C00002,889.82,withdrawal,IT,2025-05-29 14:05:02
C00001,489.6,transfer,IT,2025-06-05 14:05:02
C00001,269.96,withdrawal,IT,2025-05-29 14:05:02
C00002,190.93,payment,FR,2025-05-20 14:05:02
C00002,1858.15,deposit,DE,2025-05-22 14:05:02
C00001,1640.28,transfer,IT,2025-06-09 14:05:02
C00002,640.59,withdrawal,DE,2025-06-07 14:05:02
C00001,381.88,payment,IT,2025-05-27 14:05:02
C00812,188.46,deposit,ES,2025-05-31 14:05:02
C00001,1160.72,payment,IT,2025-06-05 14:05:02
C00002,1602.91,withdrawal,DE,2025-05-21 14:05:02
C00001,1786.22,purchase,IT,2025-06-09 14:05:02
C00001,308.85,purchase,IT,2025-05-27 14:05:02
C00002,610.68,withdrawal,ES,2025-06-01 14:05:02
C00001,396.79,purchase,DE,2025-06-09 14:05:02
C00001,1228.93,payment,IT,2025-05-21 14:05:02
C00002,379.57,payment,DE,2025-05-29 14:05:02
C00002,1661.43,purchase,FR,2025-06-02 14:05:02
C00001,864.72,deposit,DE,2025-05-23 14:05:02
C00002,523.05,transfer,IT,2025-05-20 14:05:02
C00002,560.32,purchase,ES,2025-05-20 14:05:02
C00001,484.32,withdrawal,FR,2025-05-21 14:05:02
C00001,1310.88,withdrawal,DE,2025-05-25 14:05:02
C00001,1656.59,withdrawal,FR,2025-05-19 14:05:02
C00001,1717.66,deposit,FR,2025-06-16 14:05:02
C00002,1044.06,withdrawal,IT,2025-06-02 14:05:02
C00001,171.25,deposit,DE,2025-05-25 14:05:02
C00686,1981.75,payment,IT,2025-05-22 14:05:02
C00632,1403.82,payment,DE,2025-05-22 14:05:02
C00002,188.69,deposit,DE,2025-05-24 14:05:02
C00478,102.99,purchase,FR,2025-05-27 14:05:02
C00002,677.43,withdrawal,DE,2025-06-03 14:05:02
C00001,261.85,payment,FR,2025-06-01 14:05:02
C00001,307.26,withdrawal,FR,2025-05-28 14:05:02
C00002,1919.26,withdrawal,FR,2025-06-07 14:05:02
C00001,310.31,deposit,IT,2025-06-10 14:05:02
C00242,264.53,payment,IT,2025-06-13 14:05:02
C00002,1022.86,payment,DE,2025-06-02 14:05:02
C00002,1068.27,deposit,FR,2025-05-20 14:05:02
C00002,1541.52,purchase,IT,2025-05-20 14:05:02
C00002,1159.71,payment,IT,2025-06-07 14:05:02
C00001,1608.58,payment,FR,2025-05-28 14:05:02
C00266,1036.73,transfer,ES,2025-05-21 14:05:02
C00001,1098.0,withdrawal,ES,2025-06-11 14:05:02
C00002,1334.48,withdrawal,FR,2025-06-16 14:05:02
C00002,1576.17,transfer,IT,2025-05-24 14:05:02
C00001,169.96,deposit,ES,2025-06-08 14:05:02
C00001,1150.2,deposit,IT,2025-05-21 14:05:02
C00734,133.61,transfer,FR,2025-06-01 14:05:02
C00002,721.07,deposit,FR,2025-05-19 14:05:02
C00028,337.09,transfer,IT,2025-06-06 14:05:02
C00982,330.53,payment,IT,2025-06-10 14:05:02
C00001,1890.46,deposit,ES,2025-05-19 14:05:02
C00614,1959.41,transfer,ES,2025-06-05 14:05:02
C00001,1906.07,deposit,DE,2025-05-24 14:05:02
C00001,1734.1,withdrawal,ES,2025-06-04 14:05:02
C00001,771.07,payment,DE,2025-05-24 14:05:02
C00001,624.26,payment,ES,2025-05-23 14:05:02
C00002,43.77,transfer,DE,2025-05-20 14:05:02
C00544,273.13,payment,DE,2025-06-07 14:05:02
C00001,1653.18,withdrawal,DE,2025-06-05 14:05:02
C00002,285.9,purchase,IT,2025-06-12 14:05:02
C00002,759.07,payment,DE,2025-06-13 14:05:02
C00001,943.13,purchase,ES,2025-05-30 14:05:02
C00002,1297.1,deposit,FR,2025-06-16 14:05:02
C00001,1122.99,withdrawal,IT,2025-05-21 14:05:02
C00001,1813.25,purchase,IT,2025-05-25 14:05:02
C00002,1818.33,purchase,IT,2025-06-16 14:05:02
C00341,709.26,transfer,IT,2025-06-10 14:05:02
C00922,1642.13,payment,FR,2025-06-12 14:05:02
C00002,1192.23,withdrawal,DE,2025-06-04 14:05:02
C00002,408.95,purchase,DE,2025-06-14 14:05:02
C00482,1329.55,purchase,FR,2025-05-21 14:05:02
C00001,1093.18,withdrawal,ES,2025-06-08 14:05:02
C00002,761.76,purchase,ES,2025-06-17 14:05:02
C00001,583.81,payment,DE,2025-06-08 14:05:02
C00797,371.09,payment,DE,2025-06-11 14:05:02
C00002,1239.45,deposit,IT,2025-06-09 14:05:02
C00001,268.45,deposit,ES,2025-05-22 14:05:02
C00237,490.23,deposit,IT,2025-06-15 14:05:02
C00239,1833.42,transfer,IT,2025-06-08 14:05:02
C00001,1856.72,deposit,IT,2025-06-01 14:05:02
C00986,98.19,deposit,IT,2025-06-16 14:05:02
C00001,824.82,payment,IT,2025-05-19 14:05:02
C00968,720.97,transfer,DE,2025-06-15 14:05:02
C00001,1911.43,withdrawal,FR,2025-06-11 14:05:02
C00001,913.23,payment,DE,2025-06-04 14:05:02
C00002,496.03,purchase,FR,2025-06-14 14:05:02
C00002,910.45,withdrawal,DE,2025-05-25 14:05:02
C00001,1351.1,purchase,ES,2025-06-06 14:05:02
C00001,1686.94,purchase,FR,2025-05-26 14:05:02
C00002,1807.47,transfer,ES,2025-06-04 14:05:02
C00001,1857.72,transfer,FR,2025-06-03 14:05:02
C00001,1409.78,payment,FR,2025-06-17 14:05:02
C00368,149.1,payment,FR,2025-05-31 14:05:02
C00001,336.51,deposit,FR,2025-06-08 14:05:02
C00002,1978.37,withdrawal,ES,2025-05-30 14:05:02
C00002,1403.01,payment,FR,2025-06-02 14:05:02
C00001,1010.05,deposit,DE,2025-06-10 14:05:02
C00002,126.95,withdrawal,ES,2025-06-05 14:05:02
C00002,1037.04,withdrawal,FR,2025-06-11 14:05:02
C00002,1410.85,transfer,ES,2025-06-13 14:05:02
C00002,763.49,withdrawal,ES,2025-06-10 14:05:02
C00002,455.86,payment,DE,2025-06-12 14:05:02
C00782,888.34,payment,DE,2025-05-27 14:05:02
C00002,496.98,purchase,ES,2025-06-14 14:05:02
C00001,1634.19,payment,IT,2025-06-05 14:05:02
C00001,1498.38,withdrawal,FR,2025-06-06 14:05:02
C00002,916.82,withdrawal,ES,2025-06-05 14:05:02
C00002,1794.94,withdrawal,DE,2025-05-22 14:05:02
C00001,277.03,deposit,IT,2025-06-05 14:05:02
C00001,600.63,purchase,IT,2025-06-08 14:05:02
C00001,779.6,transfer,FR,2025-05-26 14:05:02
C00001,1410.89,payment,ES,2025-06-10 14:05:02
C00002,807.68,withdrawal,ES,2025-06-12 14:05:02
C00001,1839.4,payment,IT,2025-06-16 14:05:02
C00001,58.28,withdrawal,DE,2025-06-06 14:05:02
C00001,848.7,transfer,FR,2025-06-04 14:05:02
C00001,668.53,withdrawal,IT,2025-06-05 14:05:02
C00001,1155.2,withdrawal,FR,2025-06-16 14:05:02
C00002,1962.8,deposit,DE,2025-05-21 14:05:02
C00002,701.79,payment,DE,2025-05-27 14:05:02
C00097,1456.8,deposit,DE,2025-05-20 14:05:02
C00001,133.28,withdrawal,FR,2025-06-10 14:05:02
C00001,1709.96,withdrawal,FR,2025-06-16 14:05:02
C00800,209.88,payment,DE,2025-06-06 14:05:02
C00606,1249.57,withdrawal,IT,2025-05-25 14:05:02
C00001,1346.74,payment,DE,2025-05-27 14:05:02
C00001,667.84,payment,DE,2025-06-13 14:05:02
C00514,1064.05,deposit,IT,2025-06-03 14:05:02
C00001,1708.49,withdrawal,IT,2025-06-06 14:05:02
C00002,712.32,withdrawal,DE,2025-05-22 14:05:02
C00002,1233.11,withdrawal,ES,2025-05-28 14:05:02
C00001,667.61,transfer,FR,2025-05-28 14:05:02
C00001,1346.63,deposit,DE,2025-05-26 14:05:02
C00002,149.25,transfer,FR,2025-06-12 14:05:02
C00002,92.13,transfer,DE,2025-06-01 14:05:02
C00969,1872.27,withdrawal,IT,2025-06-11 14:05:02
C00002,401.64,deposit,IT,2025-06-09 14:05:02
C00972,1353.04,withdrawal,IT,2025-06-04 14:05:02
C00270,1806.15,deposit,DE,2025-06-13 14:05:02
C00001,1795.16,payment,FR,2025-05-22 14:05:02
C00708,1660.13,withdrawal,ES,2025-06-15 14:05:02
C00001,1250.26,deposit,IT,2025-06-01 14:05:02
C00185,1127.38,payment,DE,2025-06-02 14:05:02
C00002,265.31,payment,FR,2025-06-14 14:05:02
C00001,1272.27,payment,ES,2025-05-20 14:05:02
C00398,1575.93,deposit,IT,2025-05-30 14:05:02
C00001,565.76,transfer,DE,2025-06-06 14:05:02
C00002,631.58,payment,FR,2025-05-20 14:05:02
C00756,1332.67,purchase,IT,2025-06-17 14:05:02
C00001,959.44,transfer,IT,2025-06-17 14:05:02
C00878,1054.71,withdrawal,FR,2025-06-01 14:05:02
C00002,1078.99,deposit,IT,2025-06-10 14:05:02
C00001,1894.99,withdrawal,FR,2025-05-30 14:05:02
C00001,961.04,payment,FR,2025-05-28 14:05:02
C00002,1126.16,payment,ES,2025-06-07 14:05:02
C00001,1280.97,purchase,ES,2025-06-05 14:05:02
C00001,1634.57,payment,ES,2025-05-28 14:05:02
C00002,143.63,payment,DE,2025-06-14 14:05:02
C00001,1459.97,transfer,IT,2025-06-01 14:05:02
C00001,372.98,payment,ES,2025-06-16 14:05:02
C00002,1858.48,withdrawal,FR,2025-06-12 14:05:02
C00001,1793.85,payment,DE,2025-05-25 14:05:02
C00002,1000.92,withdrawal,IT,2025-06-08 14:05:02
C00002,1032.82,transfer,FR,2025-05-20 14:05:02
C00446,780.42,payment,IT,2025-06-09 14:05:02
C00002,102.68,withdrawal,DE,2025-05-21 14:05:02
C00178,1836.84,withdrawal,FR,2025-06-17 14:05:02
C00002,1394.76,purchase,IT,2025-05-26 14:05:02
C00235,945.04,purchase,DE,2025-05-27 14:05:02
C00002,1633.2,deposit,DE,2025-05-31 14:05:02
C00001,1958.06,purchase,ES,2025-06-12 14:05:02
C00001,1846.5,purchase,FR,2025-05-26 14:05:02
C00001,1223.32,withdrawal,IT,2025-05-30 14:05:02
C00001,634.13,withdrawal,ES,2025-05-30 14:05:02
C00001,1752.76,purchase,IT,2025-06-12 14:05:02
C00928,1977.3,purchase,DE,2025-05-25 14:05:02
C00002,1357.59,deposit,DE,2025-06-10 14:05:02
C00761,700.74,transfer,DE,2025-05-23 14:05:02
C00743,1265.83,payment,ES,2025-06-09 14:05:02
C00002,1015.89,payment,IT,2025-06-13 14:05:02
C00001,82.7,deposit,FR,2025-05-25 14:05:02
C00002,1956.92,withdrawal,DE,2025-05-18 14:05:02
C00001,1061.44,deposit,DE,2025-05-29 14:05:02
C00848,290.11,payment,IT,2025-06-12 14:05:02
C00001,1952.34,purchase,ES,2025-06-13 14:05:02
C00002,1671.85,withdrawal,DE,2025-05-28 14:05:02
C00002,473.96,payment,DE,2025-05-22 14:05:02
C00952,1266.03,deposit,DE,2025-06-12 14:05:02
C00002,1849.7,deposit,FR,2025-06-05 14:05:02
C00002,247.96,withdrawal,FR,2025-06-13 14:05:02
C00002,1020.91,deposit,IT,2025-05-20 14:05:02
C00001,695.45,withdrawal,DE,2025-06-03 14:05:02
C00001,1779.81,transfer,DE,2025-05-31 14:05:02
C00668,1231.71,transfer,IT,2025-06-02 14:05:02
C00002,1109.91,deposit,DE,2025-05-30 14:05:02
C00002,1572.38,transfer,ES,2025-06-17 14:05:02
C00001,637.24,payment,FR,2025-06-10 14:05:02
C00002,1283.87,payment,DE,2025-06-05 14:05:02
C00001,65.59,withdrawal,IT,2025-05-28 14:05:02
C00001,435.74,deposit,FR,2025-05-28 14:05:02
C00001,118.36,withdrawal,FR,2025-06-01 14:05:02
C00002,1595.01,deposit,ES,2025-06-14 14:05:02
C00001,1825.09,payment,IT,2025-06-04 14:05:02
C00001,1653.67,purchase,IT,2025-06-10 14:05:02
C00001,719.55,withdrawal,DE,2025-06-02 14:05:02
C00001,1952.33,purchase,FR,2025-06-09 14:05:02
C00001,1970.85,withdrawal,DE,2025-05-23 14:05:02
C00002,465.8,payment,FR,2025-05-27 14:05:02
C00001,1144.59,purchase,IT,2025-05-26 14:05:02
C00001,195.84,deposit,IT,2025-05-26 14:05:02
C00001,122.41,payment,IT,2025-06-10 14:05:02
C00001,1517.63,withdrawal,IT,2025-06-11 14:05:02
C00506,210.77,withdrawal,FR,2025-05-20 14:05:02
C00001,1472.82,transfer,ES,2025-06-06 14:05:02
C00001,926.93,purchase,ES,2025-06-16 14:05:02
C00001,1710.45,payment,DE,2025-05-18 14:05:02
C00001,435.59,purchase,DE,2025-06-01 14:05:02
C00001,1626.16,deposit,IT,2025-06-11 14:05:02
C00795,25.96,payment,ES,2025-06-01 14:05:02
C00002,689.17,payment,DE,2025-06-04 14:05:02
C00001,13.31,payment,DE,2025-06-09 14:05:02
C00001,1548.27,withdrawal,IT,2025-06-04 14:05:02
C00001,1373.18,deposit,DE,2025-06-06 14:05:02
C00002,504.5,deposit,IT,2025-06-13 14:05:02
C00001,543.79,deposit,DE,2025-05-29 14:05:02
C00001,1045.35,purchase,FR,2025-05-30 14:05:02
C00001,1325.2,withdrawal,FR,2025-06-16 14:05:02
C00001,1618.16,deposit,DE,2025-05-25 14:05:02
C00863,177.25,payment,ES,2025-06-09 14:05:02
C00001,805.45,payment,IT,2025-06-12 14:05:02
C00388,789.27,deposit,DE,2025-05-25 14:05:02
C00001,641.14,withdrawal,DE,2025-06-07 14:05:02
C00001,1366.93,withdrawal,ES,2025-05-24 14:05:02
C00002,452.65,transfer,IT,2025-05-20 14:05:02
C00002,1972.9,transfer,ES,2025-06-03 14:05:02
C00001,75.47,transfer,ES,2025-06-11 14:05:02
C00001,161.04,withdrawal,FR,2025-06-11 14:05:02
C00001,1981.89,purchase,DE,2025-05-18 14:05:02
C00001,1640.15,purchase,IT,2025-05-22 14:05:02
C00001,755.23,deposit,ES,2025-06-02 14:05:02
C00001,1923.01,payment,ES,2025-05-25 14:05:02
C00002,1737.09,purchase,IT,2025-05-26 14:05:02
C00001,906.93,deposit,ES,2025-06-03 14:05:02
C00930,449.22,purchase,ES,2025-05-27 14:05:02
C00002,1146.94,payment,DE,2025-06-13 14:05:02
C00002,464.67,withdrawal,FR,2025-06-01 14:05:02
C00001,1850.1,deposit,ES,2025-05-29 14:05:02
C00001,201.67,transfer,DE,2025-05-24 14:05:02
C00001,235.36,transfer,IT,2025-06-17 14:05:02
C00001,285.82,withdrawal,DE,2025-06-03 14:05:02
C00002,467.28,withdrawal,DE,2025-06-15 14:05:02
C00615,1629.87,transfer,FR,2025-05-25 14:05:02
C00542,1257.12,payment,FR,2025-06-04 14:05:02
C00087,946.41,deposit,FR,2025-06-14 14:05:02
C00002,1802.68,purchase,DE,2025-06-12 14:05:02
C00002,997.31,payment,ES,2025-05-19 14:05:02
C00001,473.46,transfer,DE,2025-05-31 14:05:02
C00001,136.26,withdrawal,DE,2025-06-17 14:05:02
C00002,1921.47,payment,IT,2025-06-04 14:05:02
C00002,358.67,purchase,FR,2025-05-29 14:05:02
C00001,197.5,transfer,ES,2025-05-18 14:05:02
C00001,1522.36,withdrawal,DE,2025-06-03 14:05:02
C00002,1227.14,transfer,ES,2025-05-28 14:05:02
C00002,1345.66,withdrawal,ES,2025-06-08 14:05:02
C00244,1474.33,purchase,IT,2025-05-29 14:05:02
C00001,517.33,payment,ES,2025-05-31 14:05:02
C00002,1906.38,deposit,ES,2025-05-30 14:05:02
C00001,548.77,withdrawal,DE,2025-06-02 14:05:02
C00002,707.65,payment,DE,2025-06-16 14:05:02
C00001,1300.77,purchase,IT,2025-05-28 14:05:02
C00002,722.41,transfer,DE,2025-05-19 14:05:02
C00001,1112.71,transfer,ES,2025-05-23 14:05:02
C00001,1469.25,payment,ES,2025-06-08 14:05:02
C00001,1742.68,withdrawal,IT,2025-06-03 14:05:02
C00001,1359.36,withdrawal,DE,2025-05-28 14:05:02
C00002,866.15,transfer,DE,2025-05-20 14:05:02
C00001,1657.14,deposit,ES,2025-05-28 14:05:02
C00001,856.8,deposit,IT,2025-05-20 14:05:02
C00605,585.04,purchase,FR,2025-06-13 14:05:02
C00002,1211.28,payment,DE,2025-05-31 14:05:02
C00001,1524.69,purchase,FR,2025-05-24 14:05:02
C00001,820.28,purchase,IT,2025-05-20 14:05:02
C00001,1491.53,withdrawal,IT,2025-06-08 14:05:02
C00002,164.26,transfer,FR,2025-06-01 14:05:02
C00001,524.72,deposit,DE,2025-06-06 14:05:02
C00002,1505.99,payment,IT,2025-06-06 14:05:02
C00002,649.09,transfer,IT,2025-05-20 14:05:02
C00001,168.81,withdrawal,FR,2025-06-15 14:05:02
C00002,1449.86,deposit,IT,2025-05-28 14:05:02
C00002,113.74,purchase,DE,2025-05-30 14:05:02
C00002,312.54,withdrawal,IT,2025-05-31 14:05:02
C00002,1423.47,deposit,IT,2025-06-14 14:05:02
C00002,1545.95,deposit,IT,2025-06-15 14:05:02
C00001,23.69,payment,IT,2025-05-26 14:05:02
C00002,1590.81,payment,FR,2025-06-15 14:05:02
C00224,632.51,transfer,FR,2025-06-08 14:05:02
C00001,758.26,transfer,FR,2025-05-28 14:05:02
C00001,431.58,payment,IT,2025-05-18 14:05:02
C00001,1000.86,transfer,FR,2025-06-07 14:05:02
C00002,1579.88,withdrawal,FR,2025-05-19 14:05:02
C00002,954.04,payment,ES,2025-05-22 14:05:02
C00002,1126.29,transfer,DE,2025-05-23 14:05:02
C00001,1987.38,withdrawal,ES,2025-06-09 14:05:02
C00002,196.33,transfer,FR,2025-05-28 14:05:02
C00941,1716.99,deposit,FR,2025-06-01 14:05:02
C00001,1913.37,transfer,DE,2025-05-25 14:05:02
C00001,119.33,payment,IT,2025-05-21 14:05:02
C00001,918.07,payment,IT,2025-06-13 14:05:02
C00001,1843.17,transfer,ES,2025-06-15 14:05:02
C00001,1085.74,withdrawal,IT,2025-05-31 14:05:02
C00001,253.02,payment,IT,2025-06-15 14:05:02
C00001,654.19,payment,DE,2025-05-25 14:05:02
C00002,1549.02,purchase,DE,2025-05-31 14:05:02
C00213,1394.4,payment,FR,2025-06-09 14:05:02
C00001,45.63,purchase,ES,2025-05-25 14:05:02
C00875,1537.17,transfer,IT,2025-06-11 14:05:02
C00002,1076.86,payment,ES,2025-06-06 14:05:02
C00001,1412.42,payment,IT,2025-05-29 14:05:02
C00185,1975.32,purchase,ES,2025-06-06 14:05:02
C00002,629.22,payment,ES,2025-06-11 14:05:02
C00001,1994.75,purchase,IT,2025-05-20 14:05:02
C00001,1799.46,withdrawal,IT,2025-06-06 14:05:02
C00001,1382.34,purchase,ES,2025-06-01 14:05:02
C00001,1440.07,purchase,ES,2025-05-26 14:05:02
C00001,250.44,withdrawal,FR,2025-05-30 14:05:02
C00002,166.34,purchase,DE,2025-05-18 14:05:02
C00001,330.42,transfer,ES,2025-05-30 14:05:02
C00002,1271.76,deposit,FR,2025-05-19 14:05:02
C00001,1635.72,withdrawal,FR,2025-05-31 14:05:02
C00002,957.01,transfer,ES,2025-06-03 14:05:02
C00001,1852.86,payment,ES,2025-06-07 14:05:02
C00002,1582.99,transfer,FR,2025-06-07 14:05:02
C00001,175.36,payment,FR,2025-06-16 14:05:02
C00154,1538.25,purchase,DE,2025-06-06 14:05:02
C00002,426.89,transfer,ES,2025-05-29 14:05:02
C00001,243.67,purchase,DE,2025-05-18 14:05:02
C00001,1342.84,purchase,ES,2025-05-28 14:05:02
C00001,963.47,deposit,IT,2025-05-27 14:05:02
C00001,1808.06,transfer,DE,2025-06-14 14:05:02
C00002,1594.18,transfer,IT,2025-05-26 14:05:02
C00001,480.33,transfer,FR,2025-05-23 14:05:02
C00516,245.56,purchase,DE,2025-06-15 14:05:02
C00002,895.86,purchase,ES,2025-06-14 14:05:02
C00002,525.9,deposit,FR,2025-06-09 14:05:02
C00001,328.57,deposit,DE,2025-06-09 14:05:02
C00002,1059.31,payment,FR,2025-05-25 14:05:02
C00001,374.41,deposit,ES,2025-05-22 14:05:02
C00002,600.24,withdrawal,FR,2025-06-05 14:05:02
C00002,1306.81,deposit,IT,2025-06-01 14:05:02
C00002,552.3,deposit,FR,2025-06-02 14:05:02
C00001,56.73,withdrawal,FR,2025-05-22 14:05:02
C00002,1476.94,payment,ES,2025-06-07 14:05:02
C00001,1195.2,transfer,DE,2025-06-12 14:05:02
C00002,1694.08,payment,IT,2025-06-12 14:05:02
C00436,1846.34,transfer,IT,2025-05-23 14:05:02
C00115,1408.91,withdrawal,DE,2025-06-13 14:05:02
C00002,1968.12,purchase,IT,2025-05-27 14:05:02
C00571,1170.85,withdrawal,FR,2025-06-02 14:05:02
C00002,1257.26,withdrawal,ES,2025-05-21 14:05:02
C00002,1659.77,payment,IT,2025-05-30 14:05:02
C00001,1342.83,purchase,FR,2025-06-06 14:05:02
C00001,468.11,purchase,IT,2025-05-25 14:05:02
C00002,453.72,transfer,ES,2025-05-19 14:05:02
C00002,1397.44,purchase,IT,2025-06-08 14:05:02
C00002,938.28,payment,IT,2025-06-02 14:05:02
C00001,156.35,deposit,DE,2025-06-02 14:05:02
C00001,588.09,payment,ES,2025-05-25 14:05:02
C00001,1200.38,transfer,IT,2025-06-04 14:05:02
C00002,1433.63,withdrawal,ES,2025-06-02 14:05:02
C00002,172.94,transfer,FR,2025-06-05 14:05:02
C00111,34.68,transfer,FR,2025-05-30 14:05:02
C00001,1136.91,deposit,DE,2025-06-16 14:05:02
C00001,831.66,purchase,FR,2025-06-12 14:05:02
C00001,1777.35,withdrawal,ES,2025-05-26 14:05:02
C00002,482.84,transfer,IT,2025-06-07 14:05:02
C00001,987.06,transfer,DE,2025-05-30 14:05:02
C00002,679.35,deposit,ES,2025-05-31 14:05:02
C00001,1473.7,deposit,DE,2025-06-11 14:05:02
C00002,1566.14,deposit,ES,2025-05-21 14:05:02
C00002,1901.74,payment,IT,2025-06-12 14:05:02
C00001,688.37,deposit,ES,2025-06-17 14:05:02
C00002,1497.39,payment,FR,2025-06-04 14:05:02
C00075,1333.15,transfer,FR,2025-06-10 14:05:02
C00001,24.94,payment,IT,2025-05-18 14:05:02
C00001,1203.92,payment,IT,2025-06-14 14:05:02
C00001,280.22,transfer,DE,2025-05-31 14:05:02
C00619,1028.72,transfer,DE,2025-06-12 14:05:02
C00001,1093.63,transfer,FR,2025-06-08 14:05:02
C00001,26.12,withdrawal,ES,2025-05-27 14:05:02
C00002,1163.9,withdrawal,IT,2025-06-11 14:05:02
C00001,572.65,payment,ES,2025-05-27 14:05:02
C00001,360.28,deposit,ES,2025-06-08 14:05:02
C00001,1401.33,purchase,ES,2025-06-15 14:05:02
C00002,582.02,deposit,FR,2025-06-02 14:05:02
C00002,818.09,deposit,DE,2025-06-11 14:05:02
C00002,932.88,transfer,FR,2025-06-06 14:05:02
C00001,1160.49,deposit,DE,2025-05-28 14:05:02
C00002,1724.51,purchase,FR,2025-06-07 14:05:02
C00001,347.07,deposit,FR,2025-06-02 14:05:02
C00002,485.92,deposit,IT,2025-06-05 14:05:02
C00001,416.34,payment,FR,2025-06-16 14:05:02
C00001,1687.22,purchase,ES,2025-06-13 14:05:02
C00002,371.86,payment,IT,2025-05-29 14:05:02
C00001,1710.81,withdrawal,DE,2025-05-18 14:05:02
C00002,94.03,payment,ES,2025-06-05 14:05:02
C00001,1393.86,purchase,ES,2025-05-19 14:05:02
C00670,1282.27,withdrawal,IT,2025-06-09 14:05:02
C00198,884.79,deposit,FR,2025-05-29 14:05:02
C00001,183.77,transfer,DE,2025-06-03 14:05:02
C00001,1450.3,transfer,DE,2025-06-15 14:05:02
C00001,1103.56,payment,IT,2025-06-07 14:05:02
C00002,298.24,payment,IT,2025-06-05 14:05:02
C00001,1363.59,withdrawal,ES,2025-06-16 14:05:02
C00001,1530.75,purchase,ES,2025-05-31 14:05:02
C00001,1364.22,purchase,DE,2025-05-22 14:05:02
C00001,988.82,purchase,IT,2025-06-16 14:05:02
C00001,1412.69,deposit,FR,2025-06-09 14:05:02
C00002,1564.39,deposit,IT,2025-05-30 14:05:02
C00001,198.57,purchase,DE,2025-06-07 14:05:02
C00001,1009.01,transfer,FR,2025-05-18 14:05:02
C00002,950.29,withdrawal,IT,2025-06-03 14:05:02
C00002,1415.88,payment,FR,2025-06-05 14:05:02
C00002,334.39,payment,DE,2025-06-14 14:05:02
C00001,1780.43,purchase,ES,2025-06-04 14:05:02
C00744,1850.43,purchase,ES,2025-06-15 14:05:02
C00002,1478.46,payment,FR,2025-06-05 14:05:02
C00331,580.32,transfer,DE,2025-06-14 14:05:02
C00001,1542.59,withdrawal,ES,2025-05-28 14:05:02
C00002,1653.83,transfer,IT,2025-06-02 14:05:02
C00604,531.12,payment,FR,2025-05-25 14:05:02
C00001,1964.76,payment,ES,2025-06-03 14:05:02
C00002,354.0,deposit,ES,2025-05-25 14:05:02
C00001,437.17,payment,FR,2025-06-09 14:05:02
C00609,1377.51,payment,FR,2025-06-16 14:05:02
C00002,73.51,payment,ES,2025-05-31 14:05:02
C00002,1434.37,withdrawal,IT,2025-06-08 14:05:02
C00001,380.05,withdrawal,ES,2025-06-01 14:05:02
C00001,1577.05,withdrawal,FR,2025-05-25 14:05:02
C00576,1719.57,deposit,DE,2025-05-28 14:05:02
C00002,1120.76,deposit,FR,2025-05-19 14:05:02
C00001,967.8,withdrawal,ES,2025-06-02 14:05:02
C00002,503.2,purchase,IT,2025-06-02 14:05:02
C00001,1351.77,deposit,ES,2025-06-06 14:05:02
C00001,1395.43,deposit,IT,2025-05-28 14:05:02
C00001,1560.62,purchase,IT,2025-05-29 14:05:02
C00338,1329.11,withdrawal,DE,2025-06-13 14:05:02
C00001,102.0,withdrawal,IT,2025-06-09 14:05:02
C00001,1782.95,payment,ES,2025-06-11 14:05:02
C00001,936.98,payment,IT,2025-06-10 14:05:02
C00001,446.91,withdrawal,DE,2025-05-20 14:05:02
C00001,1965.53,payment,DE,2025-06-08 14:05:02
C00001,1765.09,withdrawal,FR,2025-05-27 14:05:02
C00001,70.79,transfer,FR,2025-05-22 14:05:02
C00002,616.59,payment,FR,2025-05-23 14:05:02
C00002,526.38,withdrawal,IT,2025-06-13 14:05:02
C00002,709.81,payment,FR,2025-05-27 14:05:02
C00002,486.94,transfer,FR,2025-06-03 14:05:02
C00001,585.99,purchase,IT,2025-05-28 14:05:02
C00001,1605.01,withdrawal,ES,2025-06-13 14:05:02
C00188,1542.03,payment,ES,2025-05-23 14:05:02
C00681,506.82,deposit,FR,2025-06-01 14:05:02
C00002,1745.02,transfer,ES,2025-06-02 14:05:02
C00001,1591.27,deposit,FR,2025-06-03 14:05:02
C00001,962.65,deposit,FR,2025-05-30 14:05:02
C00001,1454.72,transfer,IT,2025-06-11 14:05:02
C00002,1492.94,transfer,DE,2025-06-09 14:05:02
C00001,226.18,deposit,FR,2025-06-07 14:05:02
C00001,1512.52,withdrawal,IT,2025-06-02 14:05:02
C00001,374.26,withdrawal,DE,2025-06-14 14:05:02
C00001,1435.58,purchase,IT,2025-06-04 14:05:02
C00002,914.83,withdrawal,DE,2025-05-25 14:05:02
C00002,373.83,transfer,ES,2025-05-30 14:05:02
C00002,158.24,purchase,ES,2025-06-10 14:05:02
C00001,1545.53,withdrawal,DE,2025-06-14 14:05:02
C00940,492.61,payment,DE,2025-06-13 14:05:02
C00001,915.51,payment,ES,2025-05-26 14:05:02
C00001,1353.17,deposit,IT,2025-05-28 14:05:02
C00002,481.94,transfer,DE,2025-06-08 14:05:02
C00234,908.55,transfer,IT,2025-06-11 14:05:02
C00002,764.79,transfer,ES,2025-05-24 14:05:02
C00002,30.36,withdrawal,DE,2025-06-05 14:05:02
C00001,1498.77,deposit,FR,2025-06-06 14:05:02
C00001,34.59,deposit,ES,2025-06-01 14:05:02
C00001,617.07,purchase,FR,2025-05-29 14:05:02
C00002,1501.87,purchase,IT,2025-05-20 14:05:02
C00001,451.49,transfer,ES,2025-06-01 14:05:02
C00001,1573.3,deposit,DE,2025-06-05 14:05:02
C00758,792.96,purchase,ES,2025-05-28 14:05:02
C00002,1134.59,transfer,FR,2025-06-02 14:05:02
C00001,218.01,payment,ES,2025-05-23 14:05:02
C00001,900.68,payment,IT,2025-05-31 14:05:02
C00002,969.3,transfer,DE,2025-06-14 14:05:02
C00001,1294.43,purchase,DE,2025-05-22 14:05:02
C00831,878.31,withdrawal,ES,2025-05-29 14:05:02
C00001,1890.86,purchase,ES,2025-05-20 14:05:02
C00002,952.53,payment,FR,2025-06-07 14:05:02
C00001,1406.89,transfer,DE,2025-05-31 14:05:02
C00002,735.31,deposit,IT,2025-05-29 14:05:02
C00001,847.6,purchase,ES,2025-05-25 14:05:02
C00001,682.56,deposit,IT,2025-05-31 14:05:02
C00001,1957.7,withdrawal,IT,2025-05-29 14:05:02
C00002,764.12,withdrawal,IT,2025-06-05 14:05:02
C00001,1770.92,deposit,ES,2025-05-31 14:05:02
C00001,1302.88,purchase,IT,2025-06-12 14:05:02
C00001,1563.64,transfer,DE,2025-06-13 14:05:02
C00002,425.44,transfer,FR,2025-05-19 14:05:02
C00002,292.73,withdrawal,ES,2025-06-06 14:05:02
C00002,1814.14,deposit,FR,2025-05-20 14:05:02
C00002,980.16,deposit,FR,2025-05-28 14:05:02
C00607,974.68,deposit,IT,2025-06-09 14:05:02
C00002,780.21,payment,ES,2025-06-17 14:05:02
C00002,1279.73,deposit,FR,2025-06-08 14:05:02
C00002,1199.78,transfer,DE,2025-06-13 14:05:02
C00001,581.08,deposit,FR,2025-05-19 14:05:02
C00769,273.89,deposit,FR,2025-06-07 14:05:02
C00547,1204.25,transfer,FR,2025-06-06 14:05:02
C00001,166.04,deposit,IT,2025-06-12 14:05:02
C00001,251.24,withdrawal,ES,2025-06-02 14:05:02
C00002,500.61,payment,FR,2025-06-11 14:05:02
C00681,1303.19,withdrawal,ES,2025-05-21 14:05:02
C00001,1113.17,purchase,DE,2025-06-04 14:05:02
C00002,250.95,withdrawal,DE,2025-05-26 14:05:02
C00002,896.99,transfer,ES,2025-05-26 14:05:02
C00516,643.34,deposit,DE,2025-06-15 14:05:02
C00002,179.73,purchase,DE,2025-05-30 14:05:02
C00805,117.71,transfer,ES,2025-05-25 14:05:02
C00307,1221.97,payment,FR,2025-06-06 14:05:02
C00001,919.12,withdrawal,IT,2025-05-21 14:05:02
C00987,1809.16,transfer,IT,2025-06-03 14:05:02
C00808,329.06,payment,DE,2025-05-26 14:05:02
C00001,526.42,withdrawal,DE,2025-05-27 14:05:02
C00002,426.24,purchase,DE,2025-05-24 14:05:02
C00001,1479.97,withdrawal,ES,2025-06-13 14:05:02
C00002,1111.33,withdrawal,IT,2025-06-09 14:05:02
C00058,720.31,transfer,FR,2025-06-10 14:05:02
C00002,581.77,withdrawal,ES,2025-06-06 14:05:02
C00002,1036.79,purchase,FR,2025-06-07 14:05:02
C00001,421.82,withdrawal,ES,2025-06-11 14:05:02
C00001,276.79,payment,FR,2025-06-12 14:05:02
C00002,327.43,transfer,IT,2025-05-28 14:05:02
C00002,1668.96,deposit,ES,2025-05-21 14:05:02
C00002,897.76,transfer,IT,2025-06-17 14:05:02
C00652,1456.63,payment,ES,2025-06-02 14:05:02
C00002,942.88,deposit,IT,2025-06-15 14:05:02
C00001,416.36,deposit,IT,2025-05-31 14:05:02
C00001,1554.65,payment,DE,2025-06-01 14:05:02
C00001,1725.36,payment,FR,2025-06-04 14:05:02
C00002,1237.37,payment,FR,2025-06-15 14:05:02
C00002,1189.6,purchase,ES,2025-05-22 14:05:02
C00774,492.38,purchase,DE,2025-05-20 14:05:02
C00969,1807.19,payment,FR,2025-06-13 14:05:02
C00002,967.68,purchase,DE,2025-05-31 14:05:02
C00001,1015.21,transfer,DE,2025-05-20 14:05:02
C00604,1403.14,purchase,IT,2025-05-24 14:05:02
C00001,939.42,deposit,DE,2025-05-26 14:05:02
C00001,252.38,purchase,DE,2025-05-27 14:05:02
C00001,749.67,withdrawal,IT,2025-06-12 14:05:02
C00001,1237.62,payment,FR,2025-05-27 14:05:02
C00001,1555.26,transfer,FR,2025-06-17 14:05:02
C00002,1174.18,deposit,IT,2025-06-15 14:05:02
C00002,938.55,payment,DE,2025-05-30 14:05:02
C00001,1350.16,payment,DE,2025-05-20 14:05:02
C00001,1262.15,payment,ES,2025-05-19 14:05:02
C00002,1088.73,transfer,IT,2025-05-31 14:05:02
C00305,797.34,purchase,DE,2025-06-08 14:05:02
C00001,615.9,purchase,FR,2025-05-26 14:05:02
C00001,1413.91,payment,FR,2025-06-13 14:05:02
C00001,1954.02,deposit,FR,2025-05-23 14:05:02
C00001,1289.56,purchase,IT,2025-05-28 14:05:02
C00001,42.51,payment,DE,2025-05-31 14:05:02
C00001,1300.05,purchase,IT,2025-05-27 14:05:02
C00001,1672.75,transfer,DE,2025-06-03 14:05:02
C00001,1795.28,withdrawal,DE,2025-05-25 14:05:02
C00913,44.86,deposit,FR,2025-06-10 14:05:02
C00002,821.89,deposit,IT,2025-06-16 14:05:02
C00002,1013.6,payment,IT,2025-06-10 14:05:02
C00001,1491.02,deposit,IT,2025-06-13 14:05:02
C00180,739.59,purchase,FR,2025-06-16 14:05:02
C00001,1607.16,withdrawal,DE,2025-06-17 14:05:02
C00001,534.71,deposit,FR,2025-05-19 14:05:02
C00002,492.38,payment,FR,2025-06-04 14:05:02
C00002,94.24,deposit,DE,2025-05-27 14:05:02
C00001,1634.23,payment,FR,2025-05-26 14:05:02
C00002,374.81,withdrawal,FR,2025-06-01 14:05:02
C00002,88.49,transfer,DE,2025-06-15 14:05:02
C00002,1642.54,purchase,IT,2025-05-23 14:05:02
C00001,1328.61,deposit,ES,2025-05-28 14:05:02
C00002,1288.1,withdrawal,IT,2025-06-11 14:05:02
C00002,677.26,payment,DE,2025-06-03 14:05:02
C00022,381.53,payment,FR,2025-06-01 14:05:02
C00002,190.98,purchase,ES,2025-06-10 14:05:02
C00002,469.13,withdrawal,DE,2025-06-03 14:05:02
C00686,1600.28,deposit,ES,2025-06-15 14:05:02
C00001,1596.45,purchase,IT,2025-05-31 14:05:02
C00001,1743.6,deposit,FR,2025-05-21 14:05:02
C00002,1017.31,deposit,IT,2025-06-14 14:05:02
C00002,1126.22,withdrawal,IT,2025-05-19 14:05:02
C00002,485.49,deposit,IT,2025-05-24 14:05:02
C00001,1763.13,deposit,ES,2025-05-21 14:05:02
C00001,1664.6,purchase,FR,2025-05-18 14:05:02
C00962,1511.9,deposit,ES,2025-06-05 14:05:02
C00001,756.57,withdrawal,DE,2025-06-02 14:05:02
C00001,38.0,transfer,ES,2025-06-14 14:05:02
C00001,450.22,transfer,IT,2025-06-06 14:05:02
C00001,1619.41,deposit,FR,2025-06-02 14:05:02
C00938,217.24,deposit,ES,2025-05-24 14:05:02
C00001,809.17,purchase,FR,2025-05-22 14:05:02
C00002,354.91,transfer,ES,2025-05-28 14:05:02
C00967,1593.3,deposit,ES,2025-06-08 14:05:02
C00001,1701.76,payment,FR,2025-06-17 14:05:02
C00151,1870.47,withdrawal,FR,2025-06-08 14:05:02
C00002,221.11,payment,FR,2025-06-10 14:05:02
C00002,505.57,payment,DE,2025-05-30 14:05:02
C00002,1407.93,transfer,IT,2025-06-12 14:05:02
C00001,1913.19,transfer,ES,2025-05-18 14:05:02
C00002,1488.02,deposit,DE,2025-05-26 14:05:02
C00673,1048.31,payment,IT,2025-05-23 14:05:02
C00001,1785.13,payment,DE,2025-05-29 14:05:02
C00001,325.95,deposit,DE,2025-06-11 14:05:02
C00002,1545.12,deposit,IT,2025-05-25 14:05:02
C00001,1970.42,deposit,DE,2025-05-18 14:05:02
C00001,1373.13,withdrawal,ES,2025-05-30 14:05:02
C00002,22.89,transfer,IT,2025-05-22 14:05:02
C00002,357.93,withdrawal,ES,2025-05-23 14:05:02
C00590,768.63,payment,DE,2025-05-25 14:05:02
C00002,361.89,purchase,DE,2025-05-20 14:05:02
C00823,1612.93,withdrawal,IT,2025-06-15 14:05:02
C00001,1037.38,withdrawal,DE,2025-05-27 14:05:02
C00001,618.57,withdrawal,FR,2025-06-16 14:05:02
C00002,1200.53,transfer,ES,2025-05-18 14:05:02
C00002,1886.88,transfer,IT,2025-06-03 14:05:02
C00001,1316.29,purchase,IT,2025-05-27 14:05:02
C00002,520.72,purchase,IT,2025-05-21 14:05:02
C00001,444.87,withdrawal,ES,2025-06-06 14:05:02
C00001,871.71,transfer,FR,2025-06-12 14:05:02
C00002,749.99,transfer,FR,2025-05-27 14:05:02
C00002,1674.38,payment,FR,2025-05-26 14:05:02
C00001,935.44,purchase,FR,2025-06-08 14:05:02
C00001,1741.85,deposit,ES,2025-06-17 14:05:02
C00001,1967.55,transfer,DE,2025-05-18 14:05:02
C00002,178.24,payment,IT,2025-06-07 14:05:02
C00001,548.58,withdrawal,IT,2025-06-10 14:05:02
C00001,102.21,deposit,FR,2025-06-07 14:05:02
C00001,1741.35,deposit,DE,2025-05-21 14:05:02
C00001,1487.16,deposit,FR,2025-05-23 14:05:02
C00002,1213.99,deposit,ES,2025-05-30 14:05:02
C00001,127.26,transfer,ES,2025-06-12 14:05:02
C00001,1103.66,purchase,IT,2025-06-08 14:05:02
C00001,1984.24,deposit,FR,2025-06-15 14:05:02
C00002,228.71,transfer,FR,2025-05-21 14:05:02
C00035,1399.78,payment,ES,2025-05-20 14:05:02
C00002,31.93,transfer,ES,2025-06-17 14:05:02
C00001,624.23,payment,IT,2025-06-12 14:05:02
C00001,1277.96,purchase,IT,2025-05-30 14:05:02
C00556,1053.56,deposit,FR,2025-05-26 14:05:02
C00002,1325.47,deposit,ES,2025-05-19 14:05:02
C00001,802.64,transfer,DE,2025-06-02 14:05:02
C00823,1573.49,withdrawal,DE,2025-05-25 14:05:02
C00001,1705.85,purchase,ES,2025-05-21 14:05:02
C00001,1217.86,purchase,ES,2025-06-06 14:05:02
C00001,1316.01,purchase,FR,2025-06-04 14:05:02
C00002,687.09,purchase,IT,2025-05-22 14:05:02
C00002,988.92,transfer,IT,2025-06-02 14:05:02
C00002,1232.98,deposit,DE,2025-06-03 14:05:02
C00001,843.47,transfer,FR,2025-06-06 14:05:02
C00001,1207.06,payment,DE,2025-06-07 14:05:02
C00236,1134.83,withdrawal,IT,2025-05-27 14:05:02
C00001,1878.94,purchase,DE,2025-06-01 14:05:02
C00001,1581.07,purchase,IT,2025-05-18 14:05:02
C00001,1699.49,purchase,DE,2025-06-13 14:05:02
C00001,1591.96,deposit,FR,2025-05-23 14:05:02
C00875,1542.72,purchase,IT,2025-06-06 14:05:02
C00001,1966.07,deposit,ES,2025-06-06 14:05:02
C00001,1977.02,deposit,FR,2025-05-26 14:05:02
C00136,352.59,purchase,FR,2025-06-09 14:05:02
C00001,1108.53,withdrawal,FR,2025-05-26 14:05:02
C00001,1468.32,transfer,ES,2025-05-21 14:05:02
C00050,1528.69,deposit,FR,2025-05-24 14:05:02
C00002,408.61,deposit,FR,2025-05-30 14:05:02
C00001,854.49,deposit,FR,2025-05-27 14:05:02
C00002,1943.22,withdrawal,FR,2025-06-13 14:05:02
C00001,1420.2,purchase,IT,2025-06-09 14:05:02
C00002,628.77,payment,DE,2025-06-02 14:05:02
C00002,999.23,withdrawal,DE,2025-06-07 14:05:02
C00001,673.39,payment,FR,2025-06-08 14:05:02
C00742,1662.56,deposit,IT,2025-06-02 14:05:02
C00002,1896.53,purchase,DE,2025-05-31 14:05:02
C00001,401.63,payment,DE,2025-06-09 14:05:02
C00002,1354.26,transfer,IT,2025-05-21 14:05:02
C00002,1402.19,transfer,ES,2025-05-29 14:05:02
C00507,209.37,payment,IT,2025-05-21 14:05:02
C00001,1862.86,deposit,IT,2025-05-30 14:05:02
C00001,1521.96,transfer,IT,2025-06-11 14:05:02
C00001,119.49,deposit,FR,2025-05-23 14:05:02
C00068,1217.48,withdrawal,ES,2025-05-26 14:05:02
C00452,1820.65,withdrawal,FR,2025-06-14 14:05:02
C00002,1015.71,transfer,DE,2025-06-05 14:05:02
C00002,930.85,payment,IT,2025-06-17 14:05:02
C00001,937.56,deposit,ES,2025-05-30 14:05:02
C00171,914.81,deposit,ES,2025-06-05 14:05:02
C00001,487.38,transfer,ES,2025-05-24 14:05:02
C00989,1568.73,payment,ES,2025-06-04 14:05:02
C00001,268.93,transfer,ES,2025-06-09 14:05:02
C00001,1617.35,payment,FR,2025-05-31 14:05:02
C00001,1558.57,deposit,DE,2025-05-20 14:05:02
C00450,285.5,payment,FR,2025-05-22 14:05:02
C00001,1649.31,payment,ES,2025-05-27 14:05:02
C00001,836.72,purchase,DE,2025-06-01 14:05:02
C00002,381.67,purchase,DE,2025-06-13 14:05:02
C00001,137.16,purchase,FR,2025-05-28 14:05:02
C00001,201.58,transfer,ES,2025-05-21 14:05:02
C00001,1622.27,transfer,ES,2025-05-18 14:05:02
C00381,856.31,payment,FR,2025-05-23 14:05:02
C00002,1652.93,withdrawal,DE,2025-05-27 14:05:02
C00002,1194.08,deposit,DE,2025-05-30 14:05:02
C00001,1178.36,payment,DE,2025-06-15 14:05:02
C00722,886.74,payment,FR,2025-06-12 14:05:02
C00002,1316.59,withdrawal,ES,2025-05-22 14:05:02
C00484,767.26,purchase,FR,2025-06-01 14:05:02
C00052,191.4,purchase,DE,2025-06-10 14:05:02
C00001,1101.04,purchase,IT,2025-05-30 14:05:02
C00001,929.13,deposit,DE,2025-06-01 14:05:02
C00001,1297.18,withdrawal,ES,2025-06-02 14:05:02
C00001,982.61,deposit,FR,2025-05-29 14:05:02
C00001,1622.94,withdrawal,IT,2025-06-15 14:05:02
C00002,1287.88,purchase,DE,2025-05-19 14:05:02
C00001,211.58,deposit,IT,2025-05-18 14:05:02
C00002,981.08,transfer,FR,2025-05-19 14:05:02
C00001,554.0,purchase,FR,2025-06-03 14:05:02
C00820,1348.35,withdrawal,DE,2025-05-31 14:05:02
C00001,48.36,deposit,ES,2025-05-25 14:05:02
C00002,520.14,transfer,IT,2025-05-27 14:05:02
C00001,1692.3,deposit,DE,2025-06-06 14:05:02
C00001,1046.81,withdrawal,ES,2025-06-12 14:05:02
C00002,499.86,deposit,FR,2025-05-29 14:05:02
C00201,533.02,payment,IT,2025-06-05 14:05:02
C00002,678.41,purchase,ES,2025-05-21 14:05:02
C00001,1404.98,transfer,FR,2025-06-11 14:05:02
C00002,977.64,purchase,FR,2025-06-05 14:05:02
C00001,1710.58,purchase,FR,2025-05-24 14:05:02
C00002,225.66,withdrawal,FR,2025-06-03 14:05:02
C00561,1138.57,deposit,FR,2025-06-12 14:05:02
C00002,790.14,transfer,FR,2025-06-08 14:05:02
C00001,378.01,withdrawal,IT,2025-05-25 14:05:02
C00886,487.17,withdrawal,DE,2025-06-03 14:05:02
C00002,226.49,deposit,ES,2025-05-23 14:05:02
C00002,281.06,purchase,IT,2025-06-13 14:05:02
C00002,1891.8,purchase,DE,2025-05-23 14:05:02
C00792,1900.78,withdrawal,DE,2025-05-28 14:05:02
C00322,158.58,payment,FR,2025-06-05 14:05:02
C00001,631.04,purchase,FR,2025-06-16 14:05:02
C00001,1422.41,purchase,FR,2025-05-27 14:05:02
C00002,991.1,payment,ES,2025-06-02 14:05:02
C00001,529.66,withdrawal,ES,2025-05-19 14:05:02
C00001,1861.36,deposit,ES,2025-06-06 14:05:02
C00001,972.6,purchase,ES,2025-05-30 14:05:02
C00002,465.74,transfer,FR,2025-06-09 14:05:02
C00001,1840.41,payment,DE,2025-06-11 14:05:02
C00001,475.51,deposit,DE,2025-06-09 14:05:02
C00002,662.94,deposit,ES,2025-06-05 14:05:02
C00001,1846.23,payment,ES,2025-05-23 14:05:02
C00178,1321.43,transfer,IT,2025-05-27 14:05:02
C00001,786.62,deposit,IT,2025-06-16 14:05:02
C00001,780.25,purchase,DE,2025-05-29 14:05:02
C00002,1271.94,deposit,DE,2025-06-15 14:05:02
C00001,340.7,withdrawal,ES,2025-05-29 14:05:02
C00001,624.14,withdrawal,IT,2025-06-08 14:05:02
C00001,494.05,purchase,IT,2025-06-05 14:05:02
C00001,154.61,payment,FR,2025-05-25 14:05:02
C00001,756.33,deposit,FR,2025-05-18 14:05:02
C00001,90.94,deposit,FR,2025-06-15 14:05:02
C00001,1365.77,purchase,ES,2025-06-04 14:05:02
C00001,817.72,payment,FR,2025-05-30 14:05:02
C00002,205.56,deposit,ES,2025-05-21 14:05:02
C00778,600.85,purchase,IT,2025-06-07 14:05:02
C00002,449.01,withdrawal,DE,2025-06-15 14:05:02
C00001,1619.67,deposit,IT,2025-06-15 14:05:02
C00002,308.17,deposit,FR,2025-05-21 14:05:02
C00001,1599.15,purchase,IT,2025-05-26 14:05:02
C00002,503.84,withdrawal,DE,2025-05-20 14:05:02
C00002,422.61,transfer,DE,2025-06-02 14:05:02
C00001,924.35,withdrawal,IT,2025-06-11 14:05:02
C00405,952.29,deposit,IT,2025-05-28 14:05:02
C00002,1350.75,transfer,ES,2025-06-12 14:05:02
C00002,710.55,payment,ES,2025-05-30 14:05:02
C00001,323.3,withdrawal,ES,2025-06-08 14:05:02
C00001,147.46,purchase,ES,2025-06-15 14:05:02
C00001,344.87,payment,IT,2025-06-01 14:05:02
C00001,838.09,transfer,IT,2025-06-04 14:05:02
C00001,866.62,transfer,FR,2025-05-20 14:05:02
C00156,487.7,payment,FR,2025-06-12 14:05:02
C00002,1310.07,purchase,ES,2025-06-07 14:05:02
C00006,1591.43,deposit,IT,2025-06-04 14:05:02
C00920,1683.3,payment,IT,2025-06-13 14:05:02
C00001,727.57,payment,IT,2025-06-05 14:05:02
C00002,1092.79,transfer,ES,2025-06-06 14:05:02
C00001,964.04,deposit,ES,2025-05-19 14:05:02
C00001,900.42,transfer,DE,2025-05-28 14:05:02
C00001,676.19,withdrawal,FR,2025-05-24 14:05:02
C00001,1880.07,deposit,FR,2025-06-01 14:05:02
C00002,1805.63,payment,DE,2025-06-11 14:05:02
C00002,995.39,purchase,ES,2025-05-24 14:05:02
C00001,629.27,transfer,DE,2025-05-28 14:05:02
C00002,1695.08,payment,DE,2025-06-08 14:05:02
C00361,1310.03,transfer,FR,2025-05-25 14:05:02
C00579,611.45,transfer,DE,2025-06-15 14:05:02
C00001,113.26,purchase,IT,2025-06-06 14:05:02
C00001,1856.18,deposit,DE,2025-06-12 14:05:02
C00002,792.22,payment,ES,2025-05-24 14:05:02
C00001,387.46,transfer,IT,2025-05-26 14:05:02
C00595,1031.51,purchase,FR,2025-06-02 14:05:02
C00798,111.25,payment,FR,2025-05-27 14:05:02
C00002,664.24,payment,ES,2025-05-18 14:05:02
C00002,1609.56,deposit,IT,2025-05-31 14:05:02
C00002,803.09,withdrawal,DE,2025-05-20 14:05:02
C00001,674.98,deposit,ES,2025-06-01 14:05:02
C00001,328.75,payment,ES,2025-05-23 14:05:02
C00001,447.21,deposit,DE,2025-06-15 14:05:02
C00001,1076.5,purchase,DE,2025-05-22 14:05:02
C00002,618.07,payment,ES,2025-05-31 14:05:02
C00001,1207.35,payment,DE,2025-06-10 14:05:02
C00026,188.4,purchase,DE,2025-06-15 14:05:02
C00002,1759.36,payment,FR,2025-06-02 14:05:02
C00002,1334.92,withdrawal,IT,2025-05-22 14:05:02
C00582,1736.88,deposit,DE,2025-06-06 14:05:02
C00089,225.98,deposit,DE,2025-06-05 14:05:02
C00242,1914.07,payment,FR,2025-06-04 14:05:02
C00001,731.27,transfer,DE,2025-05-21 14:05:02
C00002,360.24,withdrawal,ES,2025-05-22 14:05:02
C00001,999.85,withdrawal,ES,2025-06-10 14:05:02
C00157,262.02,transfer,DE,2025-06-05 14:05:02
C00477,374.56,deposit,ES,2025-05-27 14:05:02
C00001,1079.98,deposit,IT,2025-06-15 14:05:02
C00001,119.44,purchase,DE,2025-06-07 14:05:02
C00001,340.23,payment,IT,2025-05-22 14:05:02
C00002,1108.32,transfer,ES,2025-05-25 14:05:02
C00564,562.16,purchase,DE,2025-05-22 14:05:02
C00001,1274.97,transfer,DE,2025-05-30 14:05:02
C00002,240.69,purchase,IT,2025-06-01 14:05:02
C00630,1039.32,withdrawal,FR,2025-05-27 14:05:02
C00001,196.83,payment,IT,2025-06-16 14:05:02
C00001,696.04,transfer,DE,2025-05-30 14:05:02
C00002,1766.75,withdrawal,IT,2025-06-05 14:05:02
C00001,1241.54,withdrawal,IT,2025-06-08 14:05:02
C00001,1391.72,deposit,IT,2025-06-04 14:05:02
C00001,1229.03,payment,ES,2025-05-21 14:05:02
C00001,444.37,withdrawal,IT,2025-05-27 14:05:02
C00577,1793.26,withdrawal,FR,2025-06-14 14:05:02
C00825,376.16,purchase,DE,2025-06-01 14:05:02
C00002,842.18,purchase,FR,2025-05-20 14:05:02
C00001,1261.06,transfer,FR,2025-05-18 14:05:02
C00002,1849.85,purchase,IT,2025-06-10 14:05:02
C00002,1979.14,transfer,ES,2025-06-02 14:05:02
C00001,270.36,withdrawal,FR,2025-06-16 14:05:02
C00002,328.53,deposit,FR,2025-05-23 14:05:02
C00002,1187.69,payment,DE,2025-05-24 14:05:02
C00002,1321.75,payment,IT,2025-05-18 14:05:02
C00001,579.03,withdrawal,FR,2025-06-15 14:05:02
C00001,406.98,withdrawal,DE,2025-05-22 14:05:02
C00002,487.25,purchase,IT,2025-06-17 14:05:02
C00001,979.48,withdrawal,DE,2025-05-29 14:05:02
C00002,89.25,withdrawal,ES,2025-05-21 14:05:02
C00002,1968.47,transfer,ES,2025-06-09 14:05:02
C00001,711.31,payment,DE,2025-06-05 14:05:02
C00002,635.9,purchase,DE,2025-06-07 14:05:02
C00330,1393.98,purchase,DE,2025-06-10 14:05:02
C00001,1956.7,purchase,IT,2025-05-29 14:05:02
C00002,1002.69,deposit,IT,2025-05-26 14:05:02
C00001,120.19,deposit,IT,2025-06-04 14:05:02
C00001,996.55,withdrawal,FR,2025-05-23 14:05:02
C00001,1726.8,deposit,DE,2025-05-25 14:05:02
C00002,1730.9,withdrawal,FR,2025-05-18 14:05:02
C00001,1070.66,withdrawal,FR,2025-06-16 14:05:02
C00001,1834.97,withdrawal,FR,2025-06-10 14:05:02
C00001,1940.6,deposit,DE,2025-06-04 14:05:02
C00001,216.37,purchase,DE,2025-05-24 14:05:02
C00001,338.01,transfer,FR,2025-06-13 14:05:02
C00001,1577.67,deposit,DE,2025-05-28 14:05:02
C00822,665.96,withdrawal,IT,2025-06-02 14:05:02
C00850,684.51,deposit,DE,2025-06-07 14:05:02
C00137,1745.68,purchase,DE,2025-06-15 14:05:02
C00001,1574.91,payment,ES,2025-05-26 14:05:02
C00001,557.65,transfer,ES,2025-05-19 14:05:02
C00001,1620.16,withdrawal,FR,2025-06-04 14:05:02
C00001,871.09,deposit,FR,2025-06-15 14:05:02
C00001,661.62,deposit,IT,2025-06-11 14:05:02
C00420,799.21,purchase,ES,2025-06-13 14:05:02
C00002,462.6,purchase,DE,2025-06-08 14:05:02
C00586,1200.4,withdrawal,DE,2025-05-22 14:05:02
C00002,107.08,withdrawal,IT,2025-05-27 14:05:02
C00001,1567.26,deposit,IT,2025-06-03 14:05:02
C00001,495.6,transfer,DE,2025-06-07 14:05:02
C00001,1642.05,payment,FR,2025-06-15 14:05:02
C00002,1389.46,transfer,ES,2025-06-10 14:05:02
C00002,33.79,transfer,DE,2025-05-26 14:05:02
C00001,1072.41,withdrawal,FR,2025-05-28 14:05:02
C00001,1850.88,withdrawal,ES,2025-06-10 14:05:02
C00001,1101.88,withdrawal,ES,2025-06-12 14:05:02
C00001,491.4,purchase,DE,2025-05-20 14:05:02
C00002,574.96,withdrawal,IT,2025-05-27 14:05:02
C00002,1586.94,deposit,FR,2025-05-31 14:05:02
C00002,1808.97,purchase,IT,2025-05-25 14:05:02
C00353,1244.61,payment,DE,2025-06-16 14:05:02
C00001,280.47,withdrawal,FR,2025-05-26 14:05:02
C00002,588.69,transfer,IT,2025-06-12 14:05:02
C00002,1406.17,purchase,IT,2025-05-19 14:05:02
C00001,1150.47,purchase,DE,2025-06-06 14:05:02
C00001,965.87,payment,DE,2025-06-15 14:05:02
C00001,697.57,payment,FR,2025-06-05 14:05:02
C00002,963.98,payment,ES,2025-05-18 14:05:02
C00671,74.59,payment,ES,2025-06-12 14:05:02
C00001,676.6,payment,ES,2025-05-23 14:05:02
C00001,579.53,transfer,IT,2025-06-01 14:05:02
C00002,1255.2,purchase,DE,2025-06-07 14:05:02
C00178,1493.9,transfer,FR,2025-05-30 14:05:02
C00002,560.91,purchase,ES,2025-05-31 14:05:02
C00001,45.87,deposit,ES,2025-06-09 14:05:02
C00002,1727.25,withdrawal,ES,2025-05-21 14:05:02
C00001,1911.8,withdrawal,ES,2025-05-28 14:05:02
C00663,940.41,withdrawal,ES,2025-05-30 14:05:02
C00002,1268.0,purchase,ES,2025-05-21 14:05:02
C00508,76.25,transfer,IT,2025-05-27 14:05:02
C00001,1204.48,purchase,IT,2025-06-04 14:05:02
C00001,909.75,transfer,FR,2025-05-25 14:05:02
C00001,1121.98,purchase,DE,2025-06-08 14:05:02
C00468,290.19,withdrawal,FR,2025-05-31 14:05:02
C00002,719.98,transfer,FR,2025-06-07 14:05:02
C00001,1118.82,purchase,ES,2025-05-25 14:05:02
C00001,1305.65,deposit,FR,2025-05-26 14:05:02
C00692,407.88,purchase,FR,2025-06-06 14:05:02
C00001,646.55,purchase,IT,2025-06-14 14:05:02
C00001,1272.65,deposit,DE,2025-05-24 14:05:02
C00002,612.84,payment,FR,2025-05-27 14:05:02
C00001,1068.01,withdrawal,FR,2025-05-30 14:05:02
C00002,1041.42,withdrawal,IT,2025-05-21 14:05:02
C00001,1680.47,withdrawal,IT,2025-05-22 14:05:02
C00001,1006.95,transfer,DE,2025-06-08 14:05:02
C00002,1832.1,deposit,IT,2025-06-06 14:05:02
C00001,703.07,transfer,ES,2025-05-23 14:05:02
C00001,87.34,withdrawal,DE,2025-05-25 14:05:02
C00002,1807.04,deposit,DE,2025-05-31 14:05:02
C00002,1900.88,transfer,FR,2025-06-06 14:05:02
C00755,21.81,payment,IT,2025-06-14 14:05:02
C00125,1314.48,withdrawal,FR,2025-05-22 14:05:02
C00001,1909.21,transfer,DE,2025-06-12 14:05:02
C00895,178.99,payment,FR,2025-06-01 14:05:02
C00001,900.44,deposit,ES,2025-05-21 14:05:02
C00001,1106.62,purchase,FR,2025-05-21 14:05:02
C00001,1443.62,purchase,DE,2025-06-11 14:05:02
C00001,328.56,deposit,ES,2025-06-05 14:05:02
C00001,1731.23,deposit,ES,2025-06-05 14:05:02
C00001,1540.4,purchase,FR,2025-05-24 14:05:02
C00002,46.45,transfer,IT,2025-05-25 14:05:02
C00001,1929.21,purchase,FR,2025-06-16 14:05:02
C00001,782.14,purchase,DE,2025-06-15 14:05:02
C00002,1069.58,deposit,ES,2025-06-09 14:05:02
C00002,547.11,deposit,DE,2025-05-20 14:05:02
C00001,166.94,purchase,DE,2025-05-22 14:05:02
C00001,1100.99,deposit,IT,2025-05-18 14:05:02
C00002,1524.11,purchase,IT,2025-06-09 14:05:02
C00023,161.39,withdrawal,IT,2025-06-04 14:05:02
C00001,1932.45,withdrawal,IT,2025-06-11 14:05:02
C00106,222.34,payment,DE,2025-05-22 14:05:02
C00001,12.27,deposit,DE,2025-05-21 14:05:02
C00002,1503.06,withdrawal,ES,2025-06-06 14:05:02
C00002,1266.92,transfer,ES,2025-05-24 14:05:02
C00002,1300.25,transfer,IT,2025-05-20 14:05:02
C00001,317.64,payment,FR,2025-06-10 14:05:02
C00002,78.74,withdrawal,DE,2025-06-14 14:05:02
C00001,523.37,withdrawal,IT,2025-05-27 14:05:02
C00074,1036.53,purchase,DE,2025-05-18 14:05:02
C00001,1338.85,purchase,DE,2025-05-21 14:05:02
C00323,33.8,payment,FR,2025-06-16 14:05:02
C00439,863.54,payment,FR,2025-05-26 14:05:02
C00002,1661.95,payment,ES,2025-05-23 14:05:02
C00640,1476.28,withdrawal,IT,2025-05-21 14:05:02
C00001,1996.26,purchase,FR,2025-06-01 14:05:02
C00002,126.18,deposit,DE,2025-06-15 14:05:02
C00762,1616.94,withdrawal,ES,2025-05-21 14:05:02
C00001,964.27,withdrawal,ES,2025-06-09 14:05:02
C00002,1492.87,purchase,FR,2025-06-03 14:05:02
C00760,1384.0,withdrawal,DE,2025-05-23 14:05:02
C00002,1422.93,transfer,DE,2025-05-25 14:05:02
C00001,1586.66,deposit,ES,2025-05-26 14:05:02
C00097,1829.02,withdrawal,ES,2025-06-17 14:05:02
C00001,1681.54,payment,DE,2025-06-04 14:05:02
C00002,661.32,withdrawal,ES,2025-06-08 14:05:02
C00004,250.02,withdrawal,ES,2025-06-15 14:05:02
C00280,1287.96,withdrawal,FR,2025-05-29 14:05:02
C00001,897.29,purchase,DE,2025-05-26 14:05:02
C00001,488.33,purchase,FR,2025-06-01 14:05:02
C00001,664.93,transfer,FR,2025-05-20 14:05:02
C00002,1619.14,transfer,DE,2025-06-09 14:05:02
C00001,1695.07,payment,DE,2025-05-26 14:05:02
C00001,793.88,withdrawal,DE,2025-05-25 14:05:02
C00001,1546.49,withdrawal,ES,2025-06-11 14:05:02
C00002,1454.08,payment,IT,2025-05-25 14:05:02
C00002,1617.7,deposit,ES,2025-06-02 14:05:02
C00001,1891.58,deposit,DE,2025-05-21 14:05:02
C00002,198.35,payment,IT,2025-06-16 14:05:02
C00001,341.11,deposit,FR,2025-06-14 14:05:02
C00002,1365.01,deposit,DE,2025-05-25 14:05:02
C00001,32.87,deposit,ES,2025-06-01 14:05:02
C00002,1396.01,deposit,ES,2025-06-05 14:05:02
C00500,1114.72,purchase,FR,2025-06-02 14:05:02
C00001,288.13,payment,ES,2025-05-31 14:05:02
C00002,1581.6,purchase,FR,2025-06-10 14:05:02
C00001,723.3,transfer,DE,2025-06-01 14:05:02
C00668,546.15,payment,ES,2025-05-20 14:05:02
C00001,301.51,deposit,IT,2025-06-17 14:05:02
C00506,1676.67,purchase,FR,2025-06-14 14:05:02
C00171,631.74,transfer,ES,2025-06-07 14:05:02
C00002,83.25,payment,FR,2025-06-11 14:05:02
C00002,548.79,deposit,FR,2025-05-20 14:05:02
C00275,65.89,payment,DE,2025-06-09 14:05:02
C00001,284.03,purchase,IT,2025-06-07 14:05:02
C00174,446.12,payment,FR,2025-06-15 14:05:02
C00231,1998.5,purchase,ES,2025-06-02 14:05:02
C00001,574.5,withdrawal,DE,2025-06-07 14:05:02
C00001,1242.58,payment,ES,2025-05-19 14:05:02
C00001,1819.91,withdrawal,FR,2025-05-29 14:05:02
C00002,1199.18,purchase,IT,2025-05-21 14:05:02
C00898,1467.48,withdrawal,IT,2025-05-26 14:05:02
C00001,1410.07,withdrawal,ES,2025-05-26 14:05:02
C00147,518.21,payment,DE,2025-06-13 14:05:02
C00001,1960.96,payment,ES,2025-06-04 14:05:02
C00002,363.87,payment,FR,2025-06-08 14:05:02
C00001,1619.37,transfer,ES,2025-05-31 14:05:02
C00002,1879.74,payment,IT,2025-06-12 14:05:02
C00001,469.2,purchase,DE,2025-06-14 14:05:02
C00002,248.97,transfer,DE,2025-06-03 14:05:02
C00001,353.35,withdrawal,FR,2025-06-14 14:05:02
C00002,919.25,withdrawal,FR,2025-06-08 14:05:02
C00001,341.82,payment,ES,2025-05-19 14:05:02
C00770,1091.5,transfer,IT,2025-05-20 14:05:02
C00155,477.69,purchase,IT,2025-05-19 14:05:02
C00001,357.78,withdrawal,IT,2025-05-22 14:05:02
C00001,1808.38,withdrawal,IT,2025-05-19 14:05:02
C00932,600.42,payment,IT,2025-06-17 14:05:02
C00001,1492.9,purchase,DE,2025-06-15 14:05:02
C00530,929.8,payment,IT,2025-06-01 14:05:02
C00002,318.18,transfer,ES,2025-06-10 14:05:02
C00001,1448.65,deposit,FR,2025-05-26 14:05:02
C00002,1471.2,deposit,IT,2025-05-23 14:05:02
C00001,862.54,payment,IT,2025-05-23 14:05:02
C00002,948.07,purchase,ES,2025-06-17 14:05:02
C00002,1007.78,withdrawal,IT,2025-05-28 14:05:02
C00002,1451.86,deposit,IT,2025-05-27 14:05:02
C00002,1847.03,purchase,FR,2025-06-10 14:05:02
C00002,88.45,purchase,DE,2025-05-20 14:05:02
C00001,1105.94,transfer,IT,2025-06-07 14:05:02
C00002,431.31,purchase,IT,2025-06-10 14:05:02
C00250,1371.77,deposit,IT,2025-05-18 14:05:02
C00002,1583.1,purchase,IT,2025-06-17 14:05:02
C00026,1767.79,payment,IT,2025-06-07 14:05:02
C00940,553.54,payment,IT,2025-05-18 14:05:02
C00001,457.16,payment,IT,2025-05-19 14:05:02
C00251,1685.22,deposit,FR,2025-05-21 14:05:02
C00318,1857.68,payment,FR,2025-06-08 14:05:02
C00429,842.61,withdrawal,ES,2025-06-17 14:05:02
C00002,1947.41,deposit,FR,2025-06-09 14:05:02
C00001,21.07,withdrawal,IT,2025-06-04 14:05:02
C00001,1677.3,purchase,ES,2025-05-30 14:05:02
C00001,583.56,payment,DE,2025-05-30 14:05:02
C00507,1248.58,withdrawal,DE,2025-05-24 14:05:02
C00001,206.94,purchase,FR,2025-06-08 14:05:02
C00001,1340.68,purchase,IT,2025-06-03 14:05:02
C00002,1044.49,withdrawal,DE,2025-05-21 14:05:02
C00583,871.77,payment,DE,2025-06-06 14:05:02
C00001,1855.4,purchase,ES,2025-06-04 14:05:02
C00001,993.83,transfer,DE,2025-06-13 14:05:02
C00001,1019.0,withdrawal,FR,2025-05-24 14:05:02
C00002,1157.36,deposit,ES,2025-06-17 14:05:02
C00001,1774.19,withdrawal,FR,2025-06-12 14:05:02
C00001,1231.77,withdrawal,DE,2025-06-02 14:05:02
C00001,1660.06,deposit,FR,2025-05-28 14:05:02
C00367,1340.57,withdrawal,IT,2025-05-21 14:05:02
C00001,1189.43,withdrawal,FR,2025-06-16 14:05:02
C00001,850.64,deposit,FR,2025-06-10 14:05:02
C00001,881.15,purchase,ES,2025-05-26 14:05:02
C00806,160.2,purchase,IT,2025-05-24 14:05:02
C00674,1618.9,payment,DE,2025-06-11 14:05:02
C00001,195.93,purchase,DE,2025-05-24 14:05:02
C00002,890.1,withdrawal,ES,2025-05-30 14:05:02
C00439,1691.78,transfer,DE,2025-06-04 14:05:02
C00002,1004.49,purchase,ES,2025-06-02 14:05:02
C00001,681.74,purchase,DE,2025-05-20 14:05:02
C00001,1740.78,withdrawal,ES,2025-05-18 14:05:02
C00001,1486.29,transfer,FR,2025-05-18 14:05:02
C00001,723.0,purchase,IT,2025-06-05 14:05:02
C00002,1751.46,payment,DE,2025-06-08 14:05:02
C00001,1815.68,payment,DE,2025-06-06 14:05:02
C00914,592.4,transfer,IT,2025-05-25 14:05:02
C00437,909.18,purchase,FR,2025-06-16 14:05:02
C00001,745.98,withdrawal,ES,2025-06-02 14:05:02
C00001,479.68,transfer,FR,2025-06-02 14:05:02
C00002,1637.38,payment,FR,2025-06-04 14:05:02
C00423,1603.75,purchase,ES,2025-05-22 14:05:02
C00002,1969.84,deposit,ES,2025-06-17 14:05:02
C00586,1884.23,purchase,ES,2025-06-12 14:05:02
C00001,799.29,deposit,ES,2025-06-08 14:05:02
C00231,1249.26,deposit,IT,2025-06-10 14:05:02
C00002,993.16,payment,IT,2025-05-18 14:05:02
C00731,31.56,purchase,DE,2025-05-28 14:05:02
C00689,201.96,transfer,DE,2025-06-16 14:05:02
C00593,1927.23,transfer,ES,2025-06-15 14:05:02
C00001,67.8,purchase,ES,2025-06-12 14:05:02
C00001,983.3,purchase,IT,2025-06-15 14:05:02
C00001,1032.8,purchase,IT,2025-05-19 14:05:02
C00001,1091.8,purchase,IT,2025-06-12 14:05:02
C00001,779.75,transfer,DE,2025-05-21 14:05:02
C00002,620.37,transfer,FR,2025-05-18 14:05:02
C00001,1822.47,deposit,FR,2025-05-31 14:05:02
C00002,1573.72,payment,ES,2025-05-30 14:05:02
C00222,1730.21,withdrawal,FR,2025-06-14 14:05:02
C00002,1378.57,transfer,ES,2025-06-03 14:05:02
C00002,1866.31,deposit,FR,2025-06-14 14:05:02
C00001,1046.37,deposit,DE,2025-05-24 14:05:02
C00368,219.33,payment,FR,2025-05-27 14:05:02
C00002,773.12,purchase,DE,2025-06-01 14:05:02
C00001,584.64,purchase,DE,2025-06-09 14:05:02
C00001,962.35,withdrawal,IT,2025-06-12 14:05:02
C00002,1202.28,withdrawal,DE,2025-05-26 14:05:02
C00001,1107.34,deposit,DE,2025-06-11 14:05:02
C00002,1486.45,transfer,FR,2025-05-27 14:05:02
C00902,1591.85,transfer,FR,2025-06-06 14:05:02
C00002,57.76,withdrawal,IT,2025-06-11 14:05:02
C00840,1756.41,transfer,ES,2025-05-25 14:05:02
C00001,1594.99,deposit,IT,2025-06-12 14:05:02
C00001,193.35,withdrawal,DE,2025-06-09 14:05:02
C00002,1171.81,withdrawal,IT,2025-06-15 14:05:02
C00001,960.68,transfer,ES,2025-05-29 14:05:02
C00002,1189.81,payment,ES,2025-05-31 14:05:02
C00001,931.5,purchase,ES,2025-06-10 14:05:02
C00002,254.18,withdrawal,FR,2025-06-12 14:05:02
C00650,1083.53,payment,IT,2025-05-20 14:05:02
C00001,1018.03,payment,ES,2025-05-21 14:05:02
C00002,1037.51,payment,IT,2025-05-18 14:05:02
C00002,1235.08,purchase,IT,2025-06-12 14:05:02
C00001,1967.12,payment,DE,2025-05-18 14:05:02
C00002,1528.85,withdrawal,FR,2025-06-05 14:05:02
C00297,1849.12,deposit,FR,2025-05-25 14:05:02
C00001,1703.64,payment,FR,2025-06-10 14:05:02
C00002,1235.35,withdrawal,FR,2025-05-19 14:05:02
C00002,1725.3,payment,ES,2025-05-25 14:05:02
C00001,1559.64,transfer,FR,2025-05-26 14:05:02
C00001,1641.29,withdrawal,DE,2025-06-11 14:05:02
C00002,1576.49,withdrawal,FR,2025-05-30 14:05:02
C00001,1519.83,purchase,ES,2025-05-22 14:05:02
C00001,865.25,deposit,IT,2025-06-01 14:05:02
C00001,290.31,deposit,DE,2025-06-16 14:05:02
C00001,1271.56,payment,FR,2025-05-20 14:05:02
C00002,180.7,payment,DE,2025-05-20 14:05:02
C00365,1494.47,transfer,IT,2025-06-06 14:05:02
C00002,1774.7,purchase,FR,2025-05-27 14:05:02
C00001,1938.79,withdrawal,IT,2025-06-09 14:05:02
C00002,1201.84,withdrawal,FR,2025-05-30 14:05:02
C00001,1108.0,purchase,ES,2025-06-16 14:05:02
C00002,1133.71,deposit,DE,2025-05-18 14:05:02
C00775,1620.51,withdrawal,IT,2025-06-11 14:05:02
C00001,927.22,withdrawal,FR,2025-05-29 14:05:02
C00001,1142.62,purchase,IT,2025-05-22 14:05:02
C00001,739.05,deposit,DE,2025-05-31 14:05:02
C00650,1266.63,withdrawal,ES,2025-05-24 14:05:02
C00002,1626.39,transfer,IT,2025-06-12 14:05:02
C00001,225.56,transfer,DE,2025-05-18 14:05:02
C00001,1147.53,payment,ES,2025-05-20 14:05:02
C00002,1850.65,payment,IT,2025-06-07 14:05:02
C00201,197.98,purchase,DE,2025-06-16 14:05:02
C00002,1365.1,withdrawal,IT,2025-06-15 14:05:02
C00002,1823.46,transfer,DE,2025-06-07 14:05:02
C00002,297.21,withdrawal,ES,2025-05-29 14:05:02
C00223,380.01,withdrawal,FR,2025-05-25 14:05:02
C00748,165.19,payment,IT,2025-06-09 14:05:02
C00001,1871.79,purchase,DE,2025-05-22 14:05:02
C00001,166.96,transfer,FR,2025-05-22 14:05:02
C00001,1826.24,payment,IT,2025-06-01 14:05:02
C00002,947.28,withdrawal,ES,2025-06-08 14:05:02
C00001,616.15,transfer,DE,2025-06-14 14:05:02
C00001,1010.72,transfer,ES,2025-06-07 14:05:02
C00661,1036.15,purchase,IT,2025-05-21 14:05:02
C00002,579.78,purchase,ES,2025-05-25 14:05:02
C00001,222.21,purchase,IT,2025-06-16 14:05:02
C00002,1754.41,deposit,IT,2025-06-02 14:05:02
C00001,833.66,deposit,ES,2025-05-24 14:05:02
C00002,1443.48,payment,ES,2025-05-30 14:05:02
C00102,1068.8,purchase,FR,2025-06-07 14:05:02
C00002,512.82,transfer,FR,2025-06-11 14:05:02
C00774,1330.34,deposit,ES,2025-06-08 14:05:02
C00001,1531.64,withdrawal,DE,2025-05-31 14:05:02
C00082,708.72,transfer,FR,2025-05-30 14:05:02
C00001,251.78,deposit,DE,2025-06-15 14:05:02
C00001,553.09,withdrawal,IT,2025-05-24 14:05:02
C00205,402.69,transfer,IT,2025-06-08 14:05:02
C00002,46.82,payment,DE,2025-06-02 14:05:02
C00002,911.47,purchase,FR,2025-06-14 14:05:02
C00683,1843.13,purchase,ES,2025-05-30 14:05:02
C00002,1271.76,withdrawal,FR,2025-06-01 14:05:02
C00411,1570.38,purchase,ES,2025-05-18 14:05:02
C00002,1609.72,payment,IT,2025-05-30 14:05:02
C00001,1519.65,transfer,ES,2025-05-21 14:05:02
C00002,1395.91,withdrawal,DE,2025-06-08 14:05:02
C00001,293.46,transfer,DE,2025-05-23 14:05:02
C00002,1468.2,purchase,DE,2025-06-05 14:05:02
C00002,648.45,deposit,FR,2025-05-31 14:05:02
C00001,434.62,payment,ES,2025-06-15 14:05:02
C00001,25.65,withdrawal,IT,2025-05-31 14:05:02
C00001,587.47,deposit,ES,2025-06-05 14:05:02
C00001,331.16,transfer,FR,2025-06-13 14:05:02
C00001,1618.38,deposit,ES,2025-06-16 14:05:02
C00001,120.85,deposit,ES,2025-05-24 14:05:02
C00001,624.15,withdrawal,IT,2025-05-29 14:05:02
C00002,804.63,payment,IT,2025-05-21 14:05:02
C00001,522.35,withdrawal,FR,2025-05-27 14:05:02
C00001,35.61,purchase,FR,2025-05-23 14:05:02
C00002,1346.86,deposit,IT,2025-05-28 14:05:02
C00001,1737.3,payment,ES,2025-06-15 14:05:02
C00396,593.35,withdrawal,FR,2025-05-19 14:05:02
C00002,407.72,transfer,DE,2025-06-08 14:05:02
C00001,610.86,transfer,IT,2025-06-17 14:05:02
C00355,815.79,purchase,FR,2025-06-14 14:05:02
C00029,722.14,withdrawal,IT,2025-06-06 14:05:02
C00002,1571.3,purchase,ES,2025-05-27 14:05:02
C00002,34.24,withdrawal,FR,2025-06-14 14:05:02
C00002,1059.9,purchase,ES,2025-06-12 14:05:02
C00001,712.24,withdrawal,IT,2025-05-27 14:05:02
C00001,1165.12,payment,ES,2025-06-01 14:05:02
C00001,836.74,transfer,DE,2025-05-22 14:05:02
C00002,215.31,purchase,DE,2025-05-27 14:05:02
C00002,1338.97,withdrawal,IT,2025-05-22 14:05:02
C00002,1838.72,deposit,IT,2025-06-17 14:05:02
C00001,237.89,withdrawal,DE,2025-05-29 14:05:02
C00001,912.93,withdrawal,IT,2025-06-14 14:05:02
C00002,1150.82,deposit,FR,2025-06-15 14:05:02
C00001,634.32,payment,IT,2025-05-30 14:05:02
C00270,1827.83,payment,FR,2025-06-04 14:05:02
C00001,1487.43,transfer,DE,2025-05-19 14:05:02
C00001,959.5,withdrawal,ES,2025-06-09 14:05:02
C00001,765.82,payment,DE,2025-06-06 14:05:02
C00001,292.68,purchase,IT,2025-05-27 14:05:02
C00001,972.26,withdrawal,ES,2025-06-17 14:05:02
C00001,348.84,deposit,IT,2025-05-26 14:05:02
C00001,567.04,purchase,ES,2025-05-31 14:05:02
C00001,677.13,withdrawal,DE,2025-05-22 14:05:02
C00002,437.55,deposit,DE,2025-06-07 14:05:02
C00002,1637.71,transfer,ES,2025-06-17 14:05:02
C00940,925.96,payment,FR,2025-06-17 14:05:02
C00001,1867.35,purchase,ES,2025-05-22 14:05:02
C00002,1385.74,withdrawal,FR,2025-05-18 14:05:02
C00001,902.41,payment,ES,2025-06-02 14:05:02
C00001,1449.11,deposit,ES,2025-06-17 14:05:02
C00001,1505.67,withdrawal,DE,2025-06-02 14:05:02
C00891,682.81,withdrawal,IT,2025-06-03 14:05:02
C00001,973.47,purchase,IT,2025-05-19 14:05:02
C00001,1366.12,transfer,FR,2025-06-14 14:05:02
C00001,1819.78,withdrawal,DE,2025-05-31 14:05:02
C00467,605.88,purchase,ES,2025-06-16 14:05:02
C00001,1251.95,payment,IT,2025-06-13 14:05:02
C00001,903.63,payment,ES,2025-06-16 14:05:02
C00001,1065.86,purchase,DE,2025-06-12 14:05:02
C00001,1080.6,deposit,FR,2025-05-19 14:05:02
C00002,599.25,purchase,DE,2025-05-30 14:05:02
C00001,429.08,deposit,ES,2025-05-22 14:05:02
C00002,767.97,purchase,DE,2025-05-22 14:05:02
C00001,1613.48,payment,DE,2025-06-07 14:05:02
C00001,1047.78,withdrawal,IT,2025-06-12 14:05:02
C00455,1304.15,transfer,FR,2025-05-28 14:05:02
C00001,1963.86,transfer,IT,2025-06-06 14:05:02
C00001,1983.26,transfer,IT,2025-05-20 14:05:02
C00002,955.15,purchase,ES,2025-05-20 14:05:02
C00001,531.93,payment,ES,2025-06-08 14:05:02
C00001,27.73,purchase,IT,2025-05-27 14:05:02
C00001,100.82,purchase,IT,2025-05-20 14:05:02
C00002,373.41,deposit,ES,2025-06-13 14:05:02
C00002,1200.07,payment,DE,2025-06-03 14:05:02
C00002,668.22,payment,FR,2025-06-10 14:05:02
C00001,247.16,deposit,DE,2025-05-25 14:05:02
C00002,144.36,withdrawal,FR,2025-05-27 14:05:02
C00002,701.66,withdrawal,ES,2025-06-06 14:05:02
C00001,55.81,transfer,ES,2025-06-12 14:05:02
C00285,287.14,transfer,FR,2025-05-26 14:05:02
C00002,1656.29,withdrawal,ES,2025-05-22 14:05:02
C00264,1096.87,payment,FR,2025-06-16 14:05:02
C00127,349.83,purchase,FR,2025-05-28 14:05:02
C00002,1229.25,transfer,ES,2025-06-16 14:05:02
C00001,1855.44,payment,FR,2025-05-22 14:05:02
C00002,1057.47,purchase,ES,2025-05-30 14:05:02
C00002,1182.51,transfer,FR,2025-06-14 14:05:02
C00001,495.56,payment,ES,2025-06-11 14:05:02
C00002,1323.21,transfer,FR,2025-06-11 14:05:02
C00001,493.83,withdrawal,DE,2025-05-23 14:05:02
C00001,677.67,withdrawal,IT,2025-06-13 14:05:02
C00001,71.43,transfer,ES,2025-05-23 14:05:02
C00002,763.62,deposit,FR,2025-05-26 14:05:02
C00001,1713.37,deposit,FR,2025-06-03 14:05:02
C00001,1274.87,withdrawal,DE,2025-06-05 14:05:02
C00001,62.57,deposit,DE,2025-06-14 14:05:02
C00002,224.08,transfer,IT,2025-06-16 14:05:02
C00001,1442.06,deposit,ES,2025-06-12 14:05:02
C00001,1158.98,withdrawal,ES,2025-05-30 14:05:02
C00002,785.28,transfer,ES,2025-06-04 14:05:02
C00002,29.69,transfer,FR,2025-05-24 14:05:02
C00001,1378.7,withdrawal,FR,2025-06-03 14:05:02
C00001,875.43,withdrawal,ES,2025-06-02 14:05:02
C00001,1360.27,transfer,ES,2025-05-19 14:05:02
C00002,482.63,transfer,FR,2025-06-17 14:05:02
C00699,1043.03,withdrawal,FR,2025-05-21 14:05:02
C00002,966.22,payment,FR,2025-05-22 14:05:02
C00001,1166.38,transfer,ES,2025-05-29 14:05:02
C00456,216.98,withdrawal,DE,2025-06-12 14:05:02
C00001,554.59,purchase,IT,2025-06-08 14:05:02
C00001,1201.46,transfer,IT,2025-05-29 14:05:02
C00001,1651.25,deposit,IT,2025-06-13 14:05:02
C00002,1634.81,deposit,IT,2025-05-29 14:05:02
C00001,1770.72,transfer,FR,2025-05-18 14:05:02
C00001,342.4,transfer,DE,2025-06-11 14:05:02
C00001,891.72,deposit,FR,2025-06-16 14:05:02
C00001,1855.88,deposit,DE,2025-06-05 14:05:02
C00001,1316.81,payment,IT,2025-05-24 14:05:02
C00001,1470.58,transfer,IT,2025-05-23 14:05:02
C00284,1268.04,deposit,ES,2025-06-01 14:05:02
C00085,708.42,purchase,IT,2025-06-09 14:05:02
C00001,1814.02,deposit,IT,2025-06-01 14:05:02
C00002,1986.12,purchase,ES,2025-06-11 14:05:02
C00001,1222.83,transfer,FR,2025-05-20 14:05:02
C00002,1665.61,purchase,ES,2025-06-08 14:05:02
C00001,1381.74,purchase,IT,2025-05-29 14:05:02
C00001,99.9,purchase,DE,2025-05-23 14:05:02
C00001,1500.4,purchase,FR,2025-06-14 14:05:02
C00001,466.24,deposit,DE,2025-06-14 14:05:02
C00001,203.85,purchase,IT,2025-05-22 14:05:02
C00002,1336.42,purchase,DE,2025-06-13 14:05:02
C00001,264.73,transfer,FR,2025-05-24 14:05:02
C00002,856.26,transfer,FR,2025-06-11 14:05:02
C00002,1266.54,deposit,DE,2025-05-20 14:05:02
C00001,1996.86,transfer,ES,2025-06-12 14:05:02
C00001,400.49,withdrawal,FR,2025-06-08 14:05:02
C00001,1660.07,payment,IT,2025-06-03 14:05:02
C00001,274.18,purchase,DE,2025-06-14 14:05:02
C00001,806.29,transfer,IT,2025-06-07 14:05:02
C00002,1179.12,withdrawal,IT,2025-06-02 14:05:02
C00002,1676.62,withdrawal,IT,2025-06-03 14:05:02
C00002,1312.13,withdrawal,ES,2025-06-05 14:05:02
C00001,501.18,withdrawal,FR,2025-06-05 14:05:02
C00001,1986.91,deposit,IT,2025-06-08 14:05:02
C00002,1117.5,purchase,DE,2025-05-27 14:05:02
C00001,1705.64,deposit,FR,2025-06-16 14:05:02
C00001,1270.77,withdrawal,IT,2025-06-01 14:05:02
C00001,1241.01,deposit,DE,2025-06-07 14:05:02
C00001,1029.28,purchase,DE,2025-05-19 14:05:02
C00001,1512.67,deposit,ES,2025-05-22 14:05:02
C00001,1674.46,withdrawal,DE,2025-06-17 14:05:02
C00002,783.3,purchase,ES,2025-06-05 14:05:02
C00002,142.35,deposit,DE,2025-06-11 14:05:02
C00002,1651.37,purchase,DE,2025-06-17 14:05:02
C00001,1479.64,withdrawal,ES,2025-06-08 14:05:02
C00001,1787.7,payment,FR,2025-05-18 14:05:02
C00002,116.86,withdrawal,ES,2025-05-24 14:05:02
C00001,475.91,deposit,ES,2025-05-26 14:05:02
C00001,511.55,deposit,IT,2025-05-26 14:05:02
C00002,470.7,deposit,DE,2025-06-03 14:05:02
C00002,508.76,transfer,IT,2025-06-07 14:05:02
C00002,1867.55,transfer,DE,2025-06-03 14:05:02
C00001,1286.8,purchase,DE,2025-06-06 14:05:02
C00002,1183.1,transfer,IT,2025-06-07 14:05:02
C00001,401.15,deposit,IT,2025-06-17 14:05:02
C00002,1146.3,deposit,DE,2025-05-28 14:05:02
C00002,70.79,deposit,FR,2025-05-24 14:05:02
C00002,183.04,transfer,IT,2025-06-02 14:05:02
C00001,1877.34,payment,FR,2025-06-02 14:05:02
C00002,1717.09,purchase,ES,2025-06-12 14:05:02
C00002,1390.19,withdrawal,IT,2025-06-09 14:05:02
C00523,706.02,withdrawal,DE,2025-06-02 14:05:02
C00002,608.83,payment,DE,2025-05-25 14:05:02
C00002,454.66,withdrawal,FR,2025-06-13 14:05:02
C00001,258.31,withdrawal,ES,2025-06-10 14:05:02
C00729,1086.63,transfer,ES,2025-06-12 14:05:02
C00001,1433.04,transfer,IT,2025-05-27 14:05:02
C00002,1125.84,payment,FR,2025-05-25 14:05:02
C00002,73.08,deposit,DE,2025-05-21 14:05:02
C00002,55.5,deposit,FR,2025-06-13 14:05:02
C00001,744.93,purchase,IT,2025-05-30 14:05:02
C00002,1278.01,transfer,IT,2025-06-12 14:05:02
C00001,18.4,purchase,DE,2025-06-11 14:05:02
C00002,1697.23,deposit,DE,2025-06-03 14:05:02
C00001,1185.36,withdrawal,DE,2025-05-27 14:05:02
C00001,1272.57,purchase,ES,2025-05-30 14:05:02
C00872,1022.52,purchase,FR,2025-06-08 14:05:02
C00001,1660.28,purchase,IT,2025-05-28 14:05:02
C00002,1108.18,payment,ES,2025-06-09 14:05:02
C00933,654.98,payment,FR,2025-06-16 14:05:02
C00001,133.12,purchase,IT,2025-06-11 14:05:02
C00001,390.87,deposit,DE,2025-06-14 14:05:02
C00001,238.82,withdrawal,ES,2025-05-23 14:05:02
C00001,1563.87,transfer,IT,2025-05-22 14:05:02
C00002,1367.19,payment,IT,2025-05-31 14:05:02
C00001,764.14,purchase,FR,2025-06-14 14:05:02
C00001,108.29,payment,FR,2025-05-24 14:05:02
C00001,1972.42,payment,IT,2025-06-06 14:05:02
C00017,1572.99,deposit,ES,2025-06-15 14:05:02
C00002,1112.57,payment,ES,2025-06-16 14:05:02
C00170,1863.29,transfer,ES,2025-06-05 14:05:02
C00045,1610.87,purchase,FR,2025-05-31 14:05:02
C00002,382.94,transfer,FR,2025-05-26 14:05:02
C00001,1564.78,purchase,FR,2025-05-18 14:05:02
C00002,711.65,deposit,ES,2025-05-29 14:05:02
C00002,1273.67,purchase,DE,2025-06-09 14:05:02
C00001,1811.82,payment,IT,2025-05-29 14:05:02
C00001,1011.3,transfer,FR,2025-05-29 14:05:02
C00002,1687.82,transfer,DE,2025-06-07 14:05:02
C00530,1430.49,payment,ES,2025-06-03 14:05:02
C00001,988.84,purchase,DE,2025-05-29 14:05:02
C00360,592.66,deposit,IT,2025-06-11 14:05:02
C00633,1998.51,payment,IT,2025-06-14 14:05:02
C00001,1239.41,payment,IT,2025-06-08 14:05:02
C00001,1888.63,transfer,ES,2025-05-28 14:05:02
C00002,310.01,payment,FR,2025-05-31 14:05:02
C00002,436.4,transfer,DE,2025-05-28 14:05:02
C00002,1693.88,deposit,IT,2025-05-25 14:05:02
C00002,1680.74,withdrawal,IT,2025-06-09 14:05:02
C00001,1805.26,deposit,DE,2025-05-22 14:05:02
C00384,1507.24,payment,FR,2025-05-27 14:05:02
C00001,605.55,purchase,IT,2025-05-21 14:05:02
C00002,132.81,payment,IT,2025-06-05 14:05:02
C00002,1292.99,payment,DE,2025-06-06 14:05:02
C00002,1724.63,withdrawal,FR,2025-05-26 14:05:02
C00002,121.84,withdrawal,DE,2025-05-21 14:05:02
C00001,1431.96,transfer,ES,2025-05-25 14:05:02
C00002,1331.27,purchase,DE,2025-05-25 14:05:02
C00001,1086.83,withdrawal,IT,2025-05-20 14:05:02
C00002,1586.16,deposit,DE,2025-06-04 14:05:02
C00001,1055.47,payment,IT,2025-05-31 14:05:02
C00395,248.28,withdrawal,ES,2025-06-14 14:05:02
C00002,760.16,purchase,IT,2025-05-27 14:05:02
C00001,1731.07,purchase,FR,2025-06-10 14:05:02
C00002,303.92,deposit,DE,2025-05-25 14:05:02
C00001,993.43,deposit,FR,2025-06-05 14:05:02
C00002,442.83,payment,ES,2025-05-30 14:05:02
C00002,20.43,payment,IT,2025-05-22 14:05:02
C00001,147.27,deposit,IT,2025-06-13 14:05:02
C00001,1851.44,purchase,IT,2025-06-09 14:05:02
C00002,1159.82,purchase,ES,2025-05-23 14:05:02
C00002,692.46,transfer,DE,2025-06-05 14:05:02
C00270,1547.45,payment,IT,2025-06-10 14:05:02
C00001,1569.61,withdrawal,ES,2025-05-31 14:05:02
C00922,1282.45,withdrawal,IT,2025-05-21 14:05:02
C00001,596.84,purchase,IT,2025-06-03 14:05:02
C00001,149.08,deposit,IT,2025-05-20 14:05:02
C00870,102.1,deposit,ES,2025-06-02 14:05:02
C00002,479.51,withdrawal,ES,2025-05-25 14:05:02
C00001,1840.94,payment,DE,2025-06-10 14:05:02
C00763,361.65,payment,FR,2025-05-28 14:05:02
C00001,1656.77,purchase,IT,2025-06-09 14:05:02
C00001,1261.69,payment,FR,2025-05-18 14:05:02
C00002,766.5,deposit,FR,2025-06-12 14:05:02
C00510,538.35,deposit,DE,2025-05-20 14:05:02
C00001,1267.83,payment,IT,2025-06-15 14:05:02
C00463,1037.14,purchase,FR,2025-06-08 14:05:02
C00001,245.96,purchase,DE,2025-06-06 14:05:02
C00002,923.75,deposit,IT,2025-06-11 14:05:02
C00002,123.94,deposit,DE,2025-05-31 14:05:02
C00001,887.4,purchase,DE,2025-06-07 14:05:02
C00002,932.21,withdrawal,FR,2025-06-06 14:05:02
C00001,945.12,purchase,ES,2025-06-02 14:05:02
C00747,1912.09,purchase,FR,2025-06-02 14:05:02
C00716,315.48,deposit,ES,2025-05-27 14:05:02
C00002,883.17,payment,DE,2025-05-26 14:05:02
C00002,105.06,deposit,FR,2025-05-26 14:05:02
C00001,1053.98,purchase,DE,2025-05-24 14:05:02
C00001,1674.41,transfer,ES,2025-06-02 14:05:02
C00002,1906.12,withdrawal,IT,2025-06-08 14:05:02
C00001,1075.17,purchase,DE,2025-05-28 14:05:02
C00002,510.01,withdrawal,ES,2025-06-08 14:05:02
C00001,852.03,deposit,ES,2025-06-09 14:05:02
C00002,1344.05,withdrawal,IT,2025-06-12 14:05:02
C00001,58.85,withdrawal,DE,2025-05-26 14:05:02
C00002,649.94,transfer,IT,2025-05-30 14:05:02
C00001,1536.81,transfer,DE,2025-06-09 14:05:02
C00001,825.93,withdrawal,FR,2025-05-23 14:05:02
C00993,1027.85,purchase,ES,2025-05-21 14:05:02
C00002,1742.15,transfer,FR,2025-05-24 14:05:02
C00948,1445.34,purchase,IT,2025-06-12 14:05:02
C00001,395.67,purchase,ES,2025-05-31 14:05:02
C00001,1340.95,payment,ES,2025-05-29 14:05:02
C00002,1639.2,purchase,IT,2025-06-09 14:05:02
C00001,1730.68,payment,ES,2025-05-30 14:05:02
C00001,1261.09,payment,FR,2025-05-21 14:05:02
C00002,826.18,withdrawal,IT,2025-06-15 14:05:02
C00001,546.81,withdrawal,IT,2025-06-02 14:05:02
C00362,706.03,purchase,ES,2025-05-21 14:05:02
C00001,371.52,deposit,IT,2025-05-26 14:05:02
C00001,223.97,transfer,DE,2025-06-06 14:05:02
C00435,1168.24,payment,IT,2025-05-19 14:05:02
C00001,233.64,transfer,IT,2025-06-14 14:05:02
C00002,1585.07,deposit,DE,2025-06-13 14:05:02
C00001,1299.84,purchase,FR,2025-06-05 14:05:02
C00002,17.73,transfer,IT,2025-05-27 14:05:02
C00002,1577.79,deposit,FR,2025-05-23 14:05:02
C00001,364.61,withdrawal,FR,2025-06-10 14:05:02
C00001,136.41,withdrawal,DE,2025-05-27 14:05:02
C00123,1179.33,purchase,IT,2025-05-27 14:05:02
C00001,1592.4,purchase,IT,2025-05-23 14:05:02
C00001,73.89,payment,ES,2025-05-23 14:05:02
C00001,255.87,withdrawal,IT,2025-05-26 14:05:02
C00718,518.59,purchase,ES,2025-05-21 14:05:02
C00002,801.36,payment,DE,2025-05-19 14:05:02
C00097,362.68,payment,FR,2025-06-15 14:05:02
C00165,1355.04,payment,ES,2025-06-01 14:05:02
C00001,1347.75,transfer,DE,2025-06-13 14:05:02
C00001,1213.19,deposit,IT,2025-05-25 14:05:02
C00001,386.88,transfer,FR,2025-05-18 14:05:02
C00002,1668.14,payment,DE,2025-06-17 14:05:02
C00001,226.06,transfer,ES,2025-05-28 14:05:02
C00444,262.85,purchase,DE,2025-05-22 14:05:02
C00001,1822.82,withdrawal,ES,2025-05-24 14:05:02
C00001,773.79,transfer,ES,2025-06-07 14:05:02
C00520,804.85,deposit,FR,2025-06-03 14:05:02
C00001,547.4,transfer,FR,2025-06-07 14:05:02
C00001,828.88,transfer,ES,2025-06-03 14:05:02
C00002,1860.24,deposit,FR,2025-05-30 14:05:02
C00002,1285.71,withdrawal,ES,2025-06-13 14:05:02
C00001,1905.84,payment,FR,2025-05-31 14:05:02
C00001,1721.24,transfer,DE,2025-05-21 14:05:02
C00001,1819.95,payment,ES,2025-05-20 14:05:02
C00002,831.96,transfer,DE,2025-05-20 14:05:02
C00001,618.95,purchase,ES,2025-05-20 14:05:02
C00002,1775.41,payment,FR,2025-05-28 14:05:02
C00002,1142.73,deposit,ES,2025-06-01 14:05:02
C00001,1853.54,deposit,DE,2025-06-13 14:05:02
C00002,1168.08,purchase,FR,2025-06-12 14:05:02
C00001,917.41,deposit,ES,2025-05-21 14:05:02
C00002,360.76,withdrawal,FR,2025-06-16 14:05:02
C00002,1435.8,withdrawal,DE,2025-05-30 14:05:02
C00002,803.09,transfer,IT,2025-06-10 14:05:02
C00001,118.88,deposit,ES,2025-05-23 14:05:02
C00002,1983.29,purchase,FR,2025-05-27 14:05:02
C00002,419.25,transfer,IT,2025-06-01 14:05:02
C00950,999.37,withdrawal,IT,2025-06-13 14:05:02
C00001,1280.69,payment,ES,2025-05-20 14:05:02
C00002,1204.03,purchase,DE,2025-06-04 14:05:02
C00002,366.22,transfer,DE,2025-05-19 14:05:02
C00001,1433.21,payment,DE,2025-05-26 14:05:02
C00002,224.38,withdrawal,ES,2025-05-21 14:05:02
C00001,1326.69,withdrawal,DE,2025-05-19 14:05:02
C00001,968.74,purchase,FR,2025-05-24 14:05:02
C00002,675.87,deposit,IT,2025-06-16 14:05:02
C00001,613.05,deposit,DE,2025-06-13 14:05:02
C00002,1695.22,withdrawal,DE,2025-05-29 14:05:02
C00674,1824.51,purchase,FR,2025-05-31 14:05:02
C00001,288.99,withdrawal,IT,2025-06-15 14:05:02
C00002,148.35,withdrawal,DE,2025-06-13 14:05:02
C00002,1104.66,transfer,ES,2025-05-25 14:05:02
C00002,275.4,payment,ES,2025-06-09 14:05:02
C00329,1688.71,transfer,ES,2025-06-09 14:05:02
C00001,1053.54,payment,ES,2025-05-27 14:05:02
C00002,484.71,deposit,IT,2025-05-21 14:05:02
C00001,1604.21,deposit,FR,2025-06-09 14:05:02
C00001,1728.12,purchase,ES,2025-06-07 14:05:02
C00072,960.76,withdrawal,FR,2025-06-11 14:05:02
C00001,1530.04,transfer,ES,2025-06-17 14:05:02
C00001,1463.75,payment,ES,2025-06-03 14:05:02
C00699,1405.51,deposit,FR,2025-06-17 14:05:02
C00002,1629.15,withdrawal,DE,2025-06-02 14:05:02
C00001,1578.13,deposit,ES,2025-05-27 14:05:02
C00002,146.9,purchase,ES,2025-06-13 14:05:02
C00002,241.5,purchase,FR,2025-06-03 14:05:02
C00001,1455.22,deposit,IT,2025-06-17 14:05:02
C00001,1143.57,deposit,DE,2025-06-06 14:05:02
C00001,824.06,purchase,ES,2025-05-30 14:05:02
C00001,1218.05,payment,IT,2025-06-16 14:05:02
C00001,411.92,purchase,ES,2025-06-17 14:05:02
C00015,1870.83,withdrawal,ES,2025-06-03 14:05:02
C00272,120.88,deposit,ES,2025-06-03 14:05:02
C00001,1305.86,deposit,IT,2025-06-12 14:05:02
C00001,685.24,purchase,ES,2025-05-19 14:05:02
C00001,1091.03,payment,ES,2025-05-28 14:05:02
C00824,11.34,withdrawal,FR,2025-06-08 14:05:02
C00001,316.0,payment,ES,2025-05-18 14:05:02
C00002,1525.61,withdrawal,ES,2025-06-08 14:05:02
C00002,1422.54,payment,DE,2025-06-13 14:05:02
C00002,150.3,transfer,ES,2025-06-13 14:05:02
C00001,577.06,purchase,FR,2025-06-05 14:05:02
C00001,126.1,payment,IT,2025-06-06 14:05:02
C00001,1520.85,transfer,ES,2025-06-09 14:05:02
C00566,328.14,withdrawal,IT,2025-05-24 14:05:02
C00423,1446.51,deposit,DE,2025-05-22 14:05:02
C00002,1079.7,transfer,IT,2025-06-09 14:05:02
C00001,795.75,deposit,IT,2025-05-21 14:05:02
C00001,1472.66,deposit,DE,2025-05-21 14:05:02
C00002,1842.9,transfer,FR,2025-05-28 14:05:02
C00001,1488.02,transfer,FR,2025-06-10 14:05:02
C00002,231.12,transfer,DE,2025-06-03 14:05:02
C00001,1413.74,transfer,ES,2025-05-30 14:05:02
C00002,1425.08,withdrawal,DE,2025-06-01 14:05:02
C00002,15.18,payment,ES,2025-05-20 14:05:02
C00002,577.43,transfer,IT,2025-05-24 14:05:02
C00001,32.44,purchase,IT,2025-05-24 14:05:02
C00001,922.66,transfer,IT,2025-05-19 14:05:02
C00001,1703.01,purchase,ES,2025-06-10 14:05:02
C00001,1189.09,transfer,ES,2025-05-28 14:05:02
C00001,1218.82,payment,DE,2025-05-21 14:05:02
C00001,910.79,withdrawal,DE,2025-06-10 14:05:02
C00001,1326.69,purchase,ES,2025-05-30 14:05:02
C00001,762.1,purchase,IT,2025-05-20 14:05:02
C00002,648.8,transfer,ES,2025-06-05 14:05:02
C00001,515.45,withdrawal,IT,2025-06-03 14:05:02
C00001,600.44,withdrawal,ES,2025-05-18 14:05:02
C00001,1881.79,deposit,IT,2025-06-06 14:05:02
C00001,1252.91,deposit,IT,2025-06-15 14:05:02
C00001,656.96,transfer,FR,2025-06-13 14:05:02
C00002,338.59,payment,DE,2025-06-17 14:05:02
C00619,542.63,withdrawal,ES,2025-06-13 14:05:02
C00001,1271.27,purchase,IT,2025-05-23 14:05:02
C00001,102.64,purchase,FR,2025-06-12 14:05:02
C00002,988.97,deposit,IT,2025-05-29 14:05:02
C00001,126.57,deposit,IT,2025-06-06 14:05:02
C00001,1315.62,purchase,IT,2025-06-17 14:05:02
C00002,182.22,withdrawal,DE,2025-06-04 14:05:02
C00002,1767.91,withdrawal,IT,2025-06-17 14:05:02
C00002,921.65,purchase,DE,2025-05-21 14:05:02
C00002,903.9,transfer,ES,2025-06-11 14:05:02
C00001,1927.0,withdrawal,ES,2025-06-14 14:05:02
C00002,1331.32,payment,DE,2025-05-21 14:05:02
C00001,82.88,transfer,DE,2025-06-02 14:05:02
C00001,1064.45,deposit,FR,2025-06-02 14:05:02
C00002,973.78,purchase,DE,2025-05-31 14:05:02
C00866,1361.81,payment,FR,2025-05-23 14:05:02
C00001,1474.92,transfer,DE,2025-05-23 14:05:02
C00628,1621.01,payment,FR,2025-05-22 14:05:02
C00002,724.05,deposit,IT,2025-05-20 14:05:02
C00001,206.8,transfer,DE,2025-05-25 14:05:02
C00001,1700.1,deposit,ES,2025-05-19 14:05:02
C00001,599.67,purchase,FR,2025-05-26 14:05:02
C00167,555.59,payment,DE,2025-05-21 14:05:02
C00001,1553.27,transfer,DE,2025-05-24 14:05:02
C00002,262.92,payment,DE,2025-06-08 14:05:02
C00001,504.9,purchase,ES,2025-06-16 14:05:02
C00001,802.73,withdrawal,DE,2025-05-26 14:05:02
C00002,1874.43,withdrawal,DE,2025-06-07 14:05:02
C00001,185.55,deposit,DE,2025-06-13 14:05:02
C00002,1983.09,withdrawal,IT,2025-05-18 14:05:02
C00002,1152.53,deposit,IT,2025-06-15 14:05:02
C00001,242.03,deposit,ES,2025-06-07 14:05:02
C00002,1875.46,payment,IT,2025-06-13 14:05:02
C00001,34.24,payment,FR,2025-05-31 14:05:02
C00001,106.53,purchase,ES,2025-06-07 14:05:02
C00001,1587.14,purchase,FR,2025-05-21 14:05:02
C00077,829.6,transfer,DE,2025-06-04 14:05:02
C00001,1538.52,deposit,FR,2025-05-22 14:05:02
C00001,1241.21,purchase,IT,2025-06-09 14:05:02
C00001,657.0,purchase,FR,2025-06-02 14:05:02
C00001,1213.22,withdrawal,DE,2025-05-19 14:05:02
C00001,220.26,deposit,DE,2025-05-29 14:05:02
C00002,1998.18,purchase,FR,2025-05-27 14:05:02
C00001,1797.87,transfer,ES,2025-05-26 14:05:02
C00346,1163.34,payment,IT,2025-05-26 14:05:02
C00002,935.5,withdrawal,ES,2025-05-24 14:05:02
C00002,1684.16,purchase,DE,2025-05-21 14:05:02
C00002,1545.46,purchase,FR,2025-05-26 14:05:02
C00001,135.49,transfer,DE,2025-06-15 14:05:02
C00579,202.43,purchase,IT,2025-05-31 14:05:02
C00002,537.41,deposit,IT,2025-05-25 14:05:02
C00001,288.66,payment,ES,2025-06-09 14:05:02
C00002,1991.91,deposit,FR,2025-06-05 14:05:02
C00420,368.88,withdrawal,DE,2025-05-27 14:05:02
C00002,1808.93,withdrawal,DE,2025-06-10 14:05:02
C00002,1945.78,purchase,ES,2025-05-18 14:05:02
C00002,411.32,payment,FR,2025-05-29 14:05:02
C00002,649.15,deposit,IT,2025-06-07 14:05:02
C00001,624.9,payment,ES,2025-06-10 14:05:02
C00001,270.12,payment,DE,2025-06-01 14:05:02
C00255,691.45,withdrawal,FR,2025-06-13 14:05:02
C00001,1664.54,withdrawal,DE,2025-06-13 14:05:02
C00001,680.56,withdrawal,DE,2025-06-13 14:05:02
C00002,1038.01,deposit,ES,2025-06-06 14:05:02
C00002,231.65,transfer,IT,2025-05-30 14:05:02
C00001,839.31,transfer,FR,2025-06-08 14:05:02
C00001,766.1,purchase,FR,2025-05-31 14:05:02
C00001,407.48,purchase,DE,2025-05-26 14:05:02
C00197,336.38,deposit,ES,2025-06-13 14:05:02
C00002,875.51,deposit,DE,2025-05-31 14:05:02
C00001,1544.48,payment,FR,2025-06-08 14:05:02
C00002,1633.02,transfer,ES,2025-06-14 14:05:02
C00001,1275.66,transfer,IT,2025-05-26 14:05:02
C00001,1178.15,purchase,FR,2025-06-10 14:05:02
C00001,554.41,transfer,DE,2025-06-04 14:05:02
C00001,1522.92,purchase,ES,2025-05-18 14:05:02
C00002,1072.41,transfer,IT,2025-06-13 14:05:02
C00635,1349.27,deposit,FR,2025-05-25 14:05:02
C00001,1566.99,transfer,FR,2025-06-05 14:05:02
C00001,1879.49,purchase,FR,2025-06-03 14:05:02
C00002,1172.46,withdrawal,DE,2025-06-04 14:05:02
C00001,96.9,payment,DE,2025-05-22 14:05:02
C00001,1710.16,payment,ES,2025-06-03 14:05:02
C00002,1521.24,purchase,ES,2025-06-02 14:05:02
C00354,402.59,transfer,ES,2025-06-07 14:05:02
C00001,1194.08,purchase,DE,2025-05-19 14:05:02
C00557,376.83,purchase,ES,2025-06-07 14:05:02
C00002,862.57,purchase,FR,2025-05-31 14:05:02
C00001,1398.68,withdrawal,FR,2025-06-03 14:05:02
C00001,264.0,deposit,IT,2025-05-28 14:05:02
C00001,1153.62,deposit,IT,2025-05-26 14:05:02
C00001,244.62,payment,FR,2025-05-23 14:05:02
C00002,907.53,purchase,ES,2025-05-25 14:05:02
C00001,1579.75,purchase,FR,2025-06-11 14:05:02
C00001,1599.34,deposit,IT,2025-05-21 14:05:02
C00001,1140.21,payment,ES,2025-06-10 14:05:02
C00002,1789.6,payment,FR,2025-06-07 14:05:02
C00001,700.75,deposit,FR,2025-06-06 14:05:02
C00907,474.63,payment,IT,2025-06-11 14:05:02
C00001,486.65,payment,IT,2025-05-27 14:05:02
C00001,246.72,purchase,DE,2025-06-16 14:05:02
C00001,99.95,withdrawal,IT,2025-06-16 14:05:02
C00042,1181.03,transfer,DE,2025-06-09 14:05:02
C00002,851.71,withdrawal,ES,2025-05-21 14:05:02
C00415,89.61,deposit,IT,2025-05-29 14:05:02
C00002,849.46,purchase,DE,2025-06-12 14:05:02
C00001,205.72,purchase,DE,2025-05-23 14:05:02
C00001,1582.12,deposit,FR,2025-06-07 14:05:02
C00127,1122.05,purchase,FR,2025-05-25 14:05:02
C00001,1813.49,deposit,ES,2025-06-11 14:05:02
C00002,1328.98,withdrawal,DE,2025-06-03 14:05:02
C00896,1148.33,payment,IT,2025-06-15 14:05:02
C00001,1452.76,payment,ES,2025-06-03 14:05:02
C00001,1813.18,withdrawal,FR,2025-06-10 14:05:02
C00732,1269.28,transfer,ES,2025-06-02 14:05:02
C00002,1604.24,purchase,DE,2025-06-13 14:05:02
C00001,1040.02,withdrawal,IT,2025-05-21 14:05:02
C00002,991.41,transfer,ES,2025-05-28 14:05:02
C00001,292.15,deposit,DE,2025-06-04 14:05:02
C00944,648.85,withdrawal,IT,2025-05-23 14:05:02
C00002,1592.7,payment,IT,2025-05-29 14:05:02
C00002,272.74,payment,ES,2025-05-26 14:05:02
C00421,303.22,payment,DE,2025-06-13 14:05:02
C00001,448.28,transfer,IT,2025-06-15 14:05:02
C00001,126.67,withdrawal,FR,2025-06-09 14:05:02
C00001,1725.39,withdrawal,IT,2025-06-12 14:05:02
C00001,758.09,purchase,FR,2025-06-13 14:05:02
C00002,1891.03,withdrawal,FR,2025-05-19 14:05:02
C00001,354.82,purchase,ES,2025-06-12 14:05:02
C00001,366.48,transfer,ES,2025-05-20 14:05:02
C00002,61.58,deposit,ES,2025-05-28 14:05:02
C00001,163.5,purchase,DE,2025-06-15 14:05:02
C00714,912.14,payment,IT,2025-06-04 14:05:02
C00002,1840.85,payment,FR,2025-05-21 14:05:02
C00001,793.44,deposit,FR,2025-05-28 14:05:02
C00002,1416.6,withdrawal,FR,2025-06-04 14:05:02
C00001,138.38,purchase,FR,2025-05-31 14:05:02
C00002,1797.32,withdrawal,FR,2025-05-25 14:05:02
C00002,1096.49,transfer,FR,2025-06-12 14:05:02
C00002,335.75,withdrawal,IT,2025-06-09 14:05:02
C00001,1307.48,transfer,DE,2025-06-08 14:05:02
C00661,1235.06,payment,ES,2025-05-31 14:05:02
C00001,1812.26,deposit,IT,2025-06-11 14:05:02
C00002,49.27,deposit,DE,2025-06-16 14:05:02
C00001,1952.84,withdrawal,DE,2025-06-09 14:05:02
C00935,350.68,transfer,DE,2025-06-14 14:05:02
C00001,1410.18,payment,ES,2025-05-24 14:05:02
C00001,1496.2,transfer,ES,2025-05-22 14:05:02
C00001,15.24,deposit,ES,2025-06-04 14:05:02
C00002,1822.79,transfer,IT,2025-05-25 14:05:02
C00001,1191.71,purchase,DE,2025-05-22 14:05:02
C00001,726.17,payment,FR,2025-06-06 14:05:02
C00001,1332.23,deposit,DE,2025-05-24 14:05:02
C00001,535.01,withdrawal,ES,2025-06-03 14:05:02
C00777,94.98,withdrawal,FR,2025-06-02 14:05:02
C00001,921.6,transfer,ES,2025-05-29 14:05:02
C00001,706.25,transfer,FR,2025-06-11 14:05:02
C00002,165.35,deposit,DE,2025-05-21 14:05:02
C00396,1374.08,withdrawal,FR,2025-06-04 14:05:02
C00001,557.69,deposit,DE,2025-06-10 14:05:02
C00001,1617.74,purchase,DE,2025-06-15 14:05:02
C00002,556.01,purchase,FR,2025-05-21 14:05:02
C00677,1505.36,deposit,ES,2025-05-23 14:05:02
C00002,105.73,deposit,ES,2025-06-09 14:05:02
C00001,1461.76,payment,IT,2025-06-04 14:05:02
C00910,1612.55,withdrawal,ES,2025-05-22 14:05:02
C00001,684.25,withdrawal,DE,2025-06-10 14:05:02
C00001,479.37,withdrawal,ES,2025-06-12 14:05:02
C00901,1715.21,withdrawal,DE,2025-05-20 14:05:02
C00002,1244.46,transfer,ES,2025-05-27 14:05:02
C00001,34.22,deposit,IT,2025-06-10 14:05:02
C00001,1316.73,transfer,FR,2025-05-31 14:05:02
C00002,829.19,deposit,ES,2025-06-04 14:05:02
C00002,221.21,deposit,ES,2025-05-24 14:05:02
C00001,655.02,withdrawal,IT,2025-05-23 14:05:02
C00001,157.57,purchase,ES,2025-06-08 14:05:02
C00001,921.13,purchase,DE,2025-06-11 14:05:02
C00001,686.75,transfer,FR,2025-05-25 14:05:02
C00002,474.35,purchase,DE,2025-06-04 14:05:02
C00001,892.84,withdrawal,FR,2025-06-05 14:05:02
C00001,572.04,withdrawal,DE,2025-05-28 14:05:02
C00001,1249.68,withdrawal,DE,2025-06-01 14:05:02
C00001,534.1,purchase,DE,2025-06-16 14:05:02
C00720,1292.96,transfer,FR,2025-06-16 14:05:02
C00001,1965.39,payment,FR,2025-06-15 14:05:02
C00001,1777.34,purchase,DE,2025-05-24 14:05:02
C00001,1192.32,deposit,DE,2025-05-22 14:05:02
C00850,1631.45,deposit,ES,2025-06-01 14:05:02
C00938,932.4,deposit,DE,2025-05-27 14:05:02
C00001,882.88,purchase,DE,2025-05-18 14:05:02
C00001,1156.33,payment,DE,2025-05-28 14:05:02
C00002,753.12,purchase,ES,2025-06-08 14:05:02
C00001,935.42,deposit,FR,2025-05-29 14:05:02
C00002,299.4,deposit,FR,2025-05-23 14:05:02
C00001,143.83,deposit,ES,2025-05-28 14:05:02
C00001,686.7,payment,ES,2025-05-22 14:05:02
C00001,1424.72,purchase,DE,2025-06-17 14:05:02
C00709,1549.72,payment,DE,2025-05-18 14:05:02
C00001,1793.66,transfer,ES,2025-06-02 14:05:02
C00646,458.41,withdrawal,IT,2025-05-20 14:05:02
C00681,875.46,payment,FR,2025-05-24 14:05:02
C00001,1468.63,purchase,FR,2025-05-22 14:05:02
C00001,329.42,transfer,DE,2025-05-25 14:05:02
C00299,1156.2,payment,DE,2025-06-05 14:05:02
C00002,1968.01,transfer,IT,2025-06-09 14:05:02
C00002,521.19,deposit,IT,2025-06-04 14:05:02
C00001,523.04,transfer,DE,2025-06-13 14:05:02
C00001,1689.34,transfer,IT,2025-06-03 14:05:02
C00001,994.15,purchase,DE,2025-06-16 14:05:02
C00001,722.63,withdrawal,FR,2025-05-23 14:05:02
C00001,1554.2,purchase,IT,2025-05-20 14:05:02
C00001,623.83,payment,IT,2025-05-21 14:05:02
C00002,1941.33,payment,ES,2025-06-15 14:05:02
C00263,1834.92,deposit,DE,2025-05-18 14:05:02
C00002,140.4,purchase,ES,2025-05-24 14:05:02
C00001,1999.26,transfer,FR,2025-05-27 14:05:02
C00721,477.48,purchase,IT,2025-05-31 14:05:02
C00001,727.11,transfer,IT,2025-05-26 14:05:02
C00001,1231.78,transfer,ES,2025-06-17 14:05:02
C00002,280.46,purchase,IT,2025-05-30 14:05:02
C00776,1191.6,transfer,DE,2025-06-10 14:05:02
C00001,336.11,purchase,ES,2025-06-11 14:05:02
C00001,621.79,deposit,IT,2025-05-30 14:05:02
C00001,34.53,withdrawal,DE,2025-06-02 14:05:02
C00002,1370.07,purchase,DE,2025-05-30 14:05:02
C00001,1756.7,deposit,FR,2025-06-09 14:05:02
C00001,953.0,purchase,ES,2025-05-26 14:05:02
C00002,705.23,purchase,DE,2025-06-05 14:05:02
C00002,188.96,deposit,IT,2025-05-19 14:05:02
C00001,366.76,deposit,ES,2025-06-15 14:05:02
C00708,979.02,payment,DE,2025-06-11 14:05:02
C00001,1859.08,deposit,ES,2025-05-29 14:05:02
C00002,465.71,withdrawal,FR,2025-06-13 14:05:02
C00889,1460.67,transfer,FR,2025-05-24 14:05:02
C00001,426.85,payment,DE,2025-05-29 14:05:02
C00001,1655.25,withdrawal,FR,2025-05-23 14:05:02
C00001,758.8,withdrawal,IT,2025-06-05 14:05:02
C00002,1581.5,withdrawal,IT,2025-06-02 14:05:02
C00002,936.32,purchase,IT,2025-06-05 14:05:02
C00002,1527.1,purchase,DE,2025-05-30 14:05:02
C00002,1868.77,purchase,ES,2025-06-16 14:05:02
C00001,854.62,withdrawal,ES,2025-06-01 14:05:02
C00002,895.59,transfer,DE,2025-05-21 14:05:02
C00001,606.57,purchase,FR,2025-06-12 14:05:02
C00001,189.72,deposit,DE,2025-05-29 14:05:02
C00002,1370.04,withdrawal,DE,2025-06-01 14:05:02
C00002,309.67,payment,ES,2025-06-17 14:05:02
C00087,1854.12,withdrawal,IT,2025-05-20 14:05:02
C00001,810.28,payment,ES,2025-05-26 14:05:02
C00645,913.37,deposit,IT,2025-06-10 14:05:02
C00178,1169.16,deposit,DE,2025-06-13 14:05:02
C00001,387.67,payment,ES,2025-06-07 14:05:02
C00001,1688.47,payment,IT,2025-05-27 14:05:02
C00001,1734.4,transfer,DE,2025-06-07 14:05:02
C00219,39.3,payment,ES,2025-05-27 14:05:02
C00001,1509.16,purchase,FR,2025-06-14 14:05:02
C00715,714.94,transfer,ES,2025-05-21 14:05:02
C00001,891.08,transfer,DE,2025-06-01 14:05:02
C00002,1252.91,deposit,IT,2025-06-02 14:05:02
C00002,320.95,purchase,IT,2025-06-17 14:05:02
C00834,1172.23,transfer,DE,2025-05-18 14:05:02
C00001,173.28,purchase,ES,2025-05-29 14:05:02
C00001,66.43,deposit,DE,2025-05-29 14:05:02
C00002,40.67,transfer,ES,2025-06-04 14:05:02
C00074,1883.62,transfer,FR,2025-06-06 14:05:02
C00002,13.98,transfer,DE,2025-05-25 14:05:02
C00001,696.58,purchase,FR,2025-06-11 14:05:02
C00001,1042.98,withdrawal,ES,2025-06-04 14:05:02
C00002,1219.12,deposit,IT,2025-05-31 14:05:02
C00001,463.18,deposit,ES,2025-05-30 14:05:02
C00001,785.43,withdrawal,DE,2025-05-30 14:05:02
C00001,856.37,transfer,DE,2025-05-19 14:05:02
C00001,1331.05,purchase,FR,2025-06-17 14:05:02
C00001,1339.56,purchase,IT,2025-05-19 14:05:02
C00001,1640.18,payment,DE,2025-06-17 14:05:02
C00001,1318.96,purchase,ES,2025-06-04 14:05:02
C00001,93.69,transfer,DE,2025-06-04 14:05:02
C00001,180.75,purchase,ES,2025-05-30 14:05:02
C00001,768.0,deposit,IT,2025-05-19 14:05:02
C00705,1067.41,purchase,ES,2025-06-17 14:05:02
C00149,1631.76,payment,FR,2025-06-16 14:05:02
C00002,1637.41,deposit,IT,2025-06-14 14:05:02
C00001,1946.76,deposit,DE,2025-06-05 14:05:02
C00002,465.47,transfer,FR,2025-06-03 14:05:02
C00545,432.27,payment,IT,2025-05-28 14:05:02
C00396,1870.18,deposit,ES,2025-06-02 14:05:02
C00001,937.88,payment,ES,2025-06-11 14:05:02
C00001,1712.23,payment,DE,2025-06-17 14:05:02
C00001,1974.91,transfer,IT,2025-06-15 14:05:02
C00562,1046.18,deposit,ES,2025-06-11 14:05:02
C00002,748.65,payment,DE,2025-06-17 14:05:02
C00913,1182.39,purchase,ES,2025-05-20 14:05:02
C00001,1720.77,withdrawal,ES,2025-06-08 14:05:02
C00679,1595.44,purchase,DE,2025-05-22 14:05:02
C00001,393.13,transfer,IT,2025-05-19 14:05:02
C00002,1829.11,purchase,FR,2025-05-30 14:05:02
C00001,853.27,purchase,DE,2025-06-16 14:05:02
C00002,1022.22,withdrawal,DE,2025-05-21 14:05:02
C00001,442.58,purchase,ES,2025-06-01 14:05:02
C00001,1304.16,transfer,IT,2025-06-12 14:05:02
C00456,829.55,withdrawal,FR,2025-05-21 14:05:02
C00002,1394.25,deposit,ES,2025-06-11 14:05:02
C00002,212.12,payment,IT,2025-06-16 14:05:02
C00001,919.26,withdrawal,IT,2025-06-17 14:05:02
C00001,1624.18,deposit,ES,2025-05-23 14:05:02
C00002,148.05,deposit,ES,2025-06-17 14:05:02
C00002,1828.11,purchase,IT,2025-05-30 14:05:02
C00002,653.12,transfer,IT,2025-06-17 14:05:02
C00002,476.59,purchase,ES,2025-06-09 14:05:02
C00002,693.4,payment,FR,2025-06-04 14:05:02
C00001,193.27,purchase,FR,2025-05-27 14:05:02
C00001,533.06,purchase,FR,2025-06-11 14:05:02
C00771,340.7,payment,FR,2025-05-27 14:05:02
C00001,73.96,deposit,FR,2025-06-17 14:05:02
C00002,48.06,payment,ES,2025-06-15 14:05:02
C00002,1503.41,deposit,FR,2025-06-02 14:05:02
C00002,1297.36,purchase,ES,2025-06-08 14:05:02
C00002,1237.95,transfer,IT,2025-06-07 14:05:02
C00238,680.36,withdrawal,DE,2025-05-25 14:05:02
C00001,1997.94,transfer,FR,2025-06-11 14:05:02
C00002,444.48,purchase,IT,2025-05-24 14:05:02
C00001,390.35,deposit,DE,2025-05-18 14:05:02
C00001,1333.09,purchase,IT,2025-05-31 14:05:02
C00001,449.96,transfer,ES,2025-06-14 14:05:02
C00129,1178.21,payment,FR,2025-05-31 14:05:02
C00001,1154.24,payment,ES,2025-05-24 14:05:02
C00002,620.49,transfer,ES,2025-05-30 14:05:02
C00001,396.49,purchase,ES,2025-06-11 14:05:02
C00002,1561.76,transfer,DE,2025-06-05 14:05:02
C00002,433.62,transfer,DE,2025-05-24 14:05:02
C00002,712.35,payment,FR,2025-06-09 14:05:02
C00002,1563.39,purchase,DE,2025-06-12 14:05:02
C00001,1590.21,withdrawal,DE,2025-06-04 14:05:02
C00002,363.75,transfer,IT,2025-06-17 14:05:02
C00001,1582.26,payment,DE,2025-06-15 14:05:02
C00002,103.26,purchase,DE,2025-06-17 14:05:02
C00002,587.58,withdrawal,DE,2025-06-11 14:05:02
C00001,1998.07,purchase,FR,2025-05-23 14:05:02
C00001,1176.27,payment,FR,2025-05-24 14:05:02
C00001,1012.89,transfer,ES,2025-05-22 14:05:02
C00001,969.59,purchase,DE,2025-06-08 14:05:02
C00002,1162.47,deposit,ES,2025-06-07 14:05:02
C00188,670.87,payment,IT,2025-05-19 14:05:02
C00002,1576.8,transfer,FR,2025-06-06 14:05:02
C00002,872.37,purchase,FR,2025-06-17 14:05:02
C00001,1577.66,deposit,IT,2025-05-31 14:05:02
C00001,361.76,deposit,DE,2025-05-29 14:05:02
C00002,1370.68,withdrawal,ES,2025-06-11 14:05:02
C00001,196.28,withdrawal,IT,2025-06-11 14:05:02
C00001,644.1,deposit,FR,2025-05-25 14:05:02
C00002,1836.7,purchase,IT,2025-06-02 14:05:02
C00002,1828.63,withdrawal,FR,2025-06-10 14:05:02
C00001,1692.42,purchase,FR,2025-05-28 14:05:02
C00001,1447.15,purchase,FR,2025-05-24 14:05:02
C00002,311.28,payment,IT,2025-06-04 14:05:02
C00002,1714.43,transfer,ES,2025-06-06 14:05:02
C00503,1383.64,payment,DE,2025-06-12 14:05:02
C00001,1061.58,deposit,ES,2025-05-22 14:05:02
C00002,454.13,purchase,IT,2025-05-30 14:05:02
C00001,1116.85,transfer,DE,2025-05-31 14:05:02
C00002,787.11,purchase,IT,2025-06-09 14:05:02
C00002,1294.73,withdrawal,FR,2025-05-24 14:05:02
C00001,1782.11,payment,DE,2025-05-22 14:05:02
C00002,1898.18,purchase,DE,2025-05-26 14:05:02
C00001,1116.86,deposit,ES,2025-06-07 14:05:02
C00002,1872.18,transfer,IT,2025-06-10 14:05:02
C00001,1849.6,purchase,DE,2025-05-31 14:05:02
C00078,818.66,deposit,ES,2025-05-19 14:05:02
C00001,91.66,purchase,IT,2025-05-24 14:05:02
C00002,667.64,payment,IT,2025-06-05 14:05:02
C00001,1340.71,payment,ES,2025-06-15 14:05:02
C00813,746.03,deposit,FR,2025-06-10 14:05:02
C00001,559.57,deposit,FR,2025-06-03 14:05:02
C00001,1420.68,payment,FR,2025-06-01 14:05:02
C00002,1206.4,deposit,FR,2025-05-29 14:05:02
C00002,859.66,withdrawal,DE,2025-05-18 14:05:02
C00001,1587.03,transfer,IT,2025-05-21 14:05:02
C00775,1428.03,purchase,IT,2025-05-20 14:05:02
C00002,1577.78,deposit,FR,2025-06-12 14:05:02
C00002,976.35,deposit,ES,2025-06-01 14:05:02
C00001,1995.64,purchase,IT,2025-06-04 14:05:02
C00002,265.79,transfer,ES,2025-05-30 14:05:02
C00001,867.57,transfer,DE,2025-05-24 14:05:02
C00002,1764.78,purchase,ES,2025-05-22 14:05:02
C00530,601.01,transfer,FR,2025-06-04 14:05:02
C00318,587.1,withdrawal,ES,2025-06-05 14:05:02
C00001,958.32,withdrawal,FR,2025-06-07 14:05:02
C00002,923.46,payment,ES,2025-06-11 14:05:02
C00002,692.9,transfer,FR,2025-06-03 14:05:02
C00001,1685.45,deposit,FR,2025-06-03 14:05:02
C00001,870.68,withdrawal,DE,2025-06-16 14:05:02
C00002,1322.22,withdrawal,ES,2025-06-10 14:05:02
C00001,1107.38,payment,FR,2025-05-18 14:05:02
C00001,160.17,purchase,FR,2025-06-03 14:05:02
C00002,953.4,transfer,ES,2025-06-11 14:05:02
C00940,1022.55,deposit,FR,2025-06-13 14:05:02
C00271,843.17,deposit,FR,2025-05-23 14:05:02
C00001,621.57,deposit,ES,2025-05-25 14:05:02
C00002,1630.42,withdrawal,DE,2025-05-28 14:05:02
C00001,1471.54,transfer,IT,2025-05-23 14:05:02
C00109,1819.45,transfer,FR,2025-05-24 14:05:02
C00002,166.15,deposit,IT,2025-05-18 14:05:02
C00001,1556.43,withdrawal,FR,2025-05-22 14:05:02
C00001,783.96,deposit,IT,2025-05-28 14:05:02
C00002,929.11,deposit,DE,2025-05-29 14:05:02
C00300,1853.87,withdrawal,DE,2025-06-17 14:05:02
C00002,195.49,payment,DE,2025-06-05 14:05:02
C00001,647.86,purchase,FR,2025-05-20 14:05:02
C00069,665.53,deposit,DE,2025-06-13 14:05:02
C00001,745.28,withdrawal,IT,2025-06-04 14:05:02
C00454,1147.57,purchase,ES,2025-06-05 14:05:02
C00001,1033.08,withdrawal,ES,2025-05-27 14:05:02
C00001,1449.41,deposit,DE,2025-06-05 14:05:02
C00001,735.14,deposit,DE,2025-06-03 14:05:02
C00001,167.99,deposit,IT,2025-05-29 14:05:02
C00002,1948.83,withdrawal,FR,2025-06-03 14:05:02
C00701,726.9,transfer,ES,2025-05-24 14:05:02
C00001,1365.74,withdrawal,IT,2025-05-25 14:05:02
C00002,546.86,purchase,FR,2025-05-24 14:05:02
C00001,1816.51,deposit,DE,2025-06-09 14:05:02
C00648,60.34,transfer,IT,2025-06-02 14:05:02
C00049,1230.65,withdrawal,FR,2025-06-17 14:05:02
C00002,1308.06,purchase,ES,2025-06-12 14:05:02
C00002,1151.15,deposit,DE,2025-05-20 14:05:02
C00002,468.7,payment,DE,2025-06-13 14:05:02
C00001,977.54,transfer,IT,2025-06-06 14:05:02
C00002,1174.66,payment,IT,2025-06-01 14:05:02
C00002,1118.91,purchase,FR,2025-05-29 14:05:02
C00001,716.32,payment,IT,2025-05-23 14:05:02
C00002,900.82,withdrawal,DE,2025-05-25 14:05:02
C00002,185.86,deposit,DE,2025-06-10 14:05:02
C00002,1572.9,deposit,ES,2025-06-12 14:05:02
C00001,1279.68,deposit,IT,2025-06-14 14:05:02
C00002,1353.21,payment,IT,2025-05-30 14:05:02
C00063,396.4,withdrawal,ES,2025-06-03 14:05:02
C00583,1968.43,purchase,DE,2025-05-23 14:05:02
C00001,127.34,purchase,DE,2025-05-21 14:05:02
C00001,369.37,purchase,FR,2025-06-01 14:05:02
C00002,1103.99,transfer,IT,2025-05-26 14:05:02
C00305,774.3,payment,FR,2025-06-08 14:05:02
C00001,277.55,payment,FR,2025-05-25 14:05:02
C00002,679.53,withdrawal,ES,2025-06-13 14:05:02
C00977,1266.89,transfer,IT,2025-06-15 14:05:02
C00001,1878.15,deposit,ES,2025-05-27 14:05:02
C00002,1784.83,purchase,IT,2025-05-31 14:05:02
C00001,892.42,withdrawal,ES,2025-06-05 14:05:02
C00399,559.2,payment,DE,2025-06-16 14:05:02
C00001,1762.99,deposit,DE,2025-05-19 14:05:02
C00001,166.07,transfer,DE,2025-06-14 14:05:02
C00001,386.02,payment,IT,2025-05-30 14:05:02
C00002,1734.54,transfer,IT,2025-06-17 14:05:02
C00001,1509.44,payment,DE,2025-05-25 14:05:02
C00002,1565.29,withdrawal,DE,2025-06-11 14:05:02
C00303,1506.95,withdrawal,DE,2025-06-08 14:05:02
C00002,1147.59,purchase,ES,2025-06-17 14:05:02
C00001,431.82,purchase,FR,2025-06-14 14:05:02
C00001,708.96,withdrawal,DE,2025-05-21 14:05:02
C00228,1058.7,withdrawal,IT,2025-05-28 14:05:02
C00001,482.8,transfer,DE,2025-06-03 14:05:02
C00002,311.24,transfer,FR,2025-06-14 14:05:02
C00002,203.02,payment,DE,2025-06-16 14:05:02
C00002,1787.13,payment,ES,2025-06-07 14:05:02
C00002,1938.24,withdrawal,FR,2025-05-27 14:05:02
C00001,1058.53,transfer,DE,2025-06-09 14:05:02
C00383,1283.79,payment,DE,2025-05-25 14:05:02
C00002,865.28,deposit,ES,2025-05-31 14:05:02
C00002,94.01,payment,ES,2025-06-10 14:05:02
C00001,57.96,payment,FR,2025-05-26 14:05:02
C00001,755.04,deposit,ES,2025-05-21 14:05:02
C00002,801.12,purchase,FR,2025-05-29 14:05:02
C00002,371.12,deposit,FR,2025-06-12 14:05:02
C00001,1589.8,transfer,IT,2025-05-20 14:05:02
C00001,88.48,deposit,DE,2025-05-18 14:05:02
C00001,631.02,purchase,DE,2025-06-02 14:05:02
C00002,1245.33,deposit,IT,2025-06-13 14:05:02
C00001,1751.12,payment,IT,2025-06-16 14:05:02
C00090,811.09,withdrawal,DE,2025-06-12 14:05:02
C00287,877.39,purchase,FR,2025-05-29 14:05:02
C00002,223.65,withdrawal,DE,2025-06-13 14:05:02
C00504,1630.14,payment,FR,2025-05-24 14:05:02
C00001,1079.39,payment,IT,2025-06-09 14:05:02
C00001,243.78,withdrawal,ES,2025-06-10 14:05:02
C00001,203.9,withdrawal,IT,2025-05-18 14:05:02
C00001,901.0,deposit,IT,2025-05-23 14:05:02
C00002,840.06,withdrawal,DE,2025-05-22 14:05:02
C00568,1011.24,payment,FR,2025-05-20 14:05:02
C00002,1704.59,deposit,IT,2025-05-28 14:05:02
C00001,1563.05,payment,IT,2025-05-21 14:05:02
C00002,197.4,payment,DE,2025-05-29 14:05:02
C00002,556.21,purchase,DE,2025-05-21 14:05:02
C00002,684.42,withdrawal,FR,2025-06-04 14:05:02
C00001,418.52,deposit,ES,2025-05-20 14:05:02
C00002,338.37,purchase,IT,2025-05-20 14:05:02
C00001,1247.35,payment,FR,2025-06-06 14:05:02
C00002,1148.75,withdrawal,FR,2025-05-31 14:05:02
C00804,1569.42,deposit,IT,2025-05-28 14:05:02
C00996,530.44,withdrawal,FR,2025-06-01 14:05:02
C00001,112.53,transfer,DE,2025-05-28 14:05:02
C00001,1190.59,payment,DE,2025-05-21 14:05:02
C00002,1213.04,payment,DE,2025-06-03 14:05:02
C00002,1246.19,transfer,ES,2025-05-23 14:05:02
C00002,577.59,payment,ES,2025-05-29 14:05:02
C00002,460.75,payment,IT,2025-06-08 14:05:02
C00686,63.05,deposit,DE,2025-05-23 14:05:02
C00002,554.11,payment,ES,2025-05-27 14:05:02
C00002,46.1,payment,IT,2025-06-14 14:05:02
C00001,1315.47,purchase,DE,2025-06-05 14:05:02
C00001,658.67,deposit,FR,2025-05-26 14:05:02
C00001,130.65,payment,DE,2025-05-30 14:05:02
C00429,1615.25,withdrawal,ES,2025-06-17 14:05:02
C00001,1713.58,payment,FR,2025-05-24 14:05:02
C00001,1877.4,withdrawal,DE,2025-06-14 14:05:02
C00001,264.37,withdrawal,DE,2025-05-27 14:05:02
C00861,1239.4,withdrawal,IT,2025-06-16 14:05:02
C00001,586.1,payment,IT,2025-05-19 14:05:02
C00001,1452.31,purchase,ES,2025-06-01 14:05:02
C00395,1355.35,purchase,DE,2025-06-06 14:05:02
C00001,1303.78,payment,FR,2025-06-14 14:05:02
C00002,1258.86,transfer,ES,2025-06-08 14:05:02
C00002,55.41,transfer,IT,2025-06-14 14:05:02
C00001,175.79,transfer,ES,2025-05-27 14:05:02
C00001,1924.44,withdrawal,ES,2025-06-02 14:05:02
C00002,1381.31,payment,ES,2025-06-07 14:05:02
C00002,1215.73,payment,ES,2025-05-31 14:05:02
C00002,444.15,transfer,FR,2025-06-15 14:05:02
C00492,1750.4,deposit,IT,2025-06-10 14:05:02
C00002,1089.35,payment,FR,2025-05-21 14:05:02
C00002,625.85,payment,ES,2025-06-17 14:05:02
C00001,440.84,deposit,IT,2025-06-07 14:05:02
C00002,1642.31,payment,IT,2025-05-26 14:05:02
C00001,993.32,withdrawal,FR,2025-06-07 14:05:02
C00002,1014.85,deposit,DE,2025-05-29 14:05:02
C00002,1946.05,deposit,ES,2025-06-03 14:05:02
C00316,1814.33,deposit,FR,2025-05-29 14:05:02
C00002,1870.02,payment,ES,2025-06-13 14:05:02
C00001,1706.09,purchase,ES,2025-06-13 14:05:02
C00002,693.88,deposit,DE,2025-06-06 14:05:02
C00536,1731.26,transfer,DE,2025-05-23 14:05:02
C00001,1430.45,deposit,FR,2025-06-12 14:05:02
C00002,82.93,deposit,FR,2025-06-14 14:05:02
C00064,838.05,payment,FR,2025-05-31 14:05:02
C00001,611.31,payment,DE,2025-05-28 14:05:02
C00001,1620.77,withdrawal,FR,2025-05-24 14:05:02
C00002,902.3,withdrawal,DE,2025-05-27 14:05:02
C00002,1987.48,transfer,FR,2025-06-17 14:05:02
C00001,1954.32,payment,DE,2025-06-17 14:05:02
C00001,1734.36,deposit,ES,2025-05-20 14:05:02
C00001,740.06,deposit,FR,2025-06-07 14:05:02
C00001,1080.13,deposit,IT,2025-06-02 14:05:02
C00002,473.63,transfer,DE,2025-05-31 14:05:02
C00001,1048.34,deposit,FR,2025-05-31 14:05:02
C00001,745.08,transfer,IT,2025-05-21 14:05:02
C00001,405.65,purchase,ES,2025-06-10 14:05:02
C00001,172.43,payment,FR,2025-05-21 14:05:02
C00002,1110.15,payment,FR,2025-06-08 14:05:02
C00002,1723.79,transfer,IT,2025-05-28 14:05:02
C00950,597.46,purchase,ES,2025-06-14 14:05:02
C00002,1663.84,deposit,IT,2025-06-17 14:05:02
C00911,577.91,withdrawal,DE,2025-06-06 14:05:02
C00941,1046.35,deposit,DE,2025-06-08 14:05:02
C00001,1617.65,purchase,FR,2025-05-31 14:05:02
C00001,398.91,payment,ES,2025-05-23 14:05:02
C00001,95.25,deposit,FR,2025-05-28 14:05:02
C00001,1360.91,withdrawal,DE,2025-05-27 14:05:02
C00002,1540.57,withdrawal,ES,2025-06-06 14:05:02
C00001,1728.62,withdrawal,IT,2025-06-14 14:05:02
C00001,85.43,deposit,ES,2025-06-14 14:05:02
C00002,1975.72,payment,FR,2025-05-25 14:05:02
C00001,89.5,purchase,IT,2025-05-25 14:05:02
C00001,1831.48,withdrawal,FR,2025-05-23 14:05:02
C00001,1021.61,transfer,IT,2025-06-08 14:05:02
C00002,122.41,transfer,FR,2025-06-05 14:05:02
C00002,1511.53,deposit,DE,2025-05-31 14:05:02
C00308,1450.99,deposit,ES,2025-06-07 14:05:02
C00002,1921.99,purchase,ES,2025-06-14 14:05:02
C00002,126.86,deposit,IT,2025-05-21 14:05:02
C00001,326.8,purchase,IT,2025-06-04 14:05:02
C00001,1596.7,deposit,FR,2025-05-23 14:05:02
C00002,405.29,transfer,FR,2025-05-23 14:05:02
C00264,200.83,purchase,DE,2025-05-30 14:05:02
C00002,1594.62,transfer,ES,2025-06-16 14:05:02
C00002,1396.9,transfer,DE,2025-06-15 14:05:02
C00002,418.26,deposit,IT,2025-05-23 14:05:02
C00001,301.76,purchase,DE,2025-05-20 14:05:02
C00002,1851.09,deposit,DE,2025-05-31 14:05:02
C00001,1084.65,purchase,IT,2025-05-21 14:05:02
C00001,1887.96,transfer,ES,2025-05-20 14:05:02
C00001,90.97,purchase,ES,2025-06-15 14:05:02
C00192,644.81,withdrawal,IT,2025-05-23 14:05:02
C00002,1069.89,payment,IT,2025-05-18 14:05:02
C00787,135.59,withdrawal,IT,2025-06-01 14:05:02
C00001,1631.93,withdrawal,ES,2025-05-29 14:05:02
C00001,341.43,purchase,IT,2025-06-01 14:05:02
C00001,1159.25,transfer,IT,2025-06-07 14:05:02
C00001,1234.68,purchase,ES,2025-05-26 14:05:02
C00001,1952.57,payment,ES,2025-06-15 14:05:02
C00686,806.89,purchase,IT,2025-05-19 14:05:02
C00002,934.31,deposit,ES,2025-05-25 14:05:02
C00001,783.38,transfer,ES,2025-06-06 14:05:02
C00800,10.06,purchase,DE,2025-05-19 14:05:02
C00001,431.12,purchase,ES,2025-06-15 14:05:02
C00001,25.79,payment,IT,2025-06-08 14:05:02
C00002,1206.64,payment,ES,2025-06-17 14:05:02
C00371,1845.13,withdrawal,FR,2025-05-19 14:05:02
C00002,590.16,transfer,IT,2025-06-14 14:05:02
C00002,1631.07,purchase,FR,2025-05-19 14:05:02
C00001,925.59,payment,ES,2025-06-03 14:05:02
C00001,273.57,transfer,DE,2025-06-09 14:05:02
C00002,1819.86,deposit,DE,2025-05-20 14:05:02
C00547,1605.9,withdrawal,DE,2025-06-02 14:05:02
C00002,1692.04,withdrawal,FR,2025-05-21 14:05:02
C00002,1528.29,withdrawal,ES,2025-06-14 14:05:02
C00002,1422.11,deposit,IT,2025-05-18 14:05:02
C00002,525.56,deposit,ES,2025-06-04 14:05:02
C00001,98.45,deposit,ES,2025-06-15 14:05:02
C00001,265.84,payment,IT,2025-06-02 14:05:02
C00002,1534.08,withdrawal,FR,2025-05-28 14:05:02
C00001,277.27,payment,IT,2025-05-25 14:05:02
C00001,806.58,deposit,FR,2025-06-17 14:05:02
C00002,417.32,transfer,IT,2025-06-06 14:05:02
C00002,1577.38,deposit,DE,2025-05-26 14:05:02
C00001,1203.87,deposit,ES,2025-05-21 14:05:02
C00002,1017.59,deposit,FR,2025-05-22 14:05:02
C00634,1334.69,deposit,DE,2025-06-15 14:05:02
C00001,1319.36,deposit,IT,2025-05-26 14:05:02
C00001,1737.0,purchase,FR,2025-06-06 14:05:02
C00001,640.06,deposit,IT,2025-06-09 14:05:02
C00001,545.39,payment,ES,2025-06-17 14:05:02
C00002,959.2,transfer,IT,2025-06-17 14:05:02
C00001,631.15,payment,IT,2025-05-24 14:05:02
C00001,498.74,deposit,ES,2025-05-18 14:05:02
C00002,324.71,payment,ES,2025-05-22 14:05:02
C00001,155.45,deposit,IT,2025-06-14 14:05:02
C00002,423.09,withdrawal,IT,2025-05-21 14:05:02
C00001,1332.62,withdrawal,DE,2025-06-14 14:05:02
C00001,1728.17,purchase,DE,2025-06-14 14:05:02
C00002,175.56,deposit,ES,2025-05-20 14:05:02
C00002,767.13,withdrawal,IT,2025-06-06 14:05:02
C00002,487.79,payment,FR,2025-06-09 14:05:02
C00002,903.42,withdrawal,IT,2025-06-05 14:05:02
C00491,205.6,payment,ES,2025-06-11 14:05:02
C00659,873.01,transfer,ES,2025-05-27 14:05:02
C00001,1079.02,transfer,DE,2025-06-15 14:05:02
C00002,1750.99,withdrawal,DE,2025-06-05 14:05:02
C00001,1983.61,transfer,FR,2025-05-28 14:05:02
C00001,302.21,payment,DE,2025-05-22 14:05:02
C00001,89.08,transfer,FR,2025-05-20 14:05:02
C00002,268.47,deposit,DE,2025-05-19 14:05:02
C00002,1602.54,payment,ES,2025-06-15 14:05:02
C00002,1137.31,withdrawal,DE,2025-05-21 14:05:02
C00001,1036.66,purchase,IT,2025-06-09 14:05:02
C00001,1212.33,deposit,DE,2025-05-30 14:05:02
C00002,1020.19,payment,FR,2025-05-21 14:05:02
C00002,1738.77,purchase,DE,2025-05-25 14:05:02
C00001,178.62,payment,ES,2025-05-27 14:05:02
C00001,1457.87,deposit,IT,2025-05-27 14:05:02
C00001,653.08,payment,DE,2025-06-03 14:05:02
C00001,467.72,transfer,FR,2025-05-25 14:05:02
C00001,1340.47,purchase,DE,2025-05-21 14:05:02
C00240,1075.89,purchase,FR,2025-06-10 14:05:02
C00001,1013.73,deposit,FR,2025-06-05 14:05:02
C00001,1003.53,transfer,ES,2025-05-22 14:05:02
C00001,1560.94,deposit,FR,2025-06-01 14:05:02
C00001,1906.94,purchase,ES,2025-06-14 14:05:02
C00011,1261.64,transfer,FR,2025-05-30 14:05:02
C00002,306.1,purchase,FR,2025-06-05 14:05:02
C00002,614.14,deposit,DE,2025-06-15 14:05:02
C00002,1776.87,payment,IT,2025-06-09 14:05:02
C00242,712.57,transfer,DE,2025-05-22 14:05:02
C00001,766.64,deposit,FR,2025-05-22 14:05:02
C00002,1258.59,purchase,FR,2025-06-09 14:05:02
C00002,398.36,payment,DE,2025-05-21 14:05:02
C00002,1827.67,transfer,IT,2025-06-02 14:05:02
C00001,1719.02,payment,IT,2025-05-31 14:05:02
C00002,1103.4,deposit,ES,2025-06-12 14:05:02
C00126,511.52,transfer,ES,2025-05-30 14:05:02
C00001,1567.13,payment,ES,2025-06-12 14:05:02
C00002,167.2,purchase,IT,2025-05-20 14:05:02
C00001,1547.14,withdrawal,FR,2025-05-20 14:05:02
C00002,1738.71,withdrawal,IT,2025-05-23 14:05:02
C00001,1625.99,purchase,IT,2025-06-15 14:05:02
C00001,192.44,transfer,DE,2025-05-22 14:05:02
C00002,1459.07,purchase,IT,2025-05-26 14:05:02
C00002,1574.81,purchase,IT,2025-06-07 14:05:02
C00001,529.26,withdrawal,DE,2025-05-30 14:05:02
C00002,692.27,transfer,DE,2025-06-09 14:05:02
C00793,1999.91,purchase,IT,2025-06-10 14:05:02
C00001,627.79,payment,IT,2025-05-28 14:05:02
C00002,617.8,purchase,DE,2025-05-19 14:05:02
C00001,253.68,purchase,FR,2025-06-17 14:05:02
C00001,1983.53,withdrawal,DE,2025-06-03 14:05:02
C00185,1927.53,withdrawal,FR,2025-06-14 14:05:02
C00452,1561.17,withdrawal,ES,2025-05-19 14:05:02
C00001,820.64,transfer,DE,2025-06-16 14:05:02
C00002,180.33,payment,DE,2025-05-21 14:05:02
C00001,1998.3,payment,FR,2025-05-24 14:05:02
C00062,143.34,purchase,ES,2025-05-27 14:05:02
C00002,1207.97,purchase,ES,2025-05-19 14:05:02
C00001,1857.95,withdrawal,FR,2025-05-24 14:05:02
C00001,1544.48,purchase,DE,2025-06-01 14:05:02
C00001,819.26,purchase,ES,2025-06-12 14:05:02
C00001,510.14,deposit,ES,2025-06-03 14:05:02
C00002,1449.12,deposit,IT,2025-05-18 14:05:02
C00001,1862.92,purchase,FR,2025-05-26 14:05:02
C00978,1196.35,transfer,ES,2025-05-29 14:05:02
C00331,1708.28,payment,DE,2025-06-13 14:05:02
C00001,1593.58,payment,DE,2025-05-30 14:05:02
C00249,1131.03,withdrawal,ES,2025-06-08 14:05:02
C00801,972.68,payment,DE,2025-06-09 14:05:02
C00769,1602.87,purchase,DE,2025-05-26 14:05:02
C00001,989.95,purchase,IT,2025-05-22 14:05:02
C00002,631.88,payment,DE,2025-06-10 14:05:02
C00872,1008.45,payment,DE,2025-05-26 14:05:02
C00002,1661.97,deposit,FR,2025-05-30 14:05:02
C00001,134.51,deposit,DE,2025-06-15 14:05:02
C00181,1220.73,deposit,DE,2025-05-23 14:05:02
C00001,423.94,payment,FR,2025-05-30 14:05:02
C00002,53.74,withdrawal,ES,2025-05-24 14:05:02
C00001,200.14,payment,FR,2025-05-29 14:05:02
C00001,1062.14,withdrawal,FR,2025-06-05 14:05:02
C00002,1967.39,transfer,ES,2025-06-10 14:05:02
C00002,609.1,withdrawal,FR,2025-06-15 14:05:02
C00252,1177.58,payment,IT,2025-05-21 14:05:02
C00001,336.82,payment,DE,2025-05-30 14:05:02
C00001,722.11,purchase,IT,2025-06-16 14:05:02
C00002,921.76,deposit,FR,2025-06-05 14:05:02
C00001,1241.99,transfer,FR,2025-05-24 14:05:02
C00002,232.63,deposit,ES,2025-05-21 14:05:02
C00002,1270.45,deposit,FR,2025-06-03 14:05:02
C00002,1546.34,purchase,DE,2025-05-18 14:05:02
C00002,716.62,purchase,ES,2025-05-19 14:05:02
C00002,178.95,transfer,ES,2025-06-16 14:05:02
C00260,1827.51,payment,FR,2025-05-31 14:05:02
C00334,1557.24,purchase,ES,2025-05-26 14:05:02
C00107,819.65,deposit,FR,2025-06-14 14:05:02
C00001,1186.74,purchase,IT,2025-05-20 14:05:02
C00002,1051.68,purchase,FR,2025-06-08 14:05:02
C00002,938.01,transfer,DE,2025-05-22 14:05:02
C00002,1288.4,purchase,FR,2025-06-17 14:05:02
C00002,1697.93,withdrawal,ES,2025-06-16 14:05:02
C00001,1169.44,transfer,FR,2025-05-22 14:05:02
C00001,1171.73,deposit,FR,2025-05-21 14:05:02
C00002,576.7,transfer,IT,2025-05-26 14:05:02
C00001,566.26,purchase,DE,2025-05-20 14:05:02
C00001,423.64,payment,ES,2025-05-22 14:05:02
C00001,960.71,transfer,ES,2025-05-23 14:05:02
C00001,1240.9,transfer,IT,2025-06-14 14:05:02
C00001,377.77,payment,DE,2025-06-03 14:05:02
C00002,747.25,withdrawal,IT,2025-06-16 14:05:02
C00663,490.33,withdrawal,ES,2025-05-29 14:05:02
C00001,1655.86,transfer,FR,2025-05-23 14:05:02
C00924,1725.74,transfer,DE,2025-05-23 14:05:02
C00002,1063.62,payment,DE,2025-05-30 14:05:02
C00002,724.15,withdrawal,DE,2025-06-12 14:05:02
C00002,1822.16,transfer,FR,2025-05-19 14:05:02
C00976,1605.84,deposit,FR,2025-06-09 14:05:02
C00002,860.16,transfer,ES,2025-06-17 14:05:02
C00002,1216.92,deposit,DE,2025-05-18 14:05:02
C00002,1976.14,transfer,DE,2025-06-07 14:05:02
C00001,956.44,purchase,DE,2025-06-08 14:05:02
C00002,1329.85,payment,IT,2025-05-31 14:05:02
C00001,1112.01,withdrawal,DE,2025-05-23 14:05:02
C00002,665.82,withdrawal,ES,2025-05-28 14:05:02
C00001,302.77,purchase,FR,2025-06-17 14:05:02
C00633,602.76,withdrawal,DE,2025-06-07 14:05:02
C00907,1770.78,deposit,FR,2025-06-17 14:05:02
C00001,1544.8,withdrawal,FR,2025-06-06 14:05:02
C00001,880.64,purchase,DE,2025-05-22 14:05:02
C00001,1293.34,payment,DE,2025-06-02 14:05:02
C00001,1929.66,purchase,ES,2025-06-17 14:05:02
C00001,932.85,withdrawal,IT,2025-06-07 14:05:02
C00002,267.09,purchase,FR,2025-05-19 14:05:02
C00002,403.14,transfer,ES,2025-06-06 14:05:02
C00001,131.04,transfer,ES,2025-05-31 14:05:02
C00001,1297.35,purchase,FR,2025-05-20 14:05:02
C00001,1375.81,payment,IT,2025-05-31 14:05:02
C00001,1614.51,transfer,FR,2025-06-03 14:05:02
C00002,650.27,purchase,DE,2025-06-12 14:05:02
C00001,220.12,purchase,ES,2025-05-21 14:05:02
C00001,415.44,transfer,FR,2025-06-14 14:05:02
C00001,87.57,purchase,FR,2025-06-16 14:05:02
C00511,230.45,deposit,FR,2025-06-07 14:05:02
C00002,1245.64,withdrawal,IT,2025-06-01 14:05:02
C00001,1261.03,deposit,IT,2025-05-21 14:05:02
C00002,1747.25,transfer,ES,2025-05-24 14:05:02
C00001,952.98,payment,DE,2025-05-21 14:05:02
C00001,1478.26,withdrawal,DE,2025-05-30 14:05:02
C00001,567.42,transfer,ES,2025-06-02 14:05:02
C00002,1625.44,payment,DE,2025-05-24 14:05:02
C00002,637.94,transfer,ES,2025-06-12 14:05:02
C00001,203.23,purchase,FR,2025-06-03 14:05:02
C00002,214.9,payment,IT,2025-05-29 14:05:02
C00001,415.24,deposit,DE,2025-06-08 14:05:02
C00002,363.62,deposit,FR,2025-05-25 14:05:02
C00001,348.99,withdrawal,ES,2025-06-10 14:05:02
C00001,776.51,payment,ES,2025-06-04 14:05:02
C00645,1922.5,purchase,DE,2025-05-27 14:05:02
C00001,1685.49,withdrawal,ES,2025-06-14 14:05:02
C00002,1345.68,purchase,DE,2025-05-21 14:05:02
C00864,202.63,deposit,ES,2025-05-28 14:05:02
C00001,1533.78,purchase,ES,2025-05-31 14:05:02
C00001,839.49,payment,DE,2025-06-12 14:05:02
C00399,1592.62,deposit,DE,2025-06-10 14:05:02
C00001,1615.24,deposit,IT,2025-06-11 14:05:02
C00001,386.35,purchase,DE,2025-06-08 14:05:02
C00264,759.13,withdrawal,ES,2025-05-25 14:05:02
C00001,435.68,purchase,IT,2025-06-02 14:05:02
C00001,485.32,transfer,IT,2025-06-13 14:05:02
C00001,1623.34,withdrawal,FR,2025-06-17 14:05:02
C00001,191.89,purchase,FR,2025-06-03 14:05:02
C00002,924.64,transfer,IT,2025-05-20 14:05:02
C00001,591.54,payment,FR,2025-05-19 14:05:02
C00702,40.75,transfer,FR,2025-05-27 14:05:02
C00001,1932.72,transfer,IT,2025-05-31 14:05:02
C00001,577.86,payment,ES,2025-06-10 14:05:02
C00001,739.07,transfer,ES,2025-05-25 14:05:02
C00002,1072.42,payment,FR,2025-06-08 14:05:02
C00001,115.44,deposit,FR,2025-05-29 14:05:02
C00001,1016.69,withdrawal,IT,2025-05-23 14:05:02
C00002,215.68,payment,FR,2025-06-13 14:05:02
C00001,791.88,withdrawal,FR,2025-06-07 14:05:02
C00001,1974.52,withdrawal,ES,2025-06-14 14:05:02
C00001,157.9,deposit,DE,2025-06-04 14:05:02
C00001,1155.38,transfer,IT,2025-05-28 14:05:02
C00002,224.08,payment,FR,2025-06-15 14:05:02
C00002,438.63,payment,DE,2025-06-17 14:05:02
C00001,1348.9,withdrawal,IT,2025-06-13 14:05:02
C00001,1086.08,deposit,IT,2025-05-22 14:05:02
C00001,1847.22,payment,ES,2025-06-13 14:05:02
C00002,594.69,purchase,IT,2025-06-10 14:05:02
C00711,1535.68,transfer,ES,2025-05-23 14:05:02
C00002,42.11,payment,DE,2025-05-28 14:05:02
C00535,348.02,purchase,ES,2025-05-26 14:05:02
C00001,809.1,payment,DE,2025-06-10 14:05:02
C00002,1756.14,purchase,DE,2025-06-05 14:05:02
C00001,189.51,purchase,DE,2025-06-15 14:05:02
C00002,147.16,deposit,DE,2025-05-27 14:05:02
C00001,17.57,withdrawal,IT,2025-06-06 14:05:02
C00001,1185.83,withdrawal,DE,2025-05-31 14:05:02
C00002,878.75,transfer,DE,2025-06-14 14:05:02
C00001,569.48,deposit,ES,2025-06-16 14:05:02
C00002,1533.13,transfer,IT,2025-05-27 14:05:02
C00002,912.62,transfer,DE,2025-06-05 14:05:02
C00778,1958.0,payment,DE,2025-06-16 14:05:02
C00001,725.5,purchase,ES,2025-05-24 14:05:02
C00001,1088.92,transfer,IT,2025-05-24 14:05:02
C00002,1834.63,deposit,FR,2025-05-21 14:05:02
C00244,1458.52,deposit,FR,2025-06-05 14:05:02
C00001,863.3,transfer,FR,2025-05-21 14:05:02
C00001,75.6,deposit,ES,2025-06-03 14:05:02
C00002,980.9,withdrawal,ES,2025-06-15 14:05:02
C00001,1491.73,withdrawal,IT,2025-06-06 14:05:02
C00002,26.78,purchase,DE,2025-05-30 14:05:02
C00001,1817.71,payment,FR,2025-05-24 14:05:02
C00022,1133.47,deposit,IT,2025-05-27 14:05:02
C00002,1191.32,purchase,FR,2025-05-27 14:05:02
C00001,1629.96,deposit,IT,2025-06-07 14:05:02
C00002,461.96,deposit,FR,2025-05-19 14:05:02
C00845,1898.29,payment,DE,2025-05-24 14:05:02
C00001,1961.75,deposit,FR,2025-06-13 14:05:02
C00001,935.25,payment,ES,2025-05-21 14:05:02
C00649,1798.37,purchase,DE,2025-06-01 14:05:02
C00002,902.64,transfer,ES,2025-06-08 14:05:02
C00001,1923.08,deposit,FR,2025-06-07 14:05:02
C00001,500.15,deposit,IT,2025-06-11 14:05:02
C00001,833.47,transfer,FR,2025-05-23 14:05:02
C00001,1867.48,purchase,IT,2025-05-31 14:05:02
C00001,670.69,deposit,FR,2025-05-21 14:05:02
C00002,1754.47,payment,IT,2025-05-22 14:05:02
C00001,1605.37,transfer,FR,2025-06-14 14:05:02
C00001,1130.24,purchase,FR,2025-05-23 14:05:02
C00486,191.9,deposit,IT,2025-05-31 14:05:02
C00001,1845.28,deposit,DE,2025-05-29 14:05:02
C00002,56.47,deposit,IT,2025-05-23 14:05:02
C00002,1527.46,transfer,FR,2025-06-04 14:05:02
C00001,602.33,deposit,DE,2025-06-03 14:05:02
C00001,1482.77,purchase,ES,2025-05-23 14:05:02
C00001,1014.48,deposit,ES,2025-06-14 14:05:02
C00797,118.86,payment,ES,2025-05-26 14:05:02
C00002,1303.23,purchase,ES,2025-06-13 14:05:02
C00001,114.6,deposit,ES,2025-06-17 14:05:02
C00001,1033.87,purchase,DE,2025-06-07 14:05:02
C00001,254.67,deposit,DE,2025-05-18 14:05:02
C00582,1020.48,purchase,IT,2025-05-22 14:05:02
C00002,1783.04,withdrawal,FR,2025-05-21 14:05:02
C00001,1396.47,deposit,ES,2025-06-05 14:05:02
C00001,775.9,transfer,ES,2025-05-29 14:05:02
C00002,769.16,purchase,ES,2025-06-13 14:05:02
C00002,1770.61,payment,ES,2025-05-19 14:05:02
C00001,439.49,deposit,IT,2025-05-31 14:05:02
C00002,1535.03,purchase,DE,2025-06-04 14:05:02
C00001,1999.87,payment,ES,2025-05-19 14:05:02
C00002,1122.48,payment,IT,2025-06-05 14:05:02
C00001,302.47,payment,ES,2025-06-15 14:05:02
C00001,1890.71,payment,FR,2025-05-23 14:05:02
C00002,38.33,deposit,IT,2025-05-28 14:05:02
C00002,245.75,payment,DE,2025-06-13 14:05:02
C00001,225.84,deposit,DE,2025-06-02 14:05:02
C00636,1585.99,purchase,FR,2025-06-01 14:05:02
C00002,1155.09,withdrawal,ES,2025-05-26 14:05:02
C00001,1014.19,transfer,FR,2025-06-05 14:05:02
C00420,179.48,transfer,DE,2025-05-19 14:05:02
C00002,996.2,withdrawal,FR,2025-05-30 14:05:02
C00001,1671.99,deposit,DE,2025-06-07 14:05:02
C00482,708.13,transfer,DE,2025-05-28 14:05:02
C00001,1622.61,withdrawal,ES,2025-06-16 14:05:02
C00001,1089.3,payment,IT,2025-05-28 14:05:02
C00001,680.83,deposit,DE,2025-05-20 14:05:02
C00097,1728.64,payment,IT,2025-06-11 14:05:02
C00001,229.59,transfer,IT,2025-06-11 14:05:02
C00002,740.71,withdrawal,FR,2025-05-20 14:05:02
C00001,201.89,withdrawal,IT,2025-06-05 14:05:02
C00001,1976.2,purchase,DE,2025-06-16 14:05:02
C00553,1281.43,deposit,DE,2025-05-28 14:05:02
C00002,803.22,withdrawal,ES,2025-06-01 14:05:02
C00980,1791.49,deposit,IT,2025-06-04 14:05:02
C00001,697.72,transfer,ES,2025-05-25 14:05:02
C00001,1085.61,deposit,ES,2025-06-10 14:05:02
C00069,1220.01,transfer,IT,2025-05-21 14:05:02
C00001,1796.65,transfer,IT,2025-05-27 14:05:02
C00001,1906.47,deposit,DE,2025-06-15 14:05:02
C00001,1379.78,purchase,DE,2025-06-12 14:05:02
C00615,1490.73,transfer,DE,2025-05-19 14:05:02
C00002,579.73,withdrawal,FR,2025-06-08 14:05:02
C00001,1467.57,purchase,DE,2025-06-14 14:05:02
C00002,1037.47,transfer,FR,2025-05-27 14:05:02
C00002,470.71,withdrawal,ES,2025-06-13 14:05:02
C00002,783.81,transfer,DE,2025-05-19 14:05:02
C00001,1355.25,transfer,IT,2025-05-24 14:05:02
C00001,605.35,purchase,DE,2025-06-13 14:05:02
C00001,446.81,withdrawal,ES,2025-05-27 14:05:02
C00002,105.62,transfer,DE,2025-05-23 14:05:02
C00001,887.46,transfer,DE,2025-06-09 14:05:02
C00002,865.57,withdrawal,DE,2025-06-03 14:05:02
C00001,883.5,transfer,DE,2025-06-16 14:05:02
C00002,1178.57,deposit,ES,2025-05-19 14:05:02
C00001,1782.12,payment,ES,2025-06-05 14:05:02
C00002,647.74,deposit,DE,2025-06-08 14:05:02
C00002,1659.3,transfer,ES,2025-06-01 14:05:02
C00002,1739.32,transfer,DE,2025-06-17 14:05:02
C00002,1447.77,withdrawal,ES,2025-06-02 14:05:02
C00001,85.49,purchase,IT,2025-06-03 14:05:02
C00002,1053.59,deposit,FR,2025-05-20 14:05:02
C00549,141.84,deposit,IT,2025-06-17 14:05:02
C00002,304.16,deposit,FR,2025-06-16 14:05:02
C00001,1258.15,withdrawal,DE,2025-05-29 14:05:02
C00001,1293.09,deposit,ES,2025-06-08 14:05:02
C00001,1960.59,purchase,DE,2025-06-15 14:05:02
C00002,1098.99,purchase,IT,2025-06-12 14:05:02
C00001,553.72,payment,IT,2025-05-24 14:05:02
C00001,720.0,purchase,DE,2025-05-21 14:05:02
C00001,1003.67,purchase,FR,2025-06-06 14:05:02
C00001,459.98,purchase,DE,2025-06-05 14:05:02
C00002,1909.03,payment,IT,2025-05-28 14:05:02
C00167,1312.97,payment,IT,2025-05-22 14:05:02
C00001,1393.89,deposit,ES,2025-05-19 14:05:02
C00757,1322.81,deposit,ES,2025-06-09 14:05:02
C00001,1984.55,payment,DE,2025-05-31 14:05:02
C00632,546.97,transfer,DE,2025-05-28 14:05:02
C00001,940.52,payment,ES,2025-06-08 14:05:02
C00481,1163.95,purchase,IT,2025-06-15 14:05:02
C00001,1167.91,purchase,DE,2025-06-05 14:05:02
C00001,1100.03,deposit,ES,2025-05-21 14:05:02
C00002,653.96,purchase,DE,2025-06-10 14:05:02
C00001,1267.55,transfer,ES,2025-05-31 14:05:02
C00486,459.18,purchase,DE,2025-05-23 14:05:02
C00499,1473.48,purchase,ES,2025-06-09 14:05:02
C00001,992.58,withdrawal,ES,2025-06-02 14:05:02
C00001,602.0,withdrawal,FR,2025-05-19 14:05:02
C00297,1121.16,transfer,IT,2025-05-20 14:05:02
C00091,1531.41,payment,FR,2025-05-29 14:05:02
C00001,1460.89,deposit,ES,2025-06-07 14:05:02
C00571,1965.19,purchase,FR,2025-06-13 14:05:02
C00001,496.21,payment,FR,2025-06-05 14:05:02
C00001,1672.05,withdrawal,IT,2025-05-28 14:05:02
C00001,1519.46,withdrawal,DE,2025-05-31 14:05:02
C00712,932.3,deposit,FR,2025-06-10 14:05:02
C00002,1971.81,deposit,ES,2025-06-12 14:05:02
C00429,1090.44,transfer,IT,2025-05-29 14:05:02
C00333,315.81,payment,DE,2025-06-10 14:05:02
C00001,680.66,withdrawal,FR,2025-06-05 14:05:02
C00001,1683.1,payment,IT,2025-05-25 14:05:02
C00002,975.1,withdrawal,DE,2025-06-17 14:05:02
C00626,444.91,transfer,FR,2025-05-26 14:05:02
C00001,1331.01,withdrawal,ES,2025-06-04 14:05:02
C00001,1447.09,transfer,FR,2025-06-13 14:05:02
C00001,527.23,deposit,IT,2025-06-14 14:05:02
C00804,1851.48,withdrawal,ES,2025-05-23 14:05:02
C00465,1007.98,transfer,IT,2025-06-08 14:05:02
C00001,46.27,payment,ES,2025-06-13 14:05:02
C00001,1429.58,transfer,FR,2025-06-08 14:05:02
C00001,550.25,transfer,FR,2025-06-06 14:05:02
C00001,1462.58,deposit,IT,2025-06-10 14:05:02
C00507,1571.35,withdrawal,ES,2025-05-31 14:05:02
C00001,44.08,payment,FR,2025-05-22 14:05:02
C00001,191.43,transfer,IT,2025-05-21 14:05:02
C00324,346.81,payment,DE,2025-05-22 14:05:02
C00001,1823.57,purchase,IT,2025-06-16 14:05:02
C00002,661.47,purchase,DE,2025-05-29 14:05:02
C00001,787.03,purchase,ES,2025-06-14 14:05:02
C00001,1719.66,transfer,DE,2025-05-24 14:05:02
C00001,467.84,transfer,DE,2025-06-02 14:05:02
C00001,661.52,transfer,IT,2025-06-07 14:05:02
C00002,916.83,transfer,IT,2025-05-25 14:05:02
C00002,1930.48,transfer,DE,2025-06-13 14:05:02
C00001,307.68,payment,IT,2025-06-16 14:05:02
C00659,1241.13,payment,IT,2025-06-04 14:05:02
C00001,153.2,withdrawal,ES,2025-06-08 14:05:02
C00001,729.66,deposit,IT,2025-06-10 14:05:02
C00002,1248.14,purchase,FR,2025-05-27 14:05:02
C00002,1034.99,transfer,IT,2025-06-03 14:05:02
C00002,881.94,deposit,FR,2025-06-15 14:05:02
C00001,1733.89,deposit,FR,2025-06-01 14:05:02
C00002,1788.28,withdrawal,IT,2025-05-18 14:05:02
C00001,289.24,payment,IT,2025-06-13 14:05:02
C00486,394.18,transfer,DE,2025-05-31 14:05:02
C00001,882.62,withdrawal,DE,2025-06-16 14:05:02
C00336,162.24,payment,FR,2025-05-23 14:05:02
C00001,470.15,purchase,ES,2025-06-14 14:05:02
C00002,98.74,withdrawal,IT,2025-05-19 14:05:02
C00002,759.2,withdrawal,DE,2025-05-22 14:05:02
C00002,827.99,purchase,IT,2025-05-30 14:05:02
C00002,12.3,deposit,ES,2025-05-31 14:05:02
C00001,155.46,transfer,IT,2025-06-15 14:05:02
C00002,889.77,withdrawal,DE,2025-05-27 14:05:02
C00002,225.62,purchase,IT,2025-06-04 14:05:02
C00001,1247.55,payment,ES,2025-05-25 14:05:02
C00001,136.11,transfer,IT,2025-06-03 14:05:02
C00002,463.84,withdrawal,ES,2025-05-30 14:05:02
C00109,1114.6,deposit,IT,2025-06-17 14:05:02
C00002,116.01,deposit,ES,2025-06-08 14:05:02
C00001,320.22,withdrawal,FR,2025-06-11 14:05:02
C00001,807.59,withdrawal,ES,2025-06-05 14:05:02
C00027,404.76,transfer,ES,2025-06-14 14:05:02
C00002,922.01,deposit,IT,2025-06-02 14:05:02
C00001,1416.99,deposit,ES,2025-06-15 14:05:02
C00002,944.67,payment,ES,2025-06-10 14:05:02
C00002,1415.16,purchase,ES,2025-06-14 14:05:02
C00002,802.2,purchase,DE,2025-06-09 14:05:02
C00002,1869.84,purchase,IT,2025-05-21 14:05:02
C00002,1410.33,deposit,IT,2025-05-28 14:05:02
C00002,405.12,withdrawal,ES,2025-06-03 14:05:02
C00001,1393.88,payment,DE,2025-05-25 14:05:02
C00002,326.95,transfer,FR,2025-06-03 14:05:02
C00001,506.11,purchase,ES,2025-05-30 14:05:02
C00666,825.34,transfer,DE,2025-06-01 14:05:02
C00002,932.21,transfer,ES,2025-05-27 14:05:02
C00001,1959.69,withdrawal,IT,2025-05-27 14:05:02
C00002,1935.85,payment,ES,2025-05-29 14:05:02
C00002,1855.98,deposit,FR,2025-06-07 14:05:02
C00001,1106.42,withdrawal,FR,2025-05-22 14:05:02
C00975,1802.48,transfer,ES,2025-06-06 14:05:02
C00363,1631.57,transfer,FR,2025-06-10 14:05:02
C00002,1287.12,payment,DE,2025-05-30 14:05:02
C00001,622.38,payment,DE,2025-06-03 14:05:02
C00002,468.03,withdrawal,FR,2025-06-16 14:05:02
C00001,1985.83,transfer,FR,2025-06-01 14:05:02
C00012,1034.97,transfer,IT,2025-06-01 14:05:02
C00002,945.93,payment,ES,2025-06-14 14:05:02
C00595,1868.38,transfer,DE,2025-05-19 14:05:02
C00001,1417.78,payment,IT,2025-05-25 14:05:02
C00001,929.66,payment,DE,2025-06-13 14:05:02
C00001,757.67,deposit,ES,2025-05-25 14:05:02
C00002,1568.01,purchase,IT,2025-06-15 14:05:02
C00002,933.73,transfer,DE,2025-05-18 14:05:02
C00002,721.66,withdrawal,DE,2025-05-25 14:05:02
C00001,1176.33,purchase,ES,2025-06-14 14:05:02
C00897,240.21,purchase,IT,2025-06-11 14:05:02
C00001,55.14,transfer,FR,2025-05-22 14:05:02
C00001,1602.01,payment,ES,2025-06-07 14:05:02
C00389,1074.33,purchase,ES,2025-05-29 14:05:02
C00002,1935.63,withdrawal,IT,2025-06-05 14:05:02
C00001,1266.57,deposit,DE,2025-05-28 14:05:02
C00002,606.54,deposit,IT,2025-05-28 14:05:02
C00002,1290.69,deposit,DE,2025-05-31 14:05:02
C00002,835.17,withdrawal,FR,2025-06-11 14:05:02
C00001,1651.35,deposit,IT,2025-06-16 14:05:02
C00001,1864.36,transfer,ES,2025-06-05 14:05:02
C00002,563.38,payment,IT,2025-06-04 14:05:02
C00002,1606.25,purchase,IT,2025-05-28 14:05:02
C00329,1295.15,payment,DE,2025-06-12 14:05:02
C00132,1020.44,transfer,IT,2025-06-08 14:05:02
C00001,1633.03,purchase,IT,2025-06-07 14:05:02
C00002,456.93,transfer,ES,2025-06-02 14:05:02
C00002,161.88,purchase,IT,2025-06-05 14:05:02
C00001,1188.2,purchase,IT,2025-06-10 14:05:02
C00001,1647.71,payment,DE,2025-05-21 14:05:02
C00059,1310.68,deposit,IT,2025-05-21 14:05:02
C00761,454.26,transfer,ES,2025-06-05 14:05:02
C00001,1485.41,purchase,IT,2025-06-11 14:05:02
C00001,284.51,payment,DE,2025-06-02 14:05:02
C00046,508.22,transfer,DE,2025-05-21 14:05:02
C00002,25.87,transfer,IT,2025-06-11 14:05:02
C00905,1693.34,withdrawal,IT,2025-06-02 14:05:02
C00001,1404.16,withdrawal,IT,2025-06-13 14:05:02
C00001,213.58,purchase,DE,2025-06-04 14:05:02
C00568,718.18,purchase,IT,2025-05-28 14:05:02
C00001,216.23,withdrawal,IT,2025-06-17 14:05:02
C00001,722.79,transfer,DE,2025-05-30 14:05:02
C00002,1262.32,transfer,IT,2025-06-13 14:05:02
C00001,1552.16,purchase,DE,2025-06-13 14:05:02
C00001,1269.18,transfer,DE,2025-05-31 14:05:02
C00001,340.03,transfer,DE,2025-06-11 14:05:02
C00001,472.25,withdrawal,ES,2025-06-05 14:05:02
C00536,1999.24,withdrawal,ES,2025-05-21 14:05:02
C00287,82.28,deposit,ES,2025-05-29 14:05:02
C00001,1251.63,purchase,IT,2025-05-18 14:05:02
C00002,925.28,deposit,FR,2025-06-05 14:05:02
C00064,1333.68,purchase,IT,2025-05-24 14:05:02
C00002,1049.76,transfer,IT,2025-06-10 14:05:02
C00002,1193.61,deposit,DE,2025-05-22 14:05:02
C00002,594.39,transfer,IT,2025-06-07 14:05:02
C00916,367.81,purchase,DE,2025-06-13 14:05:02
C00002,468.32,payment,ES,2025-06-16 14:05:02
C00001,497.17,transfer,IT,2025-05-18 14:05:02
C00002,1177.12,payment,DE,2025-05-23 14:05:02
C00002,1568.36,withdrawal,ES,2025-05-23 14:05:02
C00001,1273.59,purchase,IT,2025-05-20 14:05:02
C00002,1581.77,purchase,DE,2025-06-03 14:05:02
C00001,39.17,deposit,DE,2025-05-23 14:05:02
C00002,1552.76,deposit,DE,2025-06-11 14:05:02
C00001,1099.34,deposit,FR,2025-05-26 14:05:02
C00002,661.4,deposit,ES,2025-06-13 14:05:02
C00001,139.41,transfer,ES,2025-05-27 14:05:02
C00002,851.67,transfer,DE,2025-06-05 14:05:02
C00001,767.9,payment,FR,2025-06-05 14:05:02
C00002,463.51,withdrawal,ES,2025-05-21 14:05:02
C00002,59.61,transfer,DE,2025-05-21 14:05:02
C00001,311.56,purchase,FR,2025-06-10 14:05:02
C00002,1755.07,transfer,IT,2025-05-26 14:05:02
C00002,1901.26,payment,ES,2025-05-26 14:05:02
C00001,184.86,purchase,DE,2025-05-23 14:05:02
C00001,1908.17,withdrawal,DE,2025-06-15 14:05:02
C00002,1667.08,payment,DE,2025-06-14 14:05:02
C00001,1330.94,payment,FR,2025-06-02 14:05:02
C00001,1309.72,transfer,ES,2025-05-28 14:05:02
C00001,507.66,deposit,ES,2025-05-19 14:05:02
C00002,907.7,payment,FR,2025-05-23 14:05:02
C00002,1165.64,payment,IT,2025-05-31 14:05:02
C00002,1152.65,purchase,ES,2025-06-02 14:05:02
C00001,1912.29,transfer,DE,2025-06-05 14:05:02
C00001,1309.0,deposit,IT,2025-06-03 14:05:02
C00002,1607.12,purchase,ES,2025-05-23 14:05:02
C00002,33.36,payment,ES,2025-06-09 14:05:02
C00001,187.65,deposit,IT,2025-05-20 14:05:02
C00002,1903.12,withdrawal,FR,2025-05-18 14:05:02
C00001,1828.31,deposit,ES,2025-05-20 14:05:02
C00001,593.81,withdrawal,FR,2025-06-07 14:05:02
C00002,1076.31,payment,DE,2025-06-01 14:05:02
C00001,542.52,payment,DE,2025-05-30 14:05:02
C00002,728.53,payment,FR,2025-06-04 14:05:02
C00001,323.52,deposit,IT,2025-06-07 14:05:02
C00001,1699.34,purchase,IT,2025-06-11 14:05:02
C00001,1497.5,withdrawal,DE,2025-06-13 14:05:02
C00002,174.23,withdrawal,IT,2025-06-11 14:05:02
C00001,1696.81,purchase,IT,2025-06-10 14:05:02
C00001,489.35,deposit,FR,2025-05-27 14:05:02
C00002,1492.8,transfer,DE,2025-05-25 14:05:02
C00002,50.69,payment,ES,2025-06-12 14:05:02
C00683,1270.46,deposit,DE,2025-06-03 14:05:02
C00309,673.94,payment,FR,2025-06-11 14:05:02
C00803,1995.77,purchase,DE,2025-06-17 14:05:02
C00002,554.92,purchase,IT,2025-06-07 14:05:02
C00001,80.85,payment,DE,2025-06-05 14:05:02
C00002,824.97,purchase,ES,2025-05-26 14:05:02
C00001,1727.47,purchase,FR,2025-06-08 14:05:02
C00395,85.07,withdrawal,IT,2025-05-31 14:05:02
C00001,1545.17,purchase,FR,2025-06-15 14:05:02
