product_id,category,client_id,amount,date
P051,Clothing,C0262,351.24,2023-07-11
P076,Electronics,C0829,69.0,2023-05-17
P070,Electronics,C0753,157.17,2023-04-17
P028,Clothing,C0940,187.9,2023-10-10
P070,Clothing,C1000,21.11,2023-10-14
P074,Toys,C0319,103.08,2023-02-18
P083,Home,C0508,332.6,2023-10-24
P010,Books,C0551,70.24,2023-11-07
P086,Home,C0860,185.0,2023-11-01
P044,Electronics,C0821,375.05,2023-03-27
P097,Toys,C0886,327.23,2023-03-31
P048,Books,C0146,441.68,2023-12-13
P046,Electronics,C0152,220.99,2023-04-01
P001,Home,C0607,473.03,2023-03-14
P069,Books,C0085,246.62,2023-05-01
P067,Clothing,C0114,173.38,2023-07-14
P069,Clothing,C0876,266.35,2023-05-04
P081,Clothing,C0628,311.05,2023-07-09
P079,Electronics,C0685,292.21,2023-12-27
P028,Home,C0474,479.06,2023-12-31
P048,Home,C0928,72.1,2023-04-28
P003,Clothing,C0777,105.8,2023-08-16
P046,Clothing,C0589,301.65,2023-08-08
P044,Books,C0175,235.04,2023-08-02
P008,Clothing,C0665,356.45,2023-10-31
P089,Books,C0294,30.26,2023-06-18
P007,Books,C0131,317.27,2023-12-16
P061,Electronics,C0448,209.4,2023-06-21
P022,Clothing,C0735,182.73,2023-09-17
P016,Clothing,C0542,147.17,2023-12-31
P007,Toys,C0239,76.82,2023-06-21
P089,Clothing,C0147,220.57,2023-05-05
P036,Books,C0024,303.98,2023-12-10
P055,Toys,C0380,121.2,2023-08-31
P072,Clothing,C0517,472.72,2023-01-28
P014,Home,C0276,417.67,2023-11-22
P058,Clothing,C0887,43.51,2023-05-20
P075,Clothing,C0255,206.77,2023-11-22
P079,Toys,C0225,120.94,2023-03-16
P017,Books,C0863,21.63,2023-09-25
P069,Home,C0731,88.46,2023-01-05
P098,Toys,C0350,327.22,2023-11-24
P080,Home,C0664,217.9,2023-04-25
P014,Home,C0995,73.55,2023-05-07
P034,Home,C0140,242.78,2023-01-09
P046,Home,C0437,63.94,2023-12-28
P080,Clothing,C0067,339.98,2023-11-02
P085,Clothing,C0883,262.38,2023-10-14
P064,Clothing,C0526,61.51,2023-04-13
P087,Clothing,C0013,304.57,2023-01-18
P044,Electronics,C0709,453.57,2023-11-15
P078,Clothing,C0860,105.3,2023-10-16
P089,Electronics,C0867,78.94,2023-10-03
P039,Books,C0766,129.23,2023-02-01
P011,Books,C0185,404.5,2023-01-17
P077,Electronics,C0423,23.27,2023-06-10
P014,Electronics,C0079,370.55,2023-04-05
P004,Clothing,C0642,326.51,2023-07-06
P015,Toys,C0652,365.78,2023-09-16
P058,Books,C0344,67.08,2023-07-09
P024,Clothing,C0090,291.88,2023-12-23
P051,Toys,C0557,209.88,2023-11-25
P088,Home,C0389,250.67,2023-01-17
P055,Toys,C0531,104.27,2023-05-28
P038,Clothing,C0666,450.59,2023-08-18
P010,Books,C0034,96.79,2023-07-16
P058,Electronics,C0190,280.19,2023-05-02
P045,Home,C0333,308.95,2023-03-17
P098,Toys,C0880,338.42,2023-10-02
P050,Books,C0705,183.95,2023-11-15
P028,Clothing,C0052,461.83,2023-12-09
P072,Toys,C0198,294.6,2023-05-28
P053,Clothing,C0351,148.53,2023-01-06
P019,Toys,C0790,338.0,2023-07-02
P066,Toys,C0408,131.5,2023-09-06
P007,Home,C0577,444.22,2023-02-02
P076,Books,C0835,110.62,2023-11-03
P025,Home,C0342,195.64,2023-02-17
P056,Books,C0777,452.6,2023-07-20
P041,Home,C0415,98.16,2023-05-06
P038,Clothing,C0440,424.64,2023-07-10
P066,Electronics,C0674,53.62,2023-04-09
P004,Electronics,C0695,375.46,2023-03-27
P013,Clothing,C0713,179.98,2023-03-02
P010,Clothing,C0431,278.93,2023-10-08
P091,Clothing,C0468,190.43,2023-02-03
P075,Books,C0998,42.71,2023-07-03
P025,Books,C0987,246.04,2023-10-13
P054,Clothing,C0863,378.52,2023-07-01
P062,Books,C0627,391.95,2023-05-26
P028,Books,C0492,172.46,2023-07-10
P020,Clothing,C0089,153.82,2023-10-29
P064,Electronics,C0260,396.41,2023-01-23
P011,Toys,C0196,408.07,2023-08-22
P002,Home,C0259,263.51,2023-09-03
P029,Books,C0405,372.56,2023-04-11
P100,Books,C0320,362.25,2023-03-03
P044,Electronics,C0359,347.62,2023-08-22
P015,Home,C0745,376.78,2023-06-06
P089,Toys,C0270,368.5,2023-03-29
P044,Home,C0053,145.97,2023-10-05
P047,Toys,C0888,252.27,2023-11-19
P051,Home,C0972,159.86,2023-01-02
P066,Home,C0917,400.82,2023-04-18
P075,Books,C0194,208.54,2023-06-25
P032,Home,C0203,130.62,2023-11-20
P022,Clothing,C0937,230.96,2023-09-01
P009,Books,C0742,103.16,2023-07-05
P074,Books,C0659,339.76,2023-06-26
P026,Toys,C0969,41.78,2023-09-25
P006,Home,C0995,270.52,2023-09-06
P015,Home,C0898,183.7,2023-10-01
P071,Books,C0879,266.08,2023-02-16
P025,Clothing,C0368,139.55,2023-01-07
P052,Electronics,C0052,179.49,2023-09-11
P096,Electronics,C0261,476.09,2023-06-30
P058,Toys,C0676,224.67,2023-06-04
P009,Electronics,C0065,167.98,2023-08-09
P026,Electronics,C0352,461.02,2023-08-17
P040,Clothing,C0916,326.65,2023-12-09
P095,Electronics,C0003,434.62,2023-05-19
P027,Home,C0775,407.57,2023-05-19
P011,Toys,C0097,138.88,2023-02-01
P041,Toys,C0304,22.47,2023-10-22
P027,Clothing,C0718,135.7,2023-06-30
P022,Electronics,C0720,380.88,2023-02-08
P099,Electronics,C0429,18.1,2023-10-24
P076,Electronics,C0222,301.15,2023-11-11
P042,Home,C0283,402.21,2023-11-25
P091,Clothing,C0114,303.75,2023-06-02
P074,Clothing,C0284,405.29,2023-07-14
P047,Toys,C0134,51.53,2023-01-07
P045,Clothing,C0451,94.88,2023-08-24
P084,Toys,C0236,210.65,2023-01-30
P095,Books,C0619,339.95,2023-08-08
P067,Home,C0212,369.52,2023-05-02
P011,Electronics,C0971,310.31,2023-12-01
P059,Clothing,C0828,35.21,2023-11-20
P014,Electronics,C0183,257.34,2023-10-30
P050,Home,C0621,111.46,2023-04-14
P077,Home,C0694,376.81,2023-04-27
P077,Home,C0463,499.86,2023-03-30
P047,Toys,C0129,296.11,2023-09-17
P040,Books,C0721,404.84,2023-12-24
P056,Electronics,C0093,113.6,2023-01-26
P039,Clothing,C0285,282.53,2023-11-27
P100,Home,C0719,273.13,2023-10-22
P056,Home,C0602,299.31,2023-06-15
P046,Toys,C0365,347.18,2023-07-25
P077,Electronics,C0818,363.81,2023-11-24
P038,Clothing,C0925,20.78,2023-05-09
P029,Clothing,C0339,327.82,2023-03-13
P026,Clothing,C0942,264.56,2023-08-08
P025,Electronics,C0409,64.43,2023-12-08
P067,Books,C0857,97.15,2023-02-01
P068,Clothing,C0977,215.5,2023-09-27
P074,Clothing,C0140,218.13,2023-09-23
P040,Clothing,C0143,356.03,2023-10-16
P023,Electronics,C0980,457.82,2023-03-27
P024,Clothing,C0981,261.1,2023-05-15
P077,Electronics,C0776,142.55,2023-01-23
P035,Books,C0368,353.52,2023-08-17
P091,Clothing,C0682,307.28,2023-01-12
P061,Electronics,C0928,475.82,2023-10-10
P018,Home,C0469,356.41,2023-12-22
P005,Electronics,C0453,299.58,2023-05-26
P090,Home,C0141,223.52,2023-05-13
P079,Toys,C0234,319.03,2023-03-29
P064,Electronics,C0756,36.83,2023-01-21
P100,Toys,C0829,357.55,2023-07-26
P062,Toys,C0705,324.49,2023-11-25
P081,Books,C0078,443.47,2023-08-12
P029,Clothing,C0093,270.37,2023-06-16
P025,Toys,C0982,236.1,2023-08-03
P039,Home,C0176,385.41,2023-01-27
P071,Toys,C0977,158.48,2023-08-22
P024,Electronics,C0932,178.25,2023-12-21
P005,Books,C0197,494.24,2023-04-15
P014,Books,C0344,479.06,2023-05-15
P025,Home,C0277,81.52,2023-10-24
P076,Clothing,C0776,452.15,2023-07-04
P076,Toys,C0208,263.27,2023-03-27
P054,Toys,C0160,334.74,2023-01-04
P058,Electronics,C0735,152.85,2023-12-12
P009,Toys,C0548,151.6,2023-12-14
P066,Clothing,C0436,11.92,2023-12-27
P089,Clothing,C0089,192.21,2023-03-13
P003,Books,C0311,163.32,2023-01-05
P064,Clothing,C0218,148.84,2023-05-01
P066,Home,C0170,434.67,2023-01-22
P026,Books,C0250,360.02,2023-07-04
P053,Books,C0342,430.78,2023-02-10
P004,Clothing,C0535,462.9,2023-09-29
P084,Electronics,C0522,226.94,2023-09-14
P063,Books,C0569,207.15,2023-12-05
P030,Clothing,C0190,435.64,2023-05-26
P049,Toys,C0775,299.62,2023-01-27
P030,Toys,C0470,144.57,2023-07-05
P087,Toys,C0594,426.91,2023-08-16
P006,Home,C0068,52.0,2023-04-28
P045,Toys,C0768,355.28,2023-08-26
P078,Electronics,C0051,336.13,2023-05-19
P086,Electronics,C0712,251.22,2023-03-14
P028,Clothing,C0029,214.96,2023-12-27
P093,Electronics,C0490,465.61,2023-02-09
P029,Books,C0389,42.11,2023-05-11
P071,Electronics,C0232,353.04,2023-04-21
P081,Books,C0636,236.13,2023-05-04
P065,Electronics,C0609,211.89,2023-02-27
P009,Clothing,C0998,49.86,2023-02-17
P024,Electronics,C0380,199.52,2023-06-11
P050,Toys,C0665,496.76,2023-11-18
P072,Clothing,C0233,160.76,2023-05-31
P028,Electronics,C0558,112.05,2023-05-07
P048,Books,C0934,25.02,2023-10-30
P021,Clothing,C0426,121.0,2023-06-20
P076,Home,C0138,155.2,2023-02-03
P077,Home,C0398,303.57,2023-03-08
P052,Clothing,C0656,354.52,2023-11-13
P010,Books,C0761,451.75,2023-09-26
P064,Home,C0087,447.28,2023-03-20
P008,Toys,C0126,466.44,2023-06-24
P092,Home,C0057,298.22,2023-01-29
P086,Toys,C0914,489.68,2023-01-17
P048,Electronics,C0004,173.6,2023-09-04
P076,Books,C0409,235.5,2023-04-18
P010,Home,C0634,338.44,2023-03-25
P095,Books,C0243,388.89,2023-10-28
P063,Electronics,C0064,471.41,2023-09-10
P041,Books,C0160,228.26,2023-03-03
P074,Clothing,C0889,41.24,2023-04-12
P084,Clothing,C0798,382.84,2023-11-14
P044,Home,C0216,200.29,2023-08-20
P019,Electronics,C0925,263.37,2023-09-26
P069,Toys,C0534,293.97,2023-04-02
P043,Clothing,C0423,346.0,2023-08-29
P049,Home,C0002,285.96,2023-09-04
P019,Home,C0335,231.08,2023-07-16
P056,Home,C0027,439.61,2023-10-04
P063,Electronics,C0392,397.14,2023-03-02
P081,Books,C0940,51.54,2023-10-12
P030,Books,C0932,154.3,2023-03-29
P062,Books,C0649,246.03,2023-11-19
P055,Books,C0226,430.82,2023-12-17
P049,Clothing,C0140,193.33,2023-06-19
P091,Home,C0267,57.59,2023-09-28
P046,Clothing,C0653,393.05,2023-06-13
P086,Electronics,C0828,482.08,2023-12-09
P024,Books,C0106,467.77,2023-07-15
P099,Electronics,C0392,379.71,2023-12-20
P091,Toys,C0619,499.45,2023-03-30
P082,Books,C0995,488.88,2023-03-30
P019,Home,C0085,347.47,2023-06-28
P057,Clothing,C0399,136.46,2023-06-13
P099,Home,C0649,431.02,2023-04-04
P084,Home,C0299,244.46,2023-01-26
P054,Home,C0204,335.63,2023-01-13
P057,Books,C0184,468.38,2023-06-21
P035,Electronics,C0276,475.83,2023-11-15
P086,Books,C0192,482.99,2023-05-30
P086,Electronics,C0011,262.38,2023-08-19
P094,Electronics,C0701,253.74,2023-12-26
P090,Books,C0693,423.68,2023-09-08
P081,Home,C0731,157.68,2023-12-04
P046,Electronics,C0226,308.54,2023-05-02
P003,Clothing,C0414,119.16,2023-01-30
P100,Books,C0878,463.95,2023-09-15
P056,Books,C0061,224.81,2023-07-06
P056,Clothing,C0976,460.97,2023-09-21
P092,Books,C0043,227.35,2023-12-08
P050,Books,C0626,291.29,2023-06-28
P055,Books,C0351,427.91,2023-07-30
P049,Home,C0653,89.06,2023-08-28
P091,Toys,C0568,456.91,2023-08-12
P022,Home,C0206,226.62,2023-07-05
P100,Home,C0149,304.04,2023-04-29
P002,Books,C0048,175.28,2023-04-22
P010,Home,C0532,369.58,2023-08-11
P048,Home,C0039,268.84,2023-12-02
P011,Books,C0860,444.57,2023-09-02
P030,Toys,C0872,387.98,2023-06-22
P036,Home,C0984,430.62,2023-12-02
P059,Books,C0139,236.59,2023-01-17
P023,Books,C0965,400.64,2023-02-26
P059,Home,C0014,164.33,2023-10-05
P071,Electronics,C0573,325.28,2023-09-22
P080,Toys,C0933,309.97,2023-11-02
P081,Clothing,C0563,331.22,2023-04-14
P059,Toys,C0696,496.55,2023-05-21
P001,Electronics,C0429,157.04,2023-03-26
P066,Toys,C0946,189.4,2023-08-01
P042,Electronics,C0713,80.92,2023-03-28
P015,Clothing,C0701,146.63,2023-03-22
P031,Home,C0167,457.11,2023-02-03
P082,Books,C0524,409.19,2023-12-25
P020,Electronics,C0070,324.15,2023-11-13
P040,Books,C0941,408.6,2023-02-18
P065,Clothing,C0227,191.59,2023-01-26
P004,Books,C0034,67.61,2023-05-03
P096,Home,C0971,478.97,2023-02-23
P037,Electronics,C0918,10.94,2023-06-04
P018,Electronics,C0092,493.86,2023-12-24
P032,Books,C0155,41.59,2023-02-21
P050,Electronics,C0471,48.24,2023-08-25
P014,Books,C0133,334.73,2023-11-10
P046,Clothing,C0769,153.4,2023-05-07
P026,Clothing,C0975,422.29,2023-06-29
P018,Electronics,C0840,245.78,2023-12-17
P026,Electronics,C0064,192.55,2023-03-20
P076,Clothing,C0329,248.81,2023-09-04
P013,Books,C0924,21.82,2023-11-09
P054,Clothing,C0950,138.46,2023-06-23
P075,Clothing,C0473,246.16,2023-01-26
P055,Toys,C0504,111.61,2023-01-17
P056,Books,C0341,60.21,2023-01-23
P081,Electronics,C0648,194.69,2023-07-14
P075,Books,C0341,364.59,2023-02-09
P091,Electronics,C0650,271.33,2023-11-12
P041,Clothing,C0661,399.94,2023-12-28
P078,Electronics,C0820,25.63,2023-06-25
P059,Clothing,C0133,134.28,2023-08-03
P018,Clothing,C0453,326.15,2023-01-21
P040,Home,C0192,224.94,2023-06-21
P087,Electronics,C0085,253.71,2023-12-21
P056,Electronics,C0386,347.47,2023-07-03
P078,Electronics,C0153,283.52,2023-07-10
P082,Toys,C0537,375.15,2023-09-04
P044,Toys,C0591,412.56,2023-09-05
P065,Clothing,C0284,84.46,2023-01-24
P028,Books,C0140,233.92,2023-01-30
P080,Home,C0642,133.48,2023-02-27
P086,Toys,C0431,170.11,2023-07-10
P098,Toys,C0150,260.78,2023-04-19
P058,Books,C0875,14.29,2023-08-22
P011,Electronics,C0850,247.93,2023-11-04
P027,Clothing,C0400,347.09,2023-02-13
P085,Books,C0087,449.01,2023-11-04
P058,Clothing,C0727,389.58,2023-02-07
P055,Toys,C0767,324.48,2023-11-26
P076,Electronics,C0521,25.24,2023-04-02
P029,Books,C0225,16.83,2023-03-03
P025,Books,C0199,424.24,2023-01-20
P060,Books,C0498,361.54,2023-07-04
P088,Home,C0347,301.01,2023-01-10
P086,Electronics,C0183,445.3,2023-01-03
P023,Books,C0193,190.99,2023-02-01
P043,Clothing,C0980,190.71,2023-01-04
P042,Books,C0057,335.83,2023-04-26
P032,Home,C0122,144.69,2023-03-07
P093,Home,C0612,71.81,2023-06-20
P047,Books,C0661,480.48,2023-05-12
P046,Clothing,C0423,308.1,2023-07-04
P070,Toys,C0616,492.91,2023-07-23
P096,Books,C0235,364.58,2023-02-05
P049,Toys,C0651,247.42,2023-12-19
P049,Electronics,C0568,209.73,2023-02-17
P086,Clothing,C0037,483.27,2023-02-05
P044,Electronics,C0399,138.13,2023-12-06
P088,Home,C0810,136.71,2023-08-07
P019,Clothing,C0975,472.39,2023-01-31
P010,Clothing,C0418,248.76,2023-10-16
P089,Toys,C0314,64.18,2023-10-03
P011,Home,C0852,481.47,2023-04-18
P082,Electronics,C0085,72.92,2023-03-29
P011,Toys,C0518,245.92,2023-11-10
P009,Electronics,C0636,431.36,2023-10-21
P031,Toys,C0033,428.23,2023-10-23
P028,Home,C0721,420.21,2023-02-02
P013,Clothing,C0625,490.95,2023-03-22
P012,Books,C0110,77.9,2023-11-30
P025,Electronics,C0824,22.71,2023-12-20
P080,Toys,C0946,20.8,2023-06-30
P034,Toys,C0166,460.43,2023-01-12
P005,Home,C0929,139.33,2023-09-29
P017,Toys,C0808,223.35,2023-12-28
P046,Clothing,C0596,173.33,2023-12-18
P059,Electronics,C0844,35.23,2023-01-20
P021,Electronics,C0291,136.95,2023-12-10
P026,Clothing,C0408,302.83,2023-08-09
P091,Clothing,C0539,335.21,2023-08-23
P089,Toys,C0297,300.19,2023-11-01
P083,Home,C0674,75.91,2023-02-18
P022,Toys,C0848,96.9,2023-08-13
P067,Home,C0954,211.28,2023-09-03
P088,Home,C0040,117.26,2023-08-10
P087,Toys,C0294,140.99,2023-10-01
P094,Electronics,C0519,297.75,2023-02-19
P054,Home,C0983,431.48,2023-07-31
P067,Home,C0668,260.09,2023-10-11
P053,Clothing,C0666,388.21,2023-01-17
P058,Electronics,C0342,411.07,2023-04-03
P080,Toys,C0879,301.15,2023-07-12
P001,Home,C0775,485.85,2023-12-16
P018,Clothing,C0310,483.31,2023-06-01
P058,Electronics,C0625,214.62,2023-07-26
P084,Home,C0680,472.8,2023-05-05
P092,Clothing,C0062,120.42,2023-04-10
P024,Electronics,C0419,279.89,2023-09-07
P002,Electronics,C0945,310.91,2023-02-05
P095,Home,C0421,441.6,2023-04-29
P049,Books,C0840,391.51,2023-05-29
P037,Toys,C0411,314.86,2023-12-23
P048,Clothing,C0680,59.78,2023-06-19
P044,Books,C0238,369.99,2023-04-22
P047,Clothing,C0341,407.94,2023-01-16
P064,Home,C0708,312.21,2023-09-21
P023,Home,C0291,392.58,2023-08-18
P082,Electronics,C0116,54.45,2023-06-13
P032,Home,C0648,228.2,2023-11-22
P071,Electronics,C0442,275.03,2023-11-22
P013,Home,C0330,437.8,2023-05-28
P098,Electronics,C0152,168.09,2023-12-02
P018,Books,C0224,64.9,2023-05-30
P001,Electronics,C0699,476.59,2023-10-13
P043,Toys,C0575,187.17,2023-09-20
P083,Electronics,C0531,251.4,2023-06-22
P005,Clothing,C0481,443.11,2023-09-28
P048,Books,C0885,117.78,2023-05-15
P056,Electronics,C0511,85.12,2023-03-25
P086,Clothing,C0995,105.98,2023-06-16
P099,Home,C0097,113.8,2023-09-22
P060,Toys,C0058,332.84,2023-08-12
P075,Home,C0438,367.48,2023-05-16
P089,Toys,C0954,78.56,2023-11-02
P034,Clothing,C0583,231.28,2023-12-27
P069,Toys,C0908,389.3,2023-06-28
P017,Home,C0654,417.93,2023-08-25
P053,Home,C0464,332.3,2023-08-17
P048,Home,C0405,249.93,2023-04-22
P051,Electronics,C0545,38.66,2023-04-11
P023,Toys,C0407,286.76,2023-11-27
P074,Toys,C0255,49.12,2023-12-22
P043,Home,C0916,333.26,2023-10-01
P056,Clothing,C0281,212.24,2023-04-23
P047,Electronics,C0921,160.72,2023-07-29
P098,Books,C0407,98.98,2023-04-05
P057,Electronics,C0637,426.78,2023-07-20
P069,Toys,C0508,51.77,2023-04-20
P080,Toys,C0308,26.93,2023-01-28
P013,Electronics,C0840,27.67,2023-11-08
P060,Clothing,C0506,346.72,2023-03-29
P073,Home,C0139,498.81,2023-04-04
P058,Clothing,C0447,384.87,2023-02-01
P084,Electronics,C0934,13.15,2023-04-27
P014,Clothing,C0915,279.08,2023-09-11
P006,Electronics,C0088,451.24,2023-02-28
P084,Home,C0786,206.68,2023-09-02
P053,Books,C0102,140.94,2023-08-31
P077,Clothing,C0321,280.08,2023-11-24
P007,Home,C0995,174.18,2023-09-12
P054,Books,C0563,47.72,2023-06-06
P078,Books,C0547,483.64,2023-04-17
P050,Books,C0980,55.86,2023-05-20
P067,Books,C0435,390.97,2023-03-19
P082,Home,C0283,154.71,2023-07-06
P023,Home,C0992,41.85,2023-08-07
P064,Home,C0900,396.74,2023-12-14
P086,Electronics,C0829,13.12,2023-03-16
P003,Toys,C0226,136.38,2023-03-18
P090,Toys,C0314,350.79,2023-06-09
P056,Home,C0063,168.3,2023-05-20
P075,Toys,C0889,270.6,2023-05-02
P026,Home,C0732,241.56,2023-01-03
P007,Home,C0678,136.38,2023-09-22
P067,Clothing,C0296,157.11,2023-10-01
P026,Toys,C0147,487.02,2023-02-15
P006,Books,C0522,444.61,2023-10-15
P036,Toys,C0976,162.46,2023-12-08
P058,Books,C0152,475.28,2023-03-10
P033,Toys,C0248,446.57,2023-02-09
P025,Home,C0292,245.19,2023-10-31
P047,Clothing,C0536,62.49,2023-04-10
P087,Books,C0853,412.68,2023-04-13
P018,Home,C0809,382.14,2023-02-27
P081,Books,C0312,410.93,2023-07-14
P094,Clothing,C0475,479.87,2023-09-01
P049,Electronics,C0710,379.71,2023-12-06
P052,Electronics,C0395,152.15,2023-02-14
P065,Toys,C0311,420.3,2023-08-14
P029,Clothing,C0515,330.57,2023-04-15
P033,Books,C0871,140.64,2023-12-24
P017,Books,C0747,61.69,2023-06-29
P082,Clothing,C0585,168.43,2023-12-28
P012,Toys,C0825,82.67,2023-07-14
P040,Toys,C0667,248.44,2023-11-03
P049,Toys,C0275,388.59,2023-10-10
P066,Clothing,C0690,459.98,2023-05-19
P097,Books,C0467,489.03,2023-05-05
P083,Home,C0193,101.53,2023-06-13
P067,Books,C0053,438.01,2023-09-29
P087,Clothing,C0648,328.08,2023-03-15
P031,Electronics,C0843,489.58,2023-09-07
P015,Books,C0985,421.7,2023-02-10
P076,Books,C0785,54.0,2023-12-07
P052,Home,C0884,26.64,2023-03-17
P096,Electronics,C0135,323.48,2023-01-23
P015,Clothing,C0285,405.36,2023-01-16
P072,Toys,C0189,214.71,2023-11-27
P097,Toys,C0929,288.32,2023-09-14
P037,Books,C0614,91.89,2023-01-13
P049,Clothing,C0041,161.61,2023-01-09
P094,Toys,C0249,278.66,2023-10-01
P024,Home,C0164,104.98,2023-07-22
P002,Electronics,C0086,471.07,2023-04-18
P054,Home,C0138,288.73,2023-09-24
P004,Books,C0686,104.59,2023-01-27
P098,Clothing,C0670,466.4,2023-07-28
P045,Clothing,C0282,144.38,2023-05-12
P040,Home,C0681,98.69,2023-02-07
P064,Home,C0924,293.14,2023-04-06
P020,Home,C0549,325.01,2023-01-06
P006,Toys,C0757,120.37,2023-07-23
P083,Electronics,C0591,316.11,2023-05-04
P022,Home,C0680,379.33,2023-03-04
P082,Home,C0663,224.49,2023-03-08
P032,Clothing,C0339,467.14,2023-12-14
P031,Home,C0519,359.65,2023-10-23
P068,Electronics,C0891,355.89,2023-04-18
P042,Books,C0917,145.45,2023-09-11
P050,Electronics,C0935,215.77,2023-01-21
P017,Books,C0110,112.31,2023-05-26
P069,Clothing,C0927,296.24,2023-02-13
P026,Electronics,C0618,462.58,2023-11-12
P063,Books,C0143,222.49,2023-03-13
P092,Home,C0474,156.24,2023-01-08
P018,Electronics,C0677,472.37,2023-12-15
P022,Home,C0250,61.91,2023-09-06
P044,Home,C0176,316.36,2023-10-18
P062,Toys,C0038,156.41,2023-06-20
P008,Books,C0066,138.72,2023-07-01
P067,Books,C0211,210.51,2023-05-16
P098,Electronics,C0085,304.97,2023-09-21
P058,Clothing,C0957,424.31,2023-06-05
P039,Home,C0246,366.09,2023-11-22
P099,Clothing,C0150,158.38,2023-05-03
P018,Home,C0220,305.38,2023-01-14
P028,Electronics,C0767,423.26,2023-11-04
P070,Clothing,C0073,407.93,2023-07-11
P018,Toys,C0717,449.3,2023-04-28
P088,Home,C0130,110.61,2023-01-11
P077,Books,C0508,54.95,2023-10-22
P093,Home,C0964,278.83,2023-07-03
P084,Home,C0842,262.26,2023-10-22
P069,Home,C0366,23.51,2023-01-07
P029,Clothing,C0498,238.96,2023-05-31
P043,Books,C0617,286.78,2023-05-25
P035,Home,C0380,494.4,2023-08-12
P055,Home,C0889,188.56,2023-02-05
P076,Electronics,C0698,429.56,2023-09-17
P076,Toys,C0541,67.42,2023-10-28
P066,Clothing,C0548,41.87,2023-04-09
P095,Home,C0710,337.61,2023-06-29
P004,Clothing,C0440,199.89,2023-08-10
P016,Clothing,C0733,386.07,2023-10-14
P027,Books,C0024,16.27,2023-11-09
P025,Electronics,C0266,279.6,2023-01-18
P005,Books,C0237,111.05,2023-11-07
P009,Electronics,C0923,299.36,2023-08-09
P054,Home,C0910,93.34,2023-01-12
P025,Home,C0368,33.07,2023-01-20
P100,Electronics,C0090,456.66,2023-04-27
P065,Books,C0929,310.54,2023-11-20
P094,Clothing,C0222,171.33,2023-04-11
P079,Books,C0676,202.97,2023-12-01
P051,Clothing,C0098,439.54,2023-04-18
P100,Books,C0188,416.7,2023-07-11
P097,Books,C0226,327.46,2023-02-12
P096,Electronics,C0551,352.87,2023-12-18
P076,Books,C0666,343.57,2023-03-25
P005,Home,C0754,250.47,2023-08-11
P043,Books,C0827,220.98,2023-12-03
P011,Toys,C0430,114.68,2023-07-06
P042,Electronics,C0707,131.89,2023-05-09
P017,Electronics,C0050,193.16,2023-02-22
P034,Electronics,C0404,455.84,2023-07-07
P093,Books,C0152,410.97,2023-07-26
P038,Books,C0248,432.87,2023-08-13
P016,Books,C0459,58.77,2023-02-07
P024,Clothing,C0215,280.65,2023-11-03
P075,Clothing,C0111,330.56,2023-08-22
P044,Home,C0442,67.41,2023-05-28
P059,Books,C0373,126.47,2023-04-13
P025,Electronics,C0471,213.81,2023-03-24
P091,Toys,C0697,397.02,2023-11-18
P098,Toys,C0748,166.45,2023-01-07
P078,Toys,C0422,149.83,2023-09-10
P016,Books,C0160,304.68,2023-08-14
P012,Toys,C0522,213.02,2023-04-28
P062,Home,C0002,101.56,2023-05-18
P049,Books,C0596,66.57,2023-12-09
P056,Electronics,C0838,80.44,2023-05-22
P011,Clothing,C0959,312.23,2023-01-28
P056,Clothing,C0236,196.95,2023-05-31
P034,Home,C0689,310.52,2023-02-14
P032,Electronics,C0580,430.23,2023-05-08
P081,Books,C0577,191.12,2023-07-24
P078,Electronics,C0695,225.8,2023-10-09
P047,Home,C0297,227.42,2023-02-12
P007,Books,C0300,98.99,2023-05-11
P027,Clothing,C0878,44.87,2023-11-27
P048,Electronics,C0014,132.01,2023-11-18
P045,Home,C0998,167.83,2023-04-03
P068,Books,C0833,421.12,2023-11-08
P054,Electronics,C0875,285.96,2023-04-02
P065,Toys,C0859,334.46,2023-08-20
P040,Books,C0956,368.72,2023-03-27
P042,Home,C0700,247.92,2023-05-07
P045,Books,C0002,241.82,2023-01-10
P063,Electronics,C0411,60.22,2023-05-29
P084,Toys,C0302,96.06,2023-09-08
P022,Toys,C0280,480.09,2023-10-17
P098,Electronics,C0016,63.84,2023-12-30
P067,Books,C0660,247.42,2023-02-16
P012,Clothing,C0206,155.35,2023-05-12
P088,Clothing,C0243,38.8,2023-10-15
P090,Clothing,C0374,428.35,2023-08-17
P011,Clothing,C0731,404.56,2023-08-05
P050,Books,C0143,69.49,2023-12-11
P059,Books,C0750,134.97,2023-07-05
P058,Books,C0418,131.12,2023-07-19
P013,Clothing,C0125,136.52,2023-03-31
P058,Electronics,C0506,23.62,2023-10-27
P062,Clothing,C0967,267.58,2023-11-03
P027,Toys,C0137,390.41,2023-07-28
P022,Home,C0136,42.68,2023-03-12
P004,Books,C0662,132.21,2023-08-13
P046,Electronics,C0739,100.24,2023-02-04
P069,Electronics,C0754,286.46,2023-08-14
P016,Books,C0838,336.15,2023-03-12
P061,Toys,C0822,383.04,2023-07-25
P079,Toys,C0444,202.4,2023-06-24
P085,Home,C0268,190.11,2023-09-28
P035,Toys,C0427,326.59,2023-07-13
P034,Toys,C0888,220.42,2023-05-09
P083,Toys,C0638,284.48,2023-01-21
P038,Toys,C0001,93.16,2023-05-09
P029,Toys,C0498,43.5,2023-04-15
P071,Electronics,C0087,248.87,2023-08-24
P083,Clothing,C0056,306.87,2023-04-08
P046,Electronics,C0582,213.48,2023-08-09
P074,Home,C0797,235.19,2023-07-10
P009,Electronics,C0016,480.4,2023-08-07
P038,Home,C0657,328.85,2023-06-02
P033,Electronics,C0383,268.69,2023-08-06
P015,Books,C0310,246.55,2023-03-21
P023,Clothing,C0551,127.0,2023-04-03
P094,Electronics,C0032,463.02,2023-09-15
P002,Home,C0828,36.76,2023-07-13
P014,Home,C0824,205.03,2023-04-03
P055,Home,C0865,304.7,2023-06-01
P054,Home,C0967,194.86,2023-12-15
P073,Electronics,C0809,40.62,2023-08-21
P008,Toys,C0170,205.27,2023-09-16
P083,Clothing,C0037,167.25,2023-01-17
P087,Electronics,C0828,201.11,2023-02-02
P071,Clothing,C0903,13.05,2023-01-27
P023,Toys,C0129,260.28,2023-09-25
P023,Books,C0143,29.2,2023-04-22
P005,Books,C0467,211.35,2023-02-06
P039,Home,C0830,466.37,2023-03-18
P066,Books,C0976,205.08,2023-10-07
P066,Toys,C0313,374.49,2023-09-05
P021,Home,C0664,326.2,2023-12-18
P097,Books,C0353,95.25,2023-07-22
P092,Books,C0571,263.63,2023-10-11
P081,Home,C0093,83.79,2023-11-22
P082,Home,C0812,335.67,2023-03-28
P074,Books,C0848,14.26,2023-04-08
P035,Clothing,C0837,245.49,2023-12-14
P005,Clothing,C0551,89.17,2023-07-01
P081,Books,C0158,68.88,2023-08-12
P045,Electronics,C0939,472.85,2023-05-14
P069,Books,C0098,244.9,2023-06-01
P021,Clothing,C0270,256.84,2023-02-14
P041,Electronics,C0848,86.01,2023-05-03
P009,Electronics,C0022,424.18,2023-02-02
P013,Clothing,C0071,219.03,2023-02-24
P099,Toys,C0663,423.88,2023-09-15
P096,Clothing,C0215,47.22,2023-08-31
P061,Clothing,C0582,400.13,2023-11-19
P081,Toys,C0494,147.08,2023-06-26
P015,Books,C0318,298.2,2023-09-28
P004,Electronics,C0228,137.7,2023-12-10
P006,Books,C0997,453.91,2023-12-03
P033,Electronics,C0209,122.0,2023-10-11
P021,Clothing,C0208,299.57,2023-09-04
P016,Books,C0134,112.14,2023-01-11
P085,Toys,C0715,269.39,2023-03-10
P075,Toys,C0821,128.59,2023-11-11
P077,Home,C0645,394.44,2023-10-23
P038,Electronics,C0244,361.63,2023-07-06
P029,Toys,C0499,410.38,2023-05-03
P014,Home,C0109,341.89,2023-12-01
P057,Toys,C0071,170.52,2023-08-25
P055,Electronics,C0822,469.65,2023-02-20
P031,Clothing,C0479,461.28,2023-03-23
P011,Toys,C0875,102.09,2023-07-16
P084,Electronics,C0499,143.07,2023-02-05
P031,Home,C0275,350.68,2023-06-08
P019,Home,C0932,49.85,2023-02-26
P021,Toys,C0807,363.06,2023-04-12
P075,Clothing,C0936,176.48,2023-04-17
P089,Toys,C0873,464.29,2023-10-17
P059,Electronics,C0455,395.97,2023-08-09
P086,Electronics,C0019,116.43,2023-04-24
P034,Books,C0928,31.98,2023-09-03
P063,Clothing,C0778,28.01,2023-12-12
P012,Books,C0247,381.06,2023-11-15
P059,Electronics,C0705,492.84,2023-09-03
P086,Books,C0160,287.4,2023-12-30
P099,Home,C0667,136.83,2023-05-22
P019,Electronics,C0355,31.2,2023-06-16
P018,Electronics,C0619,21.32,2023-05-30
P098,Electronics,C0315,123.78,2023-04-15
P054,Toys,C0836,301.08,2023-11-13
P058,Home,C0267,348.67,2023-07-27
P079,Home,C0171,493.5,2023-02-17
P067,Toys,C0517,435.87,2023-07-07
P083,Electronics,C0553,424.81,2023-04-14
P024,Books,C0866,11.47,2023-04-18
P056,Electronics,C0904,478.36,2023-01-09
P085,Books,C0115,498.98,2023-05-05
P045,Electronics,C0012,473.2,2023-05-02
P094,Home,C0937,199.6,2023-02-06
P048,Books,C0841,492.49,2023-11-12
P001,Books,C0951,76.89,2023-07-13
P031,Clothing,C0482,16.98,2023-06-04
P038,Books,C0810,375.68,2023-01-28
P060,Books,C0159,261.45,2023-02-05
P048,Home,C0885,347.56,2023-09-16
P072,Toys,C0353,294.6,2023-05-27
P090,Electronics,C0468,114.85,2023-08-02
P093,Electronics,C0931,172.13,2023-10-29
P075,Clothing,C0151,40.38,2023-04-05
P042,Electronics,C0577,364.2,2023-12-12
P056,Electronics,C0966,208.02,2023-10-17
P040,Home,C0664,386.67,2023-12-09
P026,Books,C0644,327.53,2023-03-28
P089,Home,C0700,294.0,2023-06-29
P056,Clothing,C0279,389.66,2023-06-27
P081,Books,C0018,90.36,2023-08-09
P016,Books,C0439,367.51,2023-05-22
P094,Home,C0979,391.95,2023-01-13
P066,Books,C0580,81.18,2023-12-01
P016,Clothing,C0458,30.03,2023-08-11
P062,Books,C0749,48.22,2023-05-20
P090,Books,C0351,468.75,2023-10-29
P047,Toys,C0986,370.4,2023-08-06
P097,Electronics,C0373,217.7,2023-06-03
P016,Electronics,C0359,36.44,2023-02-13
P014,Clothing,C0372,148.25,2023-10-02
P051,Books,C0304,353.25,2023-05-30
P053,Books,C0298,231.21,2023-10-15
P051,Electronics,C0088,311.41,2023-01-19
P091,Electronics,C0558,239.58,2023-11-09
P047,Clothing,C0210,297.48,2023-08-13
P004,Clothing,C0946,181.07,2023-11-20
P072,Toys,C0363,110.77,2023-04-19
P049,Home,C0285,342.46,2023-01-25
P041,Toys,C0732,484.03,2023-06-11
P021,Toys,C0620,322.85,2023-10-14
P011,Toys,C0251,192.99,2023-06-06
P080,Clothing,C0622,352.31,2023-11-08
P011,Books,C0121,177.84,2023-10-28
P042,Toys,C0901,165.89,2023-04-20
P059,Clothing,C0583,119.25,2023-06-17
P082,Home,C0576,124.84,2023-06-10
P070,Home,C0261,320.45,2023-11-01
P043,Books,C0819,411.77,2023-04-30
P029,Books,C0032,60.31,2023-09-17
P081,Electronics,C0056,334.61,2023-09-22
P037,Books,C0499,79.41,2023-11-01
P056,Clothing,C0684,110.47,2023-09-27
P013,Toys,C0062,275.39,2023-03-01
P059,Toys,C0217,290.72,2023-12-05
P053,Electronics,C0377,297.19,2023-04-26
P062,Clothing,C0633,109.56,2023-06-17
P070,Books,C0131,312.24,2023-06-11
P071,Books,C0064,356.52,2023-09-05
P077,Electronics,C0912,374.38,2023-05-24
P046,Home,C0071,295.84,2023-07-20
P008,Clothing,C0074,452.1,2023-04-17
P043,Home,C0649,289.62,2023-02-15
P032,Electronics,C0435,361.31,2023-11-06
P085,Home,C0165,360.16,2023-11-29
P059,Toys,C0017,41.49,2023-07-18
P006,Toys,C0912,481.45,2023-04-01
P020,Books,C0755,329.49,2023-03-31
P039,Books,C0033,416.87,2023-10-18
P046,Toys,C0214,125.74,2023-06-02
P052,Books,C0716,391.39,2023-05-27
P093,Toys,C0986,172.23,2023-12-16
P009,Toys,C0772,254.56,2023-02-28
P098,Toys,C0650,12.6,2023-09-29
P097,Books,C0388,73.04,2023-03-14
P018,Toys,C0202,131.6,2023-03-11
P022,Clothing,C0587,195.09,2023-04-15
P011,Home,C0810,116.16,2023-09-14
P093,Electronics,C0120,78.38,2023-01-07
P028,Electronics,C0595,462.49,2023-05-06
P040,Toys,C0063,71.28,2023-11-28
P023,Electronics,C0393,448.64,2023-07-14
P054,Home,C0729,40.48,2023-01-18
P019,Home,C0334,108.67,2023-01-21
P009,Electronics,C0977,55.24,2023-07-17
P075,Books,C0176,291.09,2023-07-03
P018,Books,C0125,401.07,2023-07-03
P064,Books,C0256,75.65,2023-10-21
P096,Home,C0894,484.94,2023-06-23
P091,Clothing,C0406,360.42,2023-09-25
P007,Toys,C0032,192.48,2023-09-14
P053,Home,C0849,163.94,2023-03-24
P097,Clothing,C0241,293.76,2023-03-12
P022,Toys,C0902,490.81,2023-01-16
P084,Books,C0871,93.0,2023-10-10
P045,Home,C0219,332.44,2023-12-20
P005,Toys,C0304,335.16,2023-08-09
P045,Electronics,C0007,146.36,2023-03-03
P006,Books,C0214,357.9,2023-04-08
P049,Home,C0842,484.16,2023-04-06
P052,Home,C0932,406.53,2023-03-10
P041,Home,C0788,272.65,2023-06-02
P034,Books,C0306,482.23,2023-04-24
P003,Toys,C0210,83.94,2023-02-28
P047,Toys,C0051,414.24,2023-03-23
P007,Toys,C0403,174.78,2023-03-18
P003,Toys,C0026,341.51,2023-05-13
P090,Home,C0061,363.85,2023-10-31
P049,Clothing,C0643,20.85,2023-05-02
P021,Books,C0331,241.06,2023-09-22
P096,Electronics,C0730,286.02,2023-10-16
P024,Home,C0161,432.43,2023-09-28
P038,Toys,C0903,168.7,2023-07-31
P006,Books,C0313,153.11,2023-03-09
P094,Electronics,C0242,252.49,2023-03-11
P017,Clothing,C0278,481.74,2023-03-28
P021,Home,C0739,265.86,2023-02-22
P085,Books,C0848,296.84,2023-02-12
P100,Home,C0763,318.66,2023-06-17
P022,Home,C0342,153.57,2023-07-19
P031,Toys,C0696,78.42,2023-04-19
P093,Toys,C0373,279.65,2023-11-20
P082,Home,C0877,101.98,2023-01-06
P082,Books,C0149,223.08,2023-10-05
P077,Books,C0307,318.67,2023-06-11
P053,Home,C0787,322.02,2023-02-09
P053,Home,C0054,378.35,2023-07-18
P045,Electronics,C0621,54.05,2023-03-11
P097,Books,C0087,17.23,2023-09-03
P015,Toys,C0044,374.48,2023-07-26
P056,Home,C0856,390.68,2023-09-18
P077,Toys,C0694,423.19,2023-06-23
P036,Books,C0949,107.81,2023-01-16
P078,Toys,C0262,414.12,2023-11-17
P063,Home,C0472,487.45,2023-01-13
P003,Books,C0920,26.67,2023-04-03
P005,Toys,C0199,153.31,2023-01-29
P020,Electronics,C0935,89.54,2023-04-09
P052,Electronics,C0422,198.17,2023-02-13
P091,Home,C0033,33.89,2023-07-22
P041,Toys,C0988,299.5,2023-09-05
P088,Home,C0477,270.53,2023-09-26
P087,Books,C0132,414.42,2023-07-29
P028,Toys,C0658,183.08,2023-05-30
P068,Books,C0161,69.89,2023-01-22
P031,Toys,C0197,18.56,2023-11-23
P086,Electronics,C0128,111.8,2023-05-01
P035,Books,C0732,407.9,2023-03-06
P030,Toys,C0551,96.01,2023-02-05
P042,Home,C0758,427.55,2023-06-05
P094,Clothing,C0268,79.5,2023-08-20
P077,Home,C0483,264.46,2023-07-20
P007,Books,C0757,239.58,2023-08-01
P091,Toys,C0717,461.18,2023-11-23
P075,Clothing,C0023,269.18,2023-05-17
P056,Home,C0199,313.21,2023-04-05
P059,Toys,C0459,305.69,2023-11-16
P096,Toys,C0163,495.22,2023-10-14
P045,Toys,C0491,284.76,2023-06-11
P039,Books,C0262,479.53,2023-02-07
P051,Clothing,C0338,173.25,2023-09-30
P049,Home,C0327,259.71,2023-12-29
P062,Clothing,C0623,346.52,2023-02-17
P060,Electronics,C0640,244.93,2023-08-19
P044,Clothing,C0871,230.55,2023-12-13
P053,Clothing,C0225,451.02,2023-03-27
P015,Toys,C0283,388.9,2023-11-11
P012,Electronics,C0535,302.75,2023-12-25
P079,Toys,C0573,145.16,2023-06-29
P095,Electronics,C0408,342.88,2023-11-01
P049,Clothing,C0959,261.64,2023-03-19
P090,Books,C0173,109.5,2023-07-06
P041,Toys,C0397,10.0,2023-12-22
P090,Toys,C0628,263.98,2023-10-27
P050,Clothing,C0590,416.2,2023-08-06
P046,Clothing,C0447,375.54,2023-09-07
P005,Toys,C0091,463.42,2023-10-07
P098,Clothing,C0964,456.94,2023-09-01
P039,Electronics,C0809,220.43,2023-04-09
P085,Books,C0499,467.95,2023-11-28
P094,Books,C0383,445.12,2023-06-17
P060,Toys,C0421,82.05,2023-09-13
P040,Toys,C0019,245.78,2023-02-19
P063,Clothing,C0549,186.17,2023-09-08
P088,Home,C0760,437.63,2023-12-12
P012,Toys,C0458,315.35,2023-05-09
P079,Clothing,C0584,381.37,2023-10-07
P061,Electronics,C0830,150.51,2023-05-01
P033,Home,C0419,130.73,2023-10-16
P077,Electronics,C0336,154.28,2023-04-16
P084,Clothing,C0699,220.07,2023-11-11
P053,Toys,C0355,263.92,2023-11-19
P044,Electronics,C0885,295.52,2023-11-27
P031,Clothing,C0789,330.61,2023-06-15
P095,Electronics,C0546,58.09,2023-09-13
P063,Books,C0079,148.5,2023-01-16
P063,Home,C0407,49.7,2023-05-25
P005,Toys,C0235,19.75,2023-03-04
P005,Books,C0567,466.93,2023-05-11
P088,Books,C0095,73.84,2023-09-29
P074,Books,C0513,55.91,2023-06-04
P098,Clothing,C0488,352.09,2023-07-15
P075,Books,C0983,323.39,2023-08-15
P078,Home,C0903,119.6,2023-04-12
P055,Books,C0449,142.95,2023-03-07
P004,Toys,C0040,251.02,2023-09-23
P063,Electronics,C0578,497.34,2023-11-10
P001,Home,C0981,205.21,2023-03-17
P033,Toys,C0819,197.13,2023-07-07
P044,Electronics,C0317,17.01,2023-07-16
P056,Home,C0164,252.01,2023-09-08
P079,Toys,C0752,363.54,2023-08-06
P009,Toys,C0640,314.59,2023-09-09
P058,Books,C0821,130.82,2023-02-21
P069,Toys,C0036,124.84,2023-08-15
P073,Toys,C0138,369.53,2023-05-25
P075,Electronics,C0945,70.42,2023-11-25
P094,Home,C0056,282.62,2023-02-01
P041,Clothing,C0107,251.16,2023-01-27
P055,Books,C0399,213.95,2023-10-25
P053,Clothing,C0655,81.11,2023-09-20
P081,Home,C0826,311.81,2023-04-25
P060,Toys,C0017,59.19,2023-04-16
P094,Toys,C0894,336.06,2023-01-12
P010,Books,C0235,21.01,2023-08-31
P041,Electronics,C0077,115.85,2023-04-11
P073,Toys,C0483,451.82,2023-01-17
P011,Books,C0060,344.83,2023-07-10
P017,Electronics,C0604,169.45,2023-04-03
P049,Electronics,C0703,233.0,2023-07-11
P022,Toys,C0868,37.46,2023-04-20
P056,Toys,C0313,323.79,2023-06-05
P062,Toys,C0518,376.57,2023-02-07
P043,Electronics,C0672,438.13,2023-11-16
P098,Toys,C0390,31.12,2023-03-06
P033,Books,C0402,309.48,2023-05-23
P072,Home,C0025,275.0,2023-09-22
P021,Clothing,C0874,486.08,2023-02-22
P023,Electronics,C0740,261.51,2023-08-14
P077,Clothing,C0434,386.33,2023-05-16
P034,Home,C0084,494.86,2023-07-04
P072,Clothing,C0419,210.56,2023-09-25
P085,Home,C0605,141.4,2023-01-02
P096,Clothing,C0503,56.02,2023-07-30
P078,Clothing,C0685,485.87,2023-07-09
P069,Electronics,C0556,311.93,2023-05-05
P047,Toys,C0380,12.35,2023-01-20
P096,Toys,C0710,494.71,2023-10-08
P031,Electronics,C0717,192.25,2023-03-11
P087,Books,C0864,228.14,2023-11-06
P084,Toys,C0035,133.17,2023-02-12
P026,Electronics,C0228,257.02,2023-06-24
P076,Electronics,C0116,455.85,2023-09-08
P014,Clothing,C0056,445.48,2023-11-04
P058,Clothing,C0524,251.12,2023-03-09
P001,Clothing,C0002,217.11,2023-09-02
P058,Toys,C0513,448.32,2023-01-17
P086,Electronics,C0979,337.55,2023-04-14
P043,Home,C0929,33.93,2023-01-18
P059,Toys,C0232,391.3,2023-09-07
P002,Home,C0434,463.13,2023-12-20
P059,Home,C0923,38.59,2023-07-12
P057,Clothing,C0498,47.35,2023-07-11
P078,Books,C0459,494.7,2023-05-16
P065,Home,C0104,135.56,2023-01-15
P066,Electronics,C0038,251.54,2023-08-31
P053,Clothing,C0930,78.52,2023-08-14
P039,Toys,C0638,384.95,2023-12-13
P021,Clothing,C0901,134.15,2023-06-07
P087,Books,C0195,403.04,2023-12-27
P065,Electronics,C0871,498.09,2023-09-15
P020,Books,C0893,459.94,2023-09-13
P037,Clothing,C0529,224.44,2023-10-26
P062,Home,C0436,235.79,2023-03-04
P082,Toys,C0415,283.17,2023-02-27
P069,Toys,C0112,121.17,2023-01-14
P054,Clothing,C0033,151.24,2023-01-13
P047,Electronics,C0297,401.05,2023-01-05
P020,Books,C0559,426.64,2023-04-24
P018,Clothing,C0806,417.37,2023-04-05
P036,Electronics,C0582,337.12,2023-01-14
P098,Toys,C0785,429.86,2023-04-08
P018,Electronics,C0200,499.29,2023-11-25
P073,Books,C0189,207.68,2023-04-15
P050,Books,C0499,295.13,2023-08-22
P070,Books,C0479,394.04,2023-12-31
P030,Home,C0832,135.31,2023-03-11
P067,Clothing,C0268,86.46,2023-09-24
P093,Books,C0701,446.47,2023-12-23
P038,Books,C0968,169.34,2023-03-11
P054,Books,C0576,482.13,2023-01-19
P065,Clothing,C0859,290.15,2023-11-13
P098,Home,C0578,67.68,2023-11-01
P005,Clothing,C0561,351.98,2023-07-02
P041,Clothing,C0291,140.13,2023-01-15
P097,Toys,C0515,459.41,2023-01-04
P070,Toys,C0910,498.11,2023-05-01
P008,Home,C0409,488.75,2023-10-23
P039,Home,C0044,317.09,2023-11-21
P095,Books,C0593,240.22,2023-10-31
P022,Home,C0657,227.3,2023-10-09
P027,Toys,C0958,327.8,2023-12-30
P056,Clothing,C0318,130.91,2023-06-24
P013,Toys,C0521,427.83,2023-01-08
P067,Electronics,C0391,239.71,2023-04-07
P075,Clothing,C0293,123.95,2023-02-23
P079,Electronics,C0328,93.24,2023-05-06
P094,Clothing,C0057,363.62,2023-07-09
P093,Clothing,C0303,97.5,2023-08-03
P089,Books,C0642,402.02,2023-04-22
P097,Home,C0299,33.29,2023-04-14
P043,Home,C0789,298.26,2023-06-12
P025,Toys,C0630,279.54,2023-01-16
P066,Clothing,C0151,217.01,2023-12-09
P021,Clothing,C0151,400.29,2023-02-06
P038,Clothing,C0323,429.84,2023-05-16
P030,Toys,C0982,193.75,2023-12-14
P098,Clothing,C0996,254.7,2023-07-12
P091,Books,C0445,405.37,2023-03-24
P016,Toys,C0810,117.51,2023-01-18
P054,Home,C0583,214.04,2023-08-13
P079,Clothing,C0313,146.32,2023-02-01
P071,Books,C0970,145.8,2023-04-13
P049,Clothing,C0209,61.88,2023-01-08
P021,Toys,C0013,484.85,2023-07-10
P053,Books,C0449,122.79,2023-11-22
P084,Home,C0727,148.83,2023-01-04
P075,Books,C0033,32.01,2023-11-09
P030,Electronics,C0037,12.62,2023-01-03
P003,Toys,C0711,101.34,2023-08-27
P047,Toys,C0096,226.71,2023-01-15
P044,Books,C0758,101.2,2023-05-21
P010,Toys,C0417,216.1,2023-11-26
P020,Electronics,C0554,394.03,2023-10-11
P029,Books,C0189,12.28,2023-06-11
P100,Toys,C0044,477.64,2023-01-05
P020,Home,C0492,48.98,2023-04-30
P013,Electronics,C0214,211.1,2023-11-09
P059,Books,C0793,65.36,2023-05-07
P059,Toys,C0995,27.57,2023-12-29
P078,Books,C0933,449.8,2023-10-02
P079,Toys,C0041,371.2,2023-12-05
P061,Toys,C0505,378.24,2023-10-19
P007,Books,C0344,359.06,2023-10-04
P082,Home,C0766,428.39,2023-09-27
P071,Clothing,C0653,66.18,2023-08-13
P077,Toys,C0293,218.57,2023-10-23
P011,Clothing,C0298,230.43,2023-05-31
P043,Toys,C0272,453.38,2023-11-07
P087,Clothing,C0577,28.57,2023-05-28
P020,Books,C0869,204.37,2023-09-15
P091,Home,C0838,266.79,2023-02-02
P006,Toys,C0076,167.77,2023-08-01
P073,Electronics,C0824,469.56,2023-08-22
P033,Clothing,C0838,358.96,2023-03-18
P009,Books,C0882,454.47,2023-03-20
P097,Electronics,C0792,278.21,2023-08-15
P040,Electronics,C0188,70.16,2023-07-04
P047,Electronics,C0023,380.17,2023-10-15
P037,Electronics,C0734,343.24,2023-10-03
P022,Toys,C0176,162.46,2023-07-07
P035,Home,C0181,271.62,2023-05-03
P039,Electronics,C0065,255.84,2023-11-18
P013,Clothing,C0931,258.28,2023-11-19
P053,Home,C0632,149.35,2023-11-27
P063,Books,C0586,27.36,2023-01-01
P098,Books,C0130,44.07,2023-06-09
P091,Clothing,C0187,239.13,2023-02-08
P078,Home,C0009,158.11,2023-08-07
P077,Books,C0752,80.9,2023-03-15
P049,Books,C0376,438.53,2023-02-01
P033,Clothing,C0472,451.95,2023-10-17
P059,Toys,C0780,432.01,2023-12-24
P031,Clothing,C0994,488.35,2023-12-26
P060,Books,C0252,270.71,2023-02-19
P029,Clothing,C0049,426.53,2023-04-20
P051,Home,C0247,244.96,2023-01-28
P089,Toys,C0309,394.74,2023-04-14
P006,Books,C0879,391.95,2023-02-02
P042,Electronics,C0822,231.08,2023-07-15
P026,Books,C0480,242.0,2023-01-08
P086,Toys,C0027,30.8,2023-08-13
P059,Home,C0803,374.96,2023-12-17
P021,Clothing,C0006,333.67,2023-08-07
P033,Clothing,C0086,56.26,2023-02-21
P001,Clothing,C0342,87.51,2023-07-09
P030,Home,C0858,128.84,2023-02-02
P070,Electronics,C0832,368.74,2023-09-11
P051,Home,C0741,190.41,2023-04-30
P045,Books,C0286,132.08,2023-05-24
P066,Books,C0484,492.57,2023-07-15
P098,Clothing,C0080,139.78,2023-03-18
P058,Clothing,C0834,78.7,2023-10-23
P007,Home,C0780,189.13,2023-07-19
P060,Toys,C0300,291.04,2023-02-05
P040,Books,C0047,237.14,2023-06-11
P001,Clothing,C0208,156.99,2023-06-22
P081,Toys,C0408,131.94,2023-04-11
P071,Clothing,C0645,183.74,2023-10-24
P004,Home,C0794,392.82,2023-11-17
P022,Toys,C0497,482.66,2023-05-24
P069,Books,C0476,298.32,2023-02-20
P094,Books,C0708,105.65,2023-02-07
P089,Clothing,C0747,72.25,2023-12-23
P031,Home,C0621,259.9,2023-10-24
P055,Toys,C0849,472.46,2023-10-26
P038,Clothing,C0395,22.08,2023-10-15
P008,Clothing,C0661,300.62,2023-11-29
P049,Books,C0403,200.3,2023-07-17
P044,Home,C0540,188.86,2023-04-19
P026,Electronics,C0546,65.0,2023-10-04
P062,Electronics,C0082,413.99,2023-05-10
P054,Clothing,C0223,221.85,2023-10-11
P045,Books,C0503,152.12,2023-06-15
P095,Electronics,C0166,197.9,2023-02-05
P015,Electronics,C0858,192.37,2023-05-25
P008,Home,C0495,304.63,2023-01-23
P046,Clothing,C0259,191.05,2023-10-02
P012,Toys,C0506,192.33,2023-05-22
P074,Home,C0229,31.38,2023-02-26
P018,Books,C0839,204.03,2023-12-05
P024,Toys,C0996,490.09,2023-02-01
P058,Toys,C0090,234.17,2023-06-09
P049,Books,C0071,212.78,2023-01-02
P019,Clothing,C0469,215.09,2023-08-31
P031,Clothing,C0271,435.17,2023-09-25
P078,Electronics,C0478,125.57,2023-08-29
P071,Toys,C0488,464.91,2023-08-05
P053,Home,C0281,191.53,2023-03-18
P083,Home,C0807,304.51,2023-03-28
P005,Home,C0414,488.09,2023-11-23
P014,Clothing,C0846,412.3,2023-04-05
P028,Home,C0227,11.61,2023-01-22
P028,Clothing,C0605,496.95,2023-01-16
P035,Home,C0596,257.54,2023-10-02
P095,Clothing,C0108,117.73,2023-12-15
P046,Electronics,C0326,464.18,2023-12-04
P094,Toys,C0263,373.77,2023-01-14
P079,Electronics,C0851,311.03,2023-08-31
P002,Clothing,C0472,205.27,2023-03-04
P074,Electronics,C0218,133.24,2023-11-25
P076,Clothing,C0491,174.16,2023-08-06
P029,Books,C0471,51.87,2023-08-15
P073,Books,C0521,316.91,2023-12-16
P085,Home,C0122,227.94,2023-09-11
P018,Home,C0697,376.32,2023-03-21
P016,Books,C0364,324.01,2023-06-01
P092,Toys,C0261,345.18,2023-02-21
P037,Clothing,C0625,268.13,2023-12-05
P034,Books,C0900,493.25,2023-08-13
P056,Clothing,C0552,495.13,2023-04-09
P050,Clothing,C0113,134.67,2023-06-06
P056,Toys,C0273,196.77,2023-03-26
P076,Electronics,C0910,15.68,2023-12-31
P007,Books,C0634,463.91,2023-11-01
P023,Home,C0742,376.42,2023-01-25
P090,Home,C0260,120.27,2023-03-03
P034,Toys,C0263,82.86,2023-03-21
P038,Toys,C0624,454.41,2023-07-23
P071,Clothing,C0722,399.0,2023-05-22
P075,Clothing,C0003,338.02,2023-02-19
P039,Clothing,C0232,369.38,2023-07-28
P018,Books,C0588,306.7,2023-05-24
P015,Books,C0949,385.95,2023-01-06
P084,Home,C0787,463.82,2023-03-16
P042,Electronics,C0903,161.94,2023-03-30
P021,Books,C0503,271.1,2023-07-01
P087,Books,C0198,161.32,2023-12-07
P067,Home,C0863,215.55,2023-12-13
P084,Electronics,C0283,38.35,2023-08-12
P077,Home,C0425,169.95,2023-11-19
P037,Clothing,C0945,67.7,2023-04-28
P023,Home,C0657,462.76,2023-01-27
P072,Toys,C0618,294.02,2023-05-01
P052,Electronics,C0268,179.35,2023-11-12
P068,Clothing,C0243,57.87,2023-08-05
P087,Toys,C0895,187.36,2023-04-11
P027,Books,C0108,156.68,2023-11-21
P082,Electronics,C0749,76.67,2023-05-12
P004,Toys,C0423,208.52,2023-05-10
P097,Toys,C0985,404.96,2023-04-30
P022,Home,C0863,44.5,2023-02-02
P077,Toys,C0947,55.33,2023-02-01
P068,Books,C0230,97.61,2023-10-16
P031,Home,C0055,457.9,2023-02-09
P093,Books,C0366,300.64,2023-11-09
P008,Toys,C0461,320.0,2023-06-29
P057,Books,C0391,461.83,2023-06-17
P009,Books,C0930,467.02,2023-10-05
P048,Clothing,C0353,467.98,2023-07-22
P028,Toys,C0601,46.94,2023-04-29
P092,Home,C0411,486.79,2023-08-26
P098,Electronics,C0583,236.75,2023-04-06
P029,Clothing,C0223,401.51,2023-12-14
P065,Electronics,C0079,209.01,2023-06-05
P066,Home,C0878,443.63,2023-10-26
P089,Books,C0154,368.61,2023-06-07
P016,Books,C0486,413.77,2023-08-10
P070,Toys,C0890,16.44,2023-06-30
P062,Clothing,C0715,472.87,2023-09-18
P011,Clothing,C0683,494.77,2023-01-02
P068,Home,C0527,244.6,2023-08-15
P056,Home,C0229,26.75,2023-04-25
P041,Toys,C0495,293.6,2023-10-09
P027,Electronics,C0860,52.66,2023-07-08
P050,Electronics,C0196,85.7,2023-12-30
P068,Toys,C0587,415.08,2023-12-30
P073,Toys,C0659,402.85,2023-05-18
P032,Home,C0225,487.51,2023-07-30
P061,Electronics,C0612,447.95,2023-11-25
P018,Toys,C0128,427.55,2023-09-14
P018,Books,C0443,258.48,2023-11-26
P017,Clothing,C0297,230.63,2023-03-28
P041,Toys,C0596,12.01,2023-02-01
P019,Toys,C0467,414.62,2023-03-09
P045,Books,C0608,239.99,2023-08-16
P008,Clothing,C0844,113.11,2023-01-26
P011,Toys,C0175,462.48,2023-07-28
P091,Books,C0434,438.61,2023-04-29
P029,Books,C0464,255.18,2023-08-30
P020,Books,C0817,236.15,2023-03-07
P099,Toys,C0556,377.93,2023-01-08
P012,Home,C0864,362.51,2023-04-26
P086,Clothing,C0680,39.04,2023-04-05
P059,Books,C0107,485.96,2023-02-18
P030,Clothing,C0765,49.22,2023-06-14
P093,Electronics,C0592,240.57,2023-10-27
P074,Clothing,C0573,109.5,2023-11-23
P068,Clothing,C0504,436.4,2023-08-13
P094,Electronics,C0620,230.74,2023-11-12
P011,Clothing,C0063,401.69,2023-07-26
P017,Electronics,C0368,270.93,2023-08-11
P015,Books,C0182,79.61,2023-06-18
P099,Books,C0940,473.7,2023-02-23
P051,Books,C0558,388.12,2023-01-21
P055,Electronics,C0709,167.32,2023-11-29
P042,Home,C0466,249.46,2023-07-27
P083,Books,C0885,384.79,2023-01-07
P058,Toys,C0090,318.22,2023-10-25
P088,Books,C0347,236.66,2023-05-29
P053,Books,C0887,140.63,2023-12-31
P023,Clothing,C0165,187.73,2023-05-22
P049,Clothing,C0315,225.29,2023-07-28
P073,Toys,C0689,65.68,2023-08-12
P062,Toys,C0092,159.73,2023-12-28
P090,Electronics,C0668,497.9,2023-07-19
P052,Home,C0264,103.66,2023-09-06
P088,Books,C0762,292.71,2023-01-13
P061,Books,C0827,58.46,2023-02-07
P014,Books,C0495,468.89,2023-08-09
P011,Home,C0919,191.45,2023-02-13
P011,Books,C0506,144.85,2023-08-17
P031,Toys,C0885,357.79,2023-09-07
P003,Electronics,C0247,132.14,2023-11-09
P064,Electronics,C0214,434.49,2023-02-07
P044,Electronics,C0730,425.54,2023-01-24
P060,Books,C0024,294.21,2023-11-27
P018,Toys,C0389,385.27,2023-03-11
P009,Toys,C0577,135.47,2023-04-22
P092,Clothing,C0125,279.58,2023-04-18
P022,Electronics,C0545,311.72,2023-08-30
P014,Books,C0510,421.89,2023-10-14
P091,Books,C0057,493.11,2023-11-02
P021,Clothing,C0573,442.58,2023-10-07
P015,Home,C0316,16.48,2023-02-07
P037,Home,C0708,478.82,2023-10-05
P062,Books,C0191,233.27,2023-07-20
P082,Home,C0578,58.37,2023-04-30
P020,Home,C0646,238.66,2023-04-16
P052,Home,C0729,129.21,2023-06-06
P061,Clothing,C0131,345.83,2023-12-23
P052,Electronics,C0221,198.64,2023-08-30
P088,Home,C0096,420.87,2023-08-16
P040,Clothing,C0262,76.24,2023-07-06
P094,Electronics,C0678,325.36,2023-08-26
P006,Clothing,C0395,360.99,2023-02-28
P094,Clothing,C0803,194.62,2023-05-12
P078,Books,C0925,317.48,2023-08-03
P076,Clothing,C0975,425.77,2023-12-16
P034,Toys,C0789,90.93,2023-04-30
P038,Clothing,C0993,59.7,2023-08-27
P054,Toys,C0020,405.41,2023-04-26
P045,Home,C0160,245.74,2023-02-25
P100,Toys,C0222,103.23,2023-02-07
P058,Toys,C0095,199.37,2023-06-22
P018,Toys,C0680,294.48,2023-05-27
P095,Clothing,C0620,227.21,2023-04-28
P001,Electronics,C0037,145.21,2023-03-08
P062,Books,C0813,75.66,2023-05-29
P086,Toys,C0415,61.08,2023-08-31
P037,Toys,C0525,435.33,2023-01-16
P023,Home,C0700,11.74,2023-05-17
P050,Toys,C0945,365.77,2023-07-19
P076,Clothing,C0235,459.14,2023-01-23
P018,Books,C0331,421.12,2023-09-30
P002,Home,C0652,401.36,2023-02-26
P088,Toys,C0296,367.91,2023-08-28
P008,Clothing,C0433,208.3,2023-09-27
P040,Toys,C0877,133.31,2023-04-30
P007,Clothing,C0393,127.43,2023-11-01
P034,Electronics,C0442,349.89,2023-07-08
P086,Home,C0407,83.86,2023-11-14
P040,Clothing,C0174,341.33,2023-10-18
P002,Electronics,C0578,261.56,2023-01-10
P091,Clothing,C0187,456.81,2023-06-16
P081,Books,C0473,283.96,2023-08-18
P070,Home,C0148,308.22,2023-08-16
P100,Clothing,C0089,379.94,2023-05-22
P006,Electronics,C0441,178.65,2023-08-23
P056,Electronics,C0449,465.1,2023-10-23
P021,Electronics,C0322,412.51,2023-12-24
P008,Books,C0935,96.5,2023-03-09
P055,Books,C0929,109.29,2023-02-28
P077,Home,C0399,355.15,2023-10-22
P071,Home,C0592,223.94,2023-09-05
P066,Books,C0713,344.31,2023-02-19
P007,Books,C0594,486.04,2023-07-11
P017,Electronics,C0930,184.29,2023-12-21
P028,Electronics,C0171,61.04,2023-10-27
P083,Books,C0657,321.58,2023-03-19
P017,Home,C0504,351.59,2023-01-18
P028,Electronics,C0290,413.24,2023-12-24
P013,Home,C0120,312.9,2023-10-19
P064,Toys,C0642,89.53,2023-11-06
P077,Home,C0745,147.64,2023-02-04
P044,Home,C0814,387.65,2023-02-12
P001,Books,C0920,422.35,2023-08-18
P100,Home,C0998,470.02,2023-05-30
P010,Clothing,C0478,68.78,2023-05-09
P029,Clothing,C0108,290.77,2023-06-11
P090,Toys,C0501,129.66,2023-10-26
P044,Toys,C0499,165.03,2023-03-25
P092,Clothing,C0090,149.67,2023-06-08
P035,Clothing,C0967,370.33,2023-07-11
P009,Books,C0065,350.4,2023-08-13
P027,Home,C0738,151.86,2023-02-18
P070,Toys,C0061,462.25,2023-09-11
P003,Books,C0031,454.49,2023-01-01
P063,Electronics,C0297,106.15,2023-11-11
P098,Books,C0944,217.07,2023-07-11
P070,Toys,C0277,97.83,2023-06-05
P033,Toys,C0147,482.42,2023-02-14
P003,Books,C0850,433.4,2023-12-26
P044,Books,C0568,246.15,2023-06-23
P036,Clothing,C0794,125.39,2023-07-01
P069,Books,C0925,373.05,2023-12-15
P097,Clothing,C0869,79.07,2023-02-17
P082,Toys,C0672,10.8,2023-05-12
P025,Clothing,C0349,102.28,2023-11-15
P079,Books,C0630,435.31,2023-09-11
P038,Toys,C0723,72.71,2023-11-06
P016,Home,C0267,275.8,2023-01-26
P003,Electronics,C0919,32.15,2023-03-06
P049,Books,C0733,159.31,2023-01-23
P050,Clothing,C0658,405.66,2023-12-07
P052,Electronics,C0322,124.28,2023-08-06
P090,Electronics,C0765,96.07,2023-12-17
P065,Electronics,C0998,243.6,2023-01-02
P063,Home,C0737,84.76,2023-01-26
P022,Toys,C0393,472.92,2023-08-11
P006,Home,C0180,478.37,2023-02-21
P006,Books,C0351,450.85,2023-12-27
P002,Clothing,C0426,234.56,2023-05-21
P022,Clothing,C0243,444.36,2023-04-16
P083,Clothing,C0033,443.05,2023-04-04
P056,Books,C0069,191.73,2023-11-06
P047,Books,C0611,25.61,2023-08-05
P033,Electronics,C0401,210.64,2023-12-22
P047,Electronics,C0779,459.52,2023-06-26
P035,Electronics,C0289,100.81,2023-02-22
P083,Clothing,C0444,49.13,2023-07-25
P071,Electronics,C0180,432.11,2023-02-06
P023,Home,C0607,384.75,2023-01-31
P063,Books,C0915,394.76,2023-08-06
P062,Electronics,C0217,432.85,2023-06-09
P071,Home,C0636,51.25,2023-06-21
P034,Toys,C0796,481.4,2023-03-19
P079,Clothing,C0205,256.9,2023-01-20
P044,Toys,C0982,34.12,2023-05-04
P096,Clothing,C0673,399.04,2023-11-06
P063,Electronics,C0579,377.83,2023-04-16
P017,Toys,C0399,280.1,2023-04-20
P086,Clothing,C0850,263.53,2023-12-25
P012,Toys,C0368,409.81,2023-08-24
P017,Toys,C0327,71.63,2023-03-23
P050,Home,C0430,27.36,2023-11-12
P058,Books,C0181,172.52,2023-02-14
P057,Books,C0383,108.52,2023-01-25
P085,Home,C0156,412.48,2023-02-09
P060,Home,C0549,109.07,2023-06-05
P036,Toys,C0341,463.18,2023-11-15
P097,Electronics,C0966,28.34,2023-06-05
P011,Books,C0308,247.12,2023-02-06
P072,Clothing,C0476,278.36,2023-03-15
P034,Toys,C0230,340.71,2023-09-26
P091,Books,C0649,189.97,2023-07-29
P049,Home,C0773,435.43,2023-11-20
P044,Electronics,C0003,180.25,2023-01-05
P007,Electronics,C0847,146.32,2023-08-26
P003,Toys,C0622,11.62,2023-07-11
P019,Electronics,C0566,242.8,2023-06-22
P039,Clothing,C0319,31.05,2023-01-30
P017,Clothing,C0825,53.0,2023-03-19
P059,Books,C0432,171.15,2023-07-17
P087,Electronics,C0929,223.15,2023-02-06
P007,Toys,C0573,178.56,2023-05-09
P025,Home,C0851,317.14,2023-12-29
P074,Toys,C0804,476.11,2023-07-03
P061,Clothing,C0247,132.7,2023-02-09
P060,Books,C0985,494.81,2023-07-23
P094,Books,C0901,204.02,2023-04-10
P062,Books,C0721,98.94,2023-05-16
P082,Books,C0911,351.85,2023-12-17
P014,Home,C0494,25.73,2023-12-01
P052,Toys,C1000,94.25,2023-03-01
P036,Clothing,C0270,409.27,2023-01-10
P065,Toys,C0487,300.53,2023-08-08
P014,Books,C0265,162.29,2023-02-12
P041,Electronics,C0995,88.58,2023-12-23
P046,Toys,C0943,328.29,2023-07-09
P041,Clothing,C0212,14.33,2023-07-06
P089,Home,C0193,316.06,2023-11-05
P047,Toys,C0236,155.02,2023-10-08
P065,Clothing,C0290,301.7,2023-09-09
P080,Toys,C0683,235.21,2023-02-12
P055,Toys,C0922,26.02,2023-06-12
P075,Books,C0572,198.93,2023-03-12
P055,Home,C0461,43.93,2023-06-24
P057,Home,C0567,307.12,2023-02-15
P085,Books,C0467,476.54,2023-11-02
P036,Home,C0030,452.5,2023-05-01
P049,Toys,C0416,466.06,2023-07-21
P061,Electronics,C0140,133.25,2023-02-13
P018,Books,C0155,54.31,2023-09-08
P012,Electronics,C0815,485.93,2023-09-18
P028,Books,C0037,140.4,2023-09-16
P027,Books,C0143,147.8,2023-07-25
P065,Electronics,C0751,356.17,2023-09-08
P090,Electronics,C0550,424.98,2023-04-27
P077,Clothing,C0215,74.26,2023-03-13
P052,Books,C0763,385.99,2023-06-06
P063,Books,C0556,388.14,2023-07-02
P069,Home,C0442,194.34,2023-05-30
P042,Books,C0759,428.01,2023-08-08
P012,Electronics,C0260,186.23,2023-05-18
P098,Home,C0793,386.33,2023-11-27
P094,Electronics,C0527,430.03,2023-03-04
P032,Electronics,C0816,168.85,2023-11-22
P073,Books,C0510,69.24,2023-03-01
P028,Electronics,C0641,162.27,2023-08-22
P071,Home,C0412,458.48,2023-05-24
P049,Home,C0251,423.74,2023-03-18
P046,Electronics,C0580,175.58,2023-10-26
P093,Books,C0564,165.24,2023-07-26
P006,Books,C0929,168.25,2023-10-23
P010,Home,C0259,207.63,2023-01-29
P082,Home,C0401,486.08,2023-11-08
P077,Home,C0575,346.74,2023-01-01
P099,Home,C0657,75.28,2023-05-16
P089,Toys,C0916,121.21,2023-08-24
P006,Toys,C0032,415.66,2023-07-03
P024,Books,C0607,454.03,2023-03-15
P054,Toys,C0637,19.28,2023-03-23
P095,Home,C0910,405.14,2023-01-22
P071,Clothing,C0244,80.79,2023-06-02
P048,Books,C0951,148.09,2023-11-11
P057,Clothing,C0853,296.01,2023-02-08
P083,Toys,C0325,309.41,2023-11-14
P056,Clothing,C0445,122.05,2023-06-17
P064,Toys,C0930,84.73,2023-05-18
P033,Toys,C0127,49.94,2023-12-03
P064,Toys,C0597,169.58,2023-01-12
P052,Home,C0192,211.51,2023-07-12
P060,Home,C0938,421.41,2023-12-13
P032,Books,C0922,164.59,2023-09-26
P033,Books,C0867,86.36,2023-10-18
P065,Toys,C0002,64.66,2023-12-05
P092,Electronics,C0146,422.56,2023-01-15
P080,Electronics,C0724,341.89,2023-06-23
P048,Books,C0704,293.22,2023-05-15
P082,Electronics,C0815,353.21,2023-09-01
P060,Books,C0407,495.95,2023-10-10
P051,Clothing,C0997,20.18,2023-01-24
P078,Electronics,C0657,461.34,2023-08-31
P047,Toys,C0771,89.45,2023-04-10
P068,Electronics,C0553,253.99,2023-01-12
P029,Clothing,C0954,386.72,2023-12-15
P041,Books,C0413,354.17,2023-04-01
P027,Electronics,C0933,377.55,2023-12-05
P044,Clothing,C0473,20.35,2023-05-28
P023,Books,C0926,18.56,2023-08-09
P035,Electronics,C0334,244.03,2023-01-19
P008,Home,C0391,119.44,2023-06-09
P059,Electronics,C0579,252.05,2023-11-17
P028,Toys,C0029,431.8,2023-05-24
P088,Books,C0919,227.17,2023-10-16
P061,Home,C0048,191.23,2023-08-24
P066,Toys,C0701,404.6,2023-01-28
P039,Home,C0715,491.78,2023-07-22
P071,Clothing,C0047,412.13,2023-07-08
P003,Electronics,C0346,87.34,2023-03-31
P088,Books,C0542,480.09,2023-08-16
P036,Clothing,C0730,182.14,2023-08-12
P072,Home,C0731,420.68,2023-10-26
P077,Books,C0224,54.77,2023-07-15
P011,Electronics,C0686,256.33,2023-03-05
P055,Home,C0800,336.93,2023-08-19
P012,Electronics,C0756,320.81,2023-12-31
P059,Clothing,C0968,158.49,2023-09-27
P073,Home,C0767,109.56,2023-06-22
P017,Books,C0178,381.7,2023-02-14
P018,Home,C0413,381.05,2023-06-22
P064,Clothing,C0474,364.57,2023-01-24
P073,Toys,C0760,222.24,2023-05-12
P078,Electronics,C0318,390.15,2023-10-28
P023,Clothing,C0213,461.95,2023-04-02
P097,Books,C0100,409.0,2023-09-02
P086,Toys,C0951,456.19,2023-01-20
P057,Electronics,C0972,194.84,2023-08-16
P094,Clothing,C0560,281.07,2023-11-05
P044,Clothing,C0187,409.39,2023-07-30
P084,Toys,C0218,194.51,2023-01-18
P030,Books,C0992,53.82,2023-01-27
P015,Books,C0947,309.7,2023-02-23
P086,Home,C0302,431.57,2023-09-04
P074,Electronics,C0912,160.15,2023-01-03
P012,Toys,C0441,354.65,2023-03-22
P054,Books,C0633,224.85,2023-11-17
P092,Home,C0184,150.28,2023-07-11
P084,Home,C0935,287.39,2023-09-22
P042,Books,C0912,470.3,2023-02-11
P071,Clothing,C0288,221.28,2023-10-05
P020,Electronics,C0989,488.53,2023-07-16
P026,Electronics,C0121,302.59,2023-02-15
P070,Toys,C0542,120.29,2023-06-28
P030,Home,C0039,123.26,2023-05-29
P010,Toys,C0146,354.59,2023-01-17
P021,Toys,C0647,76.91,2023-10-10
P023,Books,C0162,94.25,2023-06-02
P006,Clothing,C0406,205.52,2023-05-06
P002,Books,C0301,498.07,2023-10-01
P065,Electronics,C0699,391.58,2023-03-10
P042,Home,C0051,215.27,2023-01-08
P081,Books,C0388,368.97,2023-09-28
P006,Books,C0546,121.7,2023-04-17
P012,Books,C0967,427.61,2023-12-02
P022,Electronics,C0164,20.67,2023-04-03
P077,Books,C0620,467.14,2023-12-22
P036,Toys,C0799,419.81,2023-03-22
P065,Toys,C0577,75.06,2023-02-14
P011,Books,C0792,201.29,2023-10-31
P086,Toys,C0432,464.66,2023-09-29
P093,Books,C0925,103.53,2023-02-05
P047,Toys,C0174,72.09,2023-09-25
P070,Electronics,C0993,169.91,2023-09-03
P026,Toys,C0036,135.85,2023-12-31
P093,Toys,C0654,342.9,2023-02-16
P007,Books,C0215,266.17,2023-11-23
P005,Clothing,C0721,361.08,2023-04-29
P067,Electronics,C0403,407.58,2023-05-12
P066,Home,C0229,187.1,2023-10-13
P012,Home,C0921,450.58,2023-11-08
P011,Books,C0954,72.56,2023-03-30
P051,Clothing,C0877,24.7,2023-11-12
P032,Toys,C0842,29.6,2023-01-15
P055,Electronics,C0999,144.27,2023-12-24
P044,Toys,C0590,340.15,2023-04-19
P043,Home,C0891,12.44,2023-06-24
P024,Clothing,C0617,294.87,2023-11-16
P036,Electronics,C0242,172.62,2023-02-20
P064,Books,C0535,12.99,2023-10-22
P057,Electronics,C0711,210.0,2023-04-30
P057,Clothing,C0814,114.81,2023-02-15
P094,Clothing,C0093,245.43,2023-06-05
P100,Home,C0419,178.34,2023-10-24
P068,Books,C0209,13.27,2023-07-22
P037,Electronics,C0282,491.77,2023-02-03
P001,Home,C0378,75.1,2023-10-03
P100,Clothing,C0553,103.14,2023-07-25
P032,Home,C0815,89.71,2023-03-20
P057,Toys,C0875,144.93,2023-01-12
P058,Electronics,C0580,338.05,2023-11-15
P001,Electronics,C0795,129.49,2023-11-23
P015,Toys,C0331,488.83,2023-02-22
P017,Home,C0570,304.3,2023-02-01
P072,Clothing,C0107,455.79,2023-03-18
P048,Electronics,C0248,105.61,2023-09-20
P090,Books,C0835,274.89,2023-11-16
P092,Books,C0985,412.7,2023-12-21
P014,Clothing,C0386,107.93,2023-09-14
P023,Toys,C0958,284.46,2023-09-26
P039,Electronics,C0812,82.05,2023-04-12
P006,Home,C0562,138.94,2023-04-03
P080,Electronics,C0936,430.98,2023-02-08
P071,Books,C0923,82.28,2023-02-21
P078,Books,C0741,433.26,2023-07-11
P051,Home,C0477,62.47,2023-08-14
P093,Books,C0774,92.72,2023-08-17
P054,Toys,C0456,153.12,2023-05-28
P009,Home,C0246,483.86,2023-02-21
P037,Electronics,C0223,41.67,2023-11-29
P084,Toys,C0616,35.14,2023-02-13
P051,Home,C0074,64.62,2023-02-17
P093,Home,C0970,447.66,2023-05-26
P001,Toys,C0209,98.24,2023-10-30
P014,Books,C0888,354.79,2023-12-06
P062,Toys,C0062,482.2,2023-12-27
P050,Books,C0183,138.08,2023-12-02
P012,Books,C0935,327.27,2023-05-01
P001,Electronics,C0380,165.91,2023-02-16
P088,Home,C0920,250.29,2023-05-22
P086,Home,C0460,215.5,2023-10-18
P100,Home,C0918,237.9,2023-04-16
P005,Toys,C0641,400.31,2023-11-22
P042,Books,C0376,143.11,2023-07-13
P069,Electronics,C0767,161.4,2023-02-11
P018,Home,C0908,252.03,2023-05-01
P037,Books,C0973,158.53,2023-01-27
P013,Clothing,C0207,364.13,2023-03-27
P058,Toys,C0868,122.34,2023-02-22
P082,Books,C0238,24.97,2023-12-06
P065,Books,C0144,25.94,2023-10-07
P099,Books,C0595,237.07,2023-02-14
P020,Home,C0355,385.56,2023-05-22
P036,Toys,C0170,13.27,2023-06-14
P013,Toys,C0795,459.55,2023-05-10
P006,Home,C0554,46.53,2023-07-05
P015,Books,C0038,366.63,2023-11-07
P068,Clothing,C0919,159.94,2023-02-01
P003,Home,C0638,371.2,2023-09-05
P012,Books,C0180,393.92,2023-01-07
P056,Home,C0573,378.98,2023-05-14
P034,Home,C0725,69.94,2023-07-18
P078,Clothing,C0636,347.81,2023-01-01
P041,Home,C0938,98.76,2023-05-21
P065,Books,C0509,284.86,2023-07-04
P088,Books,C0686,462.01,2023-06-26
P042,Electronics,C0935,211.38,2023-05-20
P038,Books,C0144,406.29,2023-12-07
P031,Clothing,C0058,273.46,2023-10-15
P052,Books,C0661,152.56,2023-11-02
P069,Books,C0243,68.04,2023-01-02
P069,Home,C0740,374.19,2023-01-28
P049,Toys,C0811,478.98,2023-11-22
P022,Books,C0894,348.47,2023-02-17
P023,Books,C0905,352.6,2023-04-26
P034,Home,C0462,376.54,2023-05-26
P019,Clothing,C0849,364.63,2023-11-09
P085,Books,C0346,213.16,2023-01-21
P003,Electronics,C0147,215.77,2023-10-05
P032,Home,C0111,275.67,2023-02-04
P015,Electronics,C0714,433.08,2023-07-10
P073,Home,C0357,100.1,2023-02-27
P001,Electronics,C0043,267.76,2023-09-28
P089,Clothing,C0788,76.8,2023-07-25
P042,Clothing,C0435,209.25,2023-09-14
P097,Home,C0389,165.97,2023-11-29
P086,Electronics,C0245,205.06,2023-03-02
P046,Toys,C0100,86.87,2023-03-20
P004,Home,C0282,313.36,2023-11-24
P066,Home,C0987,13.15,2023-06-27
P039,Electronics,C0084,279.36,2023-01-24
P073,Books,C0728,256.5,2023-09-11
P050,Books,C0859,469.09,2023-11-27
P062,Clothing,C0582,251.08,2023-02-23
P092,Toys,C0904,89.7,2023-11-25
P087,Books,C0483,484.69,2023-11-19
P058,Home,C0812,387.15,2023-03-16
P065,Books,C0688,151.28,2023-02-14
P015,Clothing,C0334,230.91,2023-07-25
P081,Toys,C0913,279.41,2023-07-29
P005,Toys,C0131,244.51,2023-06-12
P082,Electronics,C0749,417.28,2023-07-13
P010,Electronics,C0950,263.95,2023-12-04
P059,Toys,C0695,31.62,2023-12-26
P072,Toys,C0384,347.85,2023-11-16
P084,Books,C0649,137.23,2023-10-06
P072,Electronics,C0076,335.2,2023-07-23
P048,Toys,C0223,204.61,2023-01-31
P090,Home,C0353,25.42,2023-10-02
P074,Electronics,C0731,270.81,2023-06-30
P045,Home,C0901,190.16,2023-08-24
P062,Toys,C0114,70.84,2023-04-01
P017,Home,C0072,158.06,2023-12-20
P033,Home,C0911,295.19,2023-07-15
P051,Clothing,C0043,368.98,2023-12-04
P004,Books,C0411,294.34,2023-04-22
P086,Toys,C0623,157.01,2023-11-25
P093,Toys,C0221,110.1,2023-08-23
P082,Electronics,C0653,223.96,2023-04-16
P043,Books,C0158,354.41,2023-04-08
P035,Home,C0923,258.64,2023-10-10
P073,Clothing,C0591,270.38,2023-05-24
P040,Books,C0707,78.28,2023-09-27
P009,Books,C0396,229.04,2023-04-03
P019,Toys,C0029,204.59,2023-02-01
P001,Books,C0630,109.25,2023-04-25
P002,Toys,C0065,23.97,2023-12-01
P062,Books,C0561,269.46,2023-08-29
P077,Books,C0235,55.87,2023-12-01
P062,Home,C0441,266.25,2023-08-11
P055,Home,C0082,364.93,2023-12-28
P072,Toys,C0396,236.79,2023-12-07
P055,Home,C0666,51.52,2023-10-14
P087,Books,C0414,357.67,2023-05-18
P022,Home,C0959,225.61,2023-06-06
P066,Books,C0071,123.97,2023-08-23
P027,Home,C0313,193.55,2023-02-20
P040,Electronics,C0367,499.06,2023-02-10
P100,Clothing,C0080,251.71,2023-01-10
P023,Toys,C0452,454.35,2023-06-22
P072,Toys,C0631,359.02,2023-03-13
P035,Electronics,C0768,319.53,2023-08-13
P089,Toys,C1000,238.58,2023-07-13
P061,Clothing,C0020,335.22,2023-11-14
P035,Home,C0513,158.79,2023-12-16
P066,Toys,C0887,423.97,2023-07-12
P043,Books,C0327,320.25,2023-09-03
P022,Books,C0787,74.35,2023-08-22
P069,Home,C0652,408.34,2023-04-01
P050,Toys,C0855,433.25,2023-07-09
P086,Books,C0391,178.19,2023-09-10
P065,Electronics,C0976,80.07,2023-07-27
P026,Books,C0621,216.9,2023-04-27
P006,Books,C0612,448.44,2023-05-24
P066,Books,C0857,357.15,2023-09-29
P067,Books,C0254,328.49,2023-12-20
P011,Clothing,C0886,409.42,2023-10-13
P071,Books,C0044,100.38,2023-11-11
P084,Home,C0905,136.71,2023-08-12
P061,Toys,C0196,36.63,2023-07-31
P028,Electronics,C0103,138.88,2023-09-05
P037,Home,C0659,339.22,2023-06-16
P008,Home,C0828,380.2,2023-08-30
P097,Books,C0711,333.51,2023-11-21
P083,Toys,C0985,200.18,2023-11-18
P099,Toys,C0714,83.87,2023-01-19
P013,Clothing,C0702,399.82,2023-05-31
P051,Clothing,C0233,121.65,2023-09-22
P015,Home,C0778,292.78,2023-10-22
P073,Electronics,C0051,408.64,2023-03-19
P029,Electronics,C0277,471.59,2023-05-26
P045,Electronics,C0781,197.46,2023-04-14
P089,Toys,C0142,70.21,2023-03-18
P031,Electronics,C0442,297.68,2023-09-23
P018,Toys,C0910,423.78,2023-12-08
P046,Toys,C0998,477.58,2023-09-05
P065,Electronics,C0699,350.61,2023-12-23
P070,Books,C0930,273.85,2023-07-24
P003,Books,C0004,337.31,2023-10-29
P014,Clothing,C0301,432.37,2023-04-02
P030,Clothing,C0708,217.33,2023-03-28
P054,Electronics,C0825,349.39,2023-01-20
P065,Home,C0315,353.66,2023-07-20
P014,Electronics,C0856,491.41,2023-01-14
P016,Books,C0102,364.2,2023-08-21
P049,Home,C0632,272.94,2023-12-22
P060,Home,C0962,371.95,2023-10-21
P066,Clothing,C0887,122.13,2023-04-01
P005,Electronics,C0618,379.95,2023-09-28
P065,Books,C0522,484.3,2023-12-19
P004,Clothing,C0376,449.23,2023-01-16
P059,Home,C0868,387.53,2023-05-16
P003,Books,C0707,337.01,2023-02-02
P089,Home,C0025,350.31,2023-05-07
P057,Electronics,C0225,14.92,2023-11-07
P026,Toys,C0143,127.18,2023-11-25
P035,Home,C0275,53.49,2023-09-08
P067,Clothing,C0604,398.97,2023-09-05
P024,Electronics,C0684,111.94,2023-08-25
P090,Electronics,C0261,55.7,2023-08-14
P027,Toys,C0024,105.78,2023-08-27
P099,Home,C0874,250.57,2023-07-08
P091,Books,C0012,311.89,2023-09-19
P024,Electronics,C0495,494.31,2023-09-20
P053,Clothing,C0211,258.71,2023-04-14
P006,Books,C0102,14.77,2023-07-02
P014,Books,C0728,481.71,2023-09-13
P054,Home,C0442,51.94,2023-02-28
P011,Electronics,C0827,58.57,2023-02-12
P021,Electronics,C0886,428.21,2023-03-28
P002,Toys,C0130,488.91,2023-12-17
P033,Books,C0526,36.84,2023-09-23
P016,Electronics,C0818,313.01,2023-09-23
P084,Home,C0026,245.24,2023-12-10
P082,Books,C0407,367.88,2023-12-16
P025,Books,C0921,308.0,2023-10-10
P023,Toys,C0705,238.22,2023-06-08
P083,Toys,C0102,42.32,2023-09-09
P068,Clothing,C0857,286.21,2023-10-29
P035,Electronics,C0752,398.51,2023-12-12
P090,Books,C0813,121.51,2023-05-13
P098,Clothing,C0080,254.37,2023-05-10
P058,Home,C0570,134.21,2023-10-04
P012,Toys,C0518,231.26,2023-03-17
P035,Electronics,C0490,441.26,2023-08-25
P003,Clothing,C0697,394.26,2023-11-26
P029,Electronics,C0375,382.42,2023-07-02
P056,Toys,C0261,153.67,2023-04-02
P041,Home,C0440,286.01,2023-12-30
P088,Clothing,C0993,285.05,2023-03-09
P054,Clothing,C0549,191.97,2023-03-21
P015,Electronics,C0706,70.14,2023-03-25
P055,Books,C0385,328.9,2023-08-20
P058,Electronics,C0163,267.04,2023-07-09
P031,Electronics,C0467,267.4,2023-01-29
P051,Books,C0593,338.27,2023-10-11
P012,Toys,C0695,362.24,2023-06-27
P078,Toys,C0419,443.78,2023-12-07
P056,Electronics,C0457,417.17,2023-08-20
P075,Home,C0692,228.67,2023-03-19
P088,Electronics,C0765,387.98,2023-03-08
P092,Home,C0776,317.43,2023-12-01
P071,Books,C0431,379.14,2023-10-24
P046,Books,C0525,252.69,2023-07-01
P081,Books,C0268,359.65,2023-10-16
P027,Books,C0685,402.57,2023-07-03
P052,Books,C0432,396.54,2023-09-05
P031,Clothing,C0760,204.5,2023-03-10
P017,Electronics,C0018,469.25,2023-10-14
P043,Clothing,C0020,212.46,2023-10-01
P068,Books,C0202,69.54,2023-03-08
P047,Home,C0792,208.74,2023-05-11
P024,Electronics,C0340,128.34,2023-09-15
P018,Electronics,C0324,443.91,2023-11-28
P001,Home,C0577,319.18,2023-09-26
P037,Toys,C0897,183.8,2023-01-22
P072,Home,C0808,54.95,2023-02-07
P039,Toys,C0567,195.02,2023-03-10
P041,Home,C0362,68.55,2023-11-14
P027,Toys,C0096,474.52,2023-07-24
P089,Clothing,C0184,491.51,2023-04-19
P089,Toys,C0599,347.04,2023-11-06
P044,Home,C0292,400.44,2023-05-04
P027,Home,C0701,438.32,2023-12-12
P078,Books,C0119,54.66,2023-11-24
P010,Home,C0555,105.92,2023-04-17
P087,Books,C0319,70.5,2023-09-18
P097,Books,C0437,185.92,2023-11-26
P096,Electronics,C0869,468.34,2023-05-22
P087,Toys,C0098,235.68,2023-10-08
P080,Clothing,C0434,31.67,2023-03-05
P093,Home,C0428,233.7,2023-08-14
P081,Clothing,C0112,284.35,2023-08-13
P002,Clothing,C0865,325.19,2023-04-09
P027,Clothing,C0738,141.37,2023-03-18
P041,Clothing,C0241,447.36,2023-07-19
P017,Home,C0620,183.36,2023-04-03
P040,Clothing,C0638,77.09,2023-10-30
P026,Clothing,C0070,260.67,2023-09-08
P056,Books,C0227,71.21,2023-06-09
P030,Home,C0764,125.5,2023-10-06
P069,Home,C0152,71.21,2023-05-19
P003,Home,C0481,354.58,2023-09-21
P095,Books,C0387,495.67,2023-04-01
P096,Electronics,C0865,18.11,2023-09-30
P094,Toys,C0326,147.59,2023-02-12
P092,Clothing,C0619,249.33,2023-10-25
P008,Home,C0491,391.93,2023-09-18
P065,Clothing,C0223,422.26,2023-04-04
P060,Books,C0605,266.35,2023-04-23
P023,Clothing,C0846,234.06,2023-12-26
P003,Electronics,C0545,432.47,2023-05-03
P063,Books,C0278,390.7,2023-11-11
P001,Books,C0782,253.82,2023-07-20
P046,Books,C0226,206.79,2023-12-07
P025,Books,C0930,319.61,2023-05-11
P090,Home,C0689,149.2,2023-05-29
P060,Toys,C0031,77.25,2023-02-05
P038,Toys,C0910,310.1,2023-09-15
P048,Electronics,C0986,50.41,2023-05-16
P003,Books,C0784,473.52,2023-01-13
P074,Books,C0854,130.18,2023-02-03
P091,Clothing,C0395,39.89,2023-04-20
P090,Books,C0036,150.75,2023-06-13
P027,Toys,C0752,27.52,2023-05-08
P046,Home,C0019,124.43,2023-11-03
P052,Toys,C0208,129.07,2023-04-21
P029,Home,C0588,360.1,2023-01-15
P019,Books,C0174,210.89,2023-06-30
P062,Clothing,C0700,178.45,2023-09-06
P004,Books,C0883,431.44,2023-10-21
P022,Electronics,C0924,173.47,2023-07-28
P062,Toys,C0583,168.31,2023-04-08
P057,Electronics,C0871,104.58,2023-07-30
P013,Clothing,C0470,18.89,2023-03-18
P001,Home,C0629,213.68,2023-08-01
P017,Toys,C0679,303.45,2023-03-05
P044,Books,C0515,254.56,2023-01-18
P044,Electronics,C0674,413.95,2023-09-18
P045,Toys,C0862,173.6,2023-01-19
P032,Books,C0787,305.58,2023-10-15
P086,Electronics,C0088,339.61,2023-05-05
P084,Toys,C0739,212.95,2023-05-02
P009,Home,C0949,93.96,2023-06-15
P052,Electronics,C0820,103.27,2023-06-26
P039,Clothing,C0324,382.7,2023-10-21
P001,Toys,C0652,191.39,2023-08-02
P042,Toys,C0154,33.85,2023-12-08
P058,Home,C0177,290.31,2023-11-10
P050,Clothing,C0858,458.3,2023-10-03
P028,Home,C0627,275.52,2023-09-30
P029,Clothing,C0701,417.17,2023-05-20
P063,Electronics,C0478,261.12,2023-08-23
P055,Electronics,C0539,262.87,2023-05-10
P079,Books,C0352,343.47,2023-05-16
P098,Toys,C0908,415.41,2023-03-27
P058,Clothing,C0571,438.74,2023-04-10
P025,Books,C0749,309.28,2023-11-30
P073,Electronics,C0651,279.04,2023-02-23
P062,Books,C0487,186.42,2023-12-09
P032,Home,C0065,384.38,2023-09-12
P040,Electronics,C0941,169.55,2023-03-23
P086,Home,C0861,151.63,2023-10-16
P100,Toys,C0941,412.32,2023-05-11
P036,Toys,C0857,187.13,2023-07-30
P037,Home,C0816,163.09,2023-02-20
P019,Electronics,C0479,389.75,2023-12-25
P082,Electronics,C0846,66.97,2023-02-01
P007,Books,C0441,265.0,2023-09-05
P094,Clothing,C0682,221.86,2023-07-09
P026,Books,C0685,366.62,2023-02-24
P097,Home,C0994,483.68,2023-04-08
P097,Home,C0934,378.41,2023-11-01
P050,Books,C0159,390.8,2023-09-29
P015,Books,C0188,400.42,2023-08-21
P058,Books,C0123,368.07,2023-08-10
P009,Toys,C0738,217.09,2023-10-15
P049,Clothing,C0362,417.46,2023-01-06
P040,Clothing,C0778,377.69,2023-11-05
P047,Books,C0990,384.22,2023-07-19
P028,Home,C0930,394.56,2023-06-16
P079,Home,C0426,198.66,2023-06-27
P079,Home,C0883,53.91,2023-09-29
P053,Electronics,C0489,399.28,2023-07-12
P071,Home,C0460,193.39,2023-02-05
P037,Clothing,C0654,452.06,2023-11-13
P077,Clothing,C0234,206.81,2023-02-14
P030,Clothing,C0574,476.02,2023-12-15
P072,Clothing,C0010,13.98,2023-06-01
P048,Books,C0648,80.29,2023-11-08
P071,Books,C0198,400.46,2023-11-23
P071,Books,C0341,158.89,2023-02-25
P031,Home,C0242,106.4,2023-05-30
P027,Clothing,C0157,111.7,2023-01-03
P060,Books,C0390,389.37,2023-05-30
P058,Home,C0409,214.86,2023-09-12
P099,Clothing,C0158,137.02,2023-05-06
P092,Electronics,C0762,440.06,2023-12-13
P060,Books,C0397,478.9,2023-09-09
P067,Home,C0588,418.88,2023-06-25
P014,Home,C0395,444.4,2023-07-30
P074,Electronics,C0172,198.68,2023-04-19
P076,Electronics,C0509,36.24,2023-10-30
P090,Electronics,C0769,208.6,2023-06-03
P067,Home,C0644,252.69,2023-01-26
P015,Home,C0787,475.16,2023-08-17
P006,Books,C0504,216.84,2023-07-17
P044,Electronics,C0635,173.25,2023-09-14
P012,Electronics,C0862,182.98,2023-03-10
P086,Electronics,C0695,470.17,2023-03-13
P041,Toys,C0956,102.24,2023-09-13
P047,Toys,C0331,438.36,2023-08-10
P096,Home,C0453,249.08,2023-10-17
P096,Books,C0718,282.93,2023-03-08
P047,Home,C0118,412.35,2023-02-04
P083,Home,C0741,418.57,2023-03-29
P026,Books,C0003,380.91,2023-09-10
P095,Home,C0864,225.93,2023-07-15
P076,Clothing,C0126,430.53,2023-01-28
P022,Toys,C0077,263.06,2023-11-08
P030,Toys,C0374,448.45,2023-12-01
P098,Books,C0123,72.58,2023-08-22
P042,Toys,C0353,20.87,2023-11-30
P005,Clothing,C0798,402.02,2023-08-23
P084,Toys,C0758,51.16,2023-09-04
P061,Books,C0088,464.42,2023-02-08
P033,Electronics,C0117,426.98,2023-06-10
P025,Toys,C0541,373.51,2023-11-11
P048,Clothing,C0810,383.2,2023-05-02
P089,Clothing,C0376,424.54,2023-02-08
P078,Home,C0651,261.08,2023-10-21
P054,Home,C0971,341.65,2023-10-20
P014,Books,C0483,472.79,2023-10-01
P086,Toys,C0548,178.91,2023-05-09
P025,Books,C0597,371.73,2023-01-10
P044,Electronics,C0768,395.77,2023-06-30
P054,Books,C0495,358.76,2023-10-22
P056,Home,C0014,313.19,2023-06-02
P016,Electronics,C0015,363.01,2023-01-01
P095,Toys,C0136,231.25,2023-11-04
P091,Toys,C0641,44.26,2023-04-09
P088,Books,C0376,265.09,2023-11-11
P029,Clothing,C0593,420.23,2023-04-25
P049,Electronics,C0206,368.62,2023-09-11
P050,Books,C0939,235.78,2023-05-18
P025,Home,C0758,469.08,2023-11-30
P045,Electronics,C0465,490.22,2023-12-13
P038,Books,C0164,393.03,2023-03-19
P054,Electronics,C0062,204.75,2023-03-10
P068,Clothing,C0551,431.7,2023-11-25
P027,Toys,C0193,108.1,2023-07-03
P023,Home,C0554,250.59,2023-10-30
P085,Electronics,C0797,445.46,2023-12-13
P074,Electronics,C0960,126.62,2023-06-01
P080,Clothing,C0576,82.37,2023-09-21
P008,Books,C0528,472.27,2023-08-31
P056,Home,C0130,74.34,2023-09-06
P057,Electronics,C0455,145.47,2023-03-20
P056,Toys,C0358,462.95,2023-01-21
P028,Clothing,C0906,162.41,2023-09-15
P046,Toys,C0661,108.23,2023-06-12
P087,Home,C0108,436.0,2023-12-14
P099,Electronics,C0380,96.65,2023-07-05
P096,Toys,C0381,347.57,2023-10-06
P071,Books,C0615,61.57,2023-03-24
P005,Books,C0660,177.38,2023-08-30
P003,Home,C0754,371.38,2023-06-18
P059,Clothing,C0878,361.76,2023-08-05
P005,Home,C0816,454.25,2023-11-25
P013,Clothing,C0600,192.49,2023-07-04
P012,Books,C0783,312.16,2023-05-10
P089,Electronics,C0855,384.44,2023-04-19
P079,Toys,C0490,45.81,2023-07-06
P008,Clothing,C0597,285.84,2023-04-28
P011,Electronics,C0526,348.58,2023-03-16
P099,Home,C0805,45.57,2023-12-18
P008,Toys,C0908,413.0,2023-02-06
P080,Home,C0715,26.25,2023-01-09
P036,Toys,C0658,418.96,2023-08-25
P041,Home,C0507,41.66,2023-06-20
P090,Clothing,C0997,354.21,2023-08-02
P044,Toys,C0778,192.72,2023-02-18
P038,Home,C0176,91.54,2023-10-10
P006,Clothing,C0147,155.19,2023-09-17
P013,Home,C0877,464.36,2023-06-14
P057,Toys,C0156,61.18,2023-05-27
P003,Electronics,C0873,35.61,2023-08-28
P015,Home,C0690,262.53,2023-05-03
P064,Electronics,C0241,245.82,2023-02-15
P031,Books,C0082,299.63,2023-01-10
P062,Clothing,C0403,171.91,2023-03-16
P064,Electronics,C0228,393.84,2023-08-28
P085,Books,C0680,437.54,2023-01-22
P006,Clothing,C0242,336.11,2023-03-15
P097,Home,C0622,243.5,2023-08-07
P080,Books,C0538,401.95,2023-01-05
P058,Toys,C0344,374.66,2023-05-01
P040,Clothing,C0687,483.95,2023-01-12
P093,Toys,C0507,271.31,2023-09-22
P048,Home,C0315,87.07,2023-12-12
P031,Books,C0470,498.17,2023-01-04
P010,Books,C0600,439.24,2023-03-04
P085,Toys,C0804,219.76,2023-02-12
P059,Toys,C0720,240.31,2023-08-25
P009,Toys,C0680,273.4,2023-05-18
P066,Books,C0247,79.56,2023-01-02
P029,Home,C0752,324.47,2023-08-20
P056,Clothing,C0632,246.11,2023-07-20
P094,Electronics,C0449,206.28,2023-02-06
P004,Toys,C0755,434.8,2023-07-19
P063,Electronics,C0287,498.66,2023-08-20
P002,Books,C0791,380.79,2023-02-22
P019,Home,C0882,483.32,2023-10-12
P094,Electronics,C0775,186.93,2023-07-09
P071,Electronics,C0470,66.65,2023-10-09
P078,Electronics,C0891,250.68,2023-04-28
P034,Electronics,C0328,148.85,2023-05-28
P014,Electronics,C0502,268.28,2023-04-22
P048,Electronics,C0861,399.39,2023-07-11
P012,Electronics,C0340,416.1,2023-10-04
P052,Electronics,C0051,154.97,2023-07-11
P057,Clothing,C0476,284.45,2023-11-02
P012,Books,C0842,495.2,2023-01-07
P057,Toys,C0804,71.26,2023-07-05
P087,Clothing,C0128,346.19,2023-11-14
P018,Clothing,C0729,258.34,2023-12-16
P086,Home,C0431,282.87,2023-06-20
P035,Home,C0629,40.73,2023-05-21
P008,Home,C0342,150.27,2023-06-06
P071,Home,C0445,68.32,2023-09-08
P046,Electronics,C0865,385.78,2023-02-01
P008,Clothing,C0772,443.1,2023-10-13
P013,Clothing,C0993,62.5,2023-09-04
P012,Electronics,C0827,100.35,2023-11-04
P056,Clothing,C0154,219.46,2023-04-04
P077,Clothing,C0901,224.88,2023-08-13
P091,Books,C0421,232.27,2023-06-11
P073,Electronics,C0434,150.4,2023-05-01
P056,Toys,C0443,303.97,2023-09-08
P068,Books,C0873,469.84,2023-11-02
P021,Home,C0626,299.22,2023-05-15
P086,Home,C0890,82.68,2023-12-21
P077,Toys,C0321,276.7,2023-10-10
P058,Electronics,C0875,29.9,2023-04-04
P053,Books,C0510,353.4,2023-02-26
P010,Clothing,C0061,341.72,2023-12-21
P099,Electronics,C0118,379.3,2023-05-14
P016,Books,C0977,192.53,2023-07-25
P018,Toys,C0031,25.4,2023-01-19
P019,Electronics,C0946,443.34,2023-01-25
P080,Toys,C0232,237.59,2023-02-03
P090,Home,C0524,312.69,2023-01-19
P053,Books,C0589,325.79,2023-08-26
P068,Toys,C0589,389.15,2023-12-18
P006,Electronics,C0673,231.17,2023-11-02
P009,Home,C0011,158.23,2023-01-16
P032,Toys,C0615,25.86,2023-06-08
P015,Toys,C0028,98.66,2023-02-01
P054,Home,C0251,114.17,2023-08-09
P054,Books,C0186,165.49,2023-11-11
P076,Clothing,C0836,22.82,2023-07-28
P093,Toys,C0892,115.67,2023-01-08
P100,Electronics,C0188,445.33,2023-07-21
P013,Electronics,C0526,458.87,2023-05-06
P096,Electronics,C0617,249.77,2023-07-12
P084,Books,C0684,20.91,2023-01-13
P088,Books,C0241,285.06,2023-06-05
P099,Home,C0304,218.48,2023-02-12
P091,Clothing,C0190,437.84,2023-04-22
P075,Home,C0700,433.96,2023-04-17
P004,Electronics,C0634,389.87,2023-05-05
P030,Books,C0766,258.6,2023-09-23
P034,Toys,C0027,105.31,2023-10-19
P001,Books,C0454,81.96,2023-02-09
P078,Clothing,C0773,295.66,2023-08-27
P071,Electronics,C0778,493.1,2023-10-18
P018,Clothing,C0933,420.53,2023-01-01
P015,Electronics,C0158,61.37,2023-10-05
P014,Electronics,C0503,452.63,2023-01-20
P070,Home,C0186,293.36,2023-01-01
P083,Toys,C0347,251.06,2023-11-18
P088,Toys,C0007,270.4,2023-08-19
P047,Clothing,C0393,488.98,2023-06-01
P070,Electronics,C0636,376.6,2023-10-31
P055,Home,C0100,157.44,2023-07-08
P056,Toys,C0138,242.05,2023-07-20
P076,Toys,C0455,252.86,2023-05-17
P011,Clothing,C0802,252.75,2023-09-10
P059,Electronics,C0933,98.34,2023-07-05
P075,Toys,C0541,296.79,2023-06-08
P034,Clothing,C0866,186.08,2023-06-01
P038,Home,C0601,246.87,2023-03-31
P042,Clothing,C0464,129.05,2023-09-20
P029,Books,C0584,32.79,2023-11-04
P078,Home,C0019,179.34,2023-07-29
P064,Electronics,C0678,190.11,2023-06-10
P021,Books,C0248,160.39,2023-04-29
P057,Clothing,C0527,491.91,2023-06-21
P096,Electronics,C0871,460.9,2023-07-07
P041,Books,C0325,183.05,2023-12-06
P088,Toys,C0257,396.83,2023-12-02
P028,Electronics,C0486,71.78,2023-02-13
P066,Toys,C0844,145.19,2023-03-17
P049,Home,C0624,376.3,2023-06-24
P020,Books,C0172,223.52,2023-10-07
P095,Clothing,C0482,20.39,2023-06-29
P057,Books,C0916,103.78,2023-05-22
P077,Home,C0923,370.53,2023-12-10
P086,Books,C0886,318.43,2023-09-15
P043,Books,C0336,113.77,2023-06-09
P085,Books,C0862,469.65,2023-08-22
P005,Home,C0454,77.63,2023-02-26
P027,Home,C0132,398.88,2023-07-28
P088,Electronics,C0631,450.77,2023-10-19
P058,Home,C0705,147.4,2023-10-12
P039,Clothing,C0224,101.83,2023-06-29
P002,Home,C0869,190.35,2023-11-09
P007,Toys,C0342,27.0,2023-09-16
P056,Home,C0737,251.87,2023-05-06
P075,Home,C0037,408.24,2023-05-12
P055,Home,C0330,201.65,2023-11-29
P065,Home,C0463,333.3,2023-07-01
P048,Electronics,C0352,44.1,2023-12-24
P039,Home,C0890,218.44,2023-05-27
P015,Toys,C0821,104.87,2023-09-04
P018,Books,C0273,80.69,2023-12-31
P096,Electronics,C0900,256.36,2023-05-12
P053,Clothing,C0840,300.14,2023-09-11
P052,Home,C0615,31.49,2023-12-25
P046,Home,C0508,51.53,2023-02-28
P045,Home,C0132,192.93,2023-07-13
P031,Clothing,C0170,20.81,2023-10-25
P082,Toys,C0145,24.72,2023-05-20
P074,Clothing,C0393,441.02,2023-04-08
P016,Toys,C0638,343.93,2023-02-12
P038,Toys,C0292,97.19,2023-10-21
P051,Books,C0014,102.31,2023-07-14
P048,Books,C0448,355.39,2023-04-11
P008,Books,C0421,22.58,2023-01-16
P024,Clothing,C0173,224.88,2023-08-01
P100,Home,C0810,281.61,2023-04-09
P078,Books,C0173,375.74,2023-03-18
P019,Electronics,C0319,41.05,2023-11-23
P008,Electronics,C0223,182.79,2023-12-13
P061,Home,C0242,465.18,2023-12-19
P015,Electronics,C0308,279.26,2023-08-22
P021,Home,C0850,436.38,2023-04-18
P049,Home,C0194,153.82,2023-02-14
P053,Home,C0627,366.48,2023-10-30
P036,Clothing,C0041,101.75,2023-10-17
P094,Home,C0660,81.13,2023-05-22
P043,Home,C0198,146.47,2023-08-05
P066,Books,C0618,292.3,2023-09-05
P096,Clothing,C0433,108.15,2023-04-25
P068,Clothing,C0710,410.03,2023-05-18
P061,Clothing,C0784,153.42,2023-11-21
P060,Clothing,C0571,295.98,2023-10-25
P080,Toys,C0794,177.47,2023-01-06
P058,Books,C0129,109.92,2023-01-02
P016,Toys,C0038,301.37,2023-09-05
P090,Electronics,C0405,424.84,2023-02-27
P098,Books,C0862,214.11,2023-11-01
P077,Books,C0174,338.52,2023-09-20
P032,Home,C0087,222.92,2023-09-30
P063,Clothing,C0189,382.3,2023-08-10
P059,Home,C0230,308.85,2023-02-11
P070,Clothing,C0655,36.6,2023-04-18
P058,Electronics,C0287,216.64,2023-10-27
P030,Electronics,C0913,208.38,2023-07-23
P020,Home,C0734,145.55,2023-07-16
P021,Clothing,C0995,147.53,2023-02-17
P011,Clothing,C0816,336.66,2023-10-02
P012,Home,C0507,111.96,2023-07-13
P089,Toys,C0471,131.34,2023-09-21
P075,Books,C0495,297.94,2023-03-24
P020,Books,C0867,471.18,2023-12-30
P016,Toys,C0832,489.1,2023-09-23
P064,Electronics,C0451,483.87,2023-08-04
P013,Toys,C0607,12.2,2023-03-20
P073,Toys,C0910,152.2,2023-09-08
P065,Clothing,C0905,371.44,2023-07-20
P013,Electronics,C0125,233.72,2023-12-03
P055,Toys,C0097,390.6,2023-05-02
P022,Books,C0600,388.41,2023-05-15
P038,Home,C0181,337.15,2023-06-11
P090,Home,C0005,24.92,2023-03-16
P073,Toys,C0875,423.32,2023-08-21
P006,Home,C0410,64.33,2023-04-03
P059,Home,C0021,171.4,2023-04-09
P057,Toys,C0103,230.57,2023-03-20
P056,Home,C0926,58.89,2023-04-20
P037,Clothing,C0041,18.94,2023-05-08
P091,Home,C0824,96.98,2023-01-04
P074,Home,C0703,429.7,2023-01-29
P100,Toys,C0040,466.09,2023-11-07
P074,Home,C0684,76.21,2023-04-03
P030,Home,C0042,128.14,2023-05-25
P091,Home,C0446,202.97,2023-02-28
P049,Books,C0722,286.46,2023-05-01
P058,Electronics,C0822,72.36,2023-09-06
P086,Toys,C0251,165.07,2023-06-06
P091,Electronics,C0367,244.83,2023-08-05
P037,Toys,C0787,64.83,2023-08-17
P077,Books,C0303,276.76,2023-10-27
P052,Electronics,C0332,197.65,2023-01-11
P002,Books,C0686,26.73,2023-02-20
P097,Toys,C0904,309.72,2023-10-22
P021,Toys,C0230,204.56,2023-10-29
P091,Toys,C0893,127.1,2023-06-09
P034,Toys,C0341,292.64,2023-06-14
P006,Home,C0427,111.6,2023-11-04
P080,Home,C0133,429.24,2023-08-16
P040,Books,C0580,413.95,2023-02-04
P057,Home,C0922,378.85,2023-08-29
P069,Electronics,C0678,426.58,2023-03-07
P022,Toys,C0971,458.45,2023-12-13
P045,Clothing,C0153,242.8,2023-01-23
P006,Electronics,C0224,430.48,2023-12-12
P047,Home,C0299,271.11,2023-06-12
P013,Toys,C0276,58.83,2023-04-10
P029,Clothing,C0790,90.51,2023-06-04
P094,Electronics,C0324,316.07,2023-12-23
P084,Electronics,C0850,179.0,2023-02-12
P008,Toys,C0284,407.24,2023-12-12
P075,Toys,C0364,141.12,2023-02-23
P011,Clothing,C0709,14.0,2023-04-08
P051,Toys,C0663,489.56,2023-12-15
P030,Home,C0637,277.64,2023-12-11
P050,Toys,C0986,466.46,2023-02-21
P049,Toys,C0365,387.67,2023-11-13
P064,Home,C0829,398.98,2023-06-15
P063,Electronics,C0575,292.48,2023-08-11
P025,Clothing,C0132,240.13,2023-05-01
P040,Electronics,C0816,65.15,2023-05-19
P086,Electronics,C0418,435.47,2023-10-09
P011,Toys,C0913,354.13,2023-07-09
P070,Home,C0810,12.93,2023-07-09
P089,Books,C0981,468.49,2023-10-19
P043,Books,C0499,99.47,2023-04-27
P010,Toys,C0763,332.32,2023-05-18
P096,Books,C0226,52.43,2023-10-22
P075,Toys,C0076,93.54,2023-08-02
P095,Toys,C0019,66.59,2023-08-28
P057,Electronics,C0417,327.51,2023-06-06
P003,Clothing,C0233,279.33,2023-07-14
P058,Clothing,C0388,204.26,2023-11-12
P063,Home,C0844,343.71,2023-02-28
P012,Toys,C0740,117.1,2023-05-10
P063,Toys,C0032,406.02,2023-11-18
P044,Electronics,C0033,390.21,2023-02-26
P056,Electronics,C0853,379.95,2023-02-24
P070,Electronics,C0112,428.14,2023-03-07
P073,Books,C0885,374.96,2023-10-18
P025,Electronics,C0301,436.14,2023-05-27
P083,Clothing,C0136,104.37,2023-07-01
P075,Toys,C0105,237.83,2023-04-07
P024,Books,C0128,460.04,2023-07-17
P004,Toys,C0468,382.17,2023-10-27
P094,Electronics,C0446,448.71,2023-08-16
P046,Electronics,C0304,216.24,2023-12-29
P029,Toys,C0195,138.15,2023-12-24
P061,Toys,C0772,424.39,2023-05-06
P075,Clothing,C0839,430.07,2023-10-21
P018,Electronics,C0406,245.45,2023-09-10
P023,Electronics,C0106,214.01,2023-07-31
P055,Clothing,C0652,265.74,2023-05-21
P036,Electronics,C0849,317.98,2023-05-27
P032,Home,C0636,18.95,2023-01-21
P018,Electronics,C0558,148.76,2023-07-24
P092,Clothing,C0849,39.39,2023-01-19
P054,Home,C0858,390.1,2023-10-23
P032,Books,C0481,145.68,2023-10-05
P092,Toys,C0490,166.23,2023-12-18
P036,Electronics,C0199,252.51,2023-04-14
P088,Toys,C0137,454.93,2023-09-27
P077,Books,C0532,287.82,2023-02-11
P082,Toys,C0970,475.26,2023-01-01
P035,Electronics,C0070,481.02,2023-08-08
P011,Toys,C0664,398.36,2023-11-07
P078,Books,C0596,56.57,2023-02-14
P066,Home,C0516,298.89,2023-09-20
P062,Toys,C0946,391.04,2023-01-29
P086,Electronics,C0758,399.83,2023-08-31
P063,Home,C0810,140.59,2023-12-15
P064,Home,C0736,23.15,2023-04-21
P049,Clothing,C0859,289.28,2023-11-02
P001,Toys,C0074,411.49,2023-09-12
P022,Toys,C0020,420.8,2023-10-01
P013,Toys,C0525,212.03,2023-11-23
P070,Electronics,C0141,393.12,2023-12-10
P020,Books,C0147,487.84,2023-04-26
P021,Electronics,C0366,409.27,2023-05-15
P013,Electronics,C0872,269.66,2023-11-21
P084,Electronics,C0717,72.78,2023-09-21
P028,Books,C0021,367.36,2023-03-27
P028,Clothing,C0414,363.51,2023-12-21
P016,Clothing,C0929,295.91,2023-09-21
P007,Home,C0089,422.87,2023-09-08
P006,Books,C0962,333.68,2023-03-29
P096,Clothing,C0849,183.72,2023-06-30
P019,Clothing,C0614,140.63,2023-01-16
P072,Toys,C0271,410.75,2023-11-22
P006,Toys,C0664,414.56,2023-02-26
P065,Books,C0858,352.6,2023-07-11
P022,Home,C0880,296.25,2023-05-03
P098,Toys,C0363,129.36,2023-07-11
P083,Books,C0921,447.57,2023-01-05
P066,Books,C0370,370.07,2023-12-19
P057,Toys,C0393,413.96,2023-02-01
P003,Clothing,C0574,480.31,2023-02-15
P081,Home,C0355,418.08,2023-03-01
P032,Toys,C0122,21.59,2023-09-11
P031,Books,C0948,136.94,2023-08-24
P016,Electronics,C0153,265.39,2023-02-21
P055,Electronics,C0340,237.71,2023-05-21
P046,Clothing,C0138,370.54,2023-11-30
P093,Books,C0609,200.61,2023-12-31
P050,Toys,C0648,69.6,2023-07-24
P005,Books,C0765,52.82,2023-04-09
P009,Home,C0729,294.53,2023-05-31
P086,Books,C0823,486.17,2023-03-18
P059,Clothing,C0516,286.2,2023-12-21
P089,Electronics,C0137,220.28,2023-07-08
P016,Clothing,C0151,28.45,2023-06-20
P033,Toys,C0413,88.53,2023-01-01
P037,Toys,C0420,84.9,2023-11-06
P071,Books,C0348,295.17,2023-06-17
P088,Books,C0140,433.96,2023-08-30
P067,Home,C0663,313.26,2023-05-21
P082,Toys,C0654,455.14,2023-09-24
P083,Home,C0024,355.05,2023-06-26
P069,Home,C0538,81.4,2023-12-16
P059,Electronics,C0735,116.34,2023-12-27
P064,Clothing,C0893,118.55,2023-02-08
P082,Clothing,C0402,28.91,2023-03-08
P088,Toys,C0095,88.6,2023-06-02
P021,Home,C0011,121.13,2023-03-23
P088,Clothing,C0587,319.14,2023-04-08
P025,Electronics,C0071,17.94,2023-02-13
P092,Toys,C0984,294.89,2023-10-29
P095,Books,C0998,109.35,2023-12-23
P062,Toys,C0821,246.52,2023-02-11
P046,Books,C0280,378.32,2023-12-23
P039,Books,C0709,156.59,2023-05-08
P099,Electronics,C0429,351.6,2023-03-20
P062,Home,C0556,398.44,2023-05-12
P056,Electronics,C0386,452.95,2023-03-09
P042,Home,C0537,371.38,2023-01-03
P063,Books,C0007,172.8,2023-10-31
P041,Toys,C0241,222.11,2023-08-09
P050,Clothing,C0179,243.28,2023-07-26
P039,Electronics,C0995,304.12,2023-02-17
P044,Home,C0731,285.06,2023-08-08
P015,Books,C0026,310.19,2023-04-26
P031,Books,C0777,454.01,2023-12-25
P014,Home,C0632,483.9,2023-10-24
P094,Books,C0246,429.74,2023-08-21
P079,Clothing,C0552,275.25,2023-12-18
P086,Clothing,C0897,103.35,2023-11-12
P001,Books,C0342,114.24,2023-12-02
P009,Electronics,C0339,286.52,2023-09-20
P007,Electronics,C0513,96.1,2023-10-23
P049,Books,C0658,469.22,2023-08-13
P080,Books,C0637,343.42,2023-10-28
P092,Clothing,C0834,27.99,2023-06-09
P027,Books,C0790,380.88,2023-02-16
P024,Books,C0215,487.31,2023-03-26
P053,Home,C0280,476.77,2023-12-13
P013,Toys,C0192,422.21,2023-03-22
P052,Home,C0130,483.48,2023-09-11
P072,Home,C0544,376.11,2023-05-10
P071,Home,C0873,153.67,2023-06-11
P054,Electronics,C0258,115.19,2023-08-15
P099,Books,C0450,342.32,2023-02-12
P100,Electronics,C0748,173.11,2023-08-01
P030,Books,C0462,272.79,2023-08-05
P002,Electronics,C0132,332.3,2023-07-02
P094,Electronics,C0362,259.18,2023-06-15
P077,Books,C0507,278.61,2023-07-26
P083,Toys,C0733,239.11,2023-03-21
P006,Toys,C0471,218.34,2023-11-14
P006,Clothing,C0978,18.52,2023-02-02
P085,Electronics,C0846,475.25,2023-03-15
P082,Electronics,C0712,325.03,2023-02-27
P016,Books,C0568,244.27,2023-02-11
P059,Electronics,C0933,38.26,2023-07-19
P032,Electronics,C0676,31.78,2023-09-10
P095,Clothing,C0892,56.39,2023-12-06
P003,Toys,C0784,101.34,2023-11-11
P022,Toys,C1000,467.89,2023-09-10
P084,Toys,C0553,447.4,2023-04-06
P018,Books,C0525,476.89,2023-08-16
P032,Electronics,C0899,374.4,2023-10-01
P054,Home,C0408,418.54,2023-03-25
P020,Electronics,C0453,197.14,2023-10-22
P074,Home,C0717,86.36,2023-08-28
P100,Home,C0964,135.62,2023-12-12
P079,Books,C0110,448.53,2023-03-30
P095,Electronics,C0284,282.89,2023-10-31
P041,Clothing,C0652,96.76,2023-10-16
P072,Home,C0623,426.3,2023-11-05
P041,Electronics,C0314,163.89,2023-03-05
P018,Clothing,C0987,177.15,2023-08-03
P023,Clothing,C0845,446.9,2023-10-29
P012,Electronics,C0770,50.4,2023-05-15
P007,Electronics,C0906,322.15,2023-02-04
P089,Toys,C0216,317.45,2023-12-28
P047,Clothing,C0059,322.12,2023-02-06
P071,Toys,C0902,120.87,2023-03-11
P045,Home,C0140,241.35,2023-12-29
P071,Electronics,C0922,394.96,2023-11-04
P094,Toys,C0754,388.7,2023-01-26
P065,Home,C0055,162.66,2023-04-15
P012,Books,C0828,195.59,2023-12-15
P001,Clothing,C0858,311.03,2023-11-18
P083,Electronics,C0767,199.0,2023-03-17
P060,Electronics,C0301,330.99,2023-06-18
P017,Electronics,C0238,418.8,2023-01-06
P044,Toys,C0878,406.92,2023-06-27
P064,Toys,C0921,272.13,2023-12-20
P081,Electronics,C0090,182.65,2023-04-03
P035,Electronics,C0770,212.4,2023-09-25
P045,Toys,C0278,413.24,2023-10-27
P026,Electronics,C0871,137.12,2023-03-30
P093,Books,C0961,126.12,2023-05-05
P048,Electronics,C0840,66.46,2023-06-03
P083,Clothing,C0836,235.18,2023-12-12
P002,Electronics,C0762,246.5,2023-11-13
P017,Clothing,C0998,374.7,2023-02-17
P042,Electronics,C0669,408.35,2023-09-02
P082,Books,C0809,102.2,2023-03-08
P065,Toys,C0213,234.26,2023-12-14
P034,Toys,C0616,304.82,2023-01-04
P037,Books,C0388,163.63,2023-11-17
P069,Electronics,C0073,59.05,2023-07-04
P075,Electronics,C0999,236.13,2023-12-16
P063,Books,C0349,21.41,2023-06-15
P055,Clothing,C0791,454.57,2023-02-06
P021,Home,C0625,49.75,2023-11-22
P046,Electronics,C0240,105.89,2023-08-16
P076,Home,C0080,376.42,2023-02-18
P016,Home,C0760,104.73,2023-11-06
P045,Books,C0935,248.4,2023-04-05
P026,Toys,C0863,350.38,2023-09-07
P071,Home,C0495,269.06,2023-02-18
P080,Books,C0281,419.3,2023-08-25
P040,Clothing,C0613,441.25,2023-10-02
P014,Electronics,C0560,336.59,2023-09-08
P081,Electronics,C0343,214.75,2023-12-23
P036,Electronics,C0683,189.36,2023-06-03
P033,Home,C0281,360.96,2023-04-03
P053,Books,C0754,264.14,2023-09-16
P039,Home,C0881,117.15,2023-12-07
P092,Electronics,C0571,339.6,2023-01-07
P026,Books,C0627,286.59,2023-12-05
P090,Electronics,C0777,259.55,2023-03-08
P060,Electronics,C0206,490.41,2023-03-08
P001,Clothing,C0625,443.66,2023-05-24
P004,Electronics,C0524,451.0,2023-05-04
P002,Electronics,C0901,64.86,2023-09-10
P096,Electronics,C0601,429.29,2023-01-05
P023,Home,C0434,185.33,2023-05-30
P057,Clothing,C0322,40.23,2023-03-13
P097,Toys,C0252,396.22,2023-07-24
P083,Toys,C0795,346.43,2023-02-17
P006,Electronics,C0089,194.0,2023-11-03
P080,Clothing,C0785,49.03,2023-01-02
P063,Books,C0127,373.13,2023-08-11
P099,Books,C0671,231.07,2023-03-31
P092,Electronics,C0054,213.46,2023-10-13
P001,Home,C0632,482.43,2023-06-14
P022,Clothing,C0238,157.53,2023-12-10
P047,Toys,C0703,314.55,2023-12-08
P006,Clothing,C0024,85.69,2023-09-24
P037,Books,C0589,282.47,2023-11-22
P008,Toys,C0386,63.63,2023-12-13
P080,Electronics,C0548,167.79,2023-04-17
P082,Home,C0749,245.92,2023-09-06
P051,Electronics,C0716,384.35,2023-02-06
P087,Toys,C0941,206.2,2023-02-12
P060,Home,C0993,177.45,2023-06-30
P041,Electronics,C0741,159.13,2023-07-14
P027,Clothing,C0730,284.69,2023-09-27
P034,Books,C0930,453.78,2023-01-20
P039,Clothing,C0787,22.28,2023-05-19
P065,Home,C0456,125.43,2023-08-01
P087,Books,C0421,420.05,2023-05-29
P090,Home,C0426,337.47,2023-09-13
P079,Toys,C0955,385.09,2023-11-20
P066,Electronics,C0395,196.6,2023-09-09
P099,Home,C0138,60.66,2023-02-24
P011,Toys,C0060,337.44,2023-05-02
P092,Clothing,C0736,159.16,2023-06-20
P008,Books,C0423,151.2,2023-07-13
P069,Home,C0309,65.23,2023-02-16
P009,Toys,C0064,189.64,2023-08-30
P020,Books,C0523,61.28,2023-01-06
P030,Toys,C0048,292.81,2023-01-13
P011,Books,C0127,368.27,2023-10-20
P007,Home,C0852,311.77,2023-12-19
P058,Books,C0995,159.91,2023-11-02
P061,Electronics,C0140,441.03,2023-03-20
P002,Electronics,C0106,398.03,2023-12-17
P001,Home,C0761,287.25,2023-10-20
P030,Toys,C0276,76.08,2023-09-10
P084,Home,C0502,130.83,2023-05-01
P010,Home,C0505,252.25,2023-04-17
P049,Books,C0814,143.36,2023-07-30
P071,Books,C0255,56.85,2023-09-29
P039,Clothing,C0970,462.6,2023-01-27
P094,Electronics,C0480,458.43,2023-03-16
P006,Home,C0282,143.06,2023-10-26
P032,Home,C0964,229.57,2023-12-16
P040,Home,C0788,169.08,2023-12-18
P043,Toys,C0177,145.76,2023-10-07
P092,Home,C0753,345.37,2023-03-20
P100,Books,C0034,466.86,2023-06-01
P039,Home,C0544,482.0,2023-04-21
P049,Electronics,C0466,367.33,2023-12-28
P084,Home,C0791,117.24,2023-10-17
P081,Books,C0067,361.15,2023-03-14
P077,Clothing,C0122,110.09,2023-03-31
P050,Books,C0894,364.37,2023-06-23
P071,Home,C0627,98.43,2023-09-19
P043,Home,C0338,384.75,2023-02-07
P037,Books,C0797,421.63,2023-04-18
P042,Books,C0997,376.5,2023-04-29
P075,Books,C0753,419.43,2023-05-02
P015,Toys,C0202,336.32,2023-10-16
P055,Home,C0757,400.74,2023-12-14
P096,Toys,C0765,237.48,2023-08-12
P006,Toys,C0917,282.96,2023-09-21
P067,Toys,C0604,445.54,2023-07-12
P039,Toys,C0816,127.41,2023-01-18
P055,Books,C0663,214.91,2023-12-14
P091,Home,C0109,101.95,2023-03-06
P026,Clothing,C0361,335.55,2023-07-05
P048,Toys,C0894,107.67,2023-04-23
P044,Toys,C0965,219.36,2023-07-06
P041,Toys,C0855,357.02,2023-09-07
P007,Clothing,C0325,97.4,2023-04-06
P096,Books,C0250,21.26,2023-03-25
P016,Electronics,C0910,474.47,2023-01-17
P091,Clothing,C0318,121.75,2023-09-16
P022,Home,C0202,32.34,2023-04-01
P019,Electronics,C0421,44.63,2023-05-08
P096,Books,C0851,223.29,2023-04-05
P026,Electronics,C0449,71.06,2023-07-18
P002,Toys,C0416,494.12,2023-12-02
P023,Home,C0235,397.81,2023-11-18
P055,Clothing,C0454,77.0,2023-08-04
P067,Toys,C0963,475.17,2023-11-26
P042,Toys,C0467,49.88,2023-01-21
P088,Toys,C0241,230.63,2023-03-07
P090,Toys,C0188,196.56,2023-10-31
P080,Clothing,C0817,91.01,2023-03-16
P046,Toys,C0619,355.42,2023-01-22
P022,Electronics,C0987,388.58,2023-10-16
P099,Books,C0250,468.18,2023-07-08
P033,Clothing,C0293,171.26,2023-04-05
P070,Electronics,C0290,426.15,2023-03-25
P032,Toys,C0830,55.67,2023-12-19
P023,Toys,C0042,151.06,2023-12-07
P022,Toys,C0798,426.43,2023-04-18
P076,Clothing,C0775,132.89,2023-05-24
P086,Home,C0483,34.0,2023-12-17
P098,Home,C0544,409.06,2023-01-19
P015,Clothing,C0272,323.34,2023-04-01
P030,Books,C0744,99.18,2023-10-04
P063,Electronics,C0045,297.73,2023-09-08
P043,Books,C0208,231.54,2023-01-30
P008,Books,C0745,17.61,2023-10-31
P085,Clothing,C0729,74.87,2023-05-15
P063,Electronics,C0149,332.04,2023-08-26
P020,Toys,C0654,79.43,2023-04-01
P097,Electronics,C0914,426.01,2023-03-05
P014,Electronics,C0646,73.04,2023-12-21
P053,Electronics,C0644,58.3,2023-09-14
P043,Clothing,C0506,396.59,2023-01-24
P071,Toys,C0013,17.35,2023-06-07
P007,Home,C0001,106.58,2023-01-23
P076,Electronics,C0026,489.89,2023-08-14
P004,Toys,C0143,232.52,2023-03-23
P012,Home,C0655,133.81,2023-07-08
P026,Electronics,C0684,285.6,2023-11-09
P078,Home,C0064,140.63,2023-06-28
P052,Books,C0751,303.42,2023-06-30
P030,Home,C0845,142.62,2023-06-28
P080,Books,C0257,394.66,2023-03-12
P060,Toys,C0765,364.36,2023-08-11
P097,Electronics,C0448,12.05,2023-05-23
P097,Home,C0452,331.82,2023-06-25
P080,Home,C0639,125.34,2023-04-30
P028,Toys,C0679,139.26,2023-04-22
P003,Clothing,C0706,246.53,2023-01-21
P068,Toys,C0393,48.26,2023-10-03
P093,Clothing,C0621,428.78,2023-06-02
P078,Home,C0575,321.19,2023-08-19
P075,Clothing,C0519,138.29,2023-11-24
P013,Clothing,C0351,405.63,2023-07-19
P025,Home,C0719,414.69,2023-10-15
P086,Toys,C0758,275.78,2023-05-31
P035,Clothing,C0985,10.59,2023-11-23
P009,Home,C0829,130.92,2023-06-28
P043,Books,C0468,418.01,2023-06-17
P062,Clothing,C0572,230.01,2023-02-06
P061,Books,C0553,139.93,2023-12-14
P037,Home,C0377,61.41,2023-09-20
P092,Books,C0879,408.96,2023-05-22
P033,Books,C0788,85.39,2023-10-21
P089,Toys,C0289,24.13,2023-06-11
P009,Books,C0728,395.59,2023-07-26
P056,Home,C0332,376.78,2023-09-10
P062,Home,C0921,299.36,2023-12-04
P061,Home,C0581,434.27,2023-12-17
P060,Clothing,C0110,401.08,2023-11-30
P036,Books,C0497,463.36,2023-01-28
P017,Home,C0472,224.84,2023-08-28
P089,Home,C0516,247.41,2023-11-06
P048,Clothing,C0155,112.38,2023-07-31
P002,Home,C0716,469.9,2023-04-04
P096,Books,C0225,110.4,2023-04-23
P043,Clothing,C0268,168.3,2023-07-05
P085,Toys,C0737,357.95,2023-08-01
P088,Home,C0005,435.91,2023-08-25
P009,Books,C0735,58.29,2023-01-21
P057,Electronics,C0636,263.08,2023-11-15
P021,Electronics,C0691,246.93,2023-02-02
P030,Toys,C0478,434.18,2023-09-04
P053,Books,C0802,166.72,2023-04-29
P099,Electronics,C0823,218.83,2023-05-27
P032,Toys,C0109,345.89,2023-07-09
P008,Electronics,C0959,228.53,2023-03-16
P001,Electronics,C0512,71.67,2023-09-26
P095,Books,C0694,248.25,2023-06-16
P032,Home,C0136,151.18,2023-03-29
P030,Toys,C0366,178.06,2023-04-13
P057,Electronics,C0076,481.47,2023-02-17
P016,Books,C0944,215.81,2023-04-26
P098,Clothing,C0765,113.45,2023-02-25
P052,Electronics,C0843,52.28,2023-12-29
P098,Home,C0434,288.19,2023-11-30
P020,Electronics,C0958,406.94,2023-09-28
P032,Home,C0356,110.31,2023-06-11
P057,Home,C0622,29.59,2023-11-15
P093,Clothing,C0320,411.56,2023-06-07
P010,Electronics,C0229,399.65,2023-09-14
P081,Books,C0555,124.6,2023-03-31
P028,Electronics,C0801,225.41,2023-03-30
P032,Electronics,C0173,338.81,2023-04-28
P081,Toys,C0596,292.1,2023-08-12
P070,Toys,C0585,65.15,2023-03-07
P025,Clothing,C0807,71.17,2023-02-21
P028,Clothing,C0088,187.51,2023-08-21
P090,Clothing,C0879,490.4,2023-12-27
P013,Clothing,C0001,476.37,2023-02-13
P094,Toys,C0349,124.87,2023-02-22
P066,Electronics,C0410,197.56,2023-07-15
P036,Electronics,C0339,384.33,2023-05-19
P043,Home,C0365,352.99,2023-12-02
P060,Books,C0554,127.8,2023-02-24
P031,Books,C0992,26.82,2023-09-03
P035,Books,C0068,32.5,2023-07-29
P067,Electronics,C0947,152.82,2023-07-22
P053,Clothing,C0221,390.83,2023-04-23
P013,Books,C0614,337.48,2023-09-01
P094,Clothing,C0273,57.88,2023-03-22
P044,Books,C0532,63.75,2023-08-01
P015,Books,C0821,169.98,2023-01-16
P081,Home,C0638,58.79,2023-09-19
P089,Toys,C0627,130.15,2023-01-10
P032,Clothing,C0434,221.11,2023-05-13
P057,Electronics,C0043,490.32,2023-07-14
P047,Books,C0589,21.25,2023-12-27
P010,Clothing,C0877,99.72,2023-12-31
P053,Electronics,C0936,36.7,2023-04-12
P009,Electronics,C0854,216.69,2023-02-24
P043,Toys,C0610,171.82,2023-07-27
P041,Home,C0075,340.32,2023-10-14
P096,Electronics,C0624,235.72,2023-04-23
P080,Toys,C0371,328.44,2023-03-09
P032,Home,C0346,97.31,2023-05-19
P038,Books,C0737,403.68,2023-12-15
P037,Toys,C0732,325.25,2023-05-06
P099,Toys,C0929,273.91,2023-01-09
P055,Clothing,C0983,456.97,2023-04-16
P014,Clothing,C0285,307.25,2023-08-05
P098,Books,C0565,401.49,2023-10-18
P092,Toys,C0963,102.78,2023-11-12
P086,Toys,C0992,318.56,2023-12-16
P003,Electronics,C0906,233.08,2023-01-02
P070,Electronics,C0133,255.69,2023-12-29
P043,Home,C0982,461.89,2023-03-15
P024,Books,C0757,112.64,2023-06-07
P090,Books,C0831,331.19,2023-05-25
P066,Toys,C0053,496.06,2023-07-20
P075,Electronics,C0638,280.09,2023-09-14
P086,Toys,C0039,102.62,2023-02-18
P046,Clothing,C0622,357.48,2023-12-25
P015,Books,C0807,163.68,2023-09-17
P039,Electronics,C0515,273.4,2023-02-23
P003,Toys,C0584,328.61,2023-07-29
P100,Books,C0396,371.49,2023-03-22
P056,Clothing,C0542,197.42,2023-11-13
P024,Home,C0034,336.72,2023-12-29
P004,Toys,C0446,440.8,2023-12-16
P047,Toys,C0545,195.36,2023-09-12
P098,Electronics,C0311,194.98,2023-04-12
P075,Books,C0126,94.59,2023-03-15
P038,Books,C0792,416.68,2023-04-03
P074,Home,C0245,280.75,2023-07-28
P043,Clothing,C0021,341.72,2023-09-12
P085,Toys,C0173,421.84,2023-03-11
P085,Books,C0757,343.57,2023-11-13
P022,Toys,C0651,201.21,2023-11-16
P075,Clothing,C0299,41.04,2023-01-02
P001,Home,C0023,403.82,2023-12-24
P026,Books,C0966,204.95,2023-11-17
P020,Clothing,C0493,353.32,2023-05-02
P058,Home,C0847,215.45,2023-04-23
P078,Home,C0961,46.5,2023-04-01
P082,Toys,C0439,368.1,2023-10-02
P008,Clothing,C0281,457.57,2023-05-19
P014,Books,C0684,41.26,2023-07-04
P097,Electronics,C0674,404.44,2023-09-19
P029,Home,C0074,12.35,2023-07-07
P073,Home,C0907,332.82,2023-08-10
P058,Clothing,C0923,183.62,2023-04-24
P086,Electronics,C0462,339.85,2023-12-11
P055,Toys,C0120,199.12,2023-05-04
P013,Toys,C0817,182.97,2023-05-24
P034,Books,C0687,208.56,2023-05-23
P073,Books,C0463,71.1,2023-03-13
P064,Books,C0504,384.51,2023-04-26
P041,Toys,C0521,193.59,2023-09-17
P081,Electronics,C0555,61.85,2023-08-22
P083,Toys,C0358,18.8,2023-01-23
P004,Electronics,C0114,265.81,2023-01-17
P084,Electronics,C0502,357.66,2023-01-16
P080,Toys,C0586,239.28,2023-10-06
P023,Electronics,C0229,418.71,2023-03-24
P029,Books,C0869,201.1,2023-08-25
P060,Books,C0119,399.19,2023-03-06
P036,Home,C0284,46.2,2023-03-12
P025,Books,C0207,398.15,2023-08-29
P038,Toys,C0744,56.12,2023-09-21
P066,Clothing,C0003,221.06,2023-07-06
P012,Clothing,C0850,151.87,2023-07-26
P024,Toys,C0865,315.97,2023-09-24
P041,Books,C0356,495.22,2023-08-17
P038,Books,C0283,381.24,2023-11-04
P001,Electronics,C0551,477.1,2023-10-14
P064,Electronics,C0865,400.22,2023-09-07
P072,Books,C0992,296.2,2023-08-05
P091,Home,C0385,372.09,2023-04-12
P004,Electronics,C0544,469.17,2023-07-23
P051,Toys,C0197,446.89,2023-05-03
P069,Home,C0568,66.42,2023-07-06
P070,Home,C0934,124.62,2023-12-04
P056,Toys,C0396,475.53,2023-02-16
P017,Clothing,C0589,92.39,2023-09-22
P033,Books,C0214,145.43,2023-06-25
P008,Home,C0908,290.45,2023-05-06
P001,Electronics,C0537,145.85,2023-12-23
P056,Clothing,C0633,262.46,2023-04-28
P071,Electronics,C0064,382.64,2023-03-09
P093,Electronics,C0888,365.43,2023-06-01
P021,Books,C0785,288.37,2023-08-14
P096,Books,C0068,138.34,2023-06-14
P087,Home,C0139,101.64,2023-11-22
P055,Electronics,C0456,418.07,2023-12-06
P008,Toys,C0968,357.58,2023-09-10
P010,Toys,C0914,246.02,2023-09-16
P089,Toys,C0145,301.3,2023-01-03
P047,Home,C0141,433.89,2023-12-06
P052,Electronics,C0525,201.76,2023-05-01
P098,Home,C0298,234.48,2023-06-19
P100,Electronics,C0209,428.14,2023-10-20
P004,Electronics,C0347,168.29,2023-11-25
P082,Toys,C0131,437.4,2023-05-08
P082,Toys,C0646,241.39,2023-06-16
P055,Books,C0946,479.45,2023-12-06
P002,Toys,C0170,474.71,2023-10-30
P076,Toys,C0919,344.6,2023-08-17
P035,Electronics,C0662,267.79,2023-01-20
P094,Books,C0803,384.56,2023-08-13
P093,Home,C0912,351.98,2023-08-11
P043,Toys,C0943,376.11,2023-02-21
P010,Home,C0784,213.94,2023-09-05
P012,Electronics,C0682,198.65,2023-06-21
P086,Toys,C0735,414.58,2023-01-29
P100,Toys,C0570,189.83,2023-10-07
P062,Electronics,C0564,66.6,2023-03-03
P026,Home,C0899,150.39,2023-03-04
P092,Home,C0860,148.39,2023-11-17
P042,Electronics,C0844,260.08,2023-06-26
P044,Books,C0457,167.68,2023-12-03
P095,Books,C0688,391.78,2023-01-28
P086,Electronics,C0195,160.45,2023-09-06
P052,Toys,C0548,387.2,2023-11-02
P086,Clothing,C0152,105.59,2023-11-06
P082,Electronics,C0850,138.32,2023-11-15
P079,Electronics,C0535,291.7,2023-10-30
P069,Books,C0484,406.76,2023-04-14
P078,Toys,C0095,473.52,2023-06-06
P052,Home,C0115,144.59,2023-01-28
P083,Home,C0356,264.12,2023-11-05
P029,Toys,C0305,425.15,2023-11-17
P043,Toys,C0700,386.43,2023-05-20
P075,Home,C0650,50.57,2023-02-08
P043,Electronics,C0726,252.9,2023-05-05
P062,Electronics,C0404,390.23,2023-07-16
P025,Clothing,C0668,142.53,2023-01-22
P012,Home,C0532,386.57,2023-06-27
P009,Electronics,C0879,443.4,2023-04-06
P068,Clothing,C0539,232.41,2023-03-06
P091,Electronics,C0714,250.0,2023-07-14
P056,Home,C0001,158.0,2023-12-10
P097,Home,C0197,127.64,2023-04-15
P044,Home,C0124,451.85,2023-01-09
P068,Books,C0601,27.13,2023-12-18
P095,Books,C0609,379.95,2023-03-22
P031,Clothing,C0835,388.61,2023-09-29
P029,Home,C0360,358.73,2023-04-16
P034,Home,C0206,250.19,2023-02-06
P081,Home,C0874,357.22,2023-04-20
P022,Books,C0720,480.42,2023-03-07
P061,Books,C0789,145.74,2023-03-27
P030,Clothing,C0798,184.97,2023-08-20
P018,Electronics,C0948,388.92,2023-01-29
P099,Toys,C0884,262.23,2023-04-08
P043,Toys,C0230,144.22,2023-02-20
P023,Clothing,C0907,280.64,2023-12-22
P083,Home,C0540,433.16,2023-04-06
P021,Books,C0364,495.42,2023-12-10
P027,Toys,C0230,468.94,2023-04-04
P035,Electronics,C0201,64.89,2023-03-17
P074,Home,C0721,266.69,2023-09-19
P024,Clothing,C0357,122.03,2023-07-25
P038,Books,C0386,47.13,2023-03-25
P091,Toys,C0946,296.67,2023-06-10
P037,Electronics,C0019,484.56,2023-04-12
P086,Toys,C0802,130.11,2023-04-08
P100,Home,C0374,267.98,2023-11-22
P001,Electronics,C0513,429.66,2023-01-23
P033,Books,C0008,321.74,2023-02-14
P013,Home,C0953,357.38,2023-10-28
P067,Books,C0711,60.87,2023-06-14
P031,Electronics,C0265,409.27,2023-09-29
P074,Books,C0628,408.26,2023-04-16
P051,Books,C0282,113.15,2023-07-16
P052,Books,C0542,312.56,2023-11-04
P076,Home,C0969,417.9,2023-08-26
P009,Clothing,C0399,470.29,2023-06-08
P077,Toys,C0085,267.72,2023-03-15
P061,Clothing,C0220,364.91,2023-01-26
P028,Home,C0492,344.07,2023-10-10
P030,Toys,C0481,200.67,2023-12-16
P077,Toys,C0424,116.22,2023-07-13
P082,Home,C0184,26.17,2023-05-04
P096,Home,C0239,138.11,2023-07-07
P094,Toys,C0219,136.81,2023-03-11
P091,Home,C0465,326.67,2023-02-04
P001,Electronics,C0658,337.82,2023-08-11
P007,Electronics,C0742,95.79,2023-06-29
P015,Home,C0979,24.57,2023-02-11
P043,Toys,C0755,20.14,2023-02-22
P003,Electronics,C0675,95.11,2023-07-24
P021,Clothing,C0108,140.65,2023-12-14
P089,Home,C0435,463.92,2023-03-06
P067,Home,C0104,411.54,2023-02-01
P041,Books,C0239,255.88,2023-09-18
P076,Home,C0260,20.04,2023-10-06
P034,Toys,C0797,260.67,2023-02-06
P063,Home,C0044,62.45,2023-05-17
P071,Books,C0014,386.24,2023-07-10
P036,Books,C0274,126.46,2023-08-03
P080,Toys,C0181,85.33,2023-03-16
P066,Electronics,C0023,288.19,2023-06-13
P021,Toys,C0960,94.8,2023-09-29
P076,Books,C0106,299.2,2023-03-19
P098,Toys,C0382,113.73,2023-09-10
P078,Home,C0906,358.21,2023-04-06
P072,Home,C0164,137.66,2023-08-09
P033,Books,C0817,411.76,2023-09-12
P028,Home,C0520,73.94,2023-03-16
P023,Books,C0577,238.37,2023-10-14
P093,Books,C0777,40.42,2023-12-13
P092,Toys,C0851,389.51,2023-11-10
P079,Clothing,C0161,150.57,2023-12-28
P039,Electronics,C0365,279.42,2023-10-16
P077,Clothing,C0397,115.75,2023-02-14
P058,Books,C0757,355.99,2023-04-13
P024,Home,C0410,136.37,2023-11-23
P032,Books,C0401,435.29,2023-03-03
P080,Books,C0492,204.23,2023-05-19
P096,Clothing,C0965,336.52,2023-12-28
P060,Home,C0686,279.27,2023-04-02
P006,Electronics,C0407,22.52,2023-08-11
P050,Books,C0299,489.4,2023-05-09
P069,Toys,C0823,209.95,2023-06-19
P016,Home,C0923,153.08,2023-11-04
P030,Home,C0797,362.22,2023-08-11
P057,Books,C0632,237.69,2023-06-02
P035,Electronics,C0927,438.33,2023-01-08
P067,Electronics,C0552,316.52,2023-02-04
P066,Home,C0407,360.51,2023-05-13
P081,Clothing,C0456,439.56,2023-10-25
P054,Toys,C0419,442.41,2023-10-28
P007,Books,C0710,302.98,2023-02-23
P030,Books,C0445,96.4,2023-06-14
P096,Electronics,C0008,257.81,2023-11-20
P087,Books,C0569,295.86,2023-11-01
P050,Home,C0451,377.0,2023-02-03
P082,Clothing,C0502,380.01,2023-05-21
P093,Books,C0712,274.75,2023-03-21
P052,Clothing,C0292,51.57,2023-06-24
P067,Home,C0905,384.57,2023-08-14
P052,Toys,C0890,263.15,2023-06-07
P082,Clothing,C0745,95.94,2023-08-11
P080,Home,C0029,285.54,2023-04-28
P019,Electronics,C0353,234.16,2023-05-05
P012,Toys,C0854,305.74,2023-01-06
P089,Toys,C0972,122.17,2023-08-27
P023,Toys,C0228,114.51,2023-05-22
P055,Electronics,C0009,23.14,2023-08-19
P074,Books,C0607,10.59,2023-12-09
P057,Toys,C0726,58.33,2023-05-01
P044,Electronics,C0385,121.47,2023-01-31
P063,Toys,C0980,146.54,2023-03-11
P062,Books,C0682,281.31,2023-01-16
P042,Home,C0710,85.51,2023-04-17
P048,Home,C0469,271.77,2023-02-12
P093,Clothing,C0091,291.01,2023-01-09
P095,Toys,C0091,87.29,2023-07-29
P095,Home,C0670,24.99,2023-10-14
P019,Clothing,C0360,97.02,2023-06-25
P031,Toys,C0133,436.26,2023-10-18
P009,Electronics,C0256,449.92,2023-02-06
P095,Books,C0407,431.25,2023-10-29
P009,Toys,C0299,323.66,2023-07-27
P096,Electronics,C0211,63.94,2023-02-10
P073,Home,C0170,372.04,2023-04-13
P065,Toys,C0956,212.86,2023-12-30
P054,Clothing,C0308,157.87,2023-03-23
P001,Toys,C0991,260.01,2023-10-22
P027,Home,C0782,317.24,2023-04-17
P026,Clothing,C0487,66.24,2023-01-17
P074,Toys,C0225,73.18,2023-12-05
P057,Electronics,C0514,78.75,2023-11-30
P085,Clothing,C0726,17.59,2023-07-28
P078,Books,C0988,398.75,2023-02-20
P078,Books,C0042,249.56,2023-12-13
P010,Home,C0273,92.93,2023-07-19
P056,Clothing,C0407,216.3,2023-12-19
P016,Clothing,C0628,152.14,2023-05-12
P042,Toys,C0824,185.55,2023-05-27
P033,Toys,C0614,150.48,2023-10-03
P014,Clothing,C0811,51.55,2023-11-26
P041,Home,C0827,203.54,2023-10-04
P045,Electronics,C0482,140.09,2023-03-07
P071,Home,C0194,195.05,2023-02-04
P025,Electronics,C0444,336.3,2023-12-05
P061,Books,C0720,91.33,2023-03-03
P062,Clothing,C0366,312.12,2023-07-25
P072,Clothing,C0955,300.61,2023-07-22
P058,Electronics,C0620,30.94,2023-03-14
P027,Electronics,C0515,288.33,2023-07-26
P008,Home,C0120,119.66,2023-02-27
P026,Clothing,C0224,239.98,2023-07-07
P024,Clothing,C0197,62.75,2023-01-02
P068,Home,C0356,11.18,2023-04-15
P064,Books,C0559,141.12,2023-04-11
P065,Home,C0368,420.41,2023-04-23
P058,Electronics,C0284,416.92,2023-06-01
P038,Books,C0221,210.54,2023-08-03
P050,Clothing,C0914,405.16,2023-10-16
P025,Electronics,C0792,349.4,2023-05-03
P017,Clothing,C0991,82.58,2023-12-15
P027,Electronics,C0798,404.58,2023-05-25
P093,Electronics,C0892,268.42,2023-01-01
P057,Clothing,C0638,447.79,2023-11-18
P092,Home,C0814,163.98,2023-05-04
P015,Home,C0667,230.13,2023-12-16
P035,Home,C0068,316.87,2023-03-20
P056,Toys,C0692,225.65,2023-10-28
P092,Toys,C0025,241.15,2023-12-12
P051,Books,C0335,36.24,2023-05-13
P053,Clothing,C0662,230.53,2023-12-09
P037,Toys,C0191,211.41,2023-01-29
P091,Toys,C0066,389.75,2023-10-05
P014,Clothing,C0496,330.58,2023-03-01
P048,Electronics,C0701,475.97,2023-02-07
P061,Electronics,C0596,12.49,2023-09-19
P085,Home,C0573,115.73,2023-09-22
P092,Electronics,C0077,305.36,2023-04-02
P063,Home,C0168,30.11,2023-10-20
P025,Home,C0630,392.85,2023-03-25
P050,Books,C0404,349.67,2023-04-01
P058,Clothing,C0154,344.42,2023-01-20
P077,Home,C0213,214.8,2023-09-20
P008,Clothing,C0209,206.14,2023-04-19
P059,Clothing,C0709,376.63,2023-05-31
P042,Electronics,C0708,349.34,2023-12-04
P007,Home,C0221,143.37,2023-11-02
P089,Electronics,C0649,355.15,2023-07-17
P024,Books,C0191,146.73,2023-09-19
P036,Clothing,C0904,185.19,2023-02-24
P031,Clothing,C0095,448.31,2023-03-23
P043,Clothing,C0247,165.04,2023-08-29
P038,Clothing,C0567,248.67,2023-07-09
P059,Home,C0440,367.64,2023-05-08
P055,Clothing,C0429,177.95,2023-06-11
P089,Clothing,C0128,34.58,2023-04-08
P001,Books,C0470,144.1,2023-07-12
P064,Home,C0305,24.06,2023-04-22
P084,Toys,C0409,302.42,2023-08-12
P008,Books,C0250,212.41,2023-07-19
P003,Clothing,C0724,226.73,2023-08-16
P085,Clothing,C0256,258.35,2023-06-04
P092,Clothing,C0142,400.32,2023-05-17
P044,Toys,C0751,349.35,2023-11-24
P082,Electronics,C0890,356.93,2023-03-16
P049,Electronics,C0576,55.29,2023-07-09
P088,Electronics,C0868,327.98,2023-06-06
P036,Clothing,C0840,345.34,2023-10-21
P074,Toys,C0456,176.94,2023-07-19
P059,Home,C0961,372.55,2023-07-04
P087,Home,C0450,296.56,2023-12-24
P094,Books,C0823,169.11,2023-06-24
P040,Toys,C0048,404.58,2023-08-03
P042,Electronics,C0791,139.61,2023-03-06
P047,Toys,C0972,472.55,2023-11-21
P077,Electronics,C0563,129.01,2023-09-03
P003,Books,C0753,203.02,2023-02-19
P076,Electronics,C0181,311.21,2023-09-30
P059,Toys,C0006,364.97,2023-09-14
P073,Electronics,C0970,446.8,2023-06-05
P044,Toys,C0060,321.01,2023-06-20
P028,Toys,C0986,263.91,2023-12-06
P021,Clothing,C0216,112.09,2023-09-14
P053,Home,C0174,265.75,2023-03-13
P098,Books,C0741,186.03,2023-10-09
P044,Electronics,C0205,411.69,2023-05-09
P047,Toys,C0919,455.69,2023-02-15
P061,Electronics,C0070,152.44,2023-01-18
P068,Electronics,C0301,161.82,2023-04-21
P017,Electronics,C0271,364.85,2023-12-19
P087,Clothing,C0093,204.01,2023-08-24
P074,Home,C0544,377.16,2023-02-26
P078,Electronics,C0498,80.98,2023-08-31
P077,Toys,C0224,69.17,2023-11-20
P024,Home,C0667,368.6,2023-08-29
P051,Home,C0593,392.72,2023-08-22
P070,Books,C0768,42.0,2023-11-18
P016,Toys,C0724,219.77,2023-11-15
P072,Home,C0679,139.69,2023-01-27
P016,Home,C0478,335.79,2023-08-30
P031,Clothing,C0638,122.44,2023-09-08
P094,Books,C0686,207.25,2023-05-30
P091,Home,C0868,438.26,2023-06-08
P037,Books,C0761,361.55,2023-08-14
P062,Electronics,C0700,162.16,2023-11-01
P072,Home,C0129,205.58,2023-07-01
P017,Electronics,C0085,482.39,2023-01-07
P014,Electronics,C0543,185.92,2023-02-28
P030,Toys,C0025,341.79,2023-06-13
P026,Toys,C0532,306.33,2023-05-15
P071,Electronics,C0593,73.19,2023-08-10
P075,Books,C0695,140.83,2023-12-26
P078,Clothing,C0880,349.11,2023-03-19
P007,Toys,C0747,196.32,2023-04-10
P022,Toys,C0788,291.73,2023-06-21
P030,Home,C0997,229.28,2023-05-26
P006,Clothing,C0065,459.41,2023-01-16
P047,Clothing,C0030,488.31,2023-02-02
P027,Home,C0782,108.32,2023-10-30
P019,Toys,C0621,298.65,2023-02-25
P002,Books,C0621,214.09,2023-05-24
P031,Toys,C0850,20.23,2023-06-25
P039,Electronics,C0155,260.7,2023-07-10
P047,Home,C0027,493.28,2023-01-25
P039,Books,C0807,121.22,2023-06-16
P061,Toys,C0569,53.67,2023-08-12
P025,Toys,C0432,209.14,2023-05-31
P037,Electronics,C0653,238.41,2023-10-23
P070,Home,C0268,91.44,2023-05-07
P022,Books,C0378,475.17,2023-10-09
P059,Books,C0949,110.78,2023-10-28
P006,Electronics,C0885,50.24,2023-06-23
P071,Toys,C0342,330.84,2023-02-26
P063,Clothing,C0884,131.74,2023-01-30
P057,Home,C0654,330.33,2023-02-25
P070,Clothing,C0784,250.02,2023-07-12
P084,Home,C0068,26.45,2023-06-04
P006,Toys,C0828,436.51,2023-09-02
P001,Books,C0086,223.87,2023-01-17
P077,Home,C0394,476.3,2023-09-16
P041,Home,C0062,137.77,2023-04-16
P002,Toys,C0562,47.58,2023-06-19
P078,Clothing,C0957,229.24,2023-07-27
P087,Home,C0948,246.51,2023-07-30
P041,Clothing,C0897,314.47,2023-12-01
P067,Books,C0378,307.39,2023-06-28
P094,Clothing,C0821,77.55,2023-06-03
P078,Books,C0005,349.79,2023-09-28
P031,Books,C0029,484.72,2023-01-11
P031,Toys,C0166,391.2,2023-03-22
P031,Home,C0887,327.4,2023-01-30
P003,Electronics,C0354,318.46,2023-09-06
P014,Toys,C0992,408.03,2023-01-07
P052,Books,C0522,67.77,2023-11-16
P010,Clothing,C0874,142.71,2023-02-01
P049,Home,C0419,85.08,2023-11-25
P013,Home,C0759,183.78,2023-01-10
P077,Clothing,C0283,66.71,2023-02-17
P078,Electronics,C0395,421.84,2023-04-21
P050,Books,C0475,306.09,2023-07-30
P010,Electronics,C0943,333.05,2023-02-23
P080,Electronics,C0007,355.59,2023-11-22
P098,Toys,C0254,244.15,2023-04-04
P086,Clothing,C0953,355.61,2023-10-29
P061,Home,C0500,383.73,2023-06-09
P001,Books,C0366,167.08,2023-07-13
P072,Home,C0451,218.78,2023-12-13
P009,Books,C0451,97.64,2023-04-17
P082,Electronics,C0734,122.1,2023-12-28
P075,Books,C0201,414.57,2023-01-15
P049,Books,C0440,215.18,2023-05-24
P051,Electronics,C0783,187.94,2023-07-13
P034,Clothing,C0454,233.08,2023-06-19
P081,Clothing,C0666,440.62,2023-03-01
P030,Toys,C0136,464.57,2023-01-02
P047,Home,C0248,365.12,2023-04-04
P054,Electronics,C0111,243.45,2023-04-04
P073,Toys,C0635,394.45,2023-11-04
P046,Toys,C0070,300.82,2023-10-28
P009,Home,C0364,325.7,2023-05-12
P100,Electronics,C0696,132.38,2023-12-03
P076,Electronics,C0056,262.54,2023-05-14
P046,Toys,C0262,212.59,2023-06-30
P042,Clothing,C0881,49.32,2023-03-07
P002,Clothing,C0694,83.0,2023-01-17
P011,Clothing,C0434,377.29,2023-03-14
P090,Toys,C0172,460.72,2023-05-26
P025,Clothing,C0771,42.21,2023-04-12
P069,Electronics,C0003,408.82,2023-06-16
P006,Toys,C0140,13.14,2023-03-05
P074,Books,C0414,10.34,2023-09-25
P078,Electronics,C0193,285.62,2023-05-23
P079,Home,C0144,88.3,2023-04-30
P085,Home,C0487,51.37,2023-10-05
P001,Home,C0427,419.11,2023-01-15
P097,Clothing,C0254,73.86,2023-09-17
P081,Toys,C0217,429.12,2023-04-21
P041,Home,C0547,87.55,2023-04-16
P074,Electronics,C0290,138.99,2023-09-30
P052,Toys,C0339,465.9,2023-03-08
P032,Electronics,C0527,40.34,2023-12-06
P028,Toys,C0684,280.15,2023-02-12
P095,Clothing,C0776,271.5,2023-04-04
P085,Electronics,C0887,89.9,2023-11-13
P065,Electronics,C0792,167.48,2023-02-13
P013,Books,C0133,167.97,2023-05-04
P040,Toys,C0277,301.85,2023-07-25
P019,Home,C0306,360.41,2023-10-21
P011,Books,C0196,122.31,2023-03-04
P058,Toys,C0361,264.1,2023-09-19
P062,Electronics,C0931,388.13,2023-02-09
P048,Clothing,C0863,324.02,2023-07-24
P064,Toys,C0137,58.07,2023-04-20
P014,Electronics,C0430,446.34,2023-11-10
P021,Electronics,C0033,201.52,2023-08-01
P099,Books,C0317,79.91,2023-03-23
P055,Clothing,C0919,315.25,2023-11-14
P100,Clothing,C0055,93.3,2023-01-12
P047,Toys,C0816,379.8,2023-03-03
P091,Home,C0504,178.89,2023-12-22
P006,Clothing,C0658,282.27,2023-10-13
P071,Home,C0386,128.49,2023-01-27
P004,Home,C0300,301.69,2023-01-18
P092,Electronics,C0476,384.56,2023-06-19
P092,Electronics,C0744,471.32,2023-05-18
P037,Toys,C0895,471.77,2023-10-01
P068,Electronics,C0157,157.96,2023-11-09
P081,Electronics,C0786,25.66,2023-06-16
P053,Toys,C0980,311.24,2023-12-05
P033,Books,C0606,173.96,2023-08-29
P027,Home,C0839,82.69,2023-12-04
P081,Home,C0565,84.36,2023-02-26
P023,Books,C0090,319.4,2023-12-14
P070,Books,C0035,288.91,2023-05-10
P087,Books,C0214,147.97,2023-10-28
P005,Electronics,C0500,188.58,2023-04-17
P061,Toys,C0441,439.43,2023-09-25
P082,Home,C0220,242.64,2023-04-14
P074,Home,C0972,368.01,2023-06-06
P005,Home,C0980,199.04,2023-03-28
P025,Clothing,C0162,359.76,2023-05-12
P008,Home,C0242,482.34,2023-09-25
P017,Toys,C1000,332.06,2023-01-22
P097,Electronics,C0406,416.05,2023-04-15
P002,Clothing,C0598,349.94,2023-04-22
P017,Toys,C0728,471.63,2023-11-30
P006,Clothing,C0857,188.55,2023-08-19
P094,Books,C0372,330.12,2023-09-04
P089,Toys,C0366,324.45,2023-05-23
P073,Books,C0553,39.85,2023-05-25
P095,Home,C0011,495.54,2023-08-03
P084,Books,C0952,101.48,2023-12-10
P024,Toys,C0675,168.52,2023-05-13
P050,Electronics,C0568,497.22,2023-06-20
P070,Toys,C0332,216.71,2023-04-02
P013,Electronics,C0392,410.26,2023-02-22
P040,Clothing,C0183,430.65,2023-10-13
P046,Home,C0235,51.02,2023-11-10
P070,Electronics,C0009,67.8,2023-10-28
P100,Toys,C0079,437.45,2023-08-11
P031,Books,C0315,101.92,2023-02-04
P064,Books,C0457,379.39,2023-12-20
P042,Books,C0980,69.78,2023-03-27
P021,Clothing,C0034,439.79,2023-07-23
P049,Clothing,C0836,144.05,2023-08-21
P010,Clothing,C0262,188.61,2023-05-08
P029,Home,C0817,413.76,2023-02-06
P036,Clothing,C0719,12.26,2023-12-16
P018,Toys,C0353,317.83,2023-06-10
P099,Books,C0907,12.05,2023-12-26
P064,Clothing,C0629,155.57,2023-09-20
P046,Clothing,C0960,137.42,2023-12-08
P091,Toys,C0058,81.59,2023-03-21
P064,Clothing,C0273,190.78,2023-12-14
P074,Electronics,C0875,276.7,2023-04-14
P040,Home,C0933,179.27,2023-04-19
P047,Clothing,C0389,214.57,2023-01-02
P064,Clothing,C0444,462.67,2023-02-13
P075,Home,C0830,106.12,2023-07-30
P064,Books,C0721,288.32,2023-11-14
P059,Home,C0980,140.98,2023-12-20
P062,Home,C0400,210.71,2023-05-02
P006,Electronics,C0892,303.58,2023-02-13
P040,Books,C0459,108.23,2023-02-27
P034,Clothing,C0938,145.5,2023-01-08
P074,Clothing,C0627,295.81,2023-03-04
P080,Toys,C0610,254.73,2023-05-13
P012,Electronics,C0972,37.06,2023-02-27
P001,Clothing,C0310,391.98,2023-06-18
P083,Home,C0850,385.55,2023-09-20
P032,Electronics,C0538,27.08,2023-02-14
P098,Electronics,C0933,184.84,2023-04-15
P091,Electronics,C0563,170.99,2023-10-13
P013,Home,C0305,482.66,2023-01-11
P096,Books,C0816,156.11,2023-04-21
P030,Toys,C0289,499.32,2023-10-13
P042,Home,C0158,341.27,2023-02-27
P048,Clothing,C0030,177.67,2023-01-27
P017,Toys,C0020,351.25,2023-01-17
P031,Books,C0789,242.48,2023-10-14
P035,Electronics,C0664,138.7,2023-05-16
P046,Home,C0580,166.45,2023-05-07
P069,Home,C0116,250.91,2023-12-03
P021,Electronics,C0197,71.74,2023-05-15
P054,Electronics,C0903,227.78,2023-02-11
P026,Home,C0476,158.0,2023-06-03
P079,Electronics,C0028,494.77,2023-06-14
P068,Clothing,C0496,492.26,2023-09-03
P084,Electronics,C0403,298.85,2023-07-02
P037,Toys,C0605,382.03,2023-09-27
P056,Electronics,C0566,135.96,2023-11-08
P099,Toys,C0078,169.66,2023-11-28
P037,Home,C0086,321.63,2023-02-18
P055,Toys,C0876,169.35,2023-10-05
P067,Home,C0583,398.6,2023-05-23
P068,Toys,C0220,128.06,2023-03-31
P041,Toys,C0859,200.55,2023-08-24
P053,Electronics,C0446,381.47,2023-04-21
P022,Books,C0022,324.29,2023-04-16
P024,Clothing,C0306,454.08,2023-12-24
P053,Toys,C0788,272.96,2023-02-20
P056,Toys,C0919,138.94,2023-12-07
P052,Home,C0709,56.31,2023-08-30
P098,Home,C0951,86.53,2023-07-06
P005,Clothing,C0024,478.15,2023-02-08
P035,Home,C0700,270.26,2023-02-10
P010,Home,C0409,344.67,2023-08-20
P029,Electronics,C0844,13.23,2023-08-22
P047,Toys,C0153,337.22,2023-11-01
P080,Electronics,C0982,294.85,2023-05-05
P047,Books,C0422,461.44,2023-04-02
P062,Home,C0126,450.1,2023-07-23
P012,Clothing,C0055,344.48,2023-02-21
P003,Clothing,C0224,158.12,2023-06-19
P047,Books,C0924,224.67,2023-07-17
P038,Electronics,C0662,455.22,2023-09-19
P096,Toys,C0353,298.76,2023-02-18
P039,Toys,C0013,238.63,2023-10-31
P069,Books,C0997,248.3,2023-02-08
P051,Home,C0303,157.93,2023-07-13
P041,Clothing,C0654,208.75,2023-07-07
P004,Electronics,C0472,348.19,2023-04-29
P095,Books,C0632,172.19,2023-06-08
P086,Toys,C0362,413.88,2023-06-02
P076,Toys,C0955,133.28,2023-02-01
P051,Clothing,C0582,11.57,2023-06-29
P093,Home,C0757,64.31,2023-02-21
P100,Toys,C0669,275.27,2023-09-16
P029,Home,C0574,355.18,2023-10-22
P003,Books,C0383,15.38,2023-11-11
P058,Home,C0282,250.26,2023-09-05
P081,Clothing,C0948,17.92,2023-04-20
P001,Clothing,C0759,20.13,2023-11-07
P025,Clothing,C0683,496.43,2023-12-24
P017,Books,C0035,214.34,2023-08-26
P005,Toys,C0208,23.24,2023-02-05
P032,Electronics,C0400,156.08,2023-09-09
P033,Electronics,C0160,121.59,2023-03-31
P094,Electronics,C0812,166.14,2023-07-10
P033,Books,C0534,492.91,2023-08-31
P081,Clothing,C0486,129.81,2023-03-25
P008,Toys,C0313,56.6,2023-06-28
P026,Clothing,C0872,277.62,2023-03-28
P026,Toys,C0716,395.66,2023-02-01
P046,Home,C0594,92.25,2023-03-04
P087,Home,C0086,120.95,2023-03-25
P017,Home,C0120,134.5,2023-06-25
P007,Clothing,C0516,24.69,2023-04-19
P026,Clothing,C0837,169.42,2023-07-09
P072,Clothing,C0520,95.08,2023-06-28
P061,Clothing,C0854,275.49,2023-02-06
P095,Electronics,C0468,205.87,2023-08-20
P037,Electronics,C0285,286.96,2023-04-10
P065,Books,C0057,363.42,2023-04-27
P042,Home,C0316,263.26,2023-06-04
P078,Books,C0446,380.65,2023-09-26
P053,Books,C0853,143.69,2023-12-28
P060,Home,C0260,221.45,2023-04-27
P098,Clothing,C0223,235.33,2023-07-24
P025,Toys,C0517,77.83,2023-09-12
P036,Clothing,C0045,73.19,2023-02-11
P011,Electronics,C0550,290.9,2023-07-02
P099,Books,C0690,372.47,2023-12-17
P093,Electronics,C0144,135.81,2023-12-28
P098,Clothing,C0706,248.15,2023-11-07
P025,Toys,C0584,398.22,2023-12-18
P097,Books,C0725,416.61,2023-06-19
P002,Clothing,C0262,246.52,2023-05-07
P028,Electronics,C0565,38.85,2023-06-10
P071,Clothing,C0600,400.14,2023-10-18
P054,Toys,C0963,55.02,2023-03-22
P085,Home,C0418,160.89,2023-11-07
P027,Clothing,C0154,386.5,2023-04-20
P051,Electronics,C0507,178.26,2023-01-30
P035,Home,C0497,377.64,2023-11-27
P021,Books,C0269,97.52,2023-12-14
P033,Books,C0151,422.27,2023-05-15
P030,Clothing,C0947,19.15,2023-01-22
P051,Clothing,C0506,101.11,2023-07-31
P007,Books,C0874,392.06,2023-04-11
P037,Toys,C0576,32.26,2023-07-09
P094,Toys,C0211,479.97,2023-05-25
P016,Clothing,C0165,203.29,2023-06-06
P063,Electronics,C0493,263.41,2023-05-22
P045,Electronics,C0448,444.84,2023-04-21
P097,Toys,C0557,60.36,2023-04-07
P063,Books,C0353,248.59,2023-07-04
P068,Books,C0855,430.36,2023-04-25
P053,Toys,C0899,41.62,2023-11-19
P053,Home,C0325,238.71,2023-01-02
P010,Home,C0786,256.53,2023-11-06
P006,Clothing,C0121,35.95,2023-10-17
P078,Toys,C0577,128.36,2023-05-15
P069,Clothing,C0504,343.79,2023-09-24
P044,Clothing,C0672,297.13,2023-06-20
P089,Home,C0290,92.09,2023-07-17
P058,Home,C0355,179.06,2023-03-25
P047,Clothing,C0571,291.54,2023-07-02
P030,Books,C0321,406.3,2023-08-18
P037,Home,C0341,369.33,2023-01-21
P027,Toys,C0458,164.6,2023-11-04
P072,Home,C0514,116.21,2023-08-21
P036,Toys,C0948,439.72,2023-04-04
P070,Clothing,C0412,137.35,2023-08-27
P073,Home,C0988,256.72,2023-05-13
P070,Toys,C0592,93.71,2023-01-05
P073,Home,C0290,180.46,2023-07-02
P013,Clothing,C0905,477.43,2023-05-19
P001,Home,C0150,459.27,2023-12-31
P024,Clothing,C0387,473.07,2023-03-11
P013,Home,C0997,52.03,2023-04-27
P071,Electronics,C0339,185.38,2023-06-09
P012,Home,C0517,104.96,2023-05-02
P019,Books,C0674,291.84,2023-02-24
P023,Electronics,C0866,379.58,2023-09-12
P091,Toys,C0383,72.53,2023-10-18
P016,Clothing,C0214,443.08,2023-07-31
P100,Home,C0585,340.11,2023-05-13
P064,Home,C0909,30.05,2023-10-04
P023,Electronics,C0522,56.46,2023-08-24
P022,Home,C0726,289.07,2023-06-23
P012,Home,C0044,200.06,2023-04-22
P003,Toys,C0371,289.6,2023-09-14
P092,Home,C0274,339.81,2023-09-22
P072,Toys,C0630,173.48,2023-02-12
P069,Clothing,C0576,304.59,2023-05-03
P004,Electronics,C0310,130.81,2023-08-10
P066,Home,C0264,209.6,2023-09-20
P026,Electronics,C0912,119.25,2023-04-08
P032,Books,C0692,239.14,2023-10-16
P036,Home,C0987,411.07,2023-01-15
P092,Toys,C0091,463.39,2023-04-07
P065,Clothing,C0697,210.16,2023-01-11
P076,Home,C0474,211.31,2023-11-27
P004,Toys,C0928,466.98,2023-10-12
P021,Home,C0594,108.98,2023-11-08
P012,Books,C0107,435.43,2023-02-28
P037,Clothing,C0274,209.27,2023-08-14
P076,Clothing,C0784,201.04,2023-03-24
P008,Toys,C0914,139.89,2023-05-10
P064,Books,C0140,192.55,2023-02-19
P022,Electronics,C0256,494.73,2023-10-18
P065,Clothing,C0368,18.6,2023-12-19
P077,Electronics,C0248,122.48,2023-10-29
P023,Books,C0320,84.54,2023-04-21
P082,Toys,C0370,79.35,2023-09-30
P071,Books,C0453,32.32,2023-08-17
P070,Toys,C0273,209.41,2023-04-16
P015,Electronics,C0764,82.95,2023-06-10
P006,Clothing,C0483,171.11,2023-09-21
P046,Clothing,C0872,159.9,2023-04-02
P015,Toys,C0132,293.0,2023-02-11
P040,Clothing,C0320,435.5,2023-02-19
P053,Electronics,C0133,87.14,2023-05-21
P087,Books,C0087,228.29,2023-07-19
P092,Books,C0397,284.91,2023-07-07
P090,Books,C0840,337.72,2023-01-12
P052,Electronics,C0482,243.82,2023-12-11
P027,Books,C0268,403.99,2023-06-25
P097,Electronics,C0850,477.68,2023-07-03
P079,Clothing,C0955,228.65,2023-03-18
P008,Home,C0583,133.8,2023-01-08
P081,Books,C0286,98.17,2023-08-13
P067,Toys,C0555,369.74,2023-09-06
P025,Toys,C0083,491.02,2023-07-14
P026,Toys,C0304,256.57,2023-05-16
P038,Books,C0383,446.26,2023-05-16
P022,Home,C0896,128.71,2023-05-03
P016,Home,C0439,122.74,2023-03-04
P032,Toys,C0380,452.07,2023-01-15
P029,Home,C0529,81.97,2023-12-11
P050,Toys,C0223,62.76,2023-03-10
P016,Toys,C0405,298.65,2023-09-30
P053,Home,C0586,355.01,2023-01-31
P055,Home,C0969,244.89,2023-01-26
P030,Electronics,C0504,106.9,2023-12-31
P005,Clothing,C0202,494.63,2023-02-14
P081,Books,C0129,206.31,2023-06-09
P096,Clothing,C0029,468.42,2023-03-20
P096,Clothing,C0856,228.6,2023-05-05
P062,Electronics,C0629,66.6,2023-09-13
P034,Home,C0432,93.4,2023-11-01
P067,Clothing,C0313,241.39,2023-07-13
P040,Clothing,C0861,441.69,2023-01-06
P070,Clothing,C0793,70.78,2023-06-07
P078,Clothing,C0408,256.12,2023-02-19
P068,Clothing,C0447,121.79,2023-07-03
P044,Books,C0093,148.92,2023-10-22
P017,Electronics,C0428,90.13,2023-11-22
P091,Books,C0373,449.42,2023-08-27
P047,Toys,C0146,433.73,2023-10-15
P059,Clothing,C0915,481.07,2023-12-03
P050,Home,C0609,243.39,2023-07-05
P088,Books,C0043,280.38,2023-10-11
P018,Clothing,C0801,246.04,2023-03-06
P044,Home,C0590,22.09,2023-09-11
P026,Toys,C0377,203.8,2023-08-05
P006,Clothing,C0438,346.72,2023-02-01
P031,Books,C0330,228.09,2023-05-02
P083,Books,C0829,475.33,2023-09-10
P088,Clothing,C0468,361.51,2023-07-20
P094,Books,C0544,136.4,2023-09-09
P006,Electronics,C0327,23.67,2023-02-03
P008,Clothing,C0414,179.23,2023-08-16
P049,Clothing,C0555,378.08,2023-12-09
P045,Books,C0353,384.17,2023-04-15
P011,Books,C0154,85.86,2023-11-02
P011,Electronics,C0270,243.78,2023-09-19
P022,Books,C0702,386.33,2023-10-05
P015,Books,C0592,490.52,2023-05-15
P032,Books,C0783,206.09,2023-09-20
P099,Clothing,C0967,499.73,2023-12-31
P082,Electronics,C0339,56.68,2023-08-16
P027,Toys,C0856,389.85,2023-05-22
P007,Home,C0793,298.87,2023-01-02
P078,Electronics,C0660,452.4,2023-04-06
P096,Clothing,C0757,407.75,2023-06-27
P042,Electronics,C0047,138.92,2023-07-27
P059,Electronics,C0943,350.04,2023-08-23
P073,Clothing,C0192,163.58,2023-07-18
P004,Home,C0145,151.7,2023-08-14
P026,Books,C0200,99.23,2023-01-18
P004,Books,C0725,82.8,2023-02-01
P072,Toys,C0051,409.72,2023-06-10
P069,Toys,C0405,131.18,2023-05-17
P008,Toys,C0139,246.05,2023-09-08
P082,Toys,C0050,106.53,2023-06-14
P039,Clothing,C0145,437.4,2023-08-25
P043,Clothing,C0612,417.32,2023-01-11
P086,Home,C0045,421.1,2023-02-05
P070,Books,C0298,490.45,2023-05-30
P075,Electronics,C0081,154.88,2023-10-29
P001,Toys,C0357,393.65,2023-08-13
P022,Toys,C0906,473.67,2023-02-01
P019,Home,C0954,428.68,2023-04-08
P071,Books,C0622,203.88,2023-06-12
P051,Home,C0811,291.37,2023-03-05
P063,Clothing,C0071,97.61,2023-12-01
P070,Electronics,C0306,464.37,2023-05-14
P010,Books,C0858,360.86,2023-02-03
P100,Electronics,C0160,499.82,2023-02-28
P095,Books,C0360,89.85,2023-12-19
P057,Home,C0344,52.83,2023-11-21
P038,Electronics,C0031,220.49,2023-12-03
P024,Clothing,C0189,294.84,2023-11-11
P051,Home,C0267,73.51,2023-04-05
P062,Toys,C0636,465.52,2023-03-22
P047,Home,C0939,334.07,2023-12-02
P006,Toys,C0547,274.23,2023-07-07
P071,Home,C0489,475.83,2023-06-23
P076,Books,C0304,354.08,2023-05-12
P077,Toys,C0671,90.41,2023-03-19
P044,Electronics,C0060,99.22,2023-09-02
P089,Books,C0072,232.39,2023-12-12
P065,Electronics,C0287,364.24,2023-08-04
P006,Books,C0437,303.05,2023-11-30
P020,Toys,C0381,376.19,2023-04-02
P093,Home,C0064,294.7,2023-03-07
P002,Clothing,C0360,485.97,2023-04-26
P093,Clothing,C0054,213.58,2023-06-08
P024,Books,C0502,133.05,2023-06-21
P100,Electronics,C0490,355.01,2023-08-14
P087,Toys,C0390,498.86,2023-02-06
P059,Toys,C0911,310.3,2023-07-21
P092,Home,C0376,389.17,2023-11-01
P086,Clothing,C0840,280.14,2023-01-22
P084,Toys,C0506,322.96,2023-03-09
P001,Clothing,C0667,301.76,2023-07-13
P054,Electronics,C0547,332.91,2023-09-08
P088,Toys,C0562,240.99,2023-04-25
P053,Electronics,C0188,330.38,2023-06-16
P096,Clothing,C0226,99.24,2023-09-01
P038,Clothing,C0754,403.84,2023-11-20
P020,Clothing,C0415,327.4,2023-02-26
P001,Clothing,C0899,385.16,2023-01-19
P009,Toys,C0377,94.62,2023-07-28
P060,Electronics,C0456,462.89,2023-01-27
P040,Clothing,C0858,258.54,2023-03-07
P048,Electronics,C0756,405.05,2023-04-12
P029,Electronics,C0545,326.77,2023-04-20
P095,Books,C0030,57.18,2023-08-10
P004,Clothing,C0280,158.24,2023-06-24
P009,Books,C0952,71.11,2023-03-27
P065,Toys,C0134,52.33,2023-12-05
P051,Clothing,C0771,235.32,2023-06-29
P069,Clothing,C0123,113.07,2023-02-04
P045,Clothing,C0318,39.03,2023-05-07
P036,Toys,C0449,277.11,2023-07-08
P097,Home,C0186,234.86,2023-06-12
P070,Toys,C0281,278.49,2023-07-01
P086,Home,C0528,361.65,2023-04-24
P032,Electronics,C0527,489.03,2023-08-04
P079,Toys,C0906,390.96,2023-12-15
P052,Books,C0653,10.28,2023-07-18
P033,Home,C0299,107.52,2023-05-31
P022,Toys,C0617,453.6,2023-11-05
P086,Electronics,C0530,341.07,2023-07-29
P057,Home,C0648,477.18,2023-11-06
P019,Toys,C0793,302.55,2023-03-28
P097,Toys,C0137,385.31,2023-03-05
P050,Books,C0753,187.61,2023-01-26
P091,Toys,C0223,483.58,2023-04-14
P050,Electronics,C0246,177.41,2023-03-07
P019,Home,C0432,119.54,2023-06-08
P008,Electronics,C0012,263.07,2023-12-11
P011,Toys,C0206,242.48,2023-05-11
P050,Books,C0907,495.11,2023-07-15
P020,Clothing,C0192,308.48,2023-12-13
P012,Clothing,C0222,28.01,2023-08-12
P093,Home,C0412,124.82,2023-01-22
P098,Books,C0993,192.42,2023-01-22
P022,Electronics,C0950,127.37,2023-08-03
P063,Electronics,C0793,307.35,2023-11-17
P089,Electronics,C0807,12.41,2023-09-05
P048,Electronics,C0015,287.65,2023-03-24
P054,Toys,C0735,467.58,2023-01-28
P045,Electronics,C0410,427.91,2023-04-04
P038,Books,C0530,279.53,2023-03-13
P088,Home,C0881,129.18,2023-11-12
P092,Books,C0580,347.67,2023-01-10
P056,Electronics,C0101,20.43,2023-08-02
P096,Clothing,C0786,328.72,2023-05-09
P003,Books,C0502,201.02,2023-01-19
P012,Books,C0495,146.22,2023-09-24
P057,Toys,C0182,260.81,2023-11-09
P040,Electronics,C0079,268.0,2023-07-23
P014,Books,C0412,12.25,2023-06-13
P028,Toys,C0789,233.11,2023-03-19
P052,Electronics,C0812,383.01,2023-01-30
P035,Toys,C0117,331.64,2023-03-04
P026,Clothing,C0092,438.14,2023-11-25
P063,Home,C0723,44.9,2023-07-19
P052,Electronics,C0241,245.62,2023-04-26
P013,Books,C0679,65.49,2023-05-25
P012,Toys,C0365,237.06,2023-07-04
P068,Books,C0343,23.83,2023-10-08
P078,Toys,C0969,346.21,2023-11-04
P078,Electronics,C0219,416.32,2023-10-10
P084,Toys,C0123,104.63,2023-07-09
P006,Toys,C0668,85.77,2023-01-04
P002,Books,C0082,184.92,2023-05-25
P071,Toys,C0620,147.19,2023-04-25
P026,Clothing,C0068,361.5,2023-05-13
P017,Electronics,C0278,277.33,2023-11-06
P093,Toys,C0816,383.21,2023-08-04
P079,Books,C0578,111.65,2023-02-02
P081,Electronics,C0690,425.97,2023-11-11
P061,Home,C0829,109.17,2023-10-30
P026,Toys,C0014,30.13,2023-10-06
P071,Home,C0749,157.83,2023-01-07
P042,Books,C0010,312.04,2023-12-26
P025,Home,C0182,369.02,2023-08-30
P055,Home,C0173,241.15,2023-12-18
P084,Toys,C0357,310.76,2023-03-19
P075,Electronics,C0701,233.67,2023-01-24
P068,Books,C0097,330.55,2023-10-13
P092,Toys,C0169,96.17,2023-10-24
P081,Books,C0753,449.07,2023-06-08
P073,Books,C0057,383.96,2023-06-08
P063,Toys,C0847,271.83,2023-08-05
P026,Electronics,C0993,134.84,2023-08-18
P042,Clothing,C0384,208.47,2023-02-20
P034,Electronics,C0849,377.24,2023-01-30
P032,Home,C0499,33.25,2023-10-15
P097,Books,C0760,39.73,2023-09-13
P013,Clothing,C0293,366.49,2023-11-01
P001,Clothing,C0925,270.53,2023-03-07
P006,Toys,C0165,32.97,2023-07-19
P067,Toys,C0801,487.6,2023-01-19
P084,Books,C0606,473.32,2023-07-13
P063,Clothing,C0452,374.35,2023-01-04
P075,Home,C0779,293.18,2023-08-07
P007,Books,C0603,119.76,2023-03-16
P054,Clothing,C0813,460.9,2023-12-21
P091,Clothing,C0111,447.24,2023-06-19
P055,Books,C0395,315.28,2023-02-02
P096,Toys,C0488,142.42,2023-06-24
P069,Home,C0335,255.34,2023-08-25
P092,Clothing,C0554,313.1,2023-09-07
P001,Toys,C0150,210.3,2023-01-29
P018,Home,C0429,269.37,2023-08-26
P082,Books,C0977,114.4,2023-09-10
P003,Books,C0388,54.45,2023-06-17
P001,Books,C0383,86.19,2023-09-24
P037,Books,C0274,73.11,2023-10-03
P064,Toys,C0219,200.6,2023-01-06
P026,Clothing,C0397,476.31,2023-09-22
P010,Electronics,C0805,498.05,2023-06-12
P086,Books,C0335,146.4,2023-08-22
P079,Electronics,C0983,392.01,2023-03-14
P001,Home,C0208,38.66,2023-10-27
P089,Books,C0344,158.12,2023-07-29
P013,Toys,C0164,435.53,2023-12-31
P014,Books,C0979,58.25,2023-06-05
P084,Home,C0114,411.94,2023-07-29
P024,Electronics,C0744,29.93,2023-06-15
P083,Books,C0389,43.75,2023-07-06
P057,Electronics,C0502,163.65,2023-10-20
P040,Toys,C0587,194.34,2023-02-20
P051,Clothing,C0184,146.7,2023-07-02
P068,Toys,C0084,147.53,2023-05-10
P082,Toys,C0240,330.11,2023-07-26
P081,Home,C0944,216.83,2023-09-21
P046,Clothing,C0125,198.69,2023-03-29
P043,Electronics,C0712,320.21,2023-02-09
P040,Home,C0345,177.14,2023-07-30
P071,Clothing,C0389,51.3,2023-09-14
P063,Electronics,C0427,106.98,2023-12-23
P006,Clothing,C0525,295.02,2023-04-22
P054,Electronics,C0544,146.32,2023-08-07
P082,Home,C0707,101.78,2023-04-02
P083,Clothing,C0924,233.79,2023-08-23
P072,Toys,C0661,313.58,2023-05-06
P042,Electronics,C0128,476.26,2023-02-25
P033,Electronics,C0658,56.74,2023-08-20
P083,Books,C0288,155.56,2023-12-22
P012,Books,C0088,145.47,2023-07-27
P008,Toys,C0247,279.83,2023-12-25
P024,Clothing,C0635,191.93,2023-04-30
P090,Electronics,C0995,496.82,2023-08-18
P014,Clothing,C0743,424.56,2023-12-01
P048,Toys,C0266,197.3,2023-07-15
P055,Electronics,C0177,232.27,2023-05-20
P055,Home,C0798,370.09,2023-11-18
P013,Books,C0625,54.98,2023-03-22
P051,Books,C0535,248.85,2023-08-04
P052,Books,C0758,34.97,2023-10-08
P006,Electronics,C0568,417.87,2023-06-28
P038,Electronics,C0440,391.69,2023-04-10
P088,Toys,C0045,142.01,2023-07-25
P058,Electronics,C0662,220.53,2023-04-16
P009,Clothing,C0406,405.75,2023-01-31
P089,Electronics,C0178,481.38,2023-04-02
P088,Clothing,C0498,471.79,2023-02-06
P072,Clothing,C0404,61.22,2023-09-01
P072,Toys,C0198,71.01,2023-02-08
P013,Clothing,C0664,253.37,2023-06-20
P024,Books,C0749,274.94,2023-01-09
P082,Home,C0996,50.61,2023-02-06
P002,Home,C0982,75.64,2023-08-05
P044,Clothing,C0774,89.08,2023-06-05
P065,Toys,C0438,35.76,2023-09-30
P050,Electronics,C0300,152.35,2023-07-17
P063,Clothing,C0390,203.41,2023-03-24
P063,Home,C0013,250.63,2023-02-15
P078,Books,C0598,234.28,2023-01-13
P036,Toys,C0768,234.09,2023-07-06
P072,Clothing,C0871,446.64,2023-06-17
P013,Books,C0613,93.59,2023-01-15
P087,Toys,C0958,39.54,2023-12-31
P100,Toys,C0953,489.47,2023-09-20
P076,Home,C0264,411.76,2023-04-25
P072,Books,C0657,441.47,2023-07-20
P041,Toys,C0300,228.51,2023-07-12
P096,Electronics,C0680,348.34,2023-08-28
P022,Toys,C0181,420.3,2023-03-30
P020,Electronics,C0743,348.38,2023-03-23
P096,Clothing,C0284,360.85,2023-12-31
P070,Clothing,C0816,490.83,2023-09-02
P014,Electronics,C0442,67.87,2023-02-27
P004,Electronics,C0214,132.41,2023-08-07
P076,Books,C0021,496.75,2023-03-13
P041,Books,C0738,337.54,2023-06-05
P074,Home,C0119,474.51,2023-11-12
P096,Books,C0959,113.3,2023-07-16
P089,Home,C0480,70.82,2023-01-04
P040,Electronics,C0652,439.33,2023-06-26
P033,Home,C0112,262.28,2023-10-29
P011,Home,C0327,10.7,2023-12-06
P083,Electronics,C0624,185.93,2023-12-16
P048,Home,C0865,39.58,2023-09-17
P005,Clothing,C0418,358.25,2023-07-05
P048,Toys,C0744,437.45,2023-01-11
P098,Books,C0358,147.29,2023-06-15
P013,Books,C0534,354.89,2023-07-16
P071,Electronics,C0708,200.87,2023-10-04
P093,Home,C0479,153.59,2023-07-09
P019,Home,C0566,424.47,2023-04-21
P050,Clothing,C0393,322.17,2023-08-16
P028,Books,C0751,186.45,2023-05-09
P062,Clothing,C0394,79.13,2023-05-27
P017,Toys,C0454,292.98,2023-08-26
P055,Toys,C0465,331.39,2023-09-24
P072,Books,C0582,85.91,2023-11-03
P045,Books,C0874,188.35,2023-02-15
P005,Electronics,C0125,469.48,2023-11-23
P017,Toys,C0857,326.74,2023-07-02
P079,Clothing,C0347,43.82,2023-03-30
P003,Electronics,C0746,192.66,2023-02-24
P028,Clothing,C0958,114.14,2023-03-04
P051,Clothing,C0508,436.05,2023-07-30
P051,Electronics,C0200,186.3,2023-09-27
P051,Toys,C0317,135.34,2023-07-11
P012,Toys,C0206,115.47,2023-01-09
P059,Clothing,C0223,44.39,2023-08-02
P045,Toys,C0387,450.07,2023-07-24
P086,Clothing,C0736,495.99,2023-01-10
P034,Clothing,C0812,39.96,2023-10-24
P073,Books,C0658,257.35,2023-03-12
P042,Electronics,C0030,53.57,2023-09-17
P059,Electronics,C0665,373.57,2023-12-04
P004,Clothing,C0119,238.31,2023-11-08
P095,Electronics,C0424,32.77,2023-08-03
P077,Clothing,C0836,135.69,2023-03-05
P003,Books,C0447,231.22,2023-01-10
P011,Toys,C0764,128.41,2023-05-31
P072,Books,C0611,119.05,2023-10-10
P049,Home,C0992,120.65,2023-01-03
P013,Books,C0736,368.26,2023-09-12
P038,Home,C0332,213.21,2023-10-01
P064,Toys,C0305,362.91,2023-09-25
P060,Home,C0960,328.65,2023-05-05
P031,Books,C0484,322.38,2023-06-23
P051,Toys,C0853,191.71,2023-12-24
P060,Books,C0175,134.46,2023-03-01
P082,Books,C0368,215.56,2023-06-29
P043,Clothing,C0003,251.77,2023-08-26
P028,Toys,C0263,285.23,2023-10-11
P070,Books,C0040,197.71,2023-07-10
P021,Electronics,C0765,242.89,2023-02-08
P085,Books,C0460,435.27,2023-06-08
P069,Toys,C0127,43.58,2023-07-08
P013,Home,C0910,119.55,2023-02-07
P040,Books,C0853,379.9,2023-12-23
P010,Books,C0520,376.76,2023-09-21
P062,Books,C0335,310.1,2023-09-27
P013,Toys,C0701,115.68,2023-09-22
P031,Clothing,C0512,265.18,2023-04-01
P052,Books,C0433,118.71,2023-12-29
P028,Home,C0793,247.97,2023-02-08
P083,Clothing,C0035,369.41,2023-02-05
P018,Toys,C0289,152.35,2023-10-06
P038,Electronics,C0505,19.81,2023-06-07
P024,Toys,C0691,123.51,2023-05-27
P049,Home,C0247,45.44,2023-08-13
P024,Toys,C0769,498.66,2023-09-25
P048,Books,C0613,451.92,2023-03-18
P061,Home,C0786,248.03,2023-08-28
P040,Electronics,C0026,80.23,2023-02-14
P034,Clothing,C0307,271.16,2023-01-06
P084,Books,C0465,343.1,2023-11-16
P048,Electronics,C0183,179.86,2023-05-30
P045,Books,C0825,454.9,2023-08-22
P054,Electronics,C0148,52.39,2023-09-07
P045,Home,C0551,251.76,2023-07-05
P079,Toys,C0350,231.45,2023-06-16
P046,Clothing,C0856,326.42,2023-03-12
P068,Toys,C0156,234.7,2023-09-23
P024,Electronics,C0125,120.68,2023-03-28
P058,Clothing,C0545,408.13,2023-02-08
P074,Home,C0920,147.87,2023-04-12
P084,Home,C0186,208.95,2023-04-12
P028,Clothing,C0244,196.96,2023-04-15
P094,Toys,C0238,322.22,2023-10-04
P026,Books,C0073,301.83,2023-10-26
P009,Electronics,C0554,196.9,2023-08-31
P070,Home,C0806,327.66,2023-12-13
P066,Clothing,C0131,179.08,2023-08-17
P047,Home,C0807,376.06,2023-06-29
P073,Books,C0515,370.2,2023-07-18
P095,Clothing,C0453,213.7,2023-07-22
P085,Clothing,C0062,476.6,2023-11-15
P008,Books,C0537,434.67,2023-12-26
P021,Electronics,C0125,242.99,2023-06-14
P007,Toys,C0226,425.66,2023-06-05
P070,Electronics,C0213,288.99,2023-04-24
P017,Toys,C0941,436.03,2023-03-09
P024,Books,C0898,81.4,2023-03-28
P052,Electronics,C0184,462.52,2023-02-01
P045,Clothing,C0072,61.38,2023-02-08
P017,Clothing,C0208,167.14,2023-12-24
P068,Electronics,C0703,57.65,2023-02-12
P057,Clothing,C0922,310.66,2023-02-17
P005,Home,C0238,57.04,2023-08-01
P092,Home,C0342,154.81,2023-12-10
P069,Electronics,C0169,249.99,2023-04-24
P018,Clothing,C0343,473.18,2023-03-02
P081,Books,C0194,242.32,2023-07-05
P020,Clothing,C0420,63.78,2023-01-18
P094,Clothing,C0209,10.03,2023-08-18
P033,Home,C0899,92.18,2023-11-09
P021,Home,C0932,71.69,2023-02-04
P001,Books,C0853,12.19,2023-08-25
P056,Books,C0740,355.1,2023-06-02
P054,Electronics,C0903,478.59,2023-05-18
P089,Books,C0370,316.66,2023-12-10
P070,Electronics,C0010,473.57,2023-11-20
P005,Home,C0494,60.67,2023-11-19
P069,Home,C0347,357.25,2023-02-28
P019,Home,C0983,121.57,2023-08-25
P098,Electronics,C0733,499.74,2023-03-16
P014,Toys,C0386,197.86,2023-06-03
P078,Home,C0359,256.64,2023-07-11
P009,Home,C0056,374.22,2023-02-04
P076,Home,C0891,88.5,2023-12-05
P024,Books,C0258,394.11,2023-07-19
P055,Clothing,C0750,259.78,2023-08-03
P055,Clothing,C0050,444.8,2023-09-26
P065,Electronics,C0226,41.98,2023-05-01
P035,Electronics,C0607,452.23,2023-05-30
P089,Clothing,C0679,48.28,2023-01-18
P008,Clothing,C0935,298.4,2023-12-07
P091,Clothing,C0998,386.31,2023-06-29
P048,Books,C0375,300.58,2023-12-19
P063,Home,C0680,285.03,2023-06-08
P086,Toys,C0107,201.56,2023-06-21
P043,Toys,C0985,156.18,2023-07-18
P065,Home,C0993,365.91,2023-07-08
P035,Books,C0896,96.51,2023-12-01
P079,Books,C0044,169.34,2023-09-02
P065,Clothing,C0038,59.04,2023-09-04
P090,Electronics,C0269,80.42,2023-12-24
P015,Books,C0104,469.02,2023-07-20
P050,Electronics,C0768,395.97,2023-07-15
P046,Toys,C0611,221.26,2023-12-28
P046,Books,C0185,302.1,2023-10-24
P042,Books,C0151,367.01,2023-01-08
P047,Home,C0429,110.33,2023-01-04
P066,Toys,C0472,147.92,2023-09-16
P072,Electronics,C0634,59.98,2023-08-04
P052,Toys,C0467,365.62,2023-08-21
P058,Toys,C0707,299.89,2023-04-22
P038,Electronics,C0551,490.42,2023-08-19
P089,Clothing,C0648,131.9,2023-12-01
P067,Clothing,C0145,379.99,2023-03-22
P050,Books,C0177,14.06,2023-07-03
P084,Home,C0656,194.71,2023-11-09
P016,Clothing,C0157,107.62,2023-05-06
P044,Home,C0203,125.53,2023-04-29
P038,Electronics,C0528,297.59,2023-01-22
P086,Home,C0037,302.36,2023-06-28
P064,Electronics,C0416,255.25,2023-09-16
P004,Home,C0911,261.15,2023-09-05
P066,Electronics,C0333,252.41,2023-05-21
P079,Electronics,C0917,460.22,2023-05-28
P073,Toys,C0216,225.05,2023-01-22
P039,Home,C0563,88.33,2023-05-20
P081,Books,C0276,448.88,2023-11-01
P039,Toys,C0675,423.05,2023-10-15
P027,Clothing,C0108,93.85,2023-11-24
P097,Electronics,C0406,444.77,2023-09-10
P083,Electronics,C0232,485.93,2023-03-16
P051,Clothing,C0558,136.55,2023-07-24
P007,Home,C0780,232.05,2023-06-10
P018,Home,C0135,332.25,2023-08-15
P062,Clothing,C0823,271.27,2023-08-19
P089,Clothing,C0292,77.77,2023-01-25
P019,Home,C0988,241.76,2023-09-28
P060,Clothing,C0105,22.79,2023-08-07
P093,Clothing,C0781,112.42,2023-03-06
P088,Clothing,C0872,229.05,2023-02-18
P089,Toys,C0213,162.41,2023-01-03
P071,Home,C0826,247.34,2023-03-18
P081,Toys,C0464,134.83,2023-11-27
P064,Electronics,C0971,219.52,2023-11-14
P071,Clothing,C0325,162.63,2023-10-19
P056,Toys,C0521,313.8,2023-12-14
P091,Clothing,C0603,466.35,2023-06-18
P062,Clothing,C0676,159.32,2023-01-04
P020,Clothing,C0181,267.11,2023-08-02
P085,Books,C0947,67.04,2023-11-26
P011,Home,C0009,77.11,2023-01-13
P061,Toys,C0443,104.73,2023-06-22
P062,Books,C0350,462.25,2023-03-18
P025,Books,C0980,340.75,2023-06-25
P038,Toys,C0810,341.6,2023-08-21
P002,Toys,C0153,206.37,2023-10-27
P027,Home,C0711,148.01,2023-10-26
P025,Books,C0247,169.68,2023-11-17
P100,Home,C0528,186.82,2023-02-03
P063,Toys,C0441,384.57,2023-11-04
P009,Books,C0619,55.24,2023-10-24
P043,Electronics,C0337,66.82,2023-07-13
P025,Clothing,C0283,420.96,2023-09-07
P002,Books,C0876,386.42,2023-07-31
P089,Home,C0437,491.17,2023-06-20
P003,Toys,C0949,465.2,2023-11-02
P005,Electronics,C0212,307.18,2023-03-16
P018,Electronics,C0331,153.1,2023-06-09
P077,Electronics,C0713,267.22,2023-12-31
P023,Electronics,C0627,47.81,2023-02-12
P064,Electronics,C0489,142.98,2023-05-28
P082,Electronics,C0699,445.85,2023-06-03
P049,Books,C0312,295.03,2023-11-06
P059,Toys,C0429,224.86,2023-01-31
P025,Books,C0671,58.23,2023-06-09
P061,Clothing,C0720,200.13,2023-04-15
P045,Books,C0558,211.62,2023-04-10
P048,Electronics,C0748,43.2,2023-06-06
P010,Electronics,C0648,422.18,2023-08-03
P077,Books,C0553,455.17,2023-03-06
P020,Electronics,C0189,427.97,2023-02-06
P025,Toys,C0783,467.03,2023-07-01
P043,Toys,C0471,406.11,2023-11-21
P045,Books,C0222,118.78,2023-10-28
P036,Clothing,C0521,189.81,2023-07-17
P056,Home,C0204,292.43,2023-11-24
P002,Clothing,C0014,213.84,2023-09-27
P014,Electronics,C0362,235.93,2023-11-24
P010,Clothing,C0318,52.53,2023-11-08
P070,Clothing,C0964,152.63,2023-08-10
P082,Books,C0281,114.9,2023-07-08
P055,Electronics,C0725,96.1,2023-12-20
P014,Books,C0347,414.98,2023-04-03
P008,Home,C0913,398.89,2023-10-15
P086,Electronics,C0358,113.74,2023-10-19
P038,Toys,C0269,463.09,2023-04-17
P058,Electronics,C0904,114.25,2023-09-29
P092,Home,C0605,18.83,2023-07-30
P067,Electronics,C0130,417.32,2023-06-22
P059,Home,C0705,465.17,2023-08-15
P032,Electronics,C0965,497.57,2023-01-08
P029,Clothing,C0844,383.79,2023-06-14
P052,Home,C0108,148.19,2023-06-04
P047,Toys,C0088,446.34,2023-07-11
P093,Clothing,C0665,249.52,2023-04-14
P058,Toys,C0060,450.24,2023-12-12
P071,Clothing,C0802,53.79,2023-05-24
P018,Clothing,C0858,472.37,2023-11-06
P083,Books,C0302,375.64,2023-08-05
P090,Clothing,C0486,34.17,2023-03-16
P047,Home,C0976,465.28,2023-02-09
P073,Clothing,C0290,154.71,2023-12-05
P078,Electronics,C0023,291.66,2023-01-21
P050,Toys,C0282,246.42,2023-03-14
P091,Toys,C0053,120.44,2023-01-25
P030,Clothing,C0777,402.95,2023-01-04
P051,Books,C0256,148.57,2023-10-01
P057,Books,C0681,39.6,2023-03-11
P091,Home,C0604,487.42,2023-11-03
P021,Toys,C0889,342.76,2023-05-14
P008,Books,C0549,245.87,2023-10-15
P088,Books,C0047,265.3,2023-05-19
P063,Electronics,C0985,133.7,2023-01-30
P056,Toys,C0341,14.66,2023-12-25
P007,Home,C0220,354.84,2023-03-07
P091,Books,C0264,483.39,2023-03-19
P014,Clothing,C0737,158.21,2023-01-04
P038,Books,C0839,345.2,2023-05-21
P034,Clothing,C0905,145.02,2023-06-02
P023,Home,C0882,482.23,2023-07-10
P007,Toys,C0206,352.53,2023-12-25
P068,Toys,C0357,333.49,2023-03-19
P053,Toys,C0901,144.02,2023-10-01
P100,Toys,C0227,249.16,2023-07-21
P075,Electronics,C0840,476.76,2023-10-03
P074,Books,C0603,103.42,2023-10-30
P031,Clothing,C0123,483.24,2023-01-10
P088,Home,C0531,371.41,2023-04-17
P094,Books,C0642,351.6,2023-02-06
P055,Books,C0981,342.89,2023-03-16
P059,Toys,C0201,75.66,2023-11-19
P043,Home,C0271,135.62,2023-11-26
P098,Clothing,C0281,105.28,2023-04-08
P008,Clothing,C0826,417.35,2023-05-17
P020,Electronics,C0333,300.75,2023-06-29
P040,Electronics,C0117,468.39,2023-10-17
P019,Home,C0273,396.53,2023-11-10
P055,Clothing,C0081,426.1,2023-04-07
P038,Books,C0997,403.27,2023-04-10
P057,Electronics,C0599,60.47,2023-12-14
P028,Books,C0001,259.42,2023-03-17
P020,Clothing,C0068,330.19,2023-10-26
P062,Toys,C0805,121.5,2023-06-29
P036,Toys,C0357,312.44,2023-10-08
P072,Toys,C0511,349.91,2023-11-30
P046,Toys,C0331,319.78,2023-03-24
P012,Toys,C0676,93.44,2023-07-18
P092,Electronics,C0182,176.7,2023-05-24
P057,Clothing,C0852,125.86,2023-03-10
P008,Clothing,C0787,208.59,2023-01-12
P006,Home,C0211,467.51,2023-05-21
P047,Electronics,C0217,282.26,2023-05-11
P017,Toys,C0981,347.36,2023-06-09
P071,Toys,C0291,44.08,2023-10-08
P019,Books,C0798,469.62,2023-07-05
P054,Books,C0326,368.9,2023-01-30
P048,Toys,C0147,395.49,2023-07-06
P007,Electronics,C0620,319.69,2023-05-31
P012,Books,C0443,418.88,2023-04-05
P090,Clothing,C0864,467.3,2023-01-02
P007,Electronics,C0246,81.51,2023-07-19
P092,Clothing,C0464,102.78,2023-10-03
P093,Home,C0488,151.53,2023-12-01
P052,Toys,C0150,322.31,2023-01-29
P062,Clothing,C0775,78.65,2023-12-03
P050,Clothing,C0166,211.81,2023-01-17
P071,Home,C0973,474.46,2023-04-24
P024,Toys,C0565,265.71,2023-02-23
P035,Toys,C0409,239.7,2023-11-10
P086,Books,C0857,436.47,2023-05-18
P072,Home,C0104,340.97,2023-12-28
P005,Books,C0594,81.6,2023-09-04
P029,Books,C0124,467.37,2023-10-24
P058,Toys,C0945,157.96,2023-07-11
P028,Electronics,C0987,307.49,2023-07-05
P022,Books,C0993,95.46,2023-10-25
P089,Clothing,C0020,211.7,2023-10-10
P092,Books,C0186,397.55,2023-03-24
P021,Home,C0331,194.95,2023-11-04
P006,Clothing,C0064,37.95,2023-10-30
P073,Books,C0534,310.42,2023-12-18
P018,Toys,C0778,81.5,2023-07-03
P097,Clothing,C0807,260.84,2023-03-29
P011,Home,C0098,106.7,2023-06-22
P064,Toys,C0951,55.29,2023-10-02
P018,Clothing,C0452,140.98,2023-08-27
P054,Home,C0696,120.47,2023-08-14
P062,Toys,C0734,349.06,2023-05-22
P056,Home,C0733,267.33,2023-09-21
P092,Electronics,C0203,243.26,2023-09-22
P069,Clothing,C0174,466.32,2023-04-20
P012,Books,C0045,414.07,2023-09-17
P018,Toys,C0115,218.28,2023-01-02
P091,Books,C0573,18.65,2023-07-24
P032,Books,C0367,43.42,2023-05-17
P034,Clothing,C0413,373.45,2023-07-17
P088,Electronics,C0890,111.28,2023-08-02
P015,Books,C0015,436.63,2023-01-29
P037,Clothing,C0220,53.2,2023-04-20
P046,Toys,C0568,156.6,2023-02-05
P022,Home,C0939,108.57,2023-03-16
P013,Home,C0363,180.38,2023-08-23
P025,Electronics,C0274,237.63,2023-03-15
P044,Electronics,C0288,315.79,2023-05-24
P065,Clothing,C0665,139.73,2023-03-04
P084,Electronics,C0150,245.47,2023-09-03
P040,Electronics,C0586,285.48,2023-05-29
P060,Home,C0185,372.32,2023-08-16
P070,Electronics,C0604,70.97,2023-05-22
P007,Toys,C0051,213.57,2023-12-07
P015,Home,C0783,237.39,2023-03-06
P039,Books,C0434,161.41,2023-10-24
P037,Home,C0047,267.53,2023-03-30
P012,Books,C0765,26.93,2023-01-27
P077,Home,C0496,493.07,2023-05-29
P068,Electronics,C0017,279.61,2023-12-08
P057,Books,C0388,157.62,2023-11-25
P049,Home,C0613,78.04,2023-12-19
P085,Electronics,C0360,463.97,2023-06-08
P043,Toys,C0392,379.28,2023-05-30
P091,Clothing,C0463,257.65,2023-06-24
P016,Books,C0379,439.29,2023-11-07
P047,Books,C0116,373.2,2023-01-06
P067,Clothing,C0090,318.47,2023-03-22
P065,Toys,C0012,226.97,2023-11-27
P082,Home,C0829,467.88,2023-07-17
P059,Books,C0638,347.49,2023-06-20
P023,Books,C0675,368.75,2023-04-15
P078,Books,C0197,333.8,2023-01-14
P080,Books,C0254,263.5,2023-08-06
P008,Toys,C0502,78.04,2023-05-11
P080,Electronics,C0866,359.25,2023-06-14
P100,Electronics,C0709,307.42,2023-02-03
P025,Toys,C0723,188.18,2023-10-10
P004,Books,C0109,430.57,2023-03-24
P055,Electronics,C0067,155.6,2023-05-11
P004,Clothing,C0813,228.4,2023-10-23
P043,Electronics,C0631,201.66,2023-07-11
P056,Clothing,C0033,378.75,2023-03-31
P081,Books,C0442,197.31,2023-06-30
P048,Books,C0656,168.95,2023-02-23
P001,Electronics,C0034,173.88,2023-07-24
P072,Home,C0375,152.94,2023-08-10
P079,Home,C0034,296.22,2023-06-12
P006,Electronics,C0660,10.22,2023-01-24
P016,Toys,C0111,459.59,2023-12-30
P034,Home,C0110,277.65,2023-11-29
P095,Toys,C0695,16.36,2023-12-17
P095,Clothing,C0099,185.75,2023-11-19
P040,Electronics,C0097,366.06,2023-03-07
P016,Toys,C0620,134.86,2023-01-24
P044,Clothing,C0247,113.51,2023-07-13
P018,Toys,C0753,117.3,2023-08-11
P014,Electronics,C0894,92.0,2023-02-12
P026,Home,C0716,341.08,2023-07-14
P085,Home,C0956,426.84,2023-04-27
P065,Electronics,C0672,122.87,2023-12-19
P074,Clothing,C0920,156.78,2023-09-17
P074,Toys,C0912,232.6,2023-02-26
P056,Toys,C0155,288.09,2023-06-29
P053,Home,C0649,240.8,2023-04-10
P092,Books,C0205,416.29,2023-03-17
P041,Toys,C0913,294.13,2023-02-04
P022,Clothing,C0942,341.18,2023-06-14
P044,Books,C0501,211.1,2023-05-20
P024,Books,C0230,356.74,2023-09-03
P017,Toys,C0521,186.89,2023-11-12
P082,Books,C0159,186.91,2023-11-06
P099,Home,C0629,253.32,2023-09-18
P099,Toys,C0981,21.67,2023-07-05
P093,Books,C0123,71.28,2023-09-21
P046,Books,C0161,434.91,2023-04-14
P044,Books,C0451,413.74,2023-03-04
P029,Electronics,C0021,186.49,2023-02-15
P075,Toys,C0511,405.11,2023-09-17
P019,Home,C0462,278.31,2023-10-23
P086,Toys,C0475,280.27,2023-05-04
P030,Clothing,C0602,378.94,2023-04-12
P053,Books,C0603,354.24,2023-08-07
P082,Electronics,C0667,367.41,2023-08-10
P051,Electronics,C0972,252.18,2023-01-04
P016,Electronics,C0392,150.57,2023-12-25
P075,Books,C0367,95.29,2023-12-31
P089,Books,C0638,433.9,2023-02-17
P067,Clothing,C0595,275.39,2023-12-24
P064,Toys,C0438,100.65,2023-04-18
P028,Home,C0087,182.11,2023-04-11
P089,Electronics,C0525,117.4,2023-12-13
P067,Books,C0106,65.61,2023-04-24
P014,Clothing,C0114,99.97,2023-09-23
P067,Home,C0661,90.23,2023-12-22
P088,Toys,C0085,19.37,2023-09-13
P029,Toys,C0847,444.06,2023-02-20
P032,Home,C0324,38.41,2023-03-07
P029,Clothing,C0707,215.58,2023-05-21
P042,Toys,C0597,466.01,2023-10-09
P086,Clothing,C0907,443.91,2023-08-13
P094,Books,C0556,89.17,2023-06-30
P014,Clothing,C0549,497.99,2023-10-15
P059,Books,C0639,72.58,2023-10-04
P091,Electronics,C0769,28.76,2023-09-14
P049,Books,C0527,312.44,2023-04-20
P054,Toys,C0514,447.72,2023-12-03
P076,Toys,C0093,50.48,2023-11-27
P091,Books,C0364,460.01,2023-09-25
P012,Clothing,C0779,336.28,2023-01-09
P011,Home,C0286,255.53,2023-01-07
P015,Clothing,C0149,113.85,2023-03-20
P043,Home,C0755,218.42,2023-02-18
P023,Electronics,C0499,333.82,2023-10-27
P043,Electronics,C0107,199.27,2023-12-24
P096,Home,C0737,398.07,2023-10-19
P027,Books,C0914,252.95,2023-11-23
P035,Home,C0318,492.68,2023-10-27
P036,Electronics,C0070,387.23,2023-08-21
P040,Electronics,C0534,48.79,2023-11-23
P045,Home,C0278,418.16,2023-07-24
P090,Books,C0441,240.87,2023-01-02
P005,Toys,C0285,342.94,2023-07-22
P021,Toys,C0260,395.56,2023-03-12
P081,Books,C0662,406.49,2023-04-02
P098,Toys,C0027,453.18,2023-03-22
P037,Electronics,C0148,146.4,2023-09-30
P053,Electronics,C0704,340.36,2023-08-20
P086,Home,C0232,123.96,2023-05-17
P071,Clothing,C0286,470.3,2023-06-22
P065,Electronics,C0011,55.95,2023-12-28
P058,Home,C0133,263.34,2023-06-10
P013,Clothing,C0616,52.28,2023-01-27
P061,Books,C0393,179.22,2023-09-19
P072,Home,C0833,282.89,2023-11-26
P062,Toys,C0711,98.52,2023-01-20
P028,Toys,C0088,343.47,2023-05-27
P039,Books,C0056,133.23,2023-04-21
P028,Books,C0010,387.46,2023-03-05
P100,Books,C0083,347.54,2023-11-12
P087,Electronics,C0793,440.08,2023-02-18
P098,Clothing,C0926,163.49,2023-01-15
P096,Home,C0126,57.14,2023-03-12
P042,Home,C0939,82.12,2023-07-28
P032,Electronics,C0500,295.53,2023-04-07
P076,Home,C0395,333.79,2023-04-14
P031,Home,C0809,165.49,2023-03-11
P087,Books,C0728,130.65,2023-07-08
P056,Electronics,C0182,441.85,2023-09-09
P082,Electronics,C0354,108.39,2023-05-03
P032,Electronics,C0782,431.64,2023-07-15
P007,Electronics,C0334,154.41,2023-02-14
P098,Toys,C0567,323.33,2023-06-16
P098,Clothing,C0395,466.27,2023-02-10
P063,Books,C0638,130.46,2023-12-05
P075,Books,C0843,115.03,2023-05-14
P007,Books,C0640,140.0,2023-09-17
P095,Electronics,C0686,443.9,2023-09-18
P088,Clothing,C0083,196.27,2023-06-27
P094,Clothing,C0193,108.09,2023-12-08
P033,Home,C0905,10.81,2023-01-17
P004,Books,C0445,258.0,2023-09-10
P087,Toys,C0257,232.51,2023-05-04
P077,Electronics,C0701,227.14,2023-04-04
P041,Books,C0596,299.1,2023-08-15
P030,Books,C0794,466.67,2023-07-07
P006,Electronics,C0672,453.31,2023-06-21
P030,Electronics,C0797,89.35,2023-12-24
P021,Home,C0612,174.56,2023-02-17
P031,Home,C0897,466.66,2023-12-27
P004,Clothing,C0222,34.31,2023-12-05
P053,Clothing,C0134,350.29,2023-08-24
P082,Clothing,C0838,254.03,2023-07-27
P008,Books,C0699,440.67,2023-02-20
P006,Home,C0953,196.7,2023-08-09
P083,Clothing,C0058,224.84,2023-04-20
P012,Electronics,C0812,451.26,2023-09-10
P002,Electronics,C0914,321.15,2023-01-09
P036,Clothing,C0722,10.35,2023-06-27
P073,Home,C0679,142.56,2023-10-06
P089,Home,C0728,174.6,2023-10-13
P091,Home,C0642,360.25,2023-09-19
P010,Toys,C0418,222.15,2023-07-31
P099,Toys,C0947,214.1,2023-03-04
P077,Books,C0958,452.29,2023-09-20
P078,Books,C0239,276.44,2023-09-12
P075,Electronics,C0497,411.1,2023-12-06
P008,Toys,C0218,214.51,2023-07-27
P018,Electronics,C0044,160.21,2023-07-05
P060,Home,C0723,376.32,2023-06-08
P034,Clothing,C0613,202.32,2023-10-28
P060,Clothing,C0757,394.28,2023-02-08
P053,Home,C0132,431.87,2023-12-06
P041,Home,C0566,406.18,2023-01-11
P078,Electronics,C0527,298.83,2023-06-27
P046,Books,C0987,147.37,2023-12-12
P061,Clothing,C0639,374.45,2023-08-31
P022,Clothing,C0606,147.48,2023-04-30
P093,Books,C0877,432.47,2023-01-19
P057,Electronics,C0056,143.14,2023-11-14
P059,Toys,C0903,487.69,2023-03-09
P097,Books,C0055,357.15,2023-05-23
P046,Books,C0433,126.98,2023-02-28
P066,Home,C0259,60.02,2023-10-30
P001,Home,C0110,135.86,2023-03-12
P009,Books,C0100,32.23,2023-08-07
P022,Clothing,C0345,278.62,2023-05-28
P029,Clothing,C0479,489.39,2023-09-02
P078,Toys,C0442,115.55,2023-04-04
P051,Books,C0180,448.3,2023-12-20
P087,Clothing,C0303,456.8,2023-10-06
P034,Electronics,C0372,272.02,2023-08-29
P016,Home,C0784,255.84,2023-12-16
P099,Books,C0865,316.25,2023-07-02
P072,Electronics,C0515,36.5,2023-11-28
P096,Books,C0260,432.13,2023-11-22
P046,Clothing,C0547,459.6,2023-12-11
P078,Clothing,C0264,264.58,2023-07-06
P059,Clothing,C0988,271.79,2023-08-14
P020,Clothing,C0594,491.28,2023-03-16
P006,Clothing,C0250,265.04,2023-03-09
P094,Clothing,C0258,129.86,2023-09-13
P008,Home,C0939,230.49,2023-09-27
P056,Home,C0749,285.96,2023-03-04
P078,Home,C0842,386.5,2023-12-26
P010,Electronics,C0215,464.73,2023-11-07
P040,Books,C0948,176.11,2023-09-26
P087,Clothing,C0291,419.18,2023-01-30
P024,Clothing,C0681,97.53,2023-03-02
P026,Clothing,C0127,445.85,2023-09-21
P017,Electronics,C0763,298.42,2023-08-08
P100,Clothing,C0777,286.08,2023-02-21
P065,Books,C0313,330.18,2023-12-06
P035,Home,C0914,381.3,2023-02-19
P002,Clothing,C0841,253.92,2023-03-06
P067,Books,C0775,330.49,2023-04-01
P097,Toys,C0269,99.45,2023-10-31
P067,Toys,C0890,232.35,2023-07-27
P018,Clothing,C0607,346.33,2023-03-19
P036,Electronics,C0253,244.62,2023-06-22
P078,Home,C0253,429.08,2023-03-04
P032,Home,C0920,271.79,2023-04-23
P090,Books,C0456,422.0,2023-07-05
P074,Toys,C0829,494.47,2023-07-24
P008,Books,C0315,199.63,2023-09-30
P039,Books,C0894,12.57,2023-08-08
P059,Toys,C0145,18.13,2023-04-14
P075,Books,C0279,64.32,2023-01-14
P095,Home,C0514,112.88,2023-08-14
P004,Electronics,C0649,140.2,2023-02-05
P081,Clothing,C0647,463.98,2023-07-19
P080,Clothing,C0454,262.6,2023-11-18
P057,Electronics,C0056,156.42,2023-10-27
P037,Books,C0702,369.77,2023-10-31
P029,Clothing,C0832,151.28,2023-02-25
P055,Home,C0788,310.89,2023-01-18
P040,Books,C0326,448.84,2023-12-05
P058,Clothing,C0545,46.38,2023-08-16
P024,Home,C0958,173.27,2023-08-07
P021,Clothing,C0369,46.53,2023-12-03
P077,Books,C0148,240.93,2023-10-31
P075,Toys,C0410,163.26,2023-03-25
P005,Clothing,C0594,128.71,2023-09-09
P047,Toys,C0394,27.08,2023-11-16
P080,Clothing,C0285,222.24,2023-10-04
P037,Home,C0348,443.37,2023-06-11
P078,Books,C0095,261.06,2023-11-15
P026,Clothing,C0060,290.55,2023-11-13
P030,Toys,C0449,138.92,2023-08-21
P041,Home,C0235,437.05,2023-04-18
P100,Toys,C0933,213.88,2023-03-25
P062,Clothing,C0626,311.22,2023-06-15
P021,Home,C0076,422.2,2023-07-15
P012,Clothing,C0442,215.21,2023-07-02
P033,Electronics,C0668,445.53,2023-03-23
P087,Toys,C0498,56.04,2023-12-27
P053,Toys,C0773,291.71,2023-12-06
P074,Home,C0223,285.41,2023-11-09
P076,Home,C0197,158.15,2023-07-08
P012,Clothing,C0089,463.05,2023-07-16
P026,Books,C0614,144.55,2023-12-29
P089,Home,C0420,469.03,2023-03-20
P047,Clothing,C0142,26.72,2023-02-19
P068,Clothing,C0527,228.95,2023-01-22
P057,Electronics,C0913,102.87,2023-05-08
P077,Home,C0654,347.37,2023-05-02
P047,Electronics,C0938,212.7,2023-08-09
P025,Electronics,C0786,53.86,2023-03-22
P059,Clothing,C0245,467.88,2023-03-12
P064,Toys,C0438,37.77,2023-04-25
P095,Electronics,C0746,470.15,2023-01-03
P089,Toys,C0419,234.15,2023-01-30
P012,Electronics,C0193,186.52,2023-12-16
P045,Electronics,C0005,370.73,2023-05-09
P024,Home,C0515,261.69,2023-11-28
P061,Electronics,C0346,468.35,2023-03-14
P018,Home,C0201,210.82,2023-11-06
P099,Books,C0721,119.16,2023-03-29
P088,Books,C0716,231.12,2023-08-12
P017,Electronics,C0550,61.89,2023-04-07
P014,Clothing,C0479,277.56,2023-12-08
P073,Toys,C0257,288.36,2023-02-28
P063,Toys,C0135,77.82,2023-05-23
P087,Books,C0275,351.87,2023-11-17
P005,Toys,C0818,449.06,2023-04-04
P028,Toys,C0950,261.46,2023-03-17
P003,Electronics,C0791,350.92,2023-07-13
P060,Books,C0470,75.27,2023-05-06
P064,Clothing,C0601,459.06,2023-03-22
P049,Electronics,C0237,115.06,2023-08-30
P053,Home,C0637,303.7,2023-08-24
P040,Home,C0660,396.37,2023-02-01
P004,Toys,C0994,56.89,2023-05-24
P043,Electronics,C0749,190.39,2023-03-05
P024,Books,C0619,50.0,2023-03-13
P046,Clothing,C0915,233.19,2023-02-19
P058,Home,C0240,41.03,2023-06-29
P085,Toys,C0457,401.96,2023-03-17
P053,Clothing,C0274,163.23,2023-10-31
P084,Home,C0750,278.89,2023-01-15
P058,Toys,C0799,45.97,2023-01-27
P066,Electronics,C0043,76.31,2023-10-22
P084,Clothing,C0491,450.3,2023-09-06
P036,Home,C0688,22.11,2023-09-07
P067,Electronics,C0692,42.09,2023-12-22
P012,Home,C0331,162.92,2023-12-11
P001,Clothing,C0070,132.81,2023-10-11
P010,Clothing,C0349,225.32,2023-12-18
P060,Toys,C0404,234.83,2023-04-15
P065,Clothing,C0364,231.58,2023-12-04
P079,Electronics,C0666,490.34,2023-10-10
P052,Electronics,C0523,301.27,2023-05-27
P011,Electronics,C0843,92.76,2023-12-20
P019,Clothing,C0585,475.57,2023-03-31
P081,Books,C0467,459.58,2023-01-04
P048,Clothing,C0129,497.73,2023-08-18
P054,Home,C0374,161.94,2023-01-14
P078,Books,C0370,102.0,2023-08-31
P008,Books,C0649,480.84,2023-07-30
P068,Home,C0475,443.74,2023-05-13
P022,Books,C0140,109.86,2023-07-31
P042,Toys,C0303,305.46,2023-02-14
P009,Clothing,C0426,281.54,2023-05-25
P086,Books,C0634,271.67,2023-09-05
P089,Clothing,C0207,491.04,2023-05-02
P064,Toys,C0365,438.39,2023-06-03
P093,Toys,C0265,422.06,2023-02-16
P072,Toys,C0131,258.79,2023-05-23
P026,Home,C0735,483.98,2023-02-24
P088,Home,C0586,98.73,2023-04-20
P041,Clothing,C0214,488.49,2023-01-06
P082,Clothing,C0938,129.34,2023-11-02
P077,Clothing,C0855,281.38,2023-04-23
P012,Clothing,C0651,23.12,2023-11-16
P054,Toys,C0198,153.99,2023-12-01
P045,Clothing,C0054,181.4,2023-05-15
P016,Toys,C0173,321.82,2023-11-10
P061,Clothing,C0042,462.45,2023-09-04
P092,Electronics,C0078,284.57,2023-06-08
P018,Toys,C0867,410.59,2023-08-09
P013,Toys,C0091,115.21,2023-07-07
P020,Electronics,C0324,153.26,2023-04-08
P037,Books,C0740,278.1,2023-10-31
P046,Books,C0866,109.41,2023-11-21
P002,Clothing,C0354,64.1,2023-04-05
P016,Electronics,C0133,311.03,2023-04-09
P081,Books,C0869,438.96,2023-07-04
P038,Clothing,C0896,152.12,2023-09-05
P028,Home,C0460,144.6,2023-02-06
P072,Books,C0076,105.11,2023-01-08
P058,Clothing,C0711,252.32,2023-03-10
P041,Home,C0241,135.54,2023-09-24
P070,Toys,C0528,209.06,2023-12-15
P083,Electronics,C0349,49.55,2023-07-27
P044,Electronics,C0037,492.8,2023-01-28
P099,Clothing,C0023,265.36,2023-04-05
P023,Books,C0361,146.77,2023-11-02
P014,Electronics,C0118,350.77,2023-11-23
P006,Home,C0773,491.11,2023-07-17
P062,Clothing,C0820,102.99,2023-03-09
P080,Toys,C0802,402.71,2023-09-20
P048,Electronics,C0283,10.33,2023-12-05
P098,Clothing,C0358,86.94,2023-06-22
P019,Home,C0644,94.49,2023-09-26
P071,Books,C0198,42.42,2023-05-01
P062,Home,C0522,70.17,2023-01-07
P008,Books,C0555,121.53,2023-12-11
P008,Toys,C0182,447.29,2023-07-26
P013,Toys,C1000,141.67,2023-08-15
P042,Clothing,C0587,299.14,2023-11-24
P086,Books,C0592,217.68,2023-04-18
P043,Books,C0390,317.23,2023-10-19
P089,Clothing,C0063,319.94,2023-02-05
P035,Clothing,C0829,75.9,2023-10-09
P097,Electronics,C0632,75.48,2023-08-18
P098,Electronics,C0760,112.14,2023-03-27
P029,Toys,C0428,28.1,2023-02-18
P021,Home,C0941,282.71,2023-10-04
P012,Books,C0017,225.56,2023-11-26
P002,Clothing,C0380,367.59,2023-10-05
P062,Home,C0311,144.81,2023-01-12
P017,Home,C0745,427.63,2023-02-11
P004,Toys,C0178,226.19,2023-01-21
P018,Clothing,C0236,409.37,2023-11-11
P073,Toys,C0003,119.37,2023-10-26
P044,Books,C0514,86.9,2023-10-30
P076,Books,C0432,420.64,2023-09-06
P086,Clothing,C0451,417.76,2023-04-06
P022,Toys,C0699,296.51,2023-02-11
P082,Books,C0895,121.46,2023-09-16
P009,Books,C0695,117.8,2023-10-13
P012,Toys,C0623,286.71,2023-05-04
P001,Home,C0883,63.89,2023-12-02
P050,Toys,C0971,128.46,2023-08-14
P099,Clothing,C0117,72.38,2023-10-19
P060,Clothing,C0649,36.54,2023-08-11
P019,Home,C0904,55.07,2023-08-29
P057,Toys,C0347,239.03,2023-05-07
P072,Electronics,C0737,379.81,2023-12-19
P043,Clothing,C0915,401.6,2023-06-24
P027,Home,C0028,497.82,2023-02-24
P014,Clothing,C0303,47.62,2023-12-16
P046,Clothing,C0581,327.4,2023-08-02
P052,Toys,C0407,296.62,2023-01-08
P088,Clothing,C0109,410.52,2023-05-21
P024,Books,C0933,453.87,2023-01-21
P058,Books,C0759,419.73,2023-05-02
P055,Toys,C0009,481.64,2023-09-04
P031,Toys,C0865,200.65,2023-06-27
P044,Electronics,C0906,292.66,2023-01-19
P078,Electronics,C0812,455.99,2023-08-04
P012,Books,C0999,345.58,2023-06-25
P093,Toys,C0637,219.08,2023-03-31
P089,Books,C0044,303.29,2023-06-19
P084,Electronics,C0540,299.29,2023-03-25
P096,Electronics,C0974,247.6,2023-12-27
P077,Electronics,C0599,442.25,2023-10-19
P044,Clothing,C0665,84.48,2023-03-31
P039,Clothing,C0482,132.43,2023-07-04
P098,Electronics,C0827,105.4,2023-08-13
P022,Home,C0139,107.6,2023-10-18
P095,Home,C0195,101.83,2023-11-11
P003,Electronics,C0585,112.06,2023-05-09
P077,Toys,C0617,107.61,2023-05-21
P020,Electronics,C0988,449.89,2023-02-23
P088,Electronics,C0244,495.64,2023-02-10
P047,Books,C0792,215.6,2023-02-04
P009,Books,C0054,466.36,2023-12-30
P091,Toys,C0661,185.33,2023-08-29
P029,Clothing,C0235,375.92,2023-09-06
P081,Toys,C0606,329.1,2023-11-28
P090,Home,C0990,374.58,2023-03-05
P001,Books,C0294,305.61,2023-12-17
P038,Books,C0947,25.81,2023-10-06
P083,Books,C0361,317.87,2023-10-28
P080,Home,C0392,315.56,2023-11-12
P068,Clothing,C0808,457.34,2023-11-17
P083,Electronics,C0989,41.05,2023-06-16
P025,Electronics,C0661,120.07,2023-09-02
P095,Clothing,C0840,184.07,2023-12-15
P025,Home,C0695,143.81,2023-05-29
P049,Books,C0568,34.28,2023-06-07
P076,Home,C0390,484.04,2023-03-27
P100,Clothing,C0717,84.4,2023-10-20
P096,Electronics,C0142,95.93,2023-07-11
P077,Clothing,C0390,302.85,2023-02-04
P058,Electronics,C0213,453.05,2023-02-26
P068,Clothing,C0062,101.93,2023-05-25
P074,Home,C0487,189.62,2023-09-21
P095,Home,C0961,325.47,2023-02-07
P006,Electronics,C0785,429.13,2023-09-14
P068,Clothing,C0884,15.15,2023-03-16
P050,Clothing,C0620,269.08,2023-11-09
P065,Toys,C0340,352.96,2023-04-17
P082,Electronics,C0493,12.31,2023-05-03
P031,Books,C0364,263.13,2023-01-29
P004,Clothing,C0021,47.06,2023-12-20
P085,Electronics,C0814,55.72,2023-06-03
P059,Clothing,C0862,100.46,2023-05-24
P021,Books,C0306,58.29,2023-10-14
P051,Toys,C0725,244.74,2023-04-20
P022,Electronics,C0104,231.37,2023-06-30
P071,Home,C0885,134.19,2023-12-17
P037,Electronics,C0148,445.81,2023-12-16
P026,Books,C0146,259.72,2023-10-02
P033,Clothing,C0227,387.75,2023-11-03
P090,Home,C0405,403.3,2023-09-07
P045,Home,C0993,458.03,2023-03-06
P086,Clothing,C0818,181.04,2023-04-21
P055,Clothing,C0015,298.14,2023-07-27
P089,Electronics,C0217,205.61,2023-03-12
P048,Books,C0763,134.91,2023-12-15
P074,Toys,C0560,141.58,2023-03-30
P074,Electronics,C0397,93.97,2023-10-22
P033,Clothing,C0344,142.65,2023-04-19
P075,Home,C0997,312.98,2023-01-23
P047,Books,C0474,413.77,2023-11-14
P024,Clothing,C0108,154.59,2023-07-14
P028,Home,C0628,195.07,2023-02-03
P042,Clothing,C0441,490.91,2023-10-18
P095,Electronics,C0501,215.88,2023-05-06
P051,Home,C0353,465.41,2023-07-31
P043,Home,C0097,342.45,2023-06-19
P097,Electronics,C0628,311.74,2023-05-18
P019,Toys,C0309,49.53,2023-01-07
P023,Toys,C0737,206.48,2023-11-11
P072,Electronics,C0448,34.54,2023-09-26
P019,Books,C0226,343.62,2023-10-20
P036,Clothing,C0984,88.99,2023-03-22
P037,Clothing,C0401,224.75,2023-07-05
P010,Books,C0297,50.02,2023-09-02
P078,Clothing,C0510,63.5,2023-12-17
P019,Books,C0099,84.03,2023-01-11
P042,Electronics,C0955,241.39,2023-07-04
P004,Electronics,C0147,79.89,2023-01-08
P053,Books,C0114,385.59,2023-11-28
P072,Home,C0960,302.91,2023-01-31
P016,Home,C0628,400.65,2023-01-08
P084,Clothing,C0096,397.65,2023-07-20
P098,Home,C0929,311.79,2023-08-01
P093,Books,C0507,279.03,2023-06-29
P020,Electronics,C0366,33.53,2023-02-04
P055,Books,C0007,74.05,2023-06-03
P018,Toys,C0226,103.96,2023-09-20
P018,Clothing,C0628,86.86,2023-10-09
P059,Electronics,C0137,485.15,2023-05-21
P075,Clothing,C0387,26.28,2023-12-05
P007,Home,C0497,351.69,2023-04-18
P099,Toys,C0187,494.94,2023-04-15
P095,Electronics,C0405,20.26,2023-07-01
P054,Clothing,C0078,497.88,2023-11-26
P080,Electronics,C0723,383.25,2023-11-04
P018,Electronics,C0909,373.14,2023-12-17
P036,Electronics,C0458,426.72,2023-06-10
P056,Clothing,C0031,282.33,2023-06-12
P015,Books,C0529,300.14,2023-09-08
P016,Home,C0240,318.56,2023-02-10
P074,Home,C0744,405.63,2023-10-02
P043,Clothing,C0947,412.04,2023-09-17
P045,Toys,C0961,104.78,2023-06-23
P023,Toys,C0721,403.4,2023-12-12
P071,Electronics,C0559,330.95,2023-08-06
P097,Books,C0915,341.57,2023-05-04
P046,Home,C0320,85.25,2023-03-30
P080,Home,C0201,441.14,2023-11-08
P034,Toys,C0511,445.39,2023-08-01
P009,Toys,C0023,23.29,2023-04-23
P067,Toys,C0099,88.84,2023-02-27
P067,Clothing,C0879,332.9,2023-01-19
P027,Books,C0063,367.68,2023-03-09
P033,Toys,C0917,77.99,2023-11-16
P045,Toys,C0408,471.7,2023-09-07
P005,Clothing,C0596,405.34,2023-11-20
P054,Electronics,C0040,168.9,2023-02-09
P089,Electronics,C0038,163.28,2023-04-08
P047,Books,C0495,401.06,2023-08-31
P033,Electronics,C0886,151.28,2023-04-23
P053,Electronics,C0023,239.03,2023-09-03
P051,Electronics,C0341,362.55,2023-11-20
P067,Clothing,C0305,388.76,2023-03-28
P039,Books,C0747,65.05,2023-05-13
P037,Books,C0289,373.34,2023-11-29
P045,Clothing,C0509,454.27,2023-04-22
P059,Books,C0933,360.01,2023-09-26
P080,Home,C0728,179.42,2023-04-20
P010,Books,C0658,98.72,2023-02-17
P051,Toys,C0267,476.79,2023-06-12
P007,Clothing,C0686,381.08,2023-07-04
P051,Toys,C0862,440.57,2023-07-06
P064,Clothing,C0646,142.97,2023-07-28
P099,Books,C0409,106.36,2023-04-22
P030,Electronics,C0661,129.79,2023-09-23
P018,Home,C0468,165.5,2023-08-03
P032,Books,C0750,258.33,2023-09-20
P036,Toys,C0750,292.76,2023-04-12
P093,Clothing,C0044,111.52,2023-09-25
P097,Books,C0806,242.06,2023-11-16
P099,Electronics,C0442,476.98,2023-09-19
P003,Toys,C0663,168.63,2023-05-31
P047,Books,C0089,214.39,2023-07-18
P023,Toys,C0675,78.24,2023-01-15
P006,Books,C0050,48.84,2023-03-03
P087,Home,C0945,32.12,2023-10-30
P011,Toys,C0081,451.94,2023-04-17
P017,Home,C0009,25.82,2023-03-30
P001,Home,C0107,368.37,2023-10-21
P008,Home,C0262,192.67,2023-10-24
P004,Books,C0088,129.84,2023-05-01
P076,Clothing,C0738,342.7,2023-11-09
P048,Toys,C0039,320.57,2023-10-25
P066,Home,C0043,151.98,2023-01-03
P056,Toys,C0039,401.77,2023-05-13
P003,Toys,C0419,95.87,2023-01-20
P035,Home,C0206,49.55,2023-10-09
P011,Home,C0595,416.37,2023-08-03
P086,Clothing,C0267,222.34,2023-08-10
P087,Clothing,C0247,379.15,2023-03-20
P089,Clothing,C0428,279.0,2023-01-24
P045,Electronics,C0005,35.04,2023-06-10
P055,Electronics,C0142,371.62,2023-12-16
P005,Electronics,C0136,372.94,2023-07-09
P041,Books,C0426,124.54,2023-09-01
P026,Home,C0057,218.34,2023-10-24
P009,Home,C0430,418.6,2023-10-30
P045,Home,C0398,385.4,2023-08-21
P035,Home,C0609,424.84,2023-07-08
P085,Electronics,C0448,444.21,2023-02-10
P047,Home,C0604,318.08,2023-03-09
P004,Home,C0458,38.22,2023-03-04
P026,Home,C0121,331.73,2023-10-06
P040,Books,C0570,21.77,2023-06-22
P032,Electronics,C0584,388.74,2023-12-03
P049,Electronics,C0353,211.36,2023-01-15
P082,Clothing,C0820,159.51,2023-01-15
P059,Home,C0719,98.63,2023-01-28
P096,Toys,C0264,56.47,2023-10-16
P062,Electronics,C0061,291.97,2023-11-26
P093,Home,C0860,10.01,2023-12-18
P025,Electronics,C0699,42.03,2023-08-18
P095,Clothing,C0425,433.09,2023-02-01
P067,Home,C0058,494.06,2023-06-05
P088,Clothing,C0554,281.94,2023-02-26
P003,Home,C0064,313.47,2023-02-24
P038,Clothing,C0604,286.67,2023-12-07
P084,Books,C0239,432.59,2023-10-31
P027,Clothing,C0802,269.76,2023-10-17
P003,Books,C0898,341.74,2023-10-28
P013,Toys,C0930,313.86,2023-03-19
P100,Home,C0598,185.93,2023-10-23
P090,Electronics,C0671,230.0,2023-11-12
P086,Books,C0840,321.69,2023-02-27
P083,Home,C0656,180.79,2023-07-27
P015,Electronics,C0176,157.04,2023-04-27
P021,Toys,C0573,433.99,2023-07-29
P032,Home,C0599,313.46,2023-10-17
P041,Books,C0558,237.34,2023-11-19
P032,Electronics,C0891,91.17,2023-10-11
P065,Electronics,C0448,42.67,2023-09-21
P036,Electronics,C0311,107.83,2023-10-30
P072,Clothing,C0593,158.68,2023-12-14
P090,Home,C0577,481.65,2023-11-24
P066,Books,C0365,168.42,2023-07-29
P034,Books,C0729,335.76,2023-09-23
P094,Home,C0661,453.27,2023-09-10
P026,Clothing,C0184,475.78,2023-08-10
P066,Electronics,C0492,117.14,2023-05-31
P056,Electronics,C0107,193.72,2023-03-16
P015,Home,C0061,309.11,2023-12-25
P024,Toys,C0377,285.02,2023-11-11
P023,Clothing,C0454,182.68,2023-06-07
P067,Clothing,C0141,449.48,2023-09-01
P018,Electronics,C0444,116.03,2023-01-27
P049,Home,C0825,428.07,2023-06-29
P063,Books,C0245,113.15,2023-10-26
P006,Toys,C0983,37.69,2023-07-28
P089,Electronics,C0186,210.9,2023-08-06
P098,Books,C0813,404.14,2023-06-19
P050,Electronics,C0093,16.16,2023-12-06
P056,Toys,C0365,152.86,2023-07-01
P021,Home,C0448,270.77,2023-10-25
P073,Toys,C0334,142.24,2023-04-28
P056,Books,C0303,363.09,2023-12-09
P071,Clothing,C0400,10.6,2023-03-12
P099,Electronics,C0304,284.03,2023-09-12
P013,Home,C0984,10.55,2023-11-24
P059,Books,C0867,417.81,2023-08-27
P063,Electronics,C0852,107.43,2023-09-01
P040,Clothing,C0548,438.01,2023-03-22
P037,Books,C0946,327.58,2023-12-29
P029,Electronics,C0800,99.51,2023-01-27
P079,Home,C0057,40.38,2023-05-22
P038,Clothing,C0128,49.53,2023-05-30
P095,Electronics,C0833,78.08,2023-05-07
P032,Toys,C0271,399.78,2023-01-17
P073,Books,C0763,490.01,2023-02-25
P047,Electronics,C0947,88.18,2023-07-06
P100,Books,C0793,416.55,2023-04-30
P047,Electronics,C0885,302.9,2023-06-01
P021,Electronics,C0766,318.02,2023-06-27
P029,Home,C0640,346.21,2023-12-15
P061,Clothing,C0874,50.87,2023-02-07
P026,Home,C0681,175.43,2023-11-11
P013,Books,C0177,68.58,2023-01-29
P002,Toys,C0429,16.27,2023-05-12
P003,Toys,C0867,422.47,2023-01-08
P100,Home,C0167,60.59,2023-12-03
P046,Toys,C0591,177.16,2023-01-15
P043,Home,C0461,27.66,2023-11-26
P063,Home,C0605,102.54,2023-04-12
P085,Toys,C0528,370.98,2023-04-12
P042,Home,C0260,197.83,2023-01-22
P089,Clothing,C0019,81.89,2023-01-31
P012,Books,C0493,287.64,2023-06-05
P086,Toys,C0768,264.79,2023-07-14
P011,Home,C0084,56.76,2023-12-21
P081,Toys,C0159,95.83,2023-03-16
P053,Books,C0582,249.5,2023-07-29
P041,Electronics,C0684,489.03,2023-05-30
P009,Home,C0283,173.49,2023-08-07
P034,Clothing,C0933,384.9,2023-05-26
P052,Electronics,C0634,448.46,2023-04-01
P061,Electronics,C0557,261.17,2023-02-01
P089,Home,C0873,84.0,2023-04-30
P050,Home,C0300,385.16,2023-09-16
P042,Home,C0088,310.08,2023-02-28
P036,Toys,C0708,163.57,2023-01-24
P090,Books,C0542,202.59,2023-04-30
P023,Toys,C0876,217.75,2023-07-13
P001,Books,C0540,448.13,2023-07-10
P051,Toys,C0865,177.92,2023-12-06
P013,Electronics,C0081,395.08,2023-07-10
P005,Electronics,C0938,147.62,2023-09-08
P057,Electronics,C0573,459.42,2023-06-01
P076,Electronics,C0850,378.56,2023-04-05
P071,Home,C0156,115.04,2023-02-10
P078,Books,C0295,42.28,2023-06-07
P028,Toys,C0322,75.89,2023-08-28
P057,Electronics,C0842,134.3,2023-09-26
P046,Clothing,C0067,495.18,2023-07-16
P075,Electronics,C0510,496.41,2023-07-08
P068,Home,C0792,29.9,2023-08-15
P028,Books,C0997,412.99,2023-06-05
P012,Home,C0564,138.56,2023-12-20
P089,Clothing,C0660,350.43,2023-06-29
P088,Toys,C0303,328.1,2023-05-18
P033,Books,C0536,264.9,2023-05-17
P100,Home,C0499,200.7,2023-08-01
P002,Electronics,C0638,132.88,2023-06-27
P081,Books,C0802,336.17,2023-10-06
P035,Clothing,C0667,314.55,2023-06-13
P010,Toys,C0873,403.88,2023-12-24
P013,Books,C0814,455.4,2023-08-14
P073,Books,C0594,105.83,2023-02-04
P020,Home,C0030,21.04,2023-09-03
P015,Home,C0734,14.63,2023-03-30
P016,Toys,C0899,183.99,2023-12-30
P022,Electronics,C0918,385.78,2023-08-20
P076,Electronics,C0865,215.88,2023-11-05
P059,Electronics,C0176,483.01,2023-03-07
P067,Toys,C0251,102.32,2023-03-05
P091,Toys,C0857,466.1,2023-02-18
P019,Toys,C0539,397.32,2023-12-11
P093,Electronics,C0932,281.78,2023-05-09
P094,Home,C0971,200.47,2023-11-12
P021,Clothing,C0208,23.45,2023-08-11
P056,Books,C0972,23.67,2023-07-04
P041,Clothing,C0248,178.65,2023-06-23
P048,Books,C0772,473.78,2023-01-08
P037,Home,C0492,437.09,2023-09-17
P064,Clothing,C0373,135.64,2023-10-19
P067,Electronics,C0695,118.86,2023-10-24
P012,Electronics,C0076,11.29,2023-04-18
P050,Electronics,C0196,303.54,2023-12-18
P027,Electronics,C0601,320.55,2023-04-30
P057,Clothing,C0429,415.87,2023-10-10
P075,Home,C0625,206.61,2023-06-20
P081,Electronics,C0278,488.07,2023-07-21
P021,Clothing,C0363,52.16,2023-01-21
P053,Electronics,C0505,443.17,2023-02-27
P008,Books,C0122,396.78,2023-05-20
P034,Electronics,C0487,28.01,2023-12-06
P070,Electronics,C0256,406.3,2023-10-10
P095,Home,C0338,281.92,2023-02-22
P061,Electronics,C0203,138.95,2023-09-01
P096,Home,C0077,245.89,2023-02-19
P011,Toys,C0663,71.29,2023-10-18
P035,Toys,C0215,35.73,2023-07-13
P064,Books,C0221,481.81,2023-09-08
P072,Electronics,C0015,485.98,2023-12-29
P049,Clothing,C0102,93.9,2023-07-08
P072,Books,C1000,461.27,2023-05-09
P014,Electronics,C0994,210.02,2023-08-10
P092,Books,C0939,251.65,2023-04-20
P038,Books,C0809,94.0,2023-01-25
P004,Toys,C0317,111.87,2023-10-11
P090,Toys,C0742,17.25,2023-03-15
P021,Clothing,C0458,20.99,2023-10-09
P053,Clothing,C0127,122.77,2023-06-11
P082,Clothing,C0922,40.46,2023-10-08
P028,Books,C0388,232.3,2023-08-24
P035,Toys,C0381,182.35,2023-11-06
P027,Toys,C0457,99.6,2023-01-23
P062,Clothing,C0223,326.28,2023-11-15
P079,Electronics,C0041,171.48,2023-04-26
P037,Electronics,C0119,13.53,2023-06-03
P020,Books,C0866,457.7,2023-06-25
P062,Toys,C0515,492.75,2023-01-21
P040,Home,C0186,319.99,2023-04-21
P076,Electronics,C0153,320.72,2023-06-23
P049,Home,C0236,225.5,2023-09-26
P073,Electronics,C0630,315.13,2023-01-12
P055,Home,C0286,42.9,2023-05-20
P016,Electronics,C0436,228.02,2023-01-03
P027,Clothing,C0111,445.14,2023-09-05
P009,Books,C0687,401.15,2023-08-15
P013,Home,C0967,282.57,2023-02-16
P061,Books,C0096,267.08,2023-01-13
P076,Electronics,C0144,370.35,2023-01-09
P040,Books,C0280,173.86,2023-07-14
P083,Clothing,C0629,429.75,2023-02-14
P046,Clothing,C0568,258.13,2023-12-09
P071,Clothing,C0223,149.53,2023-03-22
P043,Clothing,C0318,318.4,2023-07-26
P037,Toys,C0909,10.09,2023-07-13
P024,Toys,C0058,444.77,2023-03-20
P066,Home,C0815,252.26,2023-09-17
P075,Books,C0543,324.5,2023-01-20
P050,Books,C0943,399.04,2023-08-18
P012,Home,C0531,147.66,2023-01-26
P006,Books,C0260,408.53,2023-08-06
P081,Electronics,C0326,235.41,2023-11-27
P013,Clothing,C0430,81.18,2023-05-10
P067,Clothing,C0050,46.9,2023-09-16
P069,Toys,C0794,49.23,2023-12-20
P050,Books,C0581,342.14,2023-08-21
P059,Books,C0817,69.13,2023-07-10
P097,Home,C0416,72.14,2023-12-11
P078,Clothing,C0708,89.86,2023-03-02
P007,Clothing,C0349,147.08,2023-04-05
P031,Electronics,C0481,383.51,2023-10-29
P001,Clothing,C0432,468.71,2023-02-19
P070,Clothing,C0372,153.22,2023-07-17
P082,Electronics,C0959,499.86,2023-10-07
P023,Home,C0925,309.66,2023-07-18
P007,Books,C0132,120.83,2023-08-17
P038,Books,C0468,243.19,2023-01-04
P081,Clothing,C0711,288.07,2023-06-21
P099,Books,C0414,442.78,2023-06-08
P024,Toys,C0441,164.44,2023-08-18
P023,Books,C0388,393.29,2023-03-29
P021,Clothing,C0866,210.58,2023-10-14
P061,Toys,C0175,57.28,2023-04-04
P050,Clothing,C0634,128.81,2023-11-24
P054,Toys,C0978,229.93,2023-06-26
P003,Clothing,C0210,139.29,2023-07-12
P069,Clothing,C0620,327.72,2023-09-08
P089,Clothing,C0890,164.56,2023-03-03
P100,Clothing,C0456,329.91,2023-03-08
P009,Books,C0157,480.24,2023-02-16
P069,Home,C0131,415.56,2023-04-19
P039,Home,C0189,231.2,2023-11-19
P001,Clothing,C0353,317.9,2023-12-17
P044,Electronics,C0945,395.15,2023-08-07
P058,Clothing,C0006,320.74,2023-04-07
P048,Electronics,C0298,35.28,2023-11-20
P085,Home,C0388,463.47,2023-05-28
P091,Toys,C0760,409.79,2023-01-06
P048,Toys,C0247,109.3,2023-01-10
P050,Toys,C0619,115.78,2023-04-10
P053,Toys,C0404,481.62,2023-04-27
P032,Electronics,C0627,131.71,2023-12-01
P049,Books,C0735,475.14,2023-03-29
P045,Toys,C0246,43.75,2023-04-28
P082,Home,C0306,237.01,2023-03-31
P004,Toys,C0438,29.6,2023-02-12
P046,Clothing,C0931,53.29,2023-12-01
P074,Books,C0461,275.07,2023-10-27
P005,Home,C0911,481.64,2023-06-16
P059,Electronics,C0829,94.31,2023-04-12
P020,Toys,C0715,378.9,2023-10-24
P054,Toys,C0005,421.16,2023-08-30
P073,Electronics,C0893,217.64,2023-07-05
P004,Home,C0203,315.05,2023-01-12
P059,Electronics,C0214,250.79,2023-05-23
P030,Electronics,C0630,324.45,2023-07-19
P040,Home,C0942,426.83,2023-01-14
P064,Home,C0400,211.69,2023-08-20
P028,Electronics,C0299,417.56,2023-06-22
P083,Clothing,C0046,462.73,2023-08-15
P022,Electronics,C0628,399.02,2023-10-12
P051,Electronics,C0807,456.35,2023-03-07
P025,Home,C0633,193.4,2023-05-23
P089,Books,C0412,366.97,2023-05-24
P029,Books,C0179,347.51,2023-11-09
P004,Home,C0875,366.32,2023-04-04
P045,Clothing,C0482,283.51,2023-04-13
P066,Toys,C0817,383.08,2023-02-17
P050,Clothing,C0396,457.17,2023-01-31
P030,Books,C0291,421.79,2023-09-15
P059,Books,C0329,447.52,2023-07-05
P076,Books,C0919,357.39,2023-01-04
P090,Clothing,C0369,196.4,2023-12-10
P001,Home,C0242,74.46,2023-11-02
P076,Home,C0582,91.17,2023-03-23
P046,Clothing,C0242,180.16,2023-05-21
P031,Books,C0675,464.55,2023-12-27
P026,Home,C0485,170.64,2023-11-21
P079,Books,C0003,449.37,2023-04-25
P032,Electronics,C0779,80.05,2023-08-14
P013,Clothing,C0528,177.1,2023-02-22
P061,Books,C0985,430.43,2023-08-22
P013,Home,C0146,437.03,2023-08-15
P040,Home,C0568,488.31,2023-12-19
P064,Electronics,C0356,335.93,2023-03-27
P080,Home,C0196,346.63,2023-09-20
P043,Books,C0882,240.12,2023-02-08
P039,Toys,C0123,70.47,2023-04-01
P033,Electronics,C0267,237.16,2023-06-04
P090,Home,C0595,205.82,2023-06-07
P085,Home,C0401,139.09,2023-06-25
P086,Books,C0576,133.25,2023-10-08
P008,Clothing,C0098,375.17,2023-12-18
P005,Books,C0264,36.52,2023-06-01
P057,Books,C0836,262.61,2023-07-15
P080,Home,C0581,135.83,2023-11-19
P044,Toys,C0169,88.8,2023-12-19
P020,Electronics,C0329,424.84,2023-02-24
P098,Books,C0105,428.51,2023-07-14
P086,Electronics,C0644,309.37,2023-04-16
P044,Clothing,C0519,462.07,2023-02-19
P006,Electronics,C0023,327.63,2023-07-16
P020,Electronics,C0896,399.58,2023-07-23
P080,Clothing,C0984,346.72,2023-10-26
P079,Toys,C0264,359.19,2023-02-16
P037,Home,C0571,450.84,2023-08-16
P053,Clothing,C0213,469.47,2023-06-16
P095,Electronics,C0193,292.01,2023-12-03
P053,Home,C0495,283.96,2023-05-26
P032,Books,C0777,367.85,2023-09-29
P050,Toys,C0928,306.01,2023-08-14
P013,Electronics,C0190,487.26,2023-09-09
P080,Electronics,C0086,375.72,2023-07-02
P002,Books,C0263,174.67,2023-07-07
P096,Books,C0544,46.47,2023-08-14
P077,Toys,C0631,291.04,2023-04-16
P064,Books,C0955,35.36,2023-11-22
P097,Home,C0748,493.91,2023-09-14
P038,Clothing,C0313,419.23,2023-03-14
P031,Books,C0872,202.89,2023-12-01
P027,Toys,C0980,196.8,2023-11-21
P039,Books,C0918,97.5,2023-02-12
P080,Books,C0252,423.65,2023-07-17
P038,Electronics,C0476,57.22,2023-05-09
P033,Books,C0463,194.63,2023-01-28
P086,Electronics,C0253,333.59,2023-01-18
P056,Books,C0727,422.15,2023-02-14
P077,Books,C0614,480.91,2023-12-04
P007,Clothing,C0327,30.29,2023-04-12
P092,Clothing,C0455,280.81,2023-01-06
P044,Home,C0363,24.21,2023-09-07
P062,Books,C0843,203.86,2023-10-19
P006,Toys,C0944,417.9,2023-02-07
P062,Electronics,C0091,186.12,2023-09-17
P030,Clothing,C0235,342.96,2023-05-24
P053,Clothing,C0684,247.76,2023-07-06
P087,Toys,C0811,213.66,2023-10-04
P083,Toys,C0023,497.7,2023-09-13
P089,Home,C0382,221.22,2023-04-26
P026,Toys,C0051,443.67,2023-09-28
P027,Toys,C0809,214.65,2023-08-19
P042,Clothing,C0080,261.61,2023-03-15
P086,Electronics,C0142,327.93,2023-03-19
P081,Clothing,C0455,18.29,2023-01-03
P098,Electronics,C0298,119.66,2023-07-19
P024,Clothing,C0607,272.55,2023-11-05
P020,Home,C0141,245.67,2023-12-30
P072,Clothing,C0699,382.86,2023-06-25
P018,Home,C0588,111.89,2023-08-31
P097,Clothing,C0043,150.15,2023-05-09
P030,Toys,C0961,150.19,2023-11-14
P076,Books,C0249,377.68,2023-10-04
P041,Books,C0306,313.76,2023-11-10
P035,Home,C0544,419.0,2023-07-02
P074,Home,C0302,209.41,2023-08-28
P082,Home,C0707,482.21,2023-06-21
P009,Toys,C0025,169.15,2023-09-04
P084,Home,C0210,245.99,2023-12-06
P009,Clothing,C0793,238.71,2023-02-01
P085,Toys,C0181,178.89,2023-03-07
P036,Books,C0003,23.63,2023-11-17
P059,Home,C0744,291.57,2023-09-18
P055,Toys,C0704,267.27,2023-12-24
P092,Electronics,C0818,292.52,2023-01-11
P061,Electronics,C0005,474.24,2023-10-04
P072,Toys,C0909,73.86,2023-05-22
P044,Electronics,C0600,444.76,2023-09-02
P038,Toys,C0196,39.21,2023-07-27
P029,Home,C0799,249.63,2023-06-10
P099,Home,C0015,129.45,2023-03-03
P071,Home,C0149,450.81,2023-01-08
P015,Electronics,C0006,419.58,2023-02-23
P056,Home,C0849,121.74,2023-11-26
P079,Clothing,C0107,219.32,2023-11-11
P027,Toys,C0749,179.76,2023-10-13
P048,Toys,C0801,375.74,2023-10-27
P031,Electronics,C0118,345.17,2023-09-05
P008,Home,C0298,485.15,2023-11-29
P094,Home,C0377,25.27,2023-01-09
P068,Books,C0052,169.56,2023-06-02
P096,Home,C0666,297.27,2023-06-02
P060,Clothing,C0004,183.64,2023-05-24
P087,Electronics,C0506,295.71,2023-03-12
P015,Clothing,C0026,89.08,2023-02-01
P045,Electronics,C0744,378.02,2023-01-03
P079,Toys,C0779,112.26,2023-07-23
P074,Home,C0497,100.76,2023-04-23
P009,Home,C0842,166.1,2023-01-13
P053,Clothing,C0878,119.33,2023-08-19
P099,Home,C0513,332.29,2023-09-15
P082,Electronics,C0792,309.24,2023-01-31
P021,Home,C0696,386.48,2023-11-20
P065,Books,C0423,260.04,2023-04-08
P043,Home,C0997,424.15,2023-05-21
P023,Electronics,C0837,79.1,2023-03-06
P096,Home,C0383,126.51,2023-07-04
P063,Books,C0177,64.99,2023-01-28
P032,Home,C0268,89.53,2023-03-10
P068,Books,C0742,497.45,2023-06-04
P034,Books,C0681,317.46,2023-02-03
P007,Electronics,C0442,459.96,2023-10-15
P021,Electronics,C0655,274.33,2023-11-05
P032,Electronics,C0736,38.59,2023-05-23
P007,Toys,C0829,191.94,2023-08-17
P033,Home,C0640,388.12,2023-09-21
P048,Electronics,C0961,334.67,2023-07-01
P096,Books,C0123,268.15,2023-09-07
P015,Toys,C0091,444.14,2023-07-17
P096,Toys,C0662,131.46,2023-12-12
P041,Books,C0524,101.3,2023-11-11
P036,Toys,C0658,26.81,2023-07-08
P011,Clothing,C0319,473.95,2023-05-06
P071,Books,C0443,281.71,2023-02-03
P072,Home,C0340,295.66,2023-09-18
P057,Toys,C0853,372.12,2023-08-08
P051,Clothing,C0392,117.78,2023-02-25
P033,Toys,C0154,183.61,2023-08-26
P054,Toys,C0150,495.14,2023-07-14
P005,Toys,C0544,10.38,2023-06-28
P046,Clothing,C0031,343.24,2023-07-27
P057,Toys,C0425,82.11,2023-10-23
P087,Electronics,C0978,18.89,2023-11-07
P042,Toys,C0487,98.23,2023-03-08
P090,Home,C0586,117.08,2023-04-03
P069,Electronics,C0946,187.71,2023-08-20
P079,Home,C0392,331.62,2023-10-05
P027,Electronics,C0912,411.97,2023-02-16
P100,Books,C0246,414.27,2023-07-23
P093,Clothing,C0970,403.63,2023-04-26
P007,Clothing,C0082,483.43,2023-04-30
P098,Home,C0799,395.12,2023-01-16
P053,Electronics,C0553,486.85,2023-04-18
P098,Electronics,C0217,217.43,2023-10-18
P049,Toys,C0241,63.83,2023-05-25
P012,Toys,C0068,127.0,2023-09-12
P034,Books,C0094,415.93,2023-08-01
P037,Home,C0965,124.78,2023-10-20
P077,Electronics,C0469,483.28,2023-09-08
P026,Clothing,C0933,315.84,2023-03-01
P048,Home,C0232,143.16,2023-03-20
P046,Clothing,C0592,344.62,2023-12-19
P098,Books,C0629,237.01,2023-12-06
P001,Electronics,C0179,466.33,2023-06-19
P025,Electronics,C0801,316.65,2023-11-27
P084,Electronics,C0299,247.12,2023-12-29
P037,Books,C0704,230.32,2023-09-04
P004,Toys,C0627,228.09,2023-09-01
P045,Toys,C0966,103.51,2023-03-17
P062,Toys,C0469,221.31,2023-12-16
P027,Clothing,C0873,125.03,2023-11-07
P029,Home,C0080,204.24,2023-03-22
P063,Home,C0013,361.12,2023-06-27
P029,Electronics,C0355,267.78,2023-07-15
P036,Toys,C0454,457.19,2023-08-09
P043,Electronics,C0069,324.41,2023-04-08
P095,Home,C0055,141.61,2023-11-07
P056,Home,C0069,148.88,2023-07-08
P068,Home,C0077,207.95,2023-06-01
P007,Home,C0034,354.64,2023-09-05
P070,Toys,C0595,57.7,2023-11-25
P081,Home,C0204,181.16,2023-10-01
P031,Home,C0331,68.57,2023-03-09
P082,Electronics,C0948,361.07,2023-04-08
P014,Clothing,C0848,350.52,2023-11-22
P074,Toys,C0133,200.06,2023-06-29
P067,Electronics,C0836,410.7,2023-06-29
P047,Electronics,C0076,454.34,2023-11-16
P081,Toys,C0163,287.52,2023-11-21
P019,Electronics,C0143,217.59,2023-01-23
P009,Home,C0533,116.32,2023-06-01
P087,Clothing,C0301,464.49,2023-01-04
P011,Electronics,C0237,292.83,2023-08-03
P048,Electronics,C0181,416.08,2023-02-10
P097,Toys,C0321,183.63,2023-02-17
P072,Electronics,C0784,443.4,2023-07-24
P061,Home,C0169,155.12,2023-09-13
P029,Home,C0359,236.78,2023-04-19
P031,Books,C0373,378.42,2023-02-15
P006,Clothing,C0859,435.38,2023-07-23
P043,Electronics,C0174,156.85,2023-10-19
P022,Home,C0036,35.3,2023-09-22
P015,Home,C0588,263.38,2023-11-02
P077,Toys,C0172,492.55,2023-09-28
P001,Home,C0097,409.79,2023-10-31
P070,Books,C0719,107.65,2023-03-01
P069,Electronics,C0960,220.66,2023-10-15
P061,Electronics,C0344,378.8,2023-03-04
P075,Electronics,C0509,196.69,2023-12-17
P009,Toys,C0387,145.01,2023-12-04
P060,Books,C0414,391.14,2023-11-09
P029,Home,C0471,149.91,2023-11-05
P076,Electronics,C0655,365.04,2023-01-23
P048,Electronics,C0767,469.16,2023-02-27
P011,Clothing,C0261,97.17,2023-04-01
P098,Electronics,C0077,424.99,2023-04-06
P094,Electronics,C0182,73.68,2023-01-17
P020,Electronics,C0482,220.0,2023-09-29
P067,Home,C0654,51.69,2023-05-25
P097,Electronics,C0242,79.33,2023-06-01
P012,Books,C0342,193.75,2023-04-01
P020,Clothing,C0783,275.71,2023-03-24
P028,Electronics,C0003,141.19,2023-03-09
P080,Home,C0497,412.98,2023-10-10
P006,Clothing,C0284,23.79,2023-02-28
P010,Electronics,C0839,468.46,2023-07-07
P016,Electronics,C0286,479.66,2023-11-16
P098,Home,C0599,405.01,2023-11-30
P007,Electronics,C0768,101.92,2023-02-09
P095,Clothing,C0115,102.98,2023-11-08
P084,Toys,C0395,273.0,2023-09-02
P015,Clothing,C0629,370.16,2023-06-28
P018,Electronics,C0493,153.55,2023-08-19
P025,Electronics,C0232,471.48,2023-07-28
P073,Toys,C0958,292.82,2023-07-11
P041,Books,C0615,280.68,2023-05-25
P026,Electronics,C0448,192.03,2023-05-02
P087,Clothing,C0063,183.15,2023-12-15
P098,Books,C0977,440.55,2023-10-16
P076,Toys,C0685,214.76,2023-08-14
P067,Books,C0366,238.19,2023-09-25
P037,Electronics,C0606,186.54,2023-07-11
P030,Books,C0690,252.47,2023-03-01
P027,Clothing,C0481,191.99,2023-03-06
P036,Electronics,C0884,94.63,2023-02-24
P035,Books,C0876,431.87,2023-09-13
P002,Toys,C0659,250.86,2023-06-30
P060,Books,C0129,154.3,2023-06-10
P075,Toys,C0812,35.95,2023-04-25
P074,Clothing,C0802,422.32,2023-12-26
P038,Home,C0042,441.16,2023-01-18
P022,Home,C0231,70.14,2023-08-10
P033,Toys,C0245,393.11,2023-12-06
P045,Toys,C0063,186.16,2023-07-30
P061,Electronics,C0215,471.98,2023-01-11
P087,Toys,C0173,321.77,2023-11-13
P085,Electronics,C0343,206.08,2023-02-05
P082,Books,C0687,227.78,2023-01-11
P041,Clothing,C0028,64.5,2023-06-05
P043,Books,C0530,94.82,2023-05-04
P054,Clothing,C0736,277.09,2023-08-30
P074,Electronics,C0368,359.03,2023-04-03
P092,Home,C0099,376.17,2023-06-16
P062,Books,C0217,116.99,2023-02-20
P067,Books,C0839,369.73,2023-06-24
P082,Home,C0251,74.48,2023-07-22
P049,Clothing,C0106,187.18,2023-01-15
P045,Books,C0815,375.0,2023-11-20
P001,Books,C0020,53.18,2023-12-06
P062,Books,C0133,39.77,2023-12-08
P050,Books,C0011,313.61,2023-10-04
P072,Clothing,C0550,291.34,2023-08-02
P035,Books,C0260,270.11,2023-12-05
P063,Home,C0799,435.82,2023-04-04
P066,Electronics,C0070,282.93,2023-04-29
P051,Books,C0922,189.64,2023-07-29
P065,Books,C0793,158.4,2023-08-04
P058,Home,C0325,491.5,2023-08-15
P016,Clothing,C0690,62.18,2023-04-14
P013,Clothing,C0768,370.9,2023-08-13
P003,Books,C0919,268.11,2023-04-28
P056,Clothing,C0574,324.45,2023-05-21
P074,Clothing,C0525,462.19,2023-09-02
P076,Clothing,C0275,48.96,2023-10-09
P064,Toys,C0025,347.72,2023-10-21
P011,Home,C0313,433.13,2023-08-25
P072,Books,C0677,71.19,2023-02-22
P076,Clothing,C0258,339.48,2023-11-28
P069,Home,C0004,206.83,2023-02-08
P088,Books,C0568,43.45,2023-10-25
P029,Clothing,C0501,410.0,2023-05-11
P049,Books,C0848,95.77,2023-10-21
P019,Electronics,C0748,180.39,2023-05-30
P096,Toys,C0513,128.69,2023-09-27
P019,Toys,C0505,54.63,2023-11-01
P096,Books,C0735,141.08,2023-02-10
P088,Books,C0782,18.02,2023-11-16
P058,Home,C0705,58.52,2023-11-24
P062,Home,C0763,383.39,2023-01-31
P008,Toys,C0654,224.25,2023-03-10
P088,Clothing,C0867,203.35,2023-12-12
P043,Clothing,C0085,204.66,2023-08-21
P022,Home,C0087,89.03,2023-07-30
P010,Toys,C0961,213.78,2023-10-07
P066,Clothing,C0640,57.56,2023-03-09
P086,Toys,C0381,217.28,2023-02-27
P092,Home,C0323,291.35,2023-11-03
P092,Clothing,C0310,54.25,2023-06-04
P071,Toys,C0800,475.69,2023-03-03
P086,Electronics,C0758,32.58,2023-01-12
P085,Home,C0273,156.8,2023-09-11
P060,Toys,C0938,26.97,2023-04-01
P053,Electronics,C0178,360.06,2023-11-10
P056,Books,C0549,124.02,2023-11-16
P009,Books,C0029,160.26,2023-02-09
P070,Electronics,C0281,269.69,2023-11-20
P067,Home,C0880,10.46,2023-05-08
P081,Toys,C0535,334.64,2023-05-31
P084,Books,C0820,317.34,2023-02-17
P024,Clothing,C0228,487.45,2023-04-05
P064,Clothing,C0784,27.14,2023-10-22
P072,Electronics,C0874,150.49,2023-12-13
P011,Clothing,C0499,77.43,2023-01-05
P053,Electronics,C0173,424.57,2023-07-01
P093,Home,C0541,265.73,2023-12-06
P051,Toys,C0227,270.64,2023-02-02
P033,Clothing,C0025,449.27,2023-09-04
P094,Home,C0647,467.77,2023-08-09
P082,Clothing,C0921,68.63,2023-09-18
P035,Clothing,C0328,88.63,2023-11-29
P008,Home,C0457,491.51,2023-01-07
P053,Toys,C0639,376.21,2023-11-08
P021,Books,C0269,256.65,2023-01-20
P062,Books,C0361,143.16,2023-02-06
P011,Toys,C0071,46.69,2023-05-22
P025,Electronics,C0456,314.91,2023-07-07
P046,Clothing,C0283,301.48,2023-07-22
P040,Electronics,C0705,44.86,2023-10-31
P098,Electronics,C0650,78.56,2023-11-10
P007,Toys,C0833,36.42,2023-07-31
P060,Clothing,C0958,41.0,2023-01-06
P013,Books,C0801,288.93,2023-04-19
P019,Toys,C0742,253.47,2023-06-17
P015,Electronics,C0493,202.6,2023-11-02
P038,Electronics,C0770,233.38,2023-08-12
P026,Clothing,C0033,269.91,2023-05-19
P058,Electronics,C0778,42.32,2023-01-04
P006,Clothing,C0603,47.93,2023-12-18
P070,Books,C0507,36.62,2023-12-20
P088,Home,C0500,321.68,2023-05-13
P093,Toys,C0184,113.18,2023-07-12
P008,Books,C0161,439.7,2023-08-11
P022,Books,C0289,444.0,2023-05-21
P094,Home,C0057,416.97,2023-02-28
P049,Home,C0290,274.45,2023-10-09
P098,Electronics,C0122,283.35,2023-12-28
P068,Books,C0072,263.7,2023-02-18
P059,Toys,C0365,162.15,2023-02-11
P055,Toys,C0006,321.23,2023-08-25
P059,Clothing,C0442,28.13,2023-07-31
P043,Electronics,C0272,26.56,2023-11-23
P058,Toys,C0607,43.69,2023-03-31
P036,Toys,C0425,247.4,2023-01-24
P062,Books,C0342,204.46,2023-08-23
P077,Home,C0711,185.67,2023-10-23
P093,Clothing,C0034,230.35,2023-08-30
P031,Electronics,C0871,152.43,2023-02-01
P043,Electronics,C0378,315.17,2023-06-04
P046,Books,C0448,151.03,2023-09-02
P100,Books,C0332,30.61,2023-01-31
P098,Electronics,C0761,311.5,2023-06-01
P013,Books,C0226,180.63,2023-02-21
P035,Clothing,C0714,456.81,2023-03-20
P082,Books,C0203,347.35,2023-07-02
P003,Home,C0458,486.6,2023-10-19
P027,Books,C0225,138.61,2023-11-22
P001,Books,C0910,162.16,2023-12-13
P006,Electronics,C0989,338.07,2023-10-25
P007,Toys,C0365,73.7,2023-07-24
P070,Toys,C0525,341.66,2023-09-10
P076,Home,C0173,111.39,2023-06-03
P093,Home,C0081,364.57,2023-11-02
P086,Toys,C0913,455.65,2023-10-12
P027,Electronics,C0015,336.81,2023-08-05
P036,Books,C0092,150.47,2023-01-02
P065,Clothing,C0998,344.27,2023-12-08
P017,Clothing,C0214,430.91,2023-09-14
P067,Clothing,C0271,498.97,2023-08-06
P066,Electronics,C0913,96.99,2023-03-15
P082,Electronics,C0806,168.84,2023-04-30
P059,Books,C0948,287.35,2023-05-09
P091,Toys,C0143,71.56,2023-09-20
P089,Toys,C0722,474.24,2023-12-18
P054,Books,C0651,247.18,2023-01-03
P083,Electronics,C0881,431.93,2023-01-18
P099,Home,C0302,204.81,2023-09-28
P033,Books,C0895,465.66,2023-05-13
P024,Clothing,C0499,447.33,2023-05-27
P020,Toys,C0727,358.65,2023-04-04
P082,Toys,C0771,54.22,2023-04-17
P036,Books,C0340,430.94,2023-10-19
P051,Home,C0248,45.8,2023-02-24
P010,Toys,C0303,329.0,2023-07-30
P048,Toys,C0873,145.88,2023-03-12
P050,Clothing,C0696,453.62,2023-07-06
P053,Books,C0464,418.16,2023-06-06
P083,Clothing,C0329,103.4,2023-07-05
P095,Books,C0951,187.4,2023-10-06
P021,Clothing,C0190,146.03,2023-04-11
P028,Toys,C0670,224.95,2023-12-13
P058,Toys,C0375,328.17,2023-06-29
P039,Toys,C0855,421.8,2023-08-30
P080,Toys,C0602,37.28,2023-03-20
P056,Books,C0928,35.61,2023-12-23
P062,Electronics,C0319,106.81,2023-09-06
P021,Electronics,C0762,212.91,2023-05-24
P002,Toys,C0742,404.62,2023-08-30
P045,Electronics,C0470,395.46,2023-12-20
P086,Electronics,C0514,441.69,2023-02-13
P100,Electronics,C0154,53.8,2023-07-28
P094,Books,C0536,246.62,2023-04-23
P044,Clothing,C0609,268.43,2023-03-30
P086,Electronics,C0469,239.35,2023-07-13
P067,Books,C0572,367.16,2023-07-19
P030,Electronics,C0220,216.6,2023-01-04
P012,Books,C0007,334.18,2023-06-19
P030,Electronics,C0827,258.2,2023-09-30
P099,Books,C0218,164.85,2023-09-06
P036,Clothing,C0943,67.26,2023-09-25
P011,Toys,C0024,146.22,2023-02-21
P037,Electronics,C0945,344.32,2023-05-08
P067,Clothing,C0415,381.81,2023-03-10
P085,Books,C0772,346.94,2023-06-21
P090,Toys,C0645,24.71,2023-04-19
P080,Clothing,C0495,59.12,2023-12-11
P100,Electronics,C0533,321.17,2023-06-30
P042,Electronics,C0001,247.15,2023-11-05
P055,Electronics,C0256,30.25,2023-11-28
P087,Electronics,C0977,371.58,2023-09-29
P070,Toys,C0371,320.45,2023-11-15
P013,Clothing,C0981,346.64,2023-12-30
P055,Clothing,C0773,244.71,2023-04-02
P035,Clothing,C0132,294.91,2023-12-11
P042,Toys,C0002,75.18,2023-09-24
P100,Home,C0983,186.26,2023-03-02
P051,Toys,C0638,373.9,2023-01-29
P045,Clothing,C0890,429.28,2023-12-12
P032,Clothing,C0679,379.95,2023-06-27
P086,Toys,C0815,325.74,2023-12-01
P036,Toys,C0285,217.91,2023-01-16
P064,Clothing,C0863,24.39,2023-05-08
P092,Toys,C0022,265.64,2023-06-26
P056,Toys,C0103,347.49,2023-01-23
P056,Clothing,C0826,34.88,2023-07-16
P047,Home,C0627,159.94,2023-08-08
P070,Clothing,C0378,179.71,2023-04-30
P017,Home,C0365,44.74,2023-04-20
P008,Clothing,C0566,403.03,2023-01-22
P088,Clothing,C0579,397.66,2023-08-15
P083,Electronics,C0178,371.01,2023-06-18
P069,Toys,C0829,490.31,2023-09-17
P068,Clothing,C0071,150.01,2023-04-17
P028,Electronics,C0660,248.84,2023-01-30
P080,Toys,C0772,265.42,2023-11-14
P067,Toys,C0756,18.25,2023-11-12
P010,Clothing,C0319,386.44,2023-01-23
P042,Electronics,C0109,437.72,2023-09-07
P071,Toys,C0685,371.3,2023-05-30
P030,Electronics,C0260,486.86,2023-05-12
P072,Electronics,C0191,427.74,2023-01-23
P063,Home,C0595,160.87,2023-11-29
P041,Clothing,C0894,303.46,2023-09-08
P095,Home,C0339,223.9,2023-09-04
P062,Home,C0601,219.09,2023-02-19
P041,Home,C0507,410.86,2023-06-08
P076,Home,C0087,462.97,2023-12-14
P066,Home,C0533,25.07,2023-07-31
P003,Electronics,C0912,340.34,2023-05-23
P050,Home,C0248,308.36,2023-11-23
P078,Home,C0333,266.37,2023-09-17
P099,Electronics,C0231,318.69,2023-01-04
P047,Home,C0407,313.34,2023-12-21
P096,Electronics,C0298,474.94,2023-11-18
P004,Clothing,C0170,237.85,2023-08-30
P031,Clothing,C0822,322.95,2023-10-14
P009,Electronics,C0797,45.48,2023-05-14
P061,Books,C0419,219.65,2023-06-21
P062,Toys,C0760,53.14,2023-10-03
P088,Toys,C0901,274.53,2023-05-10
P054,Books,C0189,138.57,2023-10-24
P100,Toys,C0234,54.56,2023-04-21
P077,Home,C0464,323.03,2023-04-10
P072,Books,C0386,427.72,2023-06-12
P059,Electronics,C0101,429.3,2023-01-01
P044,Toys,C0159,430.63,2023-05-22
P021,Home,C0194,62.57,2023-08-12
P017,Clothing,C0151,437.65,2023-08-04
P098,Toys,C0105,120.21,2023-04-27
P035,Toys,C0693,424.59,2023-10-13
P011,Home,C0479,31.84,2023-04-05
P081,Electronics,C0432,336.64,2023-03-09
P088,Clothing,C0457,264.53,2023-10-19
P009,Books,C0620,473.63,2023-09-11
P065,Books,C0372,61.85,2023-08-07
P028,Books,C0528,413.32,2023-03-03
P026,Books,C0791,50.86,2023-12-24
P098,Books,C0222,69.05,2023-01-30
P082,Home,C0463,119.88,2023-01-17
P076,Home,C0751,424.68,2023-05-01
P018,Electronics,C0639,128.13,2023-05-05
P001,Books,C0671,303.69,2023-06-10
P094,Toys,C0793,477.99,2023-03-25
P001,Clothing,C0141,493.53,2023-05-24
P043,Toys,C0659,267.2,2023-12-28
P047,Toys,C0755,410.09,2023-04-09
P021,Books,C0287,403.41,2023-06-05
P079,Toys,C0587,370.45,2023-11-14
P034,Toys,C0781,64.11,2023-09-19
P083,Books,C0030,71.82,2023-03-22
P084,Home,C0668,356.73,2023-11-16
P056,Toys,C0316,227.29,2023-01-14
P070,Books,C0443,167.54,2023-12-10
P046,Books,C0007,121.4,2023-05-10
P086,Books,C0863,164.45,2023-08-18
P016,Books,C0377,403.95,2023-12-16
P020,Electronics,C0406,123.32,2023-01-29
P032,Toys,C0406,492.55,2023-02-09
P058,Clothing,C0475,243.18,2023-09-27
P033,Electronics,C0080,379.54,2023-10-18
P063,Home,C0657,376.91,2023-11-20
P040,Clothing,C0753,479.55,2023-01-16
P049,Clothing,C0224,66.76,2023-04-05
P094,Books,C0121,347.76,2023-10-04
P077,Books,C0644,207.16,2023-04-30
P054,Clothing,C0231,410.21,2023-06-16
P081,Electronics,C0631,388.94,2023-02-06
P020,Books,C0974,422.21,2023-12-17
P056,Home,C0156,252.67,2023-06-25
P043,Electronics,C0931,53.83,2023-09-16
P067,Electronics,C0993,54.3,2023-10-10
P077,Electronics,C0609,259.05,2023-12-26
P080,Clothing,C0444,43.7,2023-07-05
P027,Toys,C0155,216.8,2023-10-26
P080,Home,C0339,144.7,2023-08-31
P057,Home,C0566,114.39,2023-03-05
P068,Home,C0340,68.68,2023-06-18
P097,Toys,C0501,452.04,2023-03-03
P099,Home,C0265,490.21,2023-09-10
P016,Toys,C0375,411.09,2023-01-28
P099,Electronics,C0967,217.52,2023-10-12
P074,Toys,C0896,144.64,2023-05-12
P024,Electronics,C0961,358.02,2023-08-26
P022,Electronics,C0384,391.42,2023-09-11
P023,Electronics,C0545,26.63,2023-04-10
P046,Toys,C0162,359.92,2023-10-14
P079,Electronics,C0704,497.23,2023-07-31
P027,Books,C0737,354.07,2023-02-07
P024,Toys,C0567,235.66,2023-08-17
P051,Clothing,C0188,67.2,2023-06-04
P091,Home,C0551,292.54,2023-10-12
P037,Home,C0463,149.85,2023-09-22
P073,Books,C0108,164.48,2023-10-17
P061,Home,C0317,267.27,2023-05-06
P012,Toys,C0397,154.74,2023-09-01
P080,Books,C0189,315.31,2023-06-02
P017,Electronics,C0926,421.68,2023-05-28
P073,Electronics,C0671,328.73,2023-05-07
P059,Toys,C0209,329.95,2023-12-27
P034,Clothing,C0424,332.66,2023-10-16
P023,Toys,C0868,116.61,2023-01-18
P011,Electronics,C0763,448.22,2023-06-16
P076,Home,C0314,136.48,2023-04-07
P036,Electronics,C0621,239.6,2023-06-22
P042,Books,C0457,439.8,2023-01-23
P017,Clothing,C0306,429.38,2023-06-27
P025,Electronics,C0684,132.34,2023-12-04
P032,Books,C0174,221.67,2023-05-28
P016,Clothing,C0501,382.1,2023-12-28
P057,Home,C0780,478.84,2023-11-06
P019,Clothing,C0753,276.18,2023-11-18
P007,Clothing,C0288,373.72,2023-10-12
P007,Clothing,C0189,403.75,2023-10-18
P043,Toys,C0091,64.59,2023-11-10
P096,Toys,C0038,143.88,2023-12-10
P098,Electronics,C0159,92.94,2023-11-15
P069,Toys,C0979,99.28,2023-05-20
P032,Home,C0021,119.17,2023-10-28
P048,Toys,C0361,280.51,2023-08-18
P024,Clothing,C0506,50.87,2023-04-01
P008,Electronics,C0928,117.25,2023-07-01
P042,Books,C0944,216.75,2023-10-08
P099,Toys,C0098,464.99,2023-05-17
P053,Electronics,C0380,257.07,2023-08-18
P047,Toys,C0594,187.76,2023-01-17
P012,Toys,C0261,372.6,2023-03-16
P005,Books,C0260,434.5,2023-11-27
P070,Electronics,C0394,54.82,2023-03-27
P018,Electronics,C0583,297.31,2023-05-18
P052,Clothing,C0531,271.85,2023-01-07
P044,Home,C0604,19.08,2023-03-05
P056,Books,C0727,328.08,2023-08-14
P021,Electronics,C0230,71.93,2023-11-16
P075,Toys,C0867,131.69,2023-11-30
P010,Clothing,C0309,296.21,2023-08-30
P015,Home,C0615,244.68,2023-08-31
P019,Clothing,C0774,141.49,2023-10-08
P084,Books,C0002,478.37,2023-08-21
P088,Electronics,C0560,173.45,2023-06-29
P003,Electronics,C0646,202.06,2023-10-02
P091,Toys,C0595,228.71,2023-04-16
P026,Toys,C0584,24.65,2023-11-05
P057,Clothing,C0134,295.91,2023-05-18
P017,Home,C0766,94.77,2023-01-01
P017,Clothing,C0211,273.08,2023-07-22
P100,Electronics,C0462,413.76,2023-07-05
P057,Clothing,C0912,12.35,2023-10-02
P092,Electronics,C0609,43.25,2023-08-14
P043,Home,C0982,282.32,2023-06-21
P082,Books,C0863,271.51,2023-11-12
P043,Books,C0199,447.8,2023-03-03
P009,Electronics,C0853,56.9,2023-08-30
P038,Books,C0307,181.49,2023-09-03
P023,Toys,C0594,47.32,2023-02-24
P059,Toys,C0162,105.74,2023-08-21
P018,Books,C0816,187.71,2023-12-26
P008,Home,C0681,377.23,2023-06-20
P022,Clothing,C0173,400.95,2023-03-01
P057,Home,C0120,456.43,2023-04-05
P089,Books,C0035,446.0,2023-10-29
P066,Electronics,C0891,195.24,2023-02-05
P005,Home,C0996,217.39,2023-01-04
P036,Home,C0480,390.93,2023-02-15
P096,Toys,C0978,27.95,2023-11-21
P054,Electronics,C0118,301.4,2023-02-28
P053,Books,C0254,490.91,2023-07-31
P076,Clothing,C0868,468.23,2023-08-07
P077,Books,C0283,311.09,2023-10-18
P021,Home,C0801,427.14,2023-06-01
P009,Home,C0912,398.97,2023-08-09
P084,Books,C0382,349.21,2023-11-23
P028,Electronics,C0830,362.83,2023-11-01
P035,Books,C0105,456.81,2023-07-27
P096,Toys,C0697,19.34,2023-07-11
P012,Electronics,C0986,342.61,2023-09-23
P018,Books,C0467,446.71,2023-11-20
P037,Clothing,C0127,29.55,2023-09-17
P053,Clothing,C0357,400.75,2023-04-05
P013,Clothing,C0613,61.36,2023-11-16
P100,Toys,C0124,20.68,2023-07-08
P079,Clothing,C0951,418.11,2023-12-04
P063,Toys,C0146,242.06,2023-06-19
P079,Toys,C0004,181.3,2023-09-09
P022,Home,C0760,212.94,2023-07-28
P085,Home,C0128,249.36,2023-11-20
P061,Home,C0926,228.68,2023-04-27
P069,Electronics,C0308,159.0,2023-01-08
P084,Electronics,C0884,280.13,2023-09-06
P001,Home,C0933,78.4,2023-05-15
P010,Home,C0229,433.5,2023-05-18
P031,Electronics,C0993,128.56,2023-09-04
P073,Home,C0279,100.77,2023-07-31
P074,Toys,C0320,117.22,2023-08-24
P040,Books,C0296,237.63,2023-07-11
P020,Books,C0415,153.99,2023-04-07
P018,Home,C0153,49.73,2023-05-23
P095,Books,C0955,106.9,2023-02-17
P072,Clothing,C0901,319.34,2023-12-30
P049,Toys,C0171,371.65,2023-10-29
P098,Toys,C0730,27.86,2023-08-27
P072,Clothing,C0562,194.17,2023-09-01
P032,Books,C0618,478.25,2023-10-10
P081,Toys,C0588,474.01,2023-08-08
P001,Toys,C0525,106.04,2023-09-10
P075,Books,C0795,411.74,2023-02-20
P056,Books,C0976,478.92,2023-04-27
P018,Books,C0731,262.85,2023-06-15
P021,Books,C0657,301.76,2023-06-05
P096,Electronics,C0587,228.63,2023-06-20
P049,Electronics,C0070,322.84,2023-11-23
P007,Books,C0065,416.53,2023-01-08
P052,Home,C0766,42.14,2023-06-30
P060,Home,C0327,338.45,2023-04-21
P003,Toys,C0838,458.7,2023-01-08
P075,Electronics,C0988,26.66,2023-07-26
P016,Home,C0412,344.46,2023-09-21
P004,Toys,C0613,354.05,2023-02-11
P018,Electronics,C0629,469.25,2023-05-24
P067,Clothing,C0468,430.36,2023-05-21
P088,Clothing,C0099,279.62,2023-03-08
P062,Books,C0105,71.26,2023-04-14
P045,Toys,C0531,396.66,2023-04-23
P099,Toys,C0661,78.56,2023-03-31
P087,Electronics,C0747,474.87,2023-07-02
P076,Books,C0067,256.26,2023-10-17
P030,Electronics,C0631,121.13,2023-02-11
P030,Books,C0101,148.26,2023-06-14
P010,Clothing,C0445,133.51,2023-06-01
P037,Home,C0435,76.51,2023-09-26
P047,Home,C0116,34.82,2023-02-21
P002,Home,C0626,200.37,2023-07-22
P096,Clothing,C0649,152.32,2023-07-16
P007,Toys,C0344,144.64,2023-03-03
P017,Books,C0671,51.6,2023-11-01
P053,Clothing,C0100,150.12,2023-08-28
P058,Clothing,C0853,168.94,2023-12-07
P056,Home,C0121,173.19,2023-10-14
P021,Clothing,C0589,21.14,2023-09-18
P002,Electronics,C0544,193.4,2023-05-05
P041,Toys,C0949,482.33,2023-04-16
P056,Toys,C0637,131.98,2023-02-18
P069,Electronics,C0639,442.89,2023-11-09
P005,Home,C0984,140.99,2023-08-26
P097,Clothing,C0762,485.14,2023-08-26
P031,Clothing,C0734,191.82,2023-08-02
P060,Electronics,C0849,127.13,2023-08-18
P080,Electronics,C0329,244.8,2023-03-03
P001,Electronics,C0213,485.55,2023-07-28
P024,Toys,C0549,342.97,2023-04-12
P062,Home,C0521,196.01,2023-06-21
P093,Home,C0046,459.0,2023-02-14
P017,Electronics,C0965,95.99,2023-11-16
P027,Books,C0607,388.53,2023-08-11
P037,Toys,C0782,231.89,2023-07-29
P052,Toys,C0007,181.8,2023-10-08
P016,Books,C0391,214.07,2023-04-25
P032,Electronics,C0876,161.84,2023-04-22
P053,Clothing,C0433,224.08,2023-02-26
P055,Books,C0712,370.84,2023-01-29
P098,Clothing,C0339,175.05,2023-09-20
P062,Clothing,C0877,39.45,2023-02-17
P090,Clothing,C0670,182.95,2023-05-06
P039,Home,C0254,357.93,2023-08-09
P073,Clothing,C0592,356.75,2023-06-15
P095,Home,C0028,228.7,2023-11-12
P070,Home,C0452,129.17,2023-10-03
P079,Books,C0253,190.15,2023-06-11
P070,Clothing,C0500,462.76,2023-12-01
P030,Toys,C0330,213.21,2023-05-01
P026,Clothing,C0409,325.01,2023-04-08
P057,Books,C0065,310.22,2023-10-11
P033,Books,C0664,455.66,2023-12-06
P096,Toys,C0117,454.21,2023-02-18
P031,Electronics,C0689,97.1,2023-08-30
P096,Electronics,C0982,186.11,2023-09-26
P038,Electronics,C0036,187.55,2023-06-09
P034,Books,C0608,307.14,2023-09-28
P038,Books,C0829,26.81,2023-08-23
P096,Books,C0252,235.69,2023-11-26
P053,Toys,C0577,438.41,2023-06-21
P016,Clothing,C0442,263.18,2023-08-07
P005,Books,C0358,268.16,2023-02-06
P025,Books,C0008,456.33,2023-04-16
P035,Books,C0991,170.49,2023-12-09
P058,Home,C0729,394.21,2023-11-04
P046,Electronics,C0144,419.93,2023-04-29
P012,Home,C0286,260.0,2023-06-09
P047,Home,C0178,81.53,2023-10-20
P100,Toys,C0415,21.38,2023-07-31
P054,Home,C0450,371.04,2023-12-26
P073,Books,C0489,116.68,2023-05-09
P089,Home,C0613,454.81,2023-08-26
P011,Home,C0811,425.97,2023-09-10
P073,Toys,C0216,213.6,2023-01-08
P080,Books,C0155,478.25,2023-11-05
P082,Toys,C0041,402.51,2023-05-20
P037,Home,C0242,112.88,2023-07-14
P033,Toys,C0565,225.23,2023-08-22
P078,Home,C0086,416.97,2023-01-22
P076,Clothing,C0394,130.26,2023-10-01
P055,Books,C0844,217.0,2023-03-25
P026,Toys,C0516,481.23,2023-07-07
P048,Books,C0107,198.68,2023-07-16
P035,Home,C0334,180.07,2023-08-15
P067,Electronics,C0351,436.79,2023-03-07
P060,Home,C0357,339.24,2023-02-28
P070,Clothing,C0199,168.1,2023-05-20
P096,Toys,C0235,41.02,2023-11-02
P044,Electronics,C0554,81.92,2023-01-05
P059,Home,C0453,284.51,2023-07-12
P092,Home,C0055,244.88,2023-03-06
P065,Toys,C0051,182.91,2023-03-22
P020,Home,C0324,369.46,2023-10-30
P054,Toys,C0944,236.59,2023-05-27
P010,Clothing,C0828,476.61,2023-03-19
P046,Home,C0578,313.45,2023-08-14
P009,Toys,C0803,145.63,2023-07-19
P087,Electronics,C0254,168.72,2023-05-28
P043,Toys,C0278,347.37,2023-01-10
P076,Home,C0567,345.74,2023-03-14
P040,Home,C0672,77.07,2023-07-01
P084,Electronics,C0410,306.01,2023-09-11
P017,Books,C0406,267.06,2023-06-26
P092,Home,C0904,91.29,2023-02-08
P053,Home,C0009,272.37,2023-02-04
P033,Electronics,C0862,244.33,2023-11-25
P026,Home,C0421,337.95,2023-06-29
P025,Clothing,C0929,335.82,2023-01-24
P068,Clothing,C0834,124.02,2023-12-05
P011,Electronics,C0810,461.16,2023-11-30
P038,Clothing,C0418,40.97,2023-10-28
P086,Clothing,C0851,265.61,2023-09-01
P046,Books,C0043,395.89,2023-05-19
P060,Books,C0431,410.68,2023-01-18
P047,Books,C0647,488.39,2023-01-20
P035,Clothing,C0724,405.55,2023-05-15
P074,Home,C0210,364.83,2023-11-04
P061,Books,C0928,131.49,2023-10-11
P004,Electronics,C0697,169.72,2023-09-01
P060,Home,C0919,208.79,2023-10-18
P081,Clothing,C0443,59.68,2023-07-18
P028,Toys,C0826,449.96,2023-07-31
P081,Electronics,C0428,377.46,2023-10-08
P015,Electronics,C0388,202.21,2023-10-12
P058,Books,C0697,351.05,2023-03-20
P050,Home,C0087,330.94,2023-10-03
P036,Toys,C0191,172.31,2023-07-23
P040,Books,C0768,216.59,2023-08-24
P013,Toys,C0314,434.15,2023-12-29
P088,Electronics,C0371,241.19,2023-11-07
P050,Clothing,C0093,445.98,2023-03-27
P083,Toys,C0060,259.81,2023-04-05
P043,Home,C0351,110.26,2023-01-03
P040,Toys,C0008,262.44,2023-09-25
P044,Electronics,C0570,365.47,2023-10-16
P092,Clothing,C0295,437.75,2023-02-02
P037,Books,C0860,204.7,2023-01-18
P013,Toys,C0284,352.53,2023-11-07
P079,Clothing,C0575,369.51,2023-04-23
P018,Toys,C0167,278.81,2023-04-21
P052,Books,C0853,383.32,2023-12-13
P075,Toys,C0560,269.93,2023-02-13
P016,Home,C0290,97.33,2023-04-02
P056,Electronics,C0422,36.42,2023-06-28
P097,Electronics,C0049,48.14,2023-08-06
P094,Home,C0237,451.31,2023-03-09
P090,Books,C0307,337.02,2023-11-25
P044,Books,C0337,246.04,2023-12-14
P068,Electronics,C0931,486.52,2023-09-12
P035,Electronics,C0208,326.24,2023-12-09
P075,Books,C0403,487.3,2023-05-28
P092,Toys,C0185,478.86,2023-07-14
P065,Electronics,C0187,218.53,2023-02-15
P041,Home,C0562,482.82,2023-07-10
P022,Home,C0639,124.99,2023-03-18
P047,Electronics,C0334,137.49,2023-07-01
P011,Electronics,C0721,193.75,2023-11-01
P046,Clothing,C0896,40.36,2023-01-11
P060,Electronics,C0007,417.0,2023-03-02
P008,Clothing,C0696,49.75,2023-07-14
P015,Books,C0728,208.87,2023-04-02
P014,Electronics,C0764,79.08,2023-06-05
P091,Toys,C0025,475.1,2023-03-04
P008,Books,C0782,420.8,2023-01-15
P057,Toys,C0662,58.47,2023-01-27
P086,Books,C0071,101.06,2023-06-03
P004,Books,C0010,355.38,2023-06-09
P084,Clothing,C0728,71.5,2023-08-17
P007,Electronics,C0686,384.01,2023-05-23
P074,Books,C0865,406.98,2023-08-26
P023,Electronics,C0723,454.63,2023-01-31
P061,Electronics,C0035,77.52,2023-02-06
P021,Home,C0721,73.77,2023-02-15
P045,Home,C0611,430.73,2023-11-11
P098,Toys,C0771,339.4,2023-01-30
P037,Toys,C0131,312.86,2023-08-31
P050,Home,C0035,274.64,2023-01-14
P085,Clothing,C0118,162.4,2023-08-09
P079,Books,C0671,347.95,2023-02-03
P051,Clothing,C0453,51.47,2023-05-27
P055,Electronics,C0570,414.81,2023-02-22
P097,Books,C0194,312.46,2023-09-28
P063,Electronics,C0714,243.29,2023-03-16
P065,Books,C0292,78.07,2023-11-14
P056,Books,C0558,421.17,2023-04-30
P080,Toys,C0022,226.23,2023-07-02
P031,Home,C0587,425.45,2023-07-29
P049,Home,C0829,216.23,2023-08-20
P053,Electronics,C0846,495.74,2023-06-28
P019,Electronics,C0328,60.33,2023-10-21
P047,Electronics,C0071,71.03,2023-11-25
P028,Home,C0065,27.25,2023-09-30
P059,Electronics,C0895,266.45,2023-10-09
P035,Electronics,C0979,332.77,2023-02-01
P064,Home,C0187,156.97,2023-05-20
P065,Clothing,C0005,230.41,2023-11-06
P073,Toys,C0574,318.75,2023-03-03
P033,Toys,C0245,105.35,2023-06-23
P016,Toys,C0333,16.64,2023-10-18
P075,Home,C0536,269.33,2023-10-01
P095,Toys,C0794,268.16,2023-11-23
P094,Books,C0013,417.82,2023-11-28
P035,Toys,C0054,494.82,2023-05-04
P099,Clothing,C0062,24.86,2023-03-01
P008,Electronics,C0171,385.16,2023-07-10
P097,Home,C0283,455.14,2023-01-29
P004,Home,C0530,46.79,2023-01-28
P030,Clothing,C0169,45.93,2023-09-15
P018,Home,C0803,146.8,2023-11-22
P075,Toys,C0986,498.83,2023-05-02
P088,Home,C0933,288.37,2023-07-14
P010,Clothing,C0454,400.01,2023-07-16
P075,Clothing,C0084,232.69,2023-01-14
P091,Books,C0712,368.05,2023-07-13
P095,Electronics,C0257,313.88,2023-06-20
P089,Clothing,C0934,104.45,2023-03-21
P066,Electronics,C0111,221.85,2023-02-06
P053,Home,C0317,15.3,2023-02-17
P061,Books,C0325,286.67,2023-04-30
P086,Toys,C0133,324.67,2023-06-15
P003,Toys,C0202,324.84,2023-02-09
P082,Home,C0916,112.93,2023-12-07
P034,Home,C0366,452.16,2023-01-18
P014,Clothing,C0820,223.69,2023-01-08
P074,Clothing,C0970,274.71,2023-05-16
P043,Home,C0861,425.49,2023-12-30
P088,Home,C0854,252.09,2023-03-04
P092,Home,C0264,33.5,2023-07-30
P033,Electronics,C0935,416.32,2023-01-23
P012,Home,C0668,80.8,2023-04-20
P014,Home,C0769,317.5,2023-09-07
P045,Clothing,C0098,137.58,2023-02-08
P052,Toys,C0975,455.34,2023-06-28
P091,Home,C0510,208.71,2023-01-28
P050,Electronics,C0542,247.75,2023-02-28
P053,Electronics,C0622,212.5,2023-07-13
P094,Clothing,C0763,421.07,2023-03-03
P007,Clothing,C0825,488.35,2023-06-28
P056,Home,C0900,131.82,2023-05-18
P018,Clothing,C0529,381.63,2023-08-23
P075,Electronics,C0620,161.28,2023-04-14
P090,Books,C0567,360.51,2023-05-21
P090,Toys,C0639,340.67,2023-05-13
P049,Books,C0938,447.06,2023-05-15
P062,Home,C0828,434.33,2023-01-04
P032,Books,C0750,130.27,2023-07-03
P048,Toys,C0044,191.03,2023-02-26
P079,Electronics,C0275,461.97,2023-06-17
P027,Electronics,C0928,387.73,2023-12-03
P068,Electronics,C0566,27.82,2023-01-27
P089,Toys,C0050,218.49,2023-06-22
P068,Electronics,C0042,275.85,2023-02-20
P079,Books,C0755,391.53,2023-03-01
P091,Home,C0216,301.06,2023-09-18
P052,Electronics,C0066,392.19,2023-11-26
P089,Toys,C0716,66.48,2023-06-17
P095,Clothing,C0143,281.64,2023-10-20
P035,Clothing,C0645,343.81,2023-04-16
P040,Books,C0575,98.22,2023-11-08
P036,Electronics,C0284,84.89,2023-04-10
P093,Books,C0513,336.18,2023-12-13
P016,Clothing,C0606,419.92,2023-12-18
P065,Books,C0820,402.09,2023-05-10
P009,Home,C0947,169.63,2023-03-06
P007,Toys,C0842,120.98,2023-12-08
P041,Electronics,C0007,268.4,2023-07-01
P012,Home,C0922,402.31,2023-10-09
P080,Home,C0299,290.09,2023-03-01
P010,Toys,C0435,472.67,2023-02-09
P045,Electronics,C0525,422.05,2023-12-04
P025,Toys,C0317,494.42,2023-12-07
P082,Clothing,C0529,329.51,2023-05-14
P019,Books,C0657,449.08,2023-11-02
P035,Home,C0972,275.5,2023-09-04
P002,Clothing,C0360,316.08,2023-09-17
P050,Electronics,C0049,275.0,2023-09-03
P075,Toys,C0784,371.96,2023-12-23
P004,Books,C0279,180.87,2023-09-12
P059,Books,C0068,194.41,2023-01-30
P068,Toys,C0029,459.54,2023-08-24
P069,Home,C0322,422.04,2023-11-19
P030,Home,C0830,482.25,2023-09-07
P012,Electronics,C0246,180.67,2023-05-30
P059,Home,C0467,145.42,2023-05-26
P001,Books,C0851,431.37,2023-08-10
P065,Toys,C0255,41.39,2023-02-16
P004,Electronics,C0588,84.33,2023-02-01
P086,Home,C0429,268.6,2023-06-18
P033,Clothing,C0972,315.56,2023-10-17
P081,Books,C0156,495.74,2023-07-20
P008,Home,C0754,324.51,2023-09-22
P010,Books,C0180,158.09,2023-11-13
P050,Books,C0637,128.18,2023-08-13
P005,Clothing,C0516,410.67,2023-12-17
P010,Electronics,C0392,164.38,2023-03-01
P081,Clothing,C0293,26.28,2023-06-06
P073,Toys,C0219,278.92,2023-12-21
P013,Toys,C0888,280.88,2023-09-08
P028,Clothing,C0440,490.51,2023-07-29
P063,Electronics,C0629,173.64,2023-02-26
P098,Clothing,C0976,131.44,2023-03-07
P092,Home,C0281,335.73,2023-02-21
P043,Clothing,C0784,101.43,2023-03-18
P022,Toys,C0635,385.13,2023-05-05
P096,Home,C0330,185.55,2023-04-19
P061,Books,C0726,291.66,2023-02-18
P040,Electronics,C0941,58.35,2023-06-05
P025,Books,C0131,199.76,2023-03-26
P047,Books,C0687,359.91,2023-02-19
P034,Home,C1000,186.77,2023-05-21
P059,Clothing,C0241,62.53,2023-01-22
P024,Home,C0796,346.25,2023-01-23
P017,Toys,C0603,165.99,2023-05-23
P007,Electronics,C0887,327.57,2023-06-28
P023,Toys,C0054,151.35,2023-04-24
P043,Books,C0930,47.67,2023-03-21
P079,Home,C0054,52.03,2023-01-19
P034,Toys,C0726,463.87,2023-03-20
P080,Electronics,C0214,115.32,2023-03-27
P013,Toys,C0017,154.13,2023-05-20
P090,Books,C0895,264.12,2023-11-04
P057,Home,C0280,376.77,2023-09-22
P082,Toys,C0299,455.19,2023-01-29
P002,Electronics,C0984,379.86,2023-04-30
P057,Books,C0346,16.34,2023-08-02
P078,Books,C0358,316.64,2023-08-13
P045,Toys,C0695,230.01,2023-08-13
P058,Electronics,C0184,114.2,2023-02-16
P002,Home,C0148,400.74,2023-02-24
P054,Clothing,C0257,396.91,2023-11-03
P098,Electronics,C0803,239.83,2023-09-09
P034,Electronics,C0569,422.51,2023-12-16
P075,Clothing,C0519,453.37,2023-02-21
P061,Toys,C0787,377.86,2023-10-26
P087,Electronics,C0675,137.32,2023-08-23
P009,Books,C0523,352.21,2023-05-23
P058,Toys,C0534,331.45,2023-03-06
P002,Books,C0839,186.09,2023-03-26
P044,Toys,C0771,157.77,2023-07-10
P024,Toys,C0918,78.78,2023-05-27
P061,Toys,C0456,47.3,2023-06-20
P074,Electronics,C0946,434.38,2023-08-01
P076,Books,C0538,452.53,2023-03-08
P056,Electronics,C0019,481.68,2023-04-30
P011,Toys,C0808,333.85,2023-11-01
P094,Electronics,C0080,474.13,2023-11-18
P088,Toys,C0072,330.22,2023-05-16
P020,Books,C0432,54.29,2023-08-01
P077,Toys,C0579,156.02,2023-12-04
P037,Electronics,C0983,41.83,2023-03-19
P060,Clothing,C0548,120.15,2023-08-16
P099,Toys,C0090,479.17,2023-01-02
P078,Toys,C0220,284.8,2023-02-22
P008,Home,C0602,228.82,2023-07-17
P098,Toys,C0853,246.42,2023-02-16
P066,Electronics,C0603,105.29,2023-09-13
P085,Electronics,C0405,50.2,2023-06-16
P015,Electronics,C0857,39.07,2023-01-08
P026,Toys,C0463,11.3,2023-07-23
P018,Books,C0908,91.44,2023-09-07
P063,Home,C0415,430.35,2023-06-22
P075,Electronics,C0930,42.65,2023-05-08
P006,Electronics,C0868,453.34,2023-08-31
P008,Toys,C0600,104.01,2023-06-06
P023,Home,C0072,94.11,2023-07-07
P036,Clothing,C0242,306.19,2023-05-11
P077,Home,C0367,61.56,2023-05-07
P053,Home,C0963,13.48,2023-12-23
P044,Books,C0696,119.2,2023-08-07
P036,Home,C0154,401.9,2023-02-24
P095,Clothing,C0445,220.35,2023-11-02
P086,Books,C0933,180.69,2023-11-23
P096,Toys,C0141,384.18,2023-06-06
P097,Electronics,C0687,393.26,2023-03-11
P082,Home,C0723,194.04,2023-07-23
P011,Clothing,C0815,257.55,2023-01-14
P038,Books,C0754,290.09,2023-12-11
P086,Clothing,C0065,402.2,2023-02-07
P059,Toys,C0395,293.08,2023-02-04
P069,Books,C0395,430.28,2023-10-16
P028,Toys,C0283,382.85,2023-06-25
P008,Toys,C0624,53.32,2023-05-23
P098,Toys,C0892,449.72,2023-12-09
P022,Books,C0523,394.25,2023-09-01
P060,Home,C0792,440.88,2023-07-31
P084,Books,C0973,226.47,2023-04-30
P097,Home,C0490,466.62,2023-05-28
P012,Clothing,C0209,200.51,2023-02-10
P041,Clothing,C0246,200.44,2023-08-01
P050,Toys,C0405,353.03,2023-11-14
P029,Books,C0085,23.77,2023-05-10
P002,Toys,C0124,318.89,2023-01-20
P011,Toys,C0814,466.02,2023-08-08
P057,Clothing,C0502,401.83,2023-03-26
P066,Electronics,C0991,391.22,2023-07-25
P090,Clothing,C0190,264.25,2023-08-12
P080,Clothing,C0078,284.53,2023-01-04
P051,Books,C0013,117.18,2023-02-19
P002,Home,C0646,26.0,2023-12-12
P096,Books,C0776,321.74,2023-09-21
P091,Toys,C0608,183.08,2023-05-07
P089,Clothing,C0879,450.53,2023-08-30
P079,Toys,C0406,409.91,2023-11-02
P091,Home,C0948,46.63,2023-02-16
P092,Clothing,C0389,283.65,2023-09-22
P059,Toys,C0534,230.65,2023-09-25
P022,Clothing,C0862,138.35,2023-12-16
P051,Electronics,C0190,433.01,2023-12-21
P069,Toys,C0848,189.99,2023-02-26
P045,Toys,C0800,11.86,2023-07-13
P086,Clothing,C0238,487.48,2023-01-01
P033,Electronics,C0869,487.79,2023-03-03
P043,Books,C0042,284.86,2023-09-24
P011,Home,C0363,456.91,2023-06-07
P095,Toys,C0299,267.34,2023-03-07
P073,Books,C0540,384.69,2023-04-12
P036,Books,C0526,407.01,2023-07-31
P007,Electronics,C0913,136.74,2023-02-06
P066,Books,C0913,184.0,2023-01-11
P006,Home,C0517,241.44,2023-10-29
P044,Clothing,C0780,362.98,2023-04-16
P097,Home,C0832,448.54,2023-03-31
P025,Toys,C0760,288.37,2023-05-13
P018,Clothing,C0149,102.24,2023-06-01
P023,Books,C0858,239.47,2023-11-06
P008,Books,C0474,393.72,2023-03-23
P035,Books,C0325,407.13,2023-07-05
P014,Home,C0419,63.04,2023-12-19
P090,Toys,C0713,317.34,2023-03-13
P100,Home,C0837,321.15,2023-04-20
P073,Home,C0579,390.55,2023-05-11
P063,Home,C0456,400.85,2023-09-23
P045,Home,C0063,448.01,2023-12-25
P049,Electronics,C0315,359.06,2023-11-20
P036,Books,C0734,364.55,2023-11-25
P086,Toys,C0824,96.06,2023-07-10
P085,Books,C0290,478.18,2023-12-26
P029,Home,C0552,360.0,2023-07-01
P020,Toys,C0947,134.94,2023-02-25
P034,Electronics,C0988,495.15,2023-08-06
P088,Books,C0807,202.5,2023-05-29
P031,Toys,C0375,225.27,2023-01-24
P028,Books,C0396,58.08,2023-12-19
P023,Electronics,C0687,394.7,2023-01-08
P039,Books,C0820,387.66,2023-12-25
P024,Books,C0091,461.6,2023-12-12
P021,Home,C0069,57.92,2023-04-08
P019,Electronics,C0528,441.73,2023-07-13
P012,Home,C0001,172.74,2023-12-24
P056,Clothing,C0605,42.19,2023-11-04
P016,Books,C0463,229.89,2023-11-20
P045,Home,C0470,238.23,2023-04-16
P094,Home,C0037,364.46,2023-05-19
P062,Toys,C0484,130.31,2023-03-15
P027,Books,C0508,353.44,2023-01-15
P089,Books,C0724,193.24,2023-02-07
P030,Toys,C0630,322.35,2023-11-21
P092,Home,C0781,190.7,2023-10-12
P074,Home,C0918,439.23,2023-04-10
P091,Electronics,C0791,398.67,2023-02-24
P069,Toys,C0639,154.08,2023-10-29
P043,Toys,C0150,337.71,2023-07-21
P026,Home,C0568,31.19,2023-06-19
P085,Toys,C0719,316.99,2023-10-26
P059,Toys,C0002,395.78,2023-11-16
P039,Electronics,C0201,428.19,2023-10-01
P075,Home,C0537,384.2,2023-01-13
P068,Books,C0841,391.82,2023-02-28
P038,Clothing,C0524,54.18,2023-01-03
P018,Books,C1000,432.44,2023-04-03
P077,Electronics,C0710,73.35,2023-05-05
P006,Books,C0178,195.49,2023-04-29
P020,Clothing,C0292,281.22,2023-02-02
P020,Books,C0687,444.16,2023-12-11
P076,Electronics,C0126,264.23,2023-01-26
P003,Electronics,C0628,238.08,2023-04-23
P066,Books,C0366,434.48,2023-05-31
P035,Books,C0814,122.96,2023-05-09
P089,Clothing,C0289,69.88,2023-02-22
P077,Clothing,C0542,140.85,2023-02-06
P015,Electronics,C0447,330.73,2023-08-28
P018,Electronics,C0799,230.44,2023-12-20
P010,Books,C0580,475.09,2023-03-21
P083,Books,C0694,113.98,2023-02-18
P022,Electronics,C0620,313.38,2023-09-01
P076,Toys,C0475,237.94,2023-12-08
P047,Books,C0220,34.79,2023-04-29
P073,Clothing,C0002,306.82,2023-07-07
P033,Home,C0434,325.2,2023-11-09
P096,Clothing,C0558,228.34,2023-02-22
P066,Home,C0131,94.85,2023-09-22
P098,Home,C0433,108.29,2023-07-02
P069,Electronics,C0856,102.9,2023-09-02
P050,Books,C0986,497.69,2023-11-14
P016,Clothing,C0352,162.63,2023-12-31
P082,Electronics,C0768,121.75,2023-10-05
P090,Electronics,C0903,449.16,2023-11-19
P002,Electronics,C0731,18.39,2023-02-18
P030,Electronics,C0372,131.38,2023-11-12
P033,Books,C0538,127.61,2023-01-20
P029,Clothing,C0477,352.78,2023-08-01
P079,Toys,C0429,19.77,2023-12-06
P072,Electronics,C0422,437.44,2023-03-01
P067,Books,C0690,373.42,2023-01-12
P041,Home,C0478,304.61,2023-02-02
P024,Books,C0531,368.89,2023-05-09
P096,Toys,C0627,52.6,2023-10-15
P071,Electronics,C0893,250.63,2023-04-13
P030,Electronics,C0213,276.86,2023-11-15
P083,Electronics,C0269,171.0,2023-10-19
P028,Books,C0582,377.72,2023-06-19
P068,Electronics,C0932,89.81,2023-07-08
P024,Toys,C0859,240.14,2023-11-02
P063,Clothing,C0586,258.95,2023-07-26
P090,Books,C0897,337.43,2023-04-09
P031,Electronics,C0909,163.08,2023-10-09
P004,Books,C0721,188.8,2023-05-19
P097,Clothing,C0286,152.83,2023-12-09
P038,Toys,C0010,424.45,2023-06-13
P072,Toys,C0675,358.27,2023-10-21
P020,Home,C0316,363.23,2023-07-25
P050,Clothing,C0759,66.3,2023-05-30
P020,Toys,C0535,256.12,2023-01-13
P002,Clothing,C0351,273.83,2023-11-16
P061,Home,C0119,479.35,2023-08-17
P051,Books,C0103,71.04,2023-10-29
P035,Books,C0861,66.73,2023-06-23
P073,Home,C0661,248.25,2023-04-14
P046,Books,C0747,23.55,2023-08-10
P085,Electronics,C0218,484.94,2023-04-19
P052,Home,C0869,167.38,2023-04-21
P001,Toys,C0397,294.47,2023-01-02
P091,Toys,C0737,58.57,2023-03-11
P020,Books,C0712,275.22,2023-06-02
P069,Home,C0060,119.8,2023-01-17
P034,Electronics,C0876,417.94,2023-03-14
P073,Home,C0047,186.4,2023-04-26
P098,Electronics,C0085,422.45,2023-01-31
P078,Books,C0651,145.01,2023-10-11
P092,Home,C0139,112.2,2023-11-08
P058,Home,C0669,383.37,2023-10-03
P033,Electronics,C0499,426.87,2023-07-08
P028,Electronics,C0812,121.31,2023-02-12
P032,Home,C0203,205.99,2023-06-14
P084,Toys,C0120,182.23,2023-05-10
P052,Electronics,C0283,148.43,2023-08-27
P097,Books,C0603,72.1,2023-01-26
P087,Toys,C0432,226.17,2023-11-28
P002,Toys,C0011,392.75,2023-07-21
P034,Toys,C0250,329.25,2023-07-03
P072,Books,C0261,92.85,2023-01-15
P094,Books,C0101,424.36,2023-11-04
P024,Books,C0181,106.16,2023-01-01
P060,Toys,C0062,443.56,2023-01-16
P064,Toys,C0498,295.84,2023-07-02
P003,Electronics,C0665,279.25,2023-07-11
P050,Home,C0526,461.6,2023-06-04
P096,Toys,C0162,270.73,2023-09-11
P058,Home,C0762,415.97,2023-05-29
P059,Electronics,C0265,76.2,2023-06-14
P049,Home,C0646,218.13,2023-10-09
P066,Toys,C0254,175.38,2023-08-18
P077,Books,C0432,413.11,2023-11-16
P093,Clothing,C0665,498.7,2023-11-13
P098,Books,C0698,427.05,2023-07-29
P083,Home,C0314,255.61,2023-01-24
P065,Home,C0311,410.79,2023-07-03
P072,Toys,C0948,208.64,2023-02-23
P073,Home,C0480,17.26,2023-04-26
P004,Toys,C0358,48.77,2023-12-03
P039,Toys,C0906,65.52,2023-09-18
P012,Electronics,C0868,129.72,2023-06-05
P053,Clothing,C0772,218.7,2023-03-02
P037,Electronics,C0487,165.0,2023-07-27
P084,Home,C0812,444.71,2023-10-12
P015,Clothing,C0621,90.52,2023-03-22
P070,Books,C0903,24.96,2023-04-04
P057,Home,C0868,304.26,2023-01-09
P100,Home,C0478,98.92,2023-08-24
P053,Books,C0771,22.01,2023-05-07
P070,Toys,C0250,397.09,2023-08-17
P044,Home,C0277,94.74,2023-07-15
P026,Toys,C0724,290.61,2023-03-05
P067,Clothing,C0426,191.57,2023-08-02
P005,Home,C0477,438.45,2023-05-10
P096,Toys,C0916,60.91,2023-08-20
P022,Clothing,C0101,197.1,2023-04-07
P090,Clothing,C0812,245.0,2023-04-23
P096,Clothing,C0733,32.97,2023-11-04
P093,Electronics,C0977,28.84,2023-08-03
P036,Clothing,C0402,416.35,2023-08-21
P031,Toys,C0114,131.57,2023-05-13
P034,Toys,C0821,69.25,2023-09-28
P081,Electronics,C0319,262.18,2023-10-08
P027,Books,C0995,271.17,2023-11-21
P068,Clothing,C0002,48.49,2023-04-01
P024,Books,C0689,466.87,2023-10-14
P089,Toys,C0961,297.34,2023-09-15
P044,Toys,C0520,420.64,2023-07-26
P007,Toys,C0351,379.22,2023-12-11
P009,Clothing,C0451,98.15,2023-06-23
P015,Toys,C0748,339.44,2023-05-29
P077,Books,C0290,227.82,2023-01-24
P067,Books,C0878,79.19,2023-04-15
P050,Electronics,C0656,316.01,2023-11-14
P056,Clothing,C0138,174.09,2023-11-19
P043,Electronics,C0186,242.33,2023-04-20
P063,Clothing,C0390,46.86,2023-11-02
P018,Clothing,C0952,87.47,2023-08-18
P043,Toys,C0147,280.77,2023-03-27
P061,Clothing,C0348,93.6,2023-04-11
P050,Toys,C0756,288.45,2023-03-29
P089,Home,C0754,494.89,2023-12-06
P045,Books,C0028,73.92,2023-03-21
P090,Toys,C0743,69.71,2023-09-01
P072,Electronics,C0292,227.54,2023-07-30
P026,Books,C0315,306.3,2023-11-24
P042,Toys,C0992,492.14,2023-09-12
P038,Home,C0099,327.11,2023-01-30
P083,Books,C0308,272.06,2023-03-28
P080,Home,C0383,484.12,2023-02-09
P036,Home,C0420,151.31,2023-04-06
P004,Home,C0037,493.99,2023-09-16
P063,Books,C0016,89.65,2023-03-28
P058,Home,C0587,95.85,2023-07-22
P024,Books,C0381,373.2,2023-12-30
P030,Home,C0978,275.28,2023-04-25
P068,Clothing,C0086,65.62,2023-09-30
P052,Toys,C0941,434.11,2023-07-24
P067,Clothing,C0596,279.89,2023-07-19
P031,Electronics,C0765,173.32,2023-10-08
P024,Clothing,C0990,368.05,2023-07-24
P065,Home,C0099,11.11,2023-03-09
P052,Books,C0261,182.33,2023-11-15
P098,Clothing,C0581,101.24,2023-09-12
P033,Books,C0020,377.64,2023-04-06
P067,Home,C0820,448.19,2023-07-19
P060,Home,C0725,457.63,2023-01-07
P006,Home,C0160,226.09,2023-02-27
P028,Home,C0315,235.56,2023-10-16
P004,Electronics,C0286,371.61,2023-09-27
P066,Books,C0268,464.53,2023-01-12
P072,Clothing,C0688,470.95,2023-08-30
P054,Electronics,C0465,122.57,2023-03-05
P005,Toys,C0754,395.62,2023-03-06
P002,Home,C0507,231.83,2023-06-08
P050,Toys,C0877,92.65,2023-12-22
P022,Clothing,C0275,440.2,2023-11-29
P042,Clothing,C0053,50.67,2023-04-07
P063,Books,C0627,283.92,2023-10-13
P060,Electronics,C0038,154.08,2023-04-04
P032,Home,C0019,76.98,2023-04-15
P060,Home,C0840,342.87,2023-07-15
P087,Toys,C0031,416.48,2023-04-16
P053,Clothing,C0164,198.7,2023-01-18
P022,Toys,C0193,53.08,2023-12-08
P067,Electronics,C0934,271.5,2023-08-22
P023,Toys,C0306,117.78,2023-06-28
P095,Books,C0818,345.2,2023-02-21
P007,Toys,C0582,457.16,2023-09-07
P058,Books,C0987,111.03,2023-08-01
P054,Toys,C0918,217.99,2023-03-17
P069,Electronics,C0372,308.97,2023-12-25
P007,Toys,C0932,201.52,2023-04-18
P020,Toys,C0540,453.59,2023-04-13
P062,Clothing,C0265,117.8,2023-07-24
P055,Electronics,C0077,43.93,2023-12-26
P090,Books,C0230,222.46,2023-10-05
P005,Books,C0122,60.48,2023-10-19
P091,Toys,C0431,87.39,2023-06-14
P025,Electronics,C0234,481.27,2023-02-03
P045,Clothing,C0807,419.82,2023-09-19
P006,Clothing,C0580,330.48,2023-11-01
P098,Clothing,C0948,86.81,2023-12-11
P035,Electronics,C0082,346.62,2023-11-28
P027,Electronics,C0812,271.17,2023-09-20
P029,Books,C0180,98.32,2023-09-23
P089,Toys,C0303,211.16,2023-12-16
P009,Books,C0692,281.48,2023-03-19
P022,Electronics,C0964,23.02,2023-10-15
P089,Books,C0598,303.77,2023-10-16
P003,Books,C0732,395.68,2023-07-13
P066,Toys,C0603,12.02,2023-11-01
P053,Books,C0856,117.05,2023-06-24
P005,Toys,C1000,203.21,2023-06-20
P002,Electronics,C0909,95.19,2023-04-04
P097,Books,C0954,41.16,2023-08-31
P097,Electronics,C0035,259.56,2023-10-26
P028,Toys,C0591,227.82,2023-01-09
P075,Books,C0688,481.57,2023-12-06
P043,Electronics,C0906,447.28,2023-07-04
P073,Home,C0201,378.9,2023-11-23
P013,Electronics,C0809,259.16,2023-01-05
P021,Toys,C0929,125.34,2023-09-10
P027,Home,C0313,192.16,2023-07-05
P094,Books,C0622,414.36,2023-04-20
P030,Clothing,C0558,143.1,2023-09-12
P052,Electronics,C0448,183.97,2023-07-26
P012,Electronics,C0381,52.21,2023-08-19
P029,Electronics,C0974,499.18,2023-02-01
P018,Electronics,C0783,493.77,2023-04-04
P057,Books,C0368,37.66,2023-01-01
P089,Home,C0010,264.84,2023-05-17
P015,Clothing,C0490,146.98,2023-10-31
P093,Toys,C0846,162.06,2023-04-10
P023,Clothing,C0546,47.61,2023-06-19
P075,Home,C0044,199.34,2023-08-09
P083,Toys,C0276,499.8,2023-02-06
P005,Home,C0932,498.47,2023-01-29
P061,Toys,C0470,139.53,2023-08-18
P048,Clothing,C0838,406.33,2023-03-04
P008,Books,C0282,296.93,2023-12-07
P017,Toys,C0013,159.8,2023-11-17
P046,Electronics,C0328,146.69,2023-08-02
P064,Clothing,C0143,417.11,2023-02-14
P093,Books,C0395,321.47,2023-03-06
P079,Home,C0070,378.44,2023-07-22
P068,Toys,C0270,205.11,2023-07-27
P073,Books,C0801,39.41,2023-10-07
P052,Electronics,C0582,105.67,2023-07-10
P029,Home,C0325,281.95,2023-02-04
P028,Electronics,C0929,381.15,2023-10-15
P031,Clothing,C0600,303.21,2023-05-23
P051,Home,C0406,102.16,2023-01-30
P014,Electronics,C0171,323.6,2023-04-09
P044,Clothing,C0883,157.73,2023-05-02
P057,Electronics,C0393,89.86,2023-02-15
P067,Electronics,C0020,246.7,2023-05-06
P023,Books,C0202,68.8,2023-12-17
P049,Clothing,C0174,139.72,2023-10-21
P013,Clothing,C0813,204.44,2023-05-28
P099,Home,C0864,268.14,2023-03-25
P089,Electronics,C0432,429.14,2023-01-19
P080,Electronics,C0272,368.08,2023-11-04
P042,Toys,C0888,396.29,2023-08-11
P040,Clothing,C0948,37.21,2023-06-12
P053,Clothing,C0448,415.45,2023-08-02
P064,Home,C0052,162.19,2023-03-27
P071,Home,C0748,357.33,2023-06-08
P036,Home,C0863,327.3,2023-02-13
P029,Books,C0564,336.47,2023-10-17
P099,Books,C0432,370.22,2023-03-08
P014,Clothing,C0419,226.16,2023-07-26
P053,Books,C0678,372.96,2023-11-07
P067,Books,C0487,447.28,2023-04-01
P030,Electronics,C0385,97.27,2023-08-09
P014,Electronics,C0285,430.0,2023-01-31
P092,Books,C0157,334.61,2023-05-26
P056,Books,C0929,384.76,2023-06-18
P002,Books,C0198,382.82,2023-03-12
P047,Electronics,C0157,193.09,2023-06-11
P080,Electronics,C0020,480.08,2023-08-10
P033,Books,C0683,76.05,2023-10-19
P007,Toys,C0616,75.6,2023-02-13
P052,Home,C0718,188.4,2023-04-23
P074,Home,C0127,315.18,2023-03-02
P062,Books,C0173,32.21,2023-09-23
P029,Electronics,C0354,81.02,2023-12-04
P075,Toys,C0142,461.94,2023-12-16
P086,Books,C0213,378.84,2023-12-19
P032,Toys,C0685,399.5,2023-01-30
P032,Electronics,C0219,52.82,2023-05-11
P062,Clothing,C0330,344.78,2023-06-29
P095,Home,C0884,453.69,2023-11-25
P034,Toys,C0291,187.02,2023-04-23
P038,Books,C0892,269.91,2023-09-10
P056,Toys,C0995,91.96,2023-08-25
P002,Electronics,C0240,356.25,2023-03-08
P059,Electronics,C0432,372.14,2023-04-12
P087,Books,C0173,456.83,2023-02-07
P021,Home,C0060,46.36,2023-08-21
P007,Books,C0466,77.76,2023-12-28
P031,Toys,C0960,284.08,2023-10-22
P078,Books,C0526,440.87,2023-10-28
P035,Toys,C0702,33.51,2023-01-28
P095,Clothing,C0847,100.83,2023-05-02
P076,Clothing,C0900,272.78,2023-02-03
P092,Books,C0149,64.58,2023-07-11
P078,Clothing,C0293,24.44,2023-03-24
P008,Toys,C0711,456.71,2023-09-18
P081,Toys,C0101,447.31,2023-03-12
P011,Electronics,C0856,249.75,2023-09-22
P075,Electronics,C0037,316.24,2023-03-10
P090,Toys,C0939,12.18,2023-12-19
P080,Books,C0658,290.81,2023-08-20
P022,Home,C0105,166.72,2023-09-03
P097,Home,C0488,497.39,2023-01-05
P037,Toys,C0747,163.07,2023-10-05
P070,Clothing,C0224,138.36,2023-01-26
P052,Toys,C0471,175.97,2023-07-02
P002,Toys,C0714,349.91,2023-03-11
P023,Home,C0746,283.57,2023-07-01
P091,Clothing,C0211,419.36,2023-08-04
P073,Home,C0779,191.48,2023-03-07
P015,Toys,C0259,473.75,2023-06-17
P092,Home,C0166,339.48,2023-08-14
P084,Books,C0420,56.3,2023-02-20
P090,Home,C0281,425.11,2023-05-30
P018,Home,C0209,333.39,2023-02-22
P100,Toys,C0643,245.04,2023-06-26
P040,Home,C0754,196.41,2023-11-12
P049,Electronics,C0700,313.86,2023-11-01
P025,Clothing,C0732,365.09,2023-01-23
P061,Home,C0266,443.17,2023-02-25
P015,Clothing,C0250,208.83,2023-11-13
P003,Electronics,C0367,411.52,2023-02-28
P013,Home,C0791,306.85,2023-07-29
P013,Home,C0714,386.9,2023-02-19
P033,Clothing,C0827,30.02,2023-08-18
P082,Home,C0992,488.63,2023-08-15
P018,Books,C0129,310.31,2023-06-27
P060,Clothing,C0953,97.39,2023-03-18
P078,Home,C0630,415.94,2023-09-29
P080,Toys,C0784,290.79,2023-04-28
P020,Home,C0061,401.42,2023-05-05
P003,Clothing,C0941,320.15,2023-03-29
P092,Books,C0490,454.56,2023-08-29
P031,Home,C0991,43.45,2023-07-03
P060,Toys,C0061,367.34,2023-08-06
P058,Electronics,C0670,263.75,2023-12-24
P012,Toys,C0741,382.8,2023-09-14
P026,Home,C0843,211.51,2023-05-06
P078,Home,C0844,172.86,2023-03-11
P066,Books,C0368,101.81,2023-05-20
P046,Toys,C0817,341.63,2023-04-07
P056,Home,C0988,496.27,2023-01-14
P085,Books,C0254,268.98,2023-03-04
P056,Home,C0807,43.67,2023-09-03
P032,Toys,C0846,31.26,2023-08-23
P074,Books,C0454,351.77,2023-02-13
P033,Electronics,C0133,49.29,2023-08-10
P006,Books,C0497,45.42,2023-07-10
P019,Toys,C0264,206.56,2023-06-18
P044,Electronics,C0349,486.56,2023-12-18
P060,Books,C0953,369.56,2023-06-25
P035,Books,C0296,451.14,2023-06-17
P081,Toys,C0217,292.47,2023-06-07
P061,Clothing,C0613,469.84,2023-04-03
P097,Electronics,C0416,272.87,2023-08-14
P018,Electronics,C0504,273.85,2023-07-01
P062,Books,C0644,257.81,2023-12-22
P008,Books,C0349,260.19,2023-06-01
P022,Home,C0603,398.81,2023-01-27
P056,Clothing,C0004,327.52,2023-04-09
P041,Toys,C0598,416.96,2023-09-16
P072,Books,C0221,27.26,2023-04-06
P049,Books,C0091,211.8,2023-04-29
P037,Electronics,C0353,59.88,2023-05-22
P003,Clothing,C0258,223.36,2023-05-02
P004,Books,C0454,19.85,2023-12-17
P030,Toys,C0085,189.96,2023-07-23
P045,Home,C0754,342.45,2023-01-06
P035,Clothing,C0959,470.19,2023-03-08
P032,Toys,C0298,132.35,2023-10-10
P020,Toys,C0263,339.03,2023-09-16
P069,Electronics,C0056,398.16,2023-01-01
P096,Toys,C0379,437.15,2023-03-27
P070,Toys,C0369,264.37,2023-01-10
P081,Electronics,C0633,488.12,2023-05-11
P049,Clothing,C0265,259.77,2023-09-17
P010,Home,C0409,341.87,2023-09-28
P078,Clothing,C0323,127.42,2023-05-13
P053,Books,C0275,313.84,2023-12-22
P009,Toys,C0650,311.69,2023-12-26
P064,Electronics,C0996,319.28,2023-03-24
P062,Electronics,C0286,48.34,2023-08-31
P098,Clothing,C0990,122.83,2023-02-01
P076,Clothing,C0256,53.3,2023-02-09
P006,Electronics,C0931,250.96,2023-02-26
P071,Toys,C0425,450.66,2023-05-05
P013,Books,C0280,289.22,2023-10-08
P069,Toys,C0536,116.63,2023-11-21
P067,Clothing,C0685,478.48,2023-09-10
P052,Home,C0639,86.73,2023-01-01
P034,Home,C0947,57.37,2023-03-18
P057,Electronics,C0775,373.42,2023-01-31
P032,Clothing,C0612,440.06,2023-02-22
P057,Toys,C0230,102.22,2023-02-17
P015,Toys,C0909,193.52,2023-10-31
P011,Books,C0236,419.6,2023-05-07
P077,Electronics,C0978,172.34,2023-10-20
P066,Books,C0468,347.35,2023-10-18
P042,Home,C0589,452.63,2023-10-05
P096,Clothing,C0984,223.76,2023-07-22
P093,Books,C0464,298.58,2023-10-20
P012,Home,C0086,103.93,2023-04-29
P081,Electronics,C0447,205.39,2023-06-03
P015,Clothing,C0342,299.41,2023-01-18
P057,Clothing,C0466,268.0,2023-12-06
P025,Toys,C0749,42.43,2023-07-12
P010,Clothing,C0556,89.92,2023-10-08
P024,Clothing,C0587,352.07,2023-08-19
P082,Books,C0501,444.31,2023-08-02
P086,Home,C0198,149.09,2023-04-15
P038,Clothing,C0055,113.75,2023-09-14
P084,Home,C0289,293.8,2023-03-29
P018,Books,C0255,328.28,2023-02-13
P065,Electronics,C0001,325.43,2023-01-17
P003,Home,C0017,220.58,2023-02-18
P068,Home,C0998,102.09,2023-02-08
P064,Clothing,C0403,378.68,2023-12-01
P058,Books,C0089,327.29,2023-12-26
P001,Clothing,C0088,257.78,2023-04-26
P025,Clothing,C0092,434.77,2023-02-22
P042,Electronics,C0860,94.51,2023-05-19
P095,Books,C0489,76.31,2023-04-24
P072,Books,C0333,98.39,2023-03-25
P091,Books,C0911,62.54,2023-07-21
P082,Clothing,C0368,113.19,2023-10-25
P032,Clothing,C0121,370.48,2023-02-26
P062,Toys,C0993,127.69,2023-10-25
P026,Books,C0103,424.65,2023-10-09
P066,Clothing,C0152,13.59,2023-05-08
P049,Clothing,C0378,161.81,2023-08-12
P098,Clothing,C0658,369.27,2023-04-15
P065,Books,C0833,301.79,2023-04-30
P042,Toys,C0991,178.03,2023-08-28
P083,Toys,C0211,91.03,2023-10-31
P034,Clothing,C0680,400.7,2023-12-12
P074,Home,C0408,391.96,2023-06-09
P025,Books,C0844,441.12,2023-08-26
P008,Toys,C0361,32.12,2023-11-23
P073,Books,C0753,318.87,2023-01-24
P077,Home,C0345,322.89,2023-09-18
P061,Electronics,C0704,387.77,2023-09-11
P098,Electronics,C0471,88.59,2023-04-19
P047,Home,C0264,31.12,2023-05-23
P008,Books,C0696,226.83,2023-02-02
P057,Home,C0176,304.89,2023-05-30
P090,Clothing,C0128,421.75,2023-07-31
P059,Home,C0093,19.14,2023-03-26
P061,Toys,C0526,139.01,2023-10-23
P024,Home,C0269,240.51,2023-07-02
P072,Books,C0446,479.66,2023-05-26
P059,Clothing,C0422,344.48,2023-02-24
P003,Books,C0913,166.85,2023-11-03
P075,Clothing,C0303,333.15,2023-07-15
P089,Clothing,C0474,106.29,2023-03-14
P080,Toys,C0927,114.78,2023-10-02
P049,Clothing,C0139,248.64,2023-08-01
P095,Books,C0489,316.51,2023-01-23
P025,Home,C0752,69.83,2023-11-14
P010,Clothing,C0618,370.3,2023-07-04
P018,Home,C0607,489.05,2023-07-07
P024,Toys,C0212,290.01,2023-02-23
P018,Clothing,C0658,383.89,2023-12-24
P016,Toys,C0662,74.88,2023-12-21
P076,Books,C0372,497.32,2023-01-25
P063,Books,C0460,256.56,2023-09-17
P046,Home,C0298,195.21,2023-05-21
P057,Home,C0553,107.76,2023-09-29
P027,Toys,C0201,361.43,2023-06-04
P090,Clothing,C0668,211.01,2023-02-08
P089,Books,C0729,140.96,2023-04-01
P051,Books,C0843,28.84,2023-02-26
P035,Electronics,C0928,378.43,2023-04-05
P092,Toys,C0392,336.77,2023-04-01
P014,Electronics,C0422,77.65,2023-02-23
P005,Toys,C0107,181.95,2023-02-15
P002,Toys,C0937,462.15,2023-02-25
P069,Home,C0029,151.98,2023-04-13
P064,Home,C0143,306.56,2023-09-28
P007,Toys,C0951,109.48,2023-06-10
P060,Home,C0958,77.04,2023-06-30
P082,Electronics,C0283,218.99,2023-02-19
P048,Toys,C0327,498.48,2023-10-30
P083,Clothing,C0653,136.59,2023-03-25
P006,Clothing,C0112,409.36,2023-02-18
P018,Electronics,C0668,379.14,2023-02-03
P066,Clothing,C0400,156.76,2023-09-30
P070,Toys,C0430,432.06,2023-05-28
P041,Home,C0198,117.03,2023-07-21
P067,Books,C0373,347.68,2023-08-10
P016,Electronics,C0063,410.37,2023-01-20
P028,Electronics,C0793,321.61,2023-04-21
P056,Clothing,C0257,426.43,2023-09-27
P071,Books,C0606,170.01,2023-03-21
P095,Toys,C0209,250.87,2023-06-08
P013,Toys,C0399,98.53,2023-07-27
P008,Toys,C0984,196.14,2023-07-25
P098,Electronics,C0416,253.29,2023-12-03
P094,Home,C0233,149.08,2023-09-01
P076,Electronics,C0312,28.27,2023-02-05
P014,Books,C0389,405.74,2023-06-06
P027,Clothing,C0266,440.41,2023-06-02
P026,Home,C0443,292.9,2023-02-13
P078,Toys,C0188,224.91,2023-07-16
P057,Home,C0248,474.65,2023-05-16
P071,Books,C0240,246.96,2023-01-04
P016,Toys,C0666,325.22,2023-08-24
P067,Clothing,C0916,356.82,2023-12-17
P025,Electronics,C0304,79.79,2023-06-15
P089,Books,C0444,49.95,2023-10-08
P082,Electronics,C0588,102.96,2023-02-17
P022,Toys,C0618,84.39,2023-02-11
P027,Electronics,C0191,482.66,2023-04-01
P086,Toys,C0521,190.35,2023-02-17
P022,Electronics,C0098,345.89,2023-05-20
P046,Clothing,C0525,400.54,2023-05-07
P046,Electronics,C0275,168.58,2023-12-19
P078,Clothing,C0305,108.76,2023-02-15
P092,Toys,C0038,175.83,2023-08-08
P082,Toys,C0459,191.49,2023-11-18
P078,Books,C0793,262.36,2023-10-01
P077,Books,C0535,272.21,2023-10-28
P015,Electronics,C0759,73.52,2023-06-18
P019,Books,C0018,464.89,2023-03-30
P014,Electronics,C0684,54.31,2023-01-15
P004,Toys,C0609,333.5,2023-04-21
P083,Books,C0882,246.13,2023-12-24
P004,Books,C0617,144.9,2023-11-03
P049,Toys,C0352,409.08,2023-01-15
P089,Toys,C0905,100.96,2023-04-26
P100,Electronics,C0733,313.14,2023-10-16
P093,Clothing,C0175,302.6,2023-05-12
P060,Home,C0168,498.69,2023-05-18
P046,Books,C0502,145.36,2023-11-19
P051,Books,C0479,398.67,2023-04-22
P035,Clothing,C0072,433.65,2023-03-14
P033,Toys,C0796,203.03,2023-11-19
P094,Electronics,C0702,290.57,2023-03-22
P018,Toys,C0407,131.37,2023-10-30
P004,Electronics,C0978,339.19,2023-04-29
P011,Clothing,C0304,295.3,2023-06-16
P031,Books,C0299,177.9,2023-05-31
P064,Toys,C0893,179.4,2023-02-11
P044,Clothing,C0211,84.68,2023-12-28
P023,Books,C0917,130.57,2023-09-11
P045,Toys,C0661,53.46,2023-01-03
P057,Clothing,C0603,143.73,2023-10-11
P089,Electronics,C0401,313.0,2023-03-20
P021,Books,C0015,360.36,2023-02-24
P007,Home,C0689,151.24,2023-12-14
P056,Clothing,C0174,448.73,2023-12-15
P021,Books,C0936,204.46,2023-04-17
P068,Books,C0312,227.0,2023-09-14
P069,Clothing,C0561,448.84,2023-02-01
P071,Electronics,C0420,83.56,2023-01-09
P044,Books,C0415,264.27,2023-05-16
P085,Toys,C0368,183.36,2023-11-09
P075,Electronics,C0149,336.07,2023-07-12
P029,Electronics,C0450,59.8,2023-04-12
P028,Books,C0590,190.63,2023-09-02
P002,Electronics,C0945,449.23,2023-11-12
P066,Electronics,C0740,115.43,2023-10-18
P026,Clothing,C0854,301.32,2023-06-17
P094,Books,C0287,434.02,2023-05-13
P075,Toys,C0643,245.07,2023-10-07
P019,Clothing,C0323,177.38,2023-03-25
P037,Electronics,C0147,262.49,2023-05-01
P002,Toys,C0766,478.44,2023-02-14
P034,Clothing,C0623,435.91,2023-01-08
P073,Toys,C0899,180.73,2023-09-22
P082,Toys,C0202,86.96,2023-08-14
P019,Electronics,C0487,394.84,2023-07-19
P073,Electronics,C0826,252.9,2023-10-22
P077,Books,C0828,458.57,2023-05-14
P027,Home,C0585,63.11,2023-08-23
P070,Clothing,C0149,441.12,2023-05-09
P039,Electronics,C0116,70.7,2023-04-08
P022,Clothing,C0201,41.27,2023-07-15
P068,Books,C0926,497.32,2023-12-06
P096,Electronics,C0826,441.26,2023-05-16
P084,Home,C0050,37.42,2023-03-27
P012,Home,C0334,345.05,2023-06-11
P016,Books,C0728,113.96,2023-10-13
P075,Electronics,C0195,383.86,2023-11-12
P082,Home,C0846,410.38,2023-12-04
P001,Books,C0631,179.64,2023-07-02
P020,Electronics,C0658,156.7,2023-11-19
P041,Electronics,C0736,292.69,2023-02-11
P065,Clothing,C0924,250.0,2023-08-11
P004,Books,C0200,418.92,2023-09-18
P020,Home,C0420,133.02,2023-08-08
P085,Electronics,C0008,279.54,2023-07-24
P002,Toys,C0691,116.97,2023-10-13
P007,Clothing,C0056,39.85,2023-03-25
P004,Toys,C0457,251.85,2023-04-25
P025,Electronics,C0926,394.03,2023-06-25
P077,Clothing,C0750,395.77,2023-11-13
P088,Books,C0817,208.28,2023-08-08
P072,Toys,C0986,64.67,2023-10-19
P062,Home,C0636,311.05,2023-08-27
P054,Books,C0957,448.18,2023-07-22
P041,Toys,C0122,298.03,2023-11-08
P027,Toys,C0438,213.46,2023-11-14
P082,Toys,C0061,305.65,2023-10-04
P018,Clothing,C0154,18.97,2023-04-17
P031,Home,C0694,203.37,2023-08-25
P009,Home,C0693,379.21,2023-09-17
P014,Electronics,C0563,201.15,2023-08-19
P099,Books,C0777,282.76,2023-08-26
P009,Toys,C0592,87.88,2023-02-11
P006,Home,C0867,294.19,2023-09-17
P013,Home,C0925,55.38,2023-04-07
P053,Clothing,C0614,61.46,2023-01-18
P073,Clothing,C0423,364.79,2023-02-05
P043,Electronics,C0700,431.57,2023-06-30
P029,Home,C0098,280.57,2023-05-16
P047,Electronics,C0244,416.85,2023-03-10
P096,Home,C0809,270.69,2023-04-16
P053,Toys,C0146,233.36,2023-09-06
P041,Books,C0988,95.74,2023-07-15
P017,Toys,C0982,100.64,2023-02-18
P039,Clothing,C0579,299.83,2023-03-30
P074,Toys,C0256,95.25,2023-12-04
P050,Books,C0197,93.49,2023-02-17
P075,Books,C0606,252.92,2023-06-03
P084,Books,C0384,284.75,2023-03-07
P006,Clothing,C0537,35.14,2023-11-03
P094,Toys,C0070,151.89,2023-05-06
P045,Electronics,C0696,42.44,2023-05-29
P078,Books,C0767,400.6,2023-02-27
P079,Books,C0295,441.57,2023-05-12
P048,Clothing,C0879,145.82,2023-12-18
P001,Electronics,C0233,390.92,2023-07-08
P025,Home,C0988,274.8,2023-02-16
P051,Toys,C0576,62.76,2023-12-28
P081,Books,C0130,497.9,2023-05-14
P017,Clothing,C0889,493.73,2023-11-21
P060,Home,C0718,185.29,2023-12-23
P076,Clothing,C0465,454.32,2023-06-18
P035,Books,C0155,70.41,2023-10-07
P061,Clothing,C0612,240.18,2023-07-06
P041,Home,C0422,486.69,2023-12-13
P083,Electronics,C0217,268.18,2023-01-03
P026,Electronics,C0398,356.31,2023-03-01
P095,Home,C0346,152.26,2023-06-07
P026,Books,C0564,379.72,2023-07-25
P038,Clothing,C0374,186.23,2023-06-20
P070,Books,C0344,268.04,2023-08-06
P060,Electronics,C0631,156.37,2023-03-27
P039,Clothing,C0371,78.97,2023-04-30
P080,Home,C0310,330.37,2023-04-13
P057,Electronics,C0967,176.33,2023-06-09
P027,Clothing,C0334,499.34,2023-11-16
P084,Toys,C0127,123.54,2023-04-22
P079,Electronics,C0307,76.27,2023-08-09
P005,Electronics,C0925,456.91,2023-07-12
P092,Toys,C0191,92.09,2023-02-25
P083,Books,C0377,126.91,2023-07-30
P090,Clothing,C0093,440.81,2023-10-20
P091,Home,C0225,45.8,2023-12-21
P030,Toys,C0614,466.6,2023-12-19
P018,Books,C0994,77.83,2023-11-08
P075,Toys,C0811,258.63,2023-12-22
P082,Clothing,C0858,157.1,2023-05-02
P051,Toys,C0411,406.95,2023-12-29
P046,Electronics,C0646,246.49,2023-10-19
P058,Electronics,C0393,28.78,2023-07-14
P061,Toys,C0080,272.47,2023-08-27
P099,Clothing,C0603,335.66,2023-10-21
P093,Clothing,C0493,422.43,2023-08-12
P007,Home,C0760,498.61,2023-12-23
P024,Home,C0293,218.46,2023-03-27
P001,Electronics,C0883,76.33,2023-06-03
P025,Clothing,C0993,425.65,2023-09-01
P012,Toys,C0374,484.75,2023-07-11
P079,Clothing,C0071,432.23,2023-05-02
P089,Electronics,C0390,337.05,2023-06-24
P097,Electronics,C0084,200.87,2023-01-29
P087,Toys,C0598,52.77,2023-11-23
P087,Electronics,C0463,471.31,2023-05-19
P006,Toys,C0272,51.06,2023-08-29
P034,Toys,C0193,469.66,2023-01-28
P059,Books,C0971,66.19,2023-12-25
P017,Electronics,C0301,104.1,2023-02-07
P081,Clothing,C0931,467.59,2023-10-09
P065,Electronics,C0515,476.32,2023-05-15
P029,Electronics,C0510,40.35,2023-03-01
P019,Home,C0178,488.75,2023-03-29
P081,Clothing,C0226,312.51,2023-06-08
P084,Books,C0847,422.97,2023-10-20
P033,Electronics,C0015,469.02,2023-02-27
P080,Home,C0059,409.25,2023-02-28
P061,Electronics,C0512,427.22,2023-01-15
P048,Toys,C0940,81.26,2023-06-24
P005,Books,C0756,394.6,2023-11-25
P005,Toys,C0947,311.61,2023-05-06
P040,Electronics,C0209,364.23,2023-10-25
P024,Electronics,C0475,157.99,2023-07-12
P060,Books,C0770,482.89,2023-12-08
P011,Toys,C0078,346.14,2023-06-30
P034,Toys,C0284,39.36,2023-05-23
P090,Books,C0921,93.01,2023-04-03
P055,Books,C0485,451.85,2023-03-14
P072,Books,C0581,77.41,2023-03-13
P006,Electronics,C0640,278.36,2023-01-23
P032,Electronics,C0243,123.15,2023-06-12
P083,Clothing,C0532,415.37,2023-03-30
P063,Electronics,C0834,191.71,2023-08-27
P061,Clothing,C0150,393.72,2023-11-06
P037,Clothing,C0829,454.06,2023-01-24
P071,Home,C0227,380.23,2023-06-27
P055,Home,C0755,391.95,2023-07-09
P029,Books,C0314,82.33,2023-05-30
P007,Toys,C0243,22.7,2023-11-16
P082,Clothing,C0299,367.51,2023-05-07
P042,Books,C0968,363.89,2023-09-21
P077,Electronics,C0527,429.08,2023-11-13
P081,Electronics,C0914,363.8,2023-03-26
P058,Toys,C0997,209.62,2023-11-30
P055,Home,C0151,352.4,2023-12-14
P100,Books,C0507,78.05,2023-05-05
P048,Toys,C0009,270.93,2023-12-06
P001,Toys,C0076,416.12,2023-04-12
P008,Electronics,C0623,438.78,2023-04-07
P048,Home,C0740,468.93,2023-06-23
P096,Toys,C0738,461.43,2023-10-10
P057,Electronics,C0301,473.91,2023-11-25
P084,Electronics,C0214,157.26,2023-02-25
P014,Clothing,C0597,426.77,2023-05-13
P039,Toys,C0408,262.7,2023-03-19
P015,Home,C0761,400.15,2023-08-14
P095,Books,C0719,52.88,2023-03-23
P083,Home,C0566,329.83,2023-01-08
P063,Electronics,C0461,288.1,2023-10-04
P033,Home,C0510,371.67,2023-03-13
P048,Electronics,C0049,402.55,2023-10-12
P005,Electronics,C0973,472.2,2023-03-27
P041,Toys,C0620,67.09,2023-10-13
P061,Toys,C0617,104.65,2023-01-07
P036,Toys,C0347,164.18,2023-11-02
P048,Books,C0541,459.57,2023-01-28
P017,Electronics,C0268,142.18,2023-08-20
P017,Clothing,C0537,110.11,2023-08-01
P006,Toys,C0345,67.65,2023-04-04
P030,Electronics,C0139,491.39,2023-05-26
P036,Electronics,C0954,227.87,2023-08-10
P037,Clothing,C0653,435.62,2023-01-25
P076,Toys,C0991,363.72,2023-06-29
P077,Toys,C0934,429.21,2023-03-02
P015,Books,C0537,262.21,2023-12-08
P096,Electronics,C0439,402.56,2023-02-28
P028,Books,C0940,280.44,2023-11-12
P092,Toys,C0880,305.99,2023-11-14
P012,Toys,C0772,412.3,2023-07-29
P086,Home,C0792,422.41,2023-12-07
P071,Toys,C0993,75.28,2023-02-23
P057,Clothing,C0172,16.72,2023-05-12
P084,Books,C0651,435.27,2023-03-10
P025,Toys,C0577,495.15,2023-04-17
P072,Toys,C0562,181.56,2023-05-06
P005,Clothing,C0278,322.92,2023-03-17
P016,Toys,C0592,343.88,2023-06-15
P051,Clothing,C0735,300.27,2023-01-02
P093,Electronics,C0241,158.05,2023-06-22
P041,Electronics,C0303,392.85,2023-02-11
P091,Toys,C0841,211.27,2023-08-13
P057,Electronics,C0221,133.9,2023-08-31
P084,Books,C0872,498.74,2023-08-08
P016,Books,C0582,451.19,2023-05-22
P024,Toys,C0215,498.08,2023-09-25
P029,Electronics,C0554,254.42,2023-11-25
P057,Toys,C0285,328.79,2023-04-26
P069,Electronics,C0527,389.21,2023-10-05
P054,Toys,C0286,89.65,2023-08-13
P011,Toys,C0303,263.65,2023-10-29
P048,Electronics,C0583,109.45,2023-02-28
P006,Toys,C0368,477.92,2023-09-18
P052,Home,C0774,92.9,2023-11-26
P037,Books,C0826,413.12,2023-06-20
P017,Toys,C0737,90.78,2023-08-23
P068,Electronics,C0291,163.14,2023-01-08
P058,Electronics,C0593,335.7,2023-11-21
P072,Electronics,C0191,242.76,2023-07-07
P045,Clothing,C0404,358.18,2023-07-25
P032,Books,C0508,167.91,2023-01-25
P023,Toys,C0498,85.43,2023-07-27
P051,Books,C0897,316.92,2023-10-12
P031,Electronics,C0631,480.06,2023-04-21
P052,Clothing,C0865,226.48,2023-05-15
P025,Books,C0692,212.79,2023-02-04
P027,Toys,C0391,293.17,2023-12-30
P002,Toys,C0455,265.56,2023-09-24
P050,Books,C0101,259.73,2023-01-10
P089,Toys,C0395,339.6,2023-04-01
P074,Clothing,C0318,170.92,2023-10-24
P018,Toys,C0795,221.14,2023-12-31
P004,Books,C0798,248.93,2023-01-07
P100,Toys,C0251,155.17,2023-02-26
P069,Electronics,C0228,465.99,2023-01-30
P087,Toys,C0359,206.45,2023-09-01
P063,Books,C0465,239.32,2023-06-30
P019,Home,C0349,277.63,2023-01-18
P060,Toys,C0505,37.8,2023-08-29
P100,Books,C0483,26.99,2023-03-12
P013,Clothing,C0693,277.59,2023-08-07
P030,Books,C0198,153.11,2023-01-30
P080,Clothing,C0031,41.79,2023-07-18
P019,Toys,C0003,130.78,2023-10-11
P038,Books,C0987,233.08,2023-10-20
P056,Electronics,C0606,273.67,2023-03-24
P080,Toys,C0712,104.42,2023-02-12
P044,Toys,C0647,462.54,2023-12-19
P012,Books,C0737,342.79,2023-04-25
P097,Toys,C0373,136.16,2023-12-04
P058,Clothing,C0561,216.73,2023-06-22
P093,Electronics,C0544,126.38,2023-01-18
P061,Books,C0583,431.39,2023-03-26
P095,Toys,C0384,226.62,2023-11-13
P076,Toys,C0550,87.14,2023-03-29
P035,Home,C0167,309.85,2023-06-17
P039,Clothing,C0043,492.98,2023-05-04
P079,Home,C0012,326.82,2023-03-29
P032,Home,C0496,314.5,2023-01-07
P068,Toys,C0101,465.33,2023-11-28
P009,Electronics,C0687,222.88,2023-05-24
P024,Toys,C0076,270.08,2023-03-13
P024,Books,C0038,229.28,2023-08-15
P041,Books,C0767,73.9,2023-03-08
P030,Clothing,C0382,80.68,2023-10-26
P001,Clothing,C0654,260.84,2023-01-08
P082,Home,C0251,435.86,2023-05-16
P082,Home,C0492,90.06,2023-10-14
P048,Home,C0137,392.45,2023-06-07
P056,Clothing,C0740,59.76,2023-04-19
P056,Toys,C0579,290.6,2023-01-02
P037,Books,C0125,213.22,2023-03-09
P040,Electronics,C0247,192.3,2023-04-04
P064,Electronics,C0880,147.11,2023-12-16
P075,Home,C0250,53.26,2023-03-26
P074,Toys,C0330,184.03,2023-03-03
P097,Electronics,C0711,308.34,2023-08-04
P013,Electronics,C0010,456.58,2023-02-17
P044,Toys,C0870,430.15,2023-11-26
P036,Clothing,C0856,142.72,2023-09-10
P093,Home,C0808,351.34,2023-09-01
P057,Electronics,C0784,174.08,2023-09-01
P096,Toys,C0748,331.67,2023-04-19
P030,Clothing,C0093,482.11,2023-11-18
P043,Electronics,C0152,225.54,2023-02-19
P013,Electronics,C0246,297.37,2023-06-21
P019,Toys,C0017,130.58,2023-10-21
P085,Toys,C0088,152.41,2023-05-29
P088,Electronics,C0222,178.07,2023-01-12
P033,Books,C0968,24.41,2023-05-19
P091,Toys,C0120,265.29,2023-01-01
P036,Clothing,C0273,256.25,2023-10-10
P099,Home,C0216,407.04,2023-04-05
P043,Books,C0512,360.24,2023-05-13
P033,Home,C0724,282.34,2023-01-23
P038,Clothing,C0919,88.93,2023-07-07
P050,Toys,C0779,315.39,2023-09-24
P033,Books,C0304,144.58,2023-12-15
P054,Clothing,C0963,38.02,2023-02-22
P062,Electronics,C0362,425.3,2023-07-23
P089,Books,C0390,414.26,2023-10-15
P032,Books,C0105,277.46,2023-08-12
P042,Home,C0042,146.54,2023-03-20
P095,Toys,C0803,467.89,2023-11-27
P081,Toys,C0514,229.22,2023-12-23
P004,Books,C0068,86.5,2023-12-09
P019,Home,C0403,180.24,2023-12-29
P050,Toys,C0258,340.57,2023-08-12
P084,Books,C0038,235.56,2023-02-12
P007,Electronics,C0135,276.89,2023-02-19
P027,Toys,C0600,255.33,2023-07-19
P041,Clothing,C0690,260.71,2023-04-25
P081,Clothing,C0081,11.85,2023-08-29
P091,Home,C0099,21.89,2023-06-18
P091,Electronics,C0603,201.23,2023-05-24
P054,Home,C0901,468.48,2023-07-13
P050,Home,C0829,458.29,2023-12-04
P037,Toys,C0691,246.19,2023-02-18
P072,Books,C0852,328.9,2023-07-14
P073,Home,C0994,215.76,2023-06-23
P100,Home,C0820,339.6,2023-12-06
P060,Home,C0904,462.36,2023-05-14
P037,Electronics,C0979,330.67,2023-12-27
P005,Toys,C0392,375.17,2023-02-21
P030,Electronics,C0185,50.29,2023-10-09
P014,Clothing,C0924,276.66,2023-12-13
P057,Home,C0234,11.99,2023-10-30
P078,Toys,C0630,192.39,2023-02-27
P079,Electronics,C0645,130.71,2023-10-20
P052,Electronics,C0653,40.02,2023-11-11
P084,Clothing,C0754,166.64,2023-07-02
P054,Home,C0008,262.53,2023-12-23
P051,Home,C0908,484.76,2023-03-14
P098,Books,C0016,16.52,2023-12-17
P075,Clothing,C0974,146.58,2023-06-18
P041,Toys,C0450,21.68,2023-10-15
P066,Electronics,C0013,442.84,2023-09-19
P059,Home,C0588,298.74,2023-03-18
P055,Clothing,C0682,443.29,2023-11-13
P016,Books,C0619,486.19,2023-06-19
P057,Home,C0176,348.58,2023-05-04
P019,Clothing,C0202,191.6,2023-03-26
P059,Clothing,C0525,340.95,2023-05-25
P012,Clothing,C0540,482.65,2023-12-19
P047,Home,C0910,366.28,2023-07-14
P042,Toys,C0710,63.18,2023-01-13
P074,Electronics,C0779,360.02,2023-05-04
P073,Books,C0456,18.84,2023-03-21
P010,Toys,C0747,63.01,2023-07-18
P080,Toys,C0683,470.17,2023-07-24
P038,Home,C0675,389.43,2023-04-06
P024,Clothing,C0314,64.46,2023-11-15
P037,Toys,C0134,433.53,2023-04-28
P047,Home,C0580,91.43,2023-01-24
P074,Home,C0813,238.28,2023-06-29
P085,Books,C0232,126.92,2023-05-20
P034,Books,C0395,439.81,2023-12-21
P044,Home,C0443,478.14,2023-10-15
P097,Clothing,C0515,293.71,2023-02-08
P034,Toys,C0888,253.11,2023-03-05
P059,Toys,C0292,450.94,2023-12-13
P098,Books,C0863,391.64,2023-04-14
P085,Clothing,C0362,339.25,2023-05-25
P001,Home,C0842,285.5,2023-07-18
P073,Books,C0430,447.28,2023-01-16
P042,Clothing,C0286,446.16,2023-02-09
P046,Toys,C0517,286.42,2023-06-29
P026,Electronics,C0720,119.1,2023-06-02
P050,Electronics,C0802,25.92,2023-11-24
P100,Home,C0195,387.0,2023-09-21
P056,Electronics,C0183,468.31,2023-04-20
P005,Books,C0964,28.31,2023-03-04
P056,Books,C0229,418.23,2023-07-09
P020,Electronics,C0093,452.67,2023-01-29
P026,Books,C0833,155.33,2023-11-29
P067,Clothing,C0178,86.29,2023-01-22
P031,Toys,C0923,498.67,2023-09-24
P057,Books,C0341,67.44,2023-04-30
P022,Toys,C0156,443.96,2023-02-18
P003,Home,C0516,199.13,2023-01-11
P006,Toys,C0894,335.26,2023-03-09
P076,Books,C0708,347.72,2023-10-28
P044,Home,C0230,242.1,2023-11-06
P085,Electronics,C0308,452.92,2023-11-18
P025,Clothing,C0812,188.65,2023-10-06
P037,Clothing,C0348,42.2,2023-04-19
P080,Books,C0503,187.74,2023-10-03
P004,Toys,C0428,342.42,2023-09-19
P042,Clothing,C0476,188.41,2023-05-26
P023,Electronics,C0003,227.4,2023-01-13
P070,Home,C0517,208.35,2023-08-30
P029,Electronics,C0465,446.72,2023-05-04
P049,Home,C0847,353.47,2023-06-09
P088,Clothing,C0439,220.93,2023-02-23
P078,Clothing,C0059,169.25,2023-05-23
P076,Home,C0237,48.03,2023-09-23
P100,Toys,C0782,276.24,2023-07-13
P034,Toys,C0003,221.72,2023-08-06
P085,Clothing,C0093,387.78,2023-06-28
P029,Toys,C0350,425.04,2023-05-02
P013,Clothing,C0287,397.77,2023-09-21
P044,Home,C0087,213.08,2023-03-11
P074,Clothing,C0733,131.79,2023-11-08
P097,Toys,C0672,498.21,2023-05-27
P042,Clothing,C0363,268.2,2023-12-10
P065,Home,C0877,498.36,2023-08-11
P048,Clothing,C0318,398.18,2023-07-15
P038,Home,C0392,245.75,2023-12-28
P061,Books,C0036,484.1,2023-08-28
P020,Toys,C0024,209.67,2023-08-09
P084,Electronics,C0104,89.43,2023-07-03
P076,Electronics,C0825,34.75,2023-12-23
P004,Clothing,C0970,264.53,2023-03-10
P018,Toys,C0307,259.55,2023-03-15
P013,Books,C0068,178.17,2023-03-05
P022,Electronics,C0911,211.83,2023-08-04
P069,Toys,C0382,157.61,2023-12-09
P006,Clothing,C0873,107.77,2023-11-18
P068,Toys,C0451,271.15,2023-01-28
P060,Books,C0708,177.91,2023-02-13
P012,Clothing,C0501,69.74,2023-04-21
P022,Toys,C0747,324.08,2023-04-10
P019,Toys,C0504,220.04,2023-02-17
P056,Home,C0419,230.61,2023-06-22
P029,Electronics,C0057,284.53,2023-10-19
P076,Toys,C0272,319.61,2023-04-10
P041,Books,C0806,195.91,2023-03-31
P053,Clothing,C0479,421.05,2023-12-17
P046,Toys,C0331,191.6,2023-03-24
P056,Toys,C0057,46.35,2023-02-22
P094,Books,C0266,248.82,2023-04-11
P055,Clothing,C0207,69.46,2023-03-16
P088,Books,C0127,471.02,2023-05-17
P049,Toys,C0731,184.77,2023-01-16
P052,Books,C0474,295.18,2023-01-22
P053,Home,C0091,183.16,2023-04-18
P036,Home,C0944,119.73,2023-12-11
P040,Toys,C0616,388.86,2023-06-24
P071,Clothing,C0670,186.89,2023-12-12
P015,Clothing,C0982,31.68,2023-05-06
P055,Electronics,C0432,315.85,2023-11-05
P094,Clothing,C0368,280.38,2023-03-29
P041,Home,C0497,148.58,2023-08-08
P015,Toys,C0541,422.76,2023-08-28
P017,Clothing,C0545,60.94,2023-08-20
P004,Clothing,C0339,75.5,2023-01-30
P096,Home,C0436,216.66,2023-10-17
P071,Home,C0527,265.82,2023-03-20
P071,Home,C0836,423.54,2023-07-17
P088,Home,C0202,489.51,2023-07-08
P095,Toys,C0614,378.64,2023-07-21
P087,Books,C0719,184.18,2023-05-30
P052,Home,C0187,168.63,2023-10-22
P040,Toys,C0830,221.3,2023-08-14
P083,Clothing,C0855,260.86,2023-01-09
P090,Books,C0844,129.32,2023-10-06
P052,Home,C0909,482.37,2023-09-04
P002,Toys,C0956,160.3,2023-03-02
P092,Toys,C0853,215.25,2023-04-10
P047,Home,C0631,394.92,2023-05-01
P037,Home,C0647,43.89,2023-11-01
P044,Clothing,C0627,120.37,2023-10-09
P098,Electronics,C0994,391.04,2023-08-04
P047,Books,C0785,71.68,2023-07-25
P051,Clothing,C0118,264.57,2023-11-07
P020,Books,C0311,396.39,2023-03-16
P089,Home,C0305,229.74,2023-05-03
P070,Toys,C0731,382.74,2023-11-04
P027,Electronics,C0092,274.42,2023-12-16
P098,Home,C0797,15.4,2023-02-10
P023,Home,C0945,383.9,2023-01-31
P076,Clothing,C0687,125.07,2023-04-18
P099,Books,C0713,191.45,2023-08-08
P005,Clothing,C0536,333.75,2023-05-13
P058,Books,C0165,370.16,2023-01-04
P079,Books,C0646,191.9,2023-01-14
P098,Electronics,C0342,262.8,2023-11-13
P012,Books,C0865,447.78,2023-11-27
P100,Home,C0165,488.26,2023-06-27
P074,Books,C0760,125.36,2023-07-16
P087,Toys,C0044,143.79,2023-01-04
P008,Toys,C0896,257.47,2023-12-30
P096,Clothing,C0577,191.71,2023-12-31
P050,Electronics,C0984,231.46,2023-02-21
P038,Books,C0532,68.33,2023-03-11
P004,Home,C0472,50.85,2023-06-05
P044,Books,C0120,64.19,2023-05-18
P034,Clothing,C0564,226.88,2023-12-14
P003,Home,C0526,325.47,2023-10-21
P064,Clothing,C0654,29.74,2023-02-02
P026,Clothing,C0982,284.39,2023-08-31
P055,Books,C0636,238.12,2023-03-10
P080,Clothing,C0417,415.71,2023-02-08
P021,Clothing,C0509,91.88,2023-02-06
P097,Toys,C0637,166.08,2023-05-16
P054,Electronics,C0935,111.29,2023-08-13
P067,Home,C0495,277.93,2023-01-05
P018,Home,C0387,496.32,2023-12-02
P044,Clothing,C0423,19.62,2023-09-30
P072,Toys,C0573,97.78,2023-03-22
P095,Electronics,C0075,458.49,2023-10-04
P049,Electronics,C0814,29.38,2023-12-30
P046,Clothing,C0472,236.31,2023-03-10
P097,Electronics,C0314,440.96,2023-06-12
P083,Toys,C0110,301.7,2023-04-16
P062,Toys,C0241,94.88,2023-07-19
P003,Toys,C0450,100.38,2023-11-07
P040,Home,C0814,143.47,2023-07-03
P064,Electronics,C0438,244.3,2023-09-14
P031,Clothing,C0297,22.09,2023-01-10
P072,Electronics,C0667,208.03,2023-10-28
P088,Toys,C0747,427.46,2023-10-04
P091,Books,C0252,88.81,2023-06-03
P038,Home,C0578,227.73,2023-06-29
P008,Toys,C0437,396.72,2023-09-17
P095,Electronics,C0345,16.66,2023-06-07
P014,Books,C0930,259.45,2023-03-08
P098,Books,C0193,245.79,2023-04-04
P055,Clothing,C0324,318.46,2023-10-07
P074,Electronics,C0301,448.37,2023-04-01
P050,Electronics,C0539,16.65,2023-06-16
P054,Electronics,C0033,296.41,2023-08-22
P032,Home,C0400,107.04,2023-11-19
P013,Clothing,C0707,306.37,2023-03-30
P049,Electronics,C0488,281.11,2023-08-02
P029,Electronics,C0395,385.59,2023-09-15
P016,Books,C0171,14.03,2023-07-16
P083,Electronics,C0589,388.17,2023-11-20
P046,Books,C0406,29.42,2023-10-03
P097,Home,C0493,38.43,2023-09-22
P074,Home,C0654,312.52,2023-10-04
P037,Books,C0798,354.0,2023-11-26
P099,Clothing,C0813,403.13,2023-08-15
P100,Clothing,C0044,398.46,2023-10-15
P051,Clothing,C0781,215.42,2023-08-31
P096,Clothing,C0812,93.39,2023-08-14
P033,Clothing,C0829,203.13,2023-02-15
P003,Books,C0828,179.51,2023-04-11
P066,Books,C0143,71.11,2023-04-08
P013,Clothing,C0681,269.28,2023-01-04
P044,Toys,C0784,180.24,2023-02-17
P062,Home,C0005,293.36,2023-11-01
P060,Toys,C0873,360.97,2023-10-24
P084,Toys,C0088,159.71,2023-02-09
P004,Home,C0804,449.2,2023-07-20
P058,Home,C0921,310.03,2023-07-12
P010,Books,C0048,355.22,2023-08-26
P088,Clothing,C0318,216.46,2023-01-25
P053,Clothing,C0959,291.24,2023-04-27
P041,Toys,C0631,36.19,2023-12-16
P084,Clothing,C0897,295.09,2023-04-29
P096,Home,C0276,422.3,2023-08-20
P046,Clothing,C0434,238.66,2023-02-21
P080,Home,C0451,134.99,2023-08-05
P021,Clothing,C0251,430.85,2023-03-06
P042,Toys,C0549,305.12,2023-10-31
P070,Home,C0906,240.02,2023-12-12
P047,Books,C0487,382.24,2023-04-13
P001,Home,C0512,106.99,2023-02-28
P023,Home,C0915,377.38,2023-12-29
P094,Clothing,C0527,108.08,2023-11-17
P028,Clothing,C0172,251.15,2023-01-16
P086,Clothing,C0154,376.05,2023-04-09
P055,Clothing,C0619,485.62,2023-02-05
P030,Clothing,C0742,171.52,2023-07-03
P009,Toys,C0671,318.63,2023-05-05
P016,Electronics,C0509,467.5,2023-09-27
P007,Electronics,C0582,209.25,2023-10-21
P099,Toys,C0527,193.12,2023-03-11
P084,Books,C0468,462.02,2023-05-11
P064,Books,C0313,255.64,2023-01-03
P084,Home,C0887,353.25,2023-12-29
P083,Toys,C0714,326.1,2023-03-19
P093,Clothing,C0367,167.99,2023-08-03
P036,Clothing,C0571,240.24,2023-11-28
P066,Home,C0233,200.59,2023-03-02
P017,Books,C0095,193.19,2023-09-21
P083,Books,C0541,55.36,2023-10-27
P063,Home,C0900,349.22,2023-01-04
P078,Books,C0445,184.19,2023-10-10
P078,Clothing,C0440,466.0,2023-01-18
P092,Toys,C0549,125.15,2023-12-10
P058,Electronics,C0770,317.53,2023-03-02
P059,Electronics,C0857,164.82,2023-05-18
P041,Electronics,C0327,165.15,2023-10-31
P082,Books,C0077,98.4,2023-12-29
P014,Toys,C0045,419.53,2023-06-11
P003,Electronics,C0352,59.15,2023-06-04
P090,Clothing,C0362,18.51,2023-12-13
P015,Clothing,C0207,488.09,2023-08-12
P025,Toys,C0510,359.63,2023-04-05
P075,Books,C0318,181.97,2023-11-30
P094,Home,C0768,480.01,2023-06-20
P031,Toys,C0440,417.18,2023-02-20
P004,Electronics,C0398,151.38,2023-08-01
P091,Home,C0425,493.08,2023-08-28
P043,Toys,C0484,208.06,2023-01-24
P088,Electronics,C0577,465.64,2023-03-06
P065,Home,C0712,70.54,2023-01-25
P016,Books,C0238,485.3,2023-05-24
P061,Electronics,C0567,247.28,2023-10-24
P074,Clothing,C0941,207.7,2023-09-24
P036,Home,C0249,21.55,2023-08-07
P009,Clothing,C0556,427.36,2023-04-13
P019,Toys,C0468,142.96,2023-11-10
P075,Electronics,C0876,395.14,2023-08-11
P013,Home,C0617,368.01,2023-02-10
P077,Books,C0731,275.1,2023-06-20
P090,Books,C0370,415.42,2023-08-24
P019,Electronics,C0122,398.8,2023-08-06
P074,Electronics,C0064,136.09,2023-03-03
P069,Home,C0609,196.21,2023-02-22
P008,Books,C0211,15.98,2023-09-09
P038,Books,C0547,410.0,2023-11-04
P008,Home,C0671,137.0,2023-08-24
P040,Clothing,C0785,391.63,2023-10-15
P073,Toys,C0524,419.2,2023-07-21
P097,Home,C0264,374.86,2023-12-04
P076,Clothing,C0071,256.75,2023-06-30
P049,Books,C0912,380.84,2023-09-09
P036,Electronics,C0372,288.17,2023-09-05
P049,Clothing,C0845,293.49,2023-11-25
P064,Books,C0371,334.73,2023-07-28
P014,Books,C0683,69.52,2023-01-12
P099,Clothing,C0495,156.32,2023-07-13
P100,Books,C0819,135.52,2023-09-21
P003,Clothing,C0812,292.26,2023-06-02
P002,Toys,C0885,212.13,2023-07-18
P041,Electronics,C0985,92.04,2023-11-01
P027,Books,C0714,280.01,2023-12-31
P055,Home,C0034,18.78,2023-01-16
P003,Clothing,C0834,320.06,2023-12-29
P018,Home,C0041,455.28,2023-01-13
P087,Clothing,C0386,295.1,2023-05-16
P008,Books,C0078,434.79,2023-12-16
P021,Toys,C0973,370.12,2023-04-16
P088,Toys,C0042,94.88,2023-06-19
P080,Clothing,C0608,74.87,2023-09-11
P100,Books,C0629,153.19,2023-04-08
P089,Clothing,C0410,20.09,2023-03-18
P035,Electronics,C0668,437.55,2023-09-18
P071,Electronics,C0078,117.56,2023-08-15
P038,Books,C0714,19.17,2023-06-08
P010,Books,C0088,10.39,2023-01-10
P076,Books,C0947,388.02,2023-01-21
P049,Home,C0631,135.47,2023-09-26
P080,Books,C0739,455.07,2023-01-30
P014,Home,C0226,266.85,2023-05-18
P035,Toys,C0719,273.71,2023-09-10
P004,Books,C0029,71.29,2023-01-26
P021,Books,C0162,99.91,2023-01-03
P021,Clothing,C0066,81.59,2023-12-05
P059,Home,C0139,224.71,2023-08-06
P012,Toys,C0300,194.17,2023-09-16
P060,Toys,C0668,242.92,2023-05-19
P014,Books,C0619,36.08,2023-10-14
P054,Clothing,C0379,195.06,2023-03-25
P065,Home,C0730,25.24,2023-09-27
P084,Electronics,C0686,482.31,2023-05-18
P099,Books,C0033,60.05,2023-10-27
P031,Books,C0885,310.27,2023-11-07
P095,Home,C0390,441.69,2023-09-25
P049,Toys,C0550,131.57,2023-06-11
P065,Electronics,C0710,110.04,2023-04-07
P035,Books,C0263,151.55,2023-09-28
P016,Clothing,C0865,320.83,2023-01-29
P070,Clothing,C0373,78.74,2023-11-10
P092,Home,C0447,467.57,2023-01-23
P089,Clothing,C0356,88.47,2023-08-01
P043,Electronics,C0554,173.18,2023-05-24
P096,Books,C0635,410.7,2023-02-05
P089,Electronics,C0454,303.6,2023-01-06
P039,Clothing,C0858,270.01,2023-04-10
P053,Electronics,C0027,269.66,2023-07-23
P061,Electronics,C0363,219.33,2023-10-11
P056,Books,C0054,119.6,2023-02-16
P092,Electronics,C0244,136.1,2023-03-28
P066,Toys,C0415,451.26,2023-02-26
P017,Books,C0863,131.29,2023-11-06
P082,Toys,C0539,440.45,2023-05-01
P097,Clothing,C0153,154.8,2023-01-30
P049,Electronics,C0989,177.66,2023-02-13
P050,Toys,C0330,279.48,2023-09-10
P063,Electronics,C0500,77.73,2023-10-14
P067,Clothing,C0860,220.61,2023-10-05
P081,Electronics,C0976,76.26,2023-04-10
P031,Electronics,C0995,124.84,2023-09-16
P017,Books,C0714,404.05,2023-10-22
P057,Clothing,C0372,335.13,2023-08-02
P097,Books,C0769,29.27,2023-12-31
P052,Clothing,C0778,225.6,2023-04-04
P045,Electronics,C0948,54.62,2023-08-02
P011,Clothing,C0196,141.4,2023-03-24
P077,Clothing,C0384,430.06,2023-12-21
P061,Books,C0968,489.93,2023-08-26
P080,Electronics,C0857,198.98,2023-05-02
P036,Books,C0592,495.96,2023-04-10
P059,Clothing,C0958,253.29,2023-06-14
P033,Toys,C0496,143.61,2023-09-07
P072,Books,C0235,356.91,2023-10-11
P023,Electronics,C0964,311.74,2023-12-21
P061,Books,C0185,465.11,2023-04-24
P051,Home,C0746,448.36,2023-12-23
P045,Electronics,C0989,273.48,2023-12-02
P009,Books,C0570,316.2,2023-01-06
P047,Electronics,C0343,42.15,2023-07-17
P028,Books,C0330,322.63,2023-03-13
P048,Books,C0629,137.13,2023-11-23
P094,Clothing,C0506,365.69,2023-08-04
P081,Toys,C0999,349.11,2023-07-09
P048,Clothing,C0707,193.49,2023-08-15
P064,Books,C0264,416.46,2023-05-01
P087,Home,C0435,333.44,2023-03-22
P079,Toys,C0800,428.8,2023-09-21
P085,Home,C0731,112.41,2023-02-19
P095,Books,C0933,458.99,2023-01-19
P064,Home,C0530,191.11,2023-10-25
P031,Electronics,C0916,381.41,2023-10-17
P093,Clothing,C0293,18.84,2023-02-26
P065,Electronics,C0533,61.91,2023-04-20
P006,Clothing,C0997,36.13,2023-08-30
P006,Books,C0556,72.15,2023-06-10
P046,Clothing,C0580,51.57,2023-11-17
P013,Clothing,C0734,394.41,2023-08-03
P099,Electronics,C0517,70.86,2023-04-28
P075,Clothing,C0267,189.8,2023-04-23
P086,Home,C0746,243.31,2023-07-11
P038,Clothing,C0442,488.33,2023-08-07
P024,Electronics,C0339,193.85,2023-09-16
P091,Home,C0346,388.16,2023-08-28
P082,Books,C0538,340.02,2023-04-11
P061,Electronics,C0386,134.69,2023-08-18
P063,Electronics,C0679,128.82,2023-04-09
P021,Clothing,C0088,135.46,2023-04-01
P091,Books,C0030,220.19,2023-01-17
P024,Home,C0168,13.42,2023-04-05
P045,Books,C0061,335.9,2023-07-23
P010,Toys,C0770,215.62,2023-01-14
P019,Books,C0154,112.29,2023-09-10
P060,Clothing,C0795,85.67,2023-10-20
P065,Home,C0804,317.16,2023-10-11
P040,Home,C0614,34.27,2023-01-06
P059,Toys,C0561,149.25,2023-12-03
P064,Electronics,C0288,37.57,2023-11-28
P064,Clothing,C0367,57.15,2023-02-04
P072,Books,C0754,98.95,2023-02-01
P034,Electronics,C0586,258.11,2023-12-14
P077,Toys,C0415,435.58,2023-02-07
P063,Home,C0218,466.19,2023-01-11
P093,Books,C0410,348.42,2023-05-16
P099,Home,C0378,159.41,2023-12-06
P007,Toys,C0144,353.75,2023-04-21
P080,Toys,C0133,346.47,2023-03-28
P038,Electronics,C0168,227.42,2023-01-09
P036,Clothing,C0446,103.12,2023-07-07
P010,Electronics,C0903,157.6,2023-11-18
P039,Clothing,C0279,428.84,2023-10-12
P032,Books,C0370,50.48,2023-08-28
P029,Clothing,C0722,433.5,2023-01-12
P043,Electronics,C0755,137.51,2023-07-27
P095,Books,C0714,284.11,2023-12-19
P029,Clothing,C0995,303.68,2023-06-09
P034,Books,C0134,53.95,2023-05-27
P091,Home,C0687,348.74,2023-01-09
P092,Home,C0146,429.61,2023-10-11
P024,Electronics,C0095,81.08,2023-08-31
P034,Electronics,C0605,85.45,2023-12-16
P025,Electronics,C0088,245.61,2023-08-19
P013,Home,C0670,422.49,2023-02-06
P036,Electronics,C0315,309.6,2023-03-31
P091,Books,C0828,271.93,2023-01-15
P011,Clothing,C0907,385.02,2023-12-28
P018,Home,C0088,181.95,2023-11-29
P015,Home,C0484,367.91,2023-11-10
P073,Clothing,C0400,107.72,2023-01-09
P003,Electronics,C0926,124.88,2023-06-07
P091,Home,C0035,258.51,2023-07-28
P054,Toys,C0583,190.35,2023-11-09
P055,Home,C0385,352.93,2023-01-16
P005,Clothing,C0263,447.46,2023-07-17
P009,Electronics,C0620,481.94,2023-11-28
P006,Books,C0621,222.02,2023-03-13
P016,Books,C0499,215.98,2023-04-06
P033,Electronics,C0612,395.78,2023-11-02
P091,Electronics,C0977,229.16,2023-08-22
P038,Clothing,C0875,247.51,2023-05-15
P056,Home,C0022,480.41,2023-03-22
P034,Toys,C0441,169.83,2023-05-01
P081,Home,C0488,159.49,2023-07-05
P059,Books,C0480,234.12,2023-11-26
P059,Electronics,C0482,181.86,2023-05-06
P097,Toys,C0900,267.09,2023-03-16
P040,Toys,C0847,174.97,2023-10-24
P078,Home,C0848,156.03,2023-09-22
P080,Clothing,C0022,75.68,2023-05-30
P021,Books,C0238,436.65,2023-12-15
P077,Books,C0933,318.18,2023-05-26
P090,Books,C0539,256.04,2023-11-04
P037,Books,C0366,423.1,2023-06-01
P036,Toys,C0976,286.48,2023-11-05
P099,Clothing,C0891,398.33,2023-08-05
P047,Clothing,C0034,120.3,2023-01-11
P089,Home,C0442,311.74,2023-11-21
P073,Electronics,C0834,58.04,2023-12-11
P078,Books,C0319,305.14,2023-10-17
P006,Clothing,C0688,56.47,2023-05-14
P078,Books,C0027,262.51,2023-02-14
P062,Electronics,C0471,121.2,2023-03-27
P019,Toys,C0518,67.92,2023-07-08
P015,Toys,C0529,267.81,2023-09-22
P091,Toys,C0767,161.83,2023-09-28
P059,Books,C0917,33.42,2023-04-27
P048,Books,C0227,349.56,2023-03-21
P025,Clothing,C0241,107.3,2023-05-08
P015,Books,C0808,409.56,2023-01-25
P028,Clothing,C0781,264.72,2023-10-31
P065,Electronics,C0096,454.43,2023-12-30
P033,Home,C0925,297.33,2023-08-13
P037,Clothing,C0941,23.62,2023-11-01
P007,Toys,C0798,314.16,2023-04-17
P095,Electronics,C0620,44.42,2023-06-22
P090,Home,C0153,478.59,2023-04-18
P034,Clothing,C0629,373.75,2023-05-17
P064,Electronics,C0425,87.46,2023-11-17
P050,Books,C0611,468.95,2023-11-15
P019,Books,C0655,281.74,2023-05-12
P032,Books,C0548,216.51,2023-10-08
P059,Toys,C0598,70.28,2023-08-28
P001,Toys,C0249,14.53,2023-07-05
P055,Clothing,C0928,223.64,2023-03-08
P001,Toys,C0172,438.72,2023-04-23
P094,Toys,C0568,471.17,2023-09-04
P095,Clothing,C0076,137.93,2023-05-01
P015,Clothing,C0337,251.73,2023-08-03
P058,Home,C0122,462.72,2023-09-10
P093,Books,C0887,308.22,2023-08-27
P039,Electronics,C0072,472.4,2023-03-16
P017,Clothing,C0469,29.06,2023-07-15
P090,Clothing,C0681,246.98,2023-12-30
P077,Clothing,C0222,435.26,2023-06-26
P029,Home,C0983,299.99,2023-10-03
P006,Books,C0756,288.33,2023-08-29
P061,Home,C0554,121.21,2023-02-10
P075,Home,C0027,167.18,2023-06-27
P025,Electronics,C0755,374.02,2023-11-12
P042,Home,C0069,495.02,2023-05-26
P081,Books,C0006,15.23,2023-03-31
P041,Electronics,C0857,365.07,2023-09-08
P045,Books,C0018,38.93,2023-03-13
P015,Home,C0661,295.71,2023-08-10
P002,Home,C0737,358.8,2023-06-14
P076,Clothing,C0628,231.89,2023-07-02
P019,Home,C0811,37.3,2023-09-26
P055,Toys,C0191,393.91,2023-04-03
P009,Toys,C0918,482.48,2023-05-04
P004,Toys,C0864,385.92,2023-06-28
P066,Toys,C0522,165.1,2023-04-12
P092,Electronics,C0102,372.47,2023-07-25
P080,Books,C0106,453.9,2023-03-03
P043,Toys,C0570,232.08,2023-06-29
P012,Electronics,C0240,280.86,2023-04-13
P035,Clothing,C0824,281.86,2023-09-23
P011,Home,C0910,457.19,2023-01-19
P069,Clothing,C0453,461.38,2023-07-27
P005,Electronics,C0915,22.87,2023-11-26
P079,Home,C0500,196.37,2023-10-25
P055,Home,C0883,284.6,2023-11-21
P036,Toys,C0768,156.87,2023-08-29
P069,Home,C0795,450.84,2023-06-07
P092,Electronics,C0390,290.01,2023-12-27
P099,Clothing,C0706,227.14,2023-12-24
P067,Toys,C0055,123.56,2023-03-02
P036,Clothing,C0228,282.18,2023-02-01
P007,Home,C0548,254.27,2023-02-05
P030,Electronics,C0063,480.38,2023-02-10
P030,Toys,C0844,100.25,2023-02-06
P059,Books,C0074,61.94,2023-02-05
P079,Toys,C0444,425.55,2023-07-13
P057,Electronics,C0470,90.68,2023-02-11
P100,Home,C0240,224.68,2023-12-12
P054,Books,C0231,38.8,2023-07-02
P009,Toys,C0275,156.8,2023-08-09
P032,Home,C0924,259.67,2023-05-06
P005,Toys,C0175,273.5,2023-01-18
P003,Home,C0896,119.56,2023-11-29
P076,Clothing,C0922,339.47,2023-09-01
P041,Clothing,C0391,464.77,2023-08-27
P003,Electronics,C0577,227.41,2023-05-04
P078,Clothing,C0617,316.71,2023-01-20
P098,Clothing,C0802,108.05,2023-07-13
P062,Toys,C0867,34.08,2023-02-04
P039,Toys,C0276,436.82,2023-09-05
P070,Clothing,C0026,396.22,2023-08-23
P014,Electronics,C0528,256.09,2023-05-27
P027,Electronics,C0963,288.78,2023-06-21
P013,Clothing,C0694,107.06,2023-12-03
P072,Books,C0025,470.11,2023-03-15
P049,Electronics,C0756,11.16,2023-06-10
P014,Home,C0659,490.59,2023-09-05
P091,Toys,C0996,277.47,2023-04-26
P056,Toys,C0150,11.43,2023-05-18
P051,Books,C0791,332.68,2023-01-17
P067,Books,C0986,348.34,2023-11-02
P096,Toys,C0300,58.02,2023-11-27
P055,Clothing,C0580,307.19,2023-08-16
P070,Home,C0653,193.6,2023-06-17
P041,Clothing,C0336,354.49,2023-01-12
P022,Books,C0845,89.3,2023-09-07
P039,Home,C0098,262.07,2023-01-10
P100,Toys,C0484,172.51,2023-07-12
P084,Home,C0076,454.84,2023-02-24
P020,Home,C0820,474.64,2023-09-17
P016,Home,C0244,275.82,2023-05-16
P043,Electronics,C0334,143.7,2023-06-25
P030,Toys,C0291,42.32,2023-04-29
P090,Electronics,C0243,497.99,2023-01-21
P005,Clothing,C0723,410.48,2023-08-25
P060,Electronics,C0259,64.41,2023-03-23
P012,Toys,C0974,253.59,2023-07-18
P064,Home,C0519,23.92,2023-05-31
P099,Toys,C0437,39.55,2023-04-16
P031,Clothing,C0626,88.7,2023-03-13
P014,Electronics,C0562,45.66,2023-01-12
P073,Toys,C0928,153.2,2023-05-23
P021,Books,C0098,339.54,2023-02-12
P096,Home,C0494,305.94,2023-08-26
P034,Books,C0518,235.6,2023-10-12
P003,Books,C0568,86.28,2023-06-23
P097,Clothing,C0914,92.09,2023-03-17
P016,Books,C0659,297.75,2023-07-26
P078,Clothing,C0785,134.25,2023-12-27
P061,Toys,C0062,173.1,2023-11-10
P093,Electronics,C0559,151.39,2023-07-05
P100,Clothing,C0355,387.17,2023-02-22
P027,Clothing,C0559,125.8,2023-10-17
P071,Clothing,C0773,198.56,2023-02-11
P016,Toys,C0199,258.96,2023-07-02
P030,Electronics,C0115,225.11,2023-06-13
P015,Toys,C0593,266.29,2023-01-09
P005,Books,C0323,190.63,2023-12-01
P004,Toys,C0011,114.15,2023-11-16
P040,Clothing,C0058,204.72,2023-07-29
P025,Home,C0137,81.53,2023-09-07
P062,Home,C0310,262.6,2023-07-07
P020,Electronics,C0096,350.51,2023-08-03
P091,Toys,C0744,485.08,2023-03-02
P016,Books,C0687,298.89,2023-06-19
P079,Books,C0852,53.76,2023-03-12
P095,Clothing,C0609,218.74,2023-06-26
P088,Clothing,C0666,319.92,2023-04-02
P077,Electronics,C0768,246.92,2023-10-13
P012,Home,C0195,430.73,2023-05-31
P014,Electronics,C0773,393.15,2023-03-03
P053,Books,C0032,72.32,2023-12-16
P017,Toys,C0522,141.56,2023-04-30
P075,Toys,C0697,22.9,2023-12-07
P004,Books,C0049,231.53,2023-06-26
P005,Books,C0855,334.79,2023-10-12
P050,Home,C0277,414.52,2023-08-04
P016,Books,C0379,400.43,2023-03-27
P004,Toys,C0878,427.48,2023-06-09
P029,Books,C0106,258.43,2023-04-16
P008,Books,C0233,351.78,2023-12-24
P031,Electronics,C0347,188.06,2023-04-04
P087,Electronics,C0068,138.71,2023-12-16
P013,Clothing,C0578,310.11,2023-08-19
P082,Clothing,C0062,24.17,2023-09-14
P044,Books,C0959,33.05,2023-02-24
P042,Home,C0165,204.91,2023-12-31
P067,Toys,C0166,187.54,2023-07-19
P092,Toys,C0007,19.54,2023-10-22
P083,Home,C0960,142.56,2023-11-05
P022,Books,C0343,45.37,2023-07-11
P045,Clothing,C0475,267.28,2023-04-27
P027,Home,C0839,35.32,2023-01-01
P012,Clothing,C0040,12.06,2023-09-30
P019,Books,C0578,136.74,2023-09-21
P005,Toys,C0983,77.86,2023-04-06
P013,Clothing,C0616,33.88,2023-03-26
P085,Home,C0577,347.48,2023-08-17
P011,Books,C0305,77.78,2023-06-20
P093,Toys,C0968,446.59,2023-10-30
P074,Toys,C0463,447.59,2023-02-28
P027,Books,C0487,483.32,2023-09-20
P089,Books,C0925,181.98,2023-09-01
P068,Clothing,C0294,34.31,2023-10-26
P033,Clothing,C0275,382.24,2023-05-26
P035,Books,C0996,286.59,2023-09-21
P022,Electronics,C0473,167.18,2023-11-07
P020,Electronics,C0610,76.49,2023-01-16
P074,Toys,C0194,275.02,2023-11-08
P005,Electronics,C0766,241.68,2023-07-21
P048,Clothing,C0031,358.81,2023-03-28
P049,Books,C0584,485.26,2023-06-12
P091,Clothing,C0023,273.34,2023-11-28
P083,Toys,C0019,459.39,2023-06-18
P045,Books,C0494,166.88,2023-12-29
P001,Books,C0302,25.87,2023-08-20
P041,Home,C0663,383.93,2023-07-08
P027,Books,C0443,275.88,2023-02-16
P049,Toys,C0034,443.75,2023-07-03
P045,Books,C0277,197.02,2023-01-26
P095,Home,C0108,376.08,2023-11-29
P087,Toys,C0951,426.85,2023-10-04
P017,Clothing,C0229,456.35,2023-08-17
P046,Books,C0306,87.2,2023-04-08
P054,Books,C0846,465.8,2023-06-01
P067,Electronics,C0859,186.43,2023-01-03
P092,Clothing,C0544,165.16,2023-02-11
P036,Clothing,C0288,268.24,2023-11-16
P046,Books,C0162,417.12,2023-11-02
P084,Toys,C0985,299.96,2023-03-06
P047,Home,C0753,356.11,2023-08-27
P032,Home,C0911,210.17,2023-04-08
P079,Toys,C0213,152.99,2023-09-22
P092,Home,C0911,107.97,2023-04-26
P064,Electronics,C0716,407.56,2023-06-14
P071,Home,C0215,441.52,2023-05-23
P006,Home,C0421,186.93,2023-04-08
P057,Toys,C0702,22.38,2023-08-18
P014,Electronics,C0748,155.24,2023-01-01
P031,Clothing,C0953,231.48,2023-07-20
P019,Books,C0158,401.75,2023-08-06
P088,Books,C0134,462.99,2023-09-07
P060,Toys,C0233,104.65,2023-10-19
P049,Home,C0267,167.17,2023-12-24
P068,Books,C0363,482.7,2023-06-13
P024,Books,C0335,332.51,2023-03-13
P014,Electronics,C0724,62.62,2023-02-02
P015,Electronics,C0775,427.04,2023-07-01
P094,Toys,C0954,456.83,2023-10-23
P086,Clothing,C0744,310.24,2023-11-15
P075,Books,C0278,469.53,2023-01-15
P096,Clothing,C0922,50.17,2023-11-24
P091,Home,C0611,218.09,2023-11-13
P097,Clothing,C0114,141.5,2023-07-16
P011,Toys,C0582,412.18,2023-03-18
P014,Books,C0299,258.07,2023-10-22
P100,Home,C0088,315.0,2023-11-21
P043,Books,C0061,237.83,2023-03-25
P028,Books,C0150,274.99,2023-03-17
P090,Electronics,C0078,189.57,2023-11-27
P099,Toys,C0482,278.61,2023-01-24
P089,Home,C0467,193.21,2023-01-22
P047,Toys,C0755,90.53,2023-01-13
P060,Books,C0290,271.55,2023-04-10
P072,Books,C0760,128.06,2023-07-08
P084,Electronics,C0477,362.16,2023-01-04
P021,Electronics,C0399,417.37,2023-06-24
P002,Clothing,C0788,49.97,2023-11-11
P058,Books,C0675,46.01,2023-06-26
P059,Books,C0593,383.87,2023-10-09
P068,Books,C0564,105.03,2023-03-27
P095,Toys,C0101,49.71,2023-09-20
P065,Home,C0882,139.87,2023-09-23
P011,Electronics,C0789,264.83,2023-11-22
P036,Toys,C0450,147.12,2023-01-25
P088,Books,C0479,220.57,2023-09-11
P053,Books,C0018,129.28,2023-04-03
P052,Clothing,C0155,492.41,2023-01-06
P047,Electronics,C0464,174.15,2023-04-26
P070,Electronics,C0760,434.66,2023-02-20
P031,Clothing,C0062,331.87,2023-12-15
P005,Home,C0689,165.77,2023-09-21
P022,Clothing,C0917,323.23,2023-11-30
P092,Books,C0695,297.54,2023-11-05
P090,Electronics,C0503,372.94,2023-09-20
P003,Toys,C0433,169.5,2023-09-16
P054,Clothing,C0510,338.99,2023-09-02
P024,Clothing,C0825,74.72,2023-03-24
P032,Home,C0327,362.11,2023-10-11
P094,Toys,C0632,312.5,2023-04-28
P087,Home,C0629,305.42,2023-05-11
P080,Clothing,C0880,293.92,2023-09-28
P075,Home,C0740,471.85,2023-04-21
P029,Home,C0124,11.73,2023-01-06
P044,Toys,C0994,431.7,2023-08-09
P066,Toys,C0718,198.05,2023-11-30
P027,Home,C0061,368.81,2023-09-05
P092,Toys,C0346,378.71,2023-10-03
P003,Books,C0900,432.3,2023-08-27
P060,Toys,C0299,22.52,2023-05-18
P051,Clothing,C0033,13.49,2023-01-28
P039,Electronics,C0534,373.51,2023-10-23
P024,Clothing,C0980,460.22,2023-05-17
P039,Home,C0892,444.47,2023-10-05
P090,Electronics,C0971,334.68,2023-04-05
P048,Electronics,C0046,160.69,2023-11-22
P009,Home,C0430,90.5,2023-01-26
P081,Toys,C0847,62.2,2023-12-20
P030,Electronics,C0915,333.7,2023-01-27
P061,Home,C0017,432.0,2023-11-10
P020,Home,C0372,498.01,2023-10-18
P056,Electronics,C0794,117.81,2023-06-06
P012,Toys,C0860,161.38,2023-05-10
P100,Clothing,C0241,82.02,2023-02-16
P072,Toys,C0929,231.73,2023-01-09
P009,Books,C0657,480.12,2023-09-15
P044,Home,C0084,322.1,2023-04-19
P044,Home,C0803,55.16,2023-07-01
P051,Home,C0370,287.17,2023-07-23
P030,Books,C0491,183.86,2023-01-14
P058,Electronics,C0772,338.34,2023-05-11
P058,Electronics,C0904,174.08,2023-06-24
P068,Books,C0825,481.6,2023-08-02
P010,Toys,C0313,413.55,2023-01-31
P060,Clothing,C0408,397.9,2023-07-12
P037,Books,C0459,194.16,2023-02-12
P021,Books,C0360,152.62,2023-06-05
P071,Electronics,C0091,191.2,2023-01-19
P072,Electronics,C0733,404.55,2023-01-22
P005,Clothing,C0452,334.2,2023-10-18
P052,Clothing,C0757,126.26,2023-11-12
P058,Clothing,C0501,236.28,2023-09-19
P044,Home,C0504,446.5,2023-04-22
P055,Home,C0840,132.09,2023-09-30
P079,Clothing,C0344,400.12,2023-12-05
P058,Toys,C0448,468.56,2023-06-11
P064,Clothing,C0843,166.14,2023-10-20
P099,Toys,C0247,384.37,2023-05-30
P058,Clothing,C0171,11.75,2023-07-03
P092,Books,C0813,226.61,2023-03-19
P056,Home,C0895,410.17,2023-12-07
P094,Home,C0428,31.62,2023-06-20
P094,Electronics,C0382,317.1,2023-05-16
P017,Clothing,C0557,280.22,2023-05-20
P060,Toys,C0932,384.56,2023-03-17
P019,Clothing,C0840,497.39,2023-07-16
P097,Toys,C0499,79.17,2023-08-19
P036,Clothing,C0373,262.85,2023-05-07
P061,Electronics,C0302,492.88,2023-07-08
P028,Electronics,C0510,467.09,2023-02-26
P040,Books,C0296,264.24,2023-11-26
P073,Home,C0278,496.86,2023-12-16
P021,Clothing,C0891,431.81,2023-05-18
P085,Home,C0494,435.47,2023-01-25
P075,Home,C0698,329.39,2023-08-18
P008,Books,C0869,480.46,2023-05-29
P087,Books,C0795,227.72,2023-10-15
P055,Books,C0470,490.03,2023-07-10
P083,Electronics,C0690,307.64,2023-07-10
P039,Clothing,C0401,81.86,2023-07-12
P020,Clothing,C0051,351.31,2023-07-30
P087,Clothing,C0310,189.32,2023-03-23
P018,Clothing,C0302,223.49,2023-09-03
P089,Electronics,C0938,493.5,2023-05-05
P070,Books,C0538,483.18,2023-01-09
P009,Toys,C0179,375.92,2023-08-15
P077,Electronics,C0723,189.34,2023-03-27
P011,Toys,C0882,350.43,2023-12-26
P086,Home,C0318,88.7,2023-11-11
P087,Electronics,C0627,403.39,2023-01-27
P036,Toys,C0868,446.18,2023-04-30
P013,Home,C0902,111.73,2023-11-11
P083,Electronics,C0974,120.07,2023-08-12
P016,Electronics,C0410,349.64,2023-05-30
P093,Books,C0687,461.09,2023-10-15
P040,Clothing,C0349,465.22,2023-01-23
P032,Toys,C0163,122.61,2023-03-24
P100,Home,C0079,497.72,2023-06-10
P056,Books,C0857,369.89,2023-04-16
P073,Books,C0196,179.79,2023-10-12
P071,Electronics,C0893,224.91,2023-11-16
P027,Home,C0023,70.0,2023-06-22
P081,Home,C0798,228.74,2023-08-30
P081,Books,C0786,441.55,2023-09-22
P070,Electronics,C0089,349.79,2023-01-08
P051,Toys,C0684,462.64,2023-04-11
P051,Books,C0429,77.44,2023-12-08
P068,Clothing,C0746,150.9,2023-01-28
P067,Toys,C0166,147.25,2023-10-09
P036,Home,C0854,372.09,2023-02-19
P007,Clothing,C0548,64.84,2023-08-31
P062,Clothing,C0037,112.49,2023-10-14
P036,Home,C0224,329.68,2023-02-15
P040,Toys,C0963,296.4,2023-03-23
P093,Clothing,C0257,362.13,2023-06-21
P028,Electronics,C0023,65.68,2023-06-20
P046,Toys,C0650,332.44,2023-07-14
P011,Clothing,C0736,89.04,2023-05-23
P072,Clothing,C0285,127.22,2023-11-19
P041,Clothing,C0276,50.88,2023-06-29
P053,Home,C0882,78.35,2023-12-28
P085,Electronics,C0003,363.51,2023-05-26
P001,Books,C0205,461.67,2023-05-13
P064,Electronics,C0448,359.39,2023-07-16
P006,Toys,C0693,307.64,2023-09-15
P081,Toys,C0680,299.65,2023-04-30
P039,Home,C0553,274.26,2023-11-10
P088,Toys,C0843,417.48,2023-12-09
P030,Electronics,C0194,490.72,2023-04-14
P055,Clothing,C0192,451.99,2023-09-14
P005,Home,C0201,76.72,2023-02-03
P047,Books,C0843,181.78,2023-08-28
P047,Clothing,C0741,327.86,2023-12-24
P061,Electronics,C0805,212.16,2023-01-01
P077,Toys,C0282,150.29,2023-09-25
P058,Clothing,C0212,103.46,2023-03-27
P073,Toys,C0870,186.51,2023-11-25
P068,Books,C0642,320.32,2023-10-03
P015,Toys,C0403,107.92,2023-07-10
P058,Home,C0705,15.46,2023-06-19
P002,Clothing,C0466,24.03,2023-04-28
P075,Clothing,C0405,419.3,2023-06-01
P099,Books,C0140,36.59,2023-04-09
P085,Electronics,C0276,203.94,2023-02-18
P018,Toys,C0715,74.0,2023-05-27
P052,Electronics,C0949,498.16,2023-12-02
P009,Home,C0362,404.43,2023-09-25
P029,Home,C0310,93.33,2023-11-12
P085,Home,C0415,124.18,2023-07-16
P017,Clothing,C1000,66.83,2023-07-10
P046,Books,C0903,83.71,2023-12-09
P043,Books,C0786,415.97,2023-10-26
P066,Electronics,C0083,12.29,2023-02-12
P052,Home,C0453,262.22,2023-02-20
P076,Home,C0194,398.97,2023-09-14
P031,Clothing,C0072,359.86,2023-10-18
P079,Clothing,C0392,436.71,2023-09-10
P028,Electronics,C0689,386.16,2023-11-15
P077,Electronics,C0748,26.82,2023-07-31
P010,Toys,C0964,59.79,2023-04-16
P026,Books,C0709,76.17,2023-06-19
P017,Home,C0987,335.88,2023-01-23
P067,Toys,C0174,293.34,2023-05-11
P057,Electronics,C0988,69.37,2023-06-28
P004,Home,C0807,175.33,2023-05-09
P002,Toys,C0920,495.41,2023-12-19
P082,Home,C0426,205.31,2023-10-20
P076,Electronics,C0375,421.24,2023-10-11
P077,Books,C0761,459.24,2023-05-25
P094,Books,C0247,456.71,2023-03-20
P090,Books,C0101,231.55,2023-06-30
P093,Books,C0580,119.93,2023-10-29
P030,Books,C0628,52.0,2023-03-25
P060,Clothing,C0675,24.91,2023-07-01
P051,Books,C0800,481.64,2023-12-09
P065,Toys,C0592,106.58,2023-05-31
P073,Electronics,C0018,315.63,2023-07-24
P089,Toys,C0709,96.63,2023-06-03
P014,Toys,C0256,17.07,2023-09-17
P035,Home,C0825,154.12,2023-03-17
P006,Clothing,C0494,207.14,2023-04-21
P045,Clothing,C0285,262.58,2023-12-29
P028,Clothing,C0044,208.15,2023-05-30
P095,Clothing,C0357,338.31,2023-10-21
P087,Electronics,C0741,346.26,2023-09-14
P100,Toys,C0861,385.15,2023-08-21
P080,Home,C0444,228.12,2023-11-23
P089,Clothing,C0140,239.61,2023-01-30
P085,Home,C0783,450.33,2023-07-17
P008,Home,C0301,452.14,2023-08-07
P040,Home,C0581,388.76,2023-01-14
P039,Clothing,C0503,90.43,2023-07-11
P071,Clothing,C0854,177.88,2023-08-24
P084,Toys,C0813,137.65,2023-08-25
P019,Electronics,C0291,110.92,2023-09-04
P093,Toys,C0385,464.57,2023-07-21
P019,Clothing,C0364,144.43,2023-02-27
P047,Books,C0126,113.91,2023-06-19
P076,Toys,C0814,403.33,2023-05-13
P019,Electronics,C0300,20.94,2023-03-28
P031,Home,C0375,148.33,2023-03-16
P095,Electronics,C0099,28.26,2023-03-21
P004,Toys,C0067,86.54,2023-09-02
P075,Electronics,C0932,396.16,2023-05-26
P057,Clothing,C0077,97.93,2023-10-23
P094,Home,C0536,32.01,2023-01-08
P083,Clothing,C0298,314.05,2023-06-21
P096,Books,C0948,190.68,2023-08-23
P057,Home,C0990,168.99,2023-10-06
P027,Books,C0521,472.59,2023-07-19
P001,Toys,C0814,492.54,2023-03-29
P093,Books,C0895,491.72,2023-07-18
P098,Home,C0655,461.12,2023-07-06
P023,Toys,C0637,184.06,2023-07-27
P039,Electronics,C0667,404.77,2023-09-06
P049,Home,C0260,339.28,2023-01-23
P040,Electronics,C0967,413.47,2023-06-11
P068,Toys,C0522,458.23,2023-01-20
P023,Books,C0721,96.14,2023-06-10
P057,Books,C0274,319.48,2023-05-18
P065,Clothing,C0037,103.43,2023-01-20
P079,Books,C0863,385.44,2023-05-28
P057,Toys,C0138,79.47,2023-12-18
P043,Toys,C0572,140.61,2023-05-13
P054,Electronics,C0687,179.61,2023-07-28
P060,Toys,C0162,390.11,2023-08-24
P024,Books,C0319,383.11,2023-06-19
P075,Books,C0809,208.42,2023-12-29
P081,Books,C0859,454.97,2023-02-27
P008,Clothing,C0388,442.54,2023-06-17
P001,Electronics,C0401,101.14,2023-09-09
P061,Books,C0914,195.13,2023-03-10
P028,Toys,C0404,376.53,2023-04-20
P013,Electronics,C0917,215.58,2023-11-15
P023,Toys,C0298,442.8,2023-06-12
P027,Toys,C0770,467.2,2023-04-22
P068,Clothing,C0705,192.36,2023-09-07
P076,Clothing,C1000,29.39,2023-05-28
P027,Toys,C0186,490.97,2023-07-08
P031,Electronics,C0354,253.67,2023-12-30
P005,Clothing,C0749,155.23,2023-03-13
P033,Clothing,C0129,97.58,2023-08-10
P043,Electronics,C0470,376.49,2023-11-21
P065,Books,C0590,346.62,2023-04-26
P050,Home,C0628,222.04,2023-04-22
P045,Electronics,C0300,61.03,2023-01-14
P038,Clothing,C0119,327.79,2023-06-02
P086,Toys,C0227,391.97,2023-12-18
P041,Electronics,C0073,70.73,2023-08-08
P057,Home,C0121,256.95,2023-12-03
P052,Home,C0351,136.33,2023-01-06
P069,Books,C0919,462.08,2023-05-30
P081,Clothing,C0102,145.38,2023-10-27
P023,Books,C0195,286.61,2023-02-25
P086,Clothing,C0324,396.74,2023-07-11
P098,Clothing,C0385,496.84,2023-05-20
P088,Home,C0203,268.6,2023-12-25
P097,Clothing,C0768,312.71,2023-10-08
P066,Electronics,C0134,124.98,2023-12-27
P071,Electronics,C0674,255.63,2023-05-24
P001,Home,C0427,338.1,2023-02-16
P025,Toys,C0799,282.26,2023-10-25
P088,Clothing,C0579,387.48,2023-04-02
P031,Clothing,C0963,194.07,2023-09-26
P037,Books,C0317,354.07,2023-09-17
P068,Home,C0647,447.56,2023-02-03
P065,Electronics,C0272,497.56,2023-06-19
P094,Toys,C0303,208.47,2023-04-20
P047,Electronics,C0074,10.58,2023-05-16
P072,Clothing,C0555,477.05,2023-06-06
P029,Clothing,C0480,173.03,2023-01-13
P018,Toys,C0174,357.53,2023-09-18
P088,Toys,C0153,296.89,2023-12-02
P008,Home,C0467,228.98,2023-01-30
P031,Clothing,C0959,121.92,2023-11-04
P002,Toys,C0193,16.47,2023-07-28
P058,Books,C0387,11.67,2023-07-10
P076,Clothing,C0807,271.63,2023-04-05
P059,Home,C0092,98.77,2023-10-26
P087,Clothing,C0713,104.7,2023-06-25
P041,Toys,C0944,337.32,2023-07-22
P047,Home,C0233,253.88,2023-08-17
P080,Toys,C0214,251.33,2023-05-04
P038,Electronics,C0541,469.92,2023-01-16
P035,Toys,C0459,226.17,2023-03-08
P080,Clothing,C0960,10.19,2023-06-21
P090,Electronics,C0867,390.05,2023-09-03
P096,Home,C0488,223.54,2023-06-12
P094,Clothing,C0384,493.92,2023-08-15
P084,Electronics,C0359,363.9,2023-07-12
P087,Home,C0838,138.24,2023-08-27
P085,Toys,C0179,405.71,2023-04-14
P021,Home,C0533,45.2,2023-05-16
P021,Books,C0620,173.38,2023-05-27
P052,Electronics,C0661,276.15,2023-10-17
P038,Electronics,C0334,244.56,2023-07-28
P098,Home,C0474,463.28,2023-06-19
P048,Electronics,C0819,457.5,2023-12-24
P012,Books,C0608,252.94,2023-04-22
P038,Home,C0588,493.07,2023-03-15
P010,Books,C0115,409.11,2023-12-16
P032,Electronics,C0711,154.98,2023-12-19
P091,Home,C0270,140.48,2023-07-02
P085,Electronics,C0028,468.4,2023-04-20
P011,Electronics,C0410,273.16,2023-09-12
P044,Books,C0066,474.74,2023-10-12
P046,Books,C0114,391.84,2023-07-26
P080,Toys,C0253,364.0,2023-11-23
P062,Electronics,C0814,343.35,2023-07-23
P050,Home,C0710,290.22,2023-07-27
P017,Clothing,C0627,219.25,2023-07-20
P029,Books,C0151,127.19,2023-07-18
P028,Toys,C0440,157.72,2023-03-27
P074,Clothing,C0590,277.41,2023-07-31
P093,Books,C0783,33.22,2023-07-19
P075,Clothing,C0247,231.74,2023-01-30
P007,Toys,C0765,231.73,2023-06-27
P026,Books,C0532,151.35,2023-08-15
P027,Books,C0154,25.22,2023-02-26
P046,Toys,C0276,64.04,2023-11-22
P033,Toys,C0476,21.08,2023-01-23
P081,Home,C0293,372.65,2023-08-06
P091,Toys,C0370,474.51,2023-02-13
P007,Clothing,C0876,240.09,2023-11-11
P087,Clothing,C0773,435.59,2023-06-28
P063,Clothing,C0399,139.13,2023-08-29
P069,Home,C0959,298.31,2023-01-27
P069,Books,C0972,210.53,2023-06-02
P062,Electronics,C0294,329.35,2023-12-11
P077,Books,C0794,291.55,2023-01-12
P037,Clothing,C0319,321.23,2023-01-09
P034,Home,C0666,483.54,2023-09-20
P060,Home,C0851,78.81,2023-11-06
P007,Toys,C0443,436.16,2023-11-11
P023,Electronics,C0022,228.4,2023-07-01
P041,Home,C0866,464.16,2023-08-17
P011,Toys,C0673,366.73,2023-08-15
P036,Clothing,C0198,237.81,2023-01-30
P072,Toys,C0735,475.61,2023-12-08
P033,Toys,C0365,26.87,2023-11-11
P061,Toys,C0618,242.24,2023-08-25
P073,Electronics,C0842,144.58,2023-06-05
P062,Toys,C0014,295.86,2023-11-21
P012,Books,C0974,283.44,2023-04-26
P035,Toys,C0582,346.14,2023-10-11
P073,Electronics,C0251,59.42,2023-08-08
P037,Books,C0289,144.12,2023-06-23
P050,Home,C0379,170.24,2023-09-30
P095,Toys,C0995,75.54,2023-12-20
P062,Toys,C0809,365.13,2023-01-01
P061,Clothing,C0602,33.21,2023-09-23
P038,Clothing,C0345,361.23,2023-08-29
P004,Clothing,C0807,357.86,2023-09-03
P046,Home,C0387,445.19,2023-12-01
P054,Clothing,C0700,441.15,2023-02-11
P093,Toys,C0198,30.67,2023-01-16
P039,Home,C0928,210.47,2023-01-21
P038,Home,C0937,74.81,2023-05-25
P091,Books,C0975,308.3,2023-11-24
P044,Clothing,C0859,282.08,2023-03-17
P063,Books,C0529,189.45,2023-10-01
P100,Clothing,C0360,391.59,2023-08-12
P093,Electronics,C0691,190.13,2023-09-03
P002,Books,C0754,149.43,2023-06-09
P080,Electronics,C0697,70.08,2023-11-30
P079,Books,C0050,405.25,2023-09-02
P039,Home,C0403,206.45,2023-08-09
P068,Books,C0789,279.18,2023-12-04
P023,Clothing,C0311,407.71,2023-01-15
P051,Toys,C0376,26.14,2023-04-10
P046,Toys,C0757,215.09,2023-06-07
P048,Books,C0499,233.35,2023-03-28
P067,Books,C0468,216.35,2023-02-02
P024,Books,C0426,392.31,2023-11-01
P054,Home,C0401,385.49,2023-04-20
P033,Books,C0212,11.99,2023-05-12
P082,Home,C0258,52.17,2023-06-06
P027,Toys,C0440,442.59,2023-11-08
P064,Toys,C0748,318.75,2023-11-17
P046,Toys,C0548,207.06,2023-12-02
P052,Clothing,C0952,438.7,2023-07-30
P026,Toys,C0581,164.66,2023-07-23
P050,Books,C0262,340.9,2023-05-11
P050,Books,C0155,307.88,2023-03-27
P080,Home,C0486,79.76,2023-08-19
P081,Books,C0961,46.17,2023-04-25
P040,Toys,C0848,414.69,2023-05-27
P019,Electronics,C0901,265.84,2023-10-16
P015,Books,C0029,448.69,2023-12-16
P044,Toys,C0056,427.47,2023-12-11
P078,Home,C0235,25.04,2023-12-03
P057,Electronics,C0732,274.18,2023-07-01
P007,Books,C0936,117.09,2023-02-20
P068,Clothing,C0262,409.65,2023-05-22
P011,Books,C0450,104.03,2023-04-11
P017,Electronics,C0083,361.18,2023-09-11
P090,Electronics,C0336,101.95,2023-06-16
P097,Clothing,C0753,114.82,2023-06-09
P049,Home,C0525,33.88,2023-02-28
P076,Home,C0588,257.82,2023-05-06
P001,Electronics,C0039,405.69,2023-08-28
P070,Clothing,C0770,64.2,2023-10-12
P021,Toys,C0992,14.8,2023-11-09
P049,Toys,C0469,462.56,2023-02-17
P042,Electronics,C0496,460.74,2023-09-18
P096,Electronics,C0214,199.53,2023-03-09
P071,Clothing,C0070,211.54,2023-04-27
P048,Books,C0780,313.62,2023-08-11
P011,Home,C0243,165.68,2023-02-22
P075,Clothing,C0825,427.45,2023-12-18
P020,Toys,C0097,230.1,2023-02-23
P086,Books,C0874,244.67,2023-09-25
P050,Electronics,C0902,156.86,2023-08-14
P042,Clothing,C0468,167.61,2023-12-01
P016,Home,C0751,110.51,2023-08-28
P017,Electronics,C0319,333.38,2023-07-31
P088,Toys,C0234,23.56,2023-12-19
P084,Clothing,C0442,228.73,2023-07-06
P028,Clothing,C0796,300.23,2023-11-12
P073,Clothing,C0263,32.63,2023-09-15
P049,Electronics,C0480,415.21,2023-11-24
P082,Clothing,C0643,27.88,2023-07-11
P060,Toys,C0237,95.79,2023-02-06
P001,Clothing,C0544,483.33,2023-01-13
P063,Electronics,C0580,120.75,2023-01-25
P004,Books,C0057,92.59,2023-09-08
P073,Toys,C0606,431.56,2023-10-28
P016,Home,C0310,280.72,2023-01-28
P083,Electronics,C0661,490.58,2023-10-13
P035,Electronics,C0987,218.78,2023-12-28
P002,Electronics,C0942,249.76,2023-05-27
P010,Electronics,C0438,122.03,2023-09-04
P055,Electronics,C0291,317.63,2023-07-27
P029,Electronics,C0321,82.37,2023-07-29
P083,Home,C0240,356.69,2023-02-15
P005,Electronics,C0710,123.88,2023-12-28
P034,Home,C0561,34.49,2023-04-25
P055,Home,C0377,247.09,2023-01-29
P029,Clothing,C0477,457.19,2023-07-23
P076,Home,C0105,50.88,2023-09-09
P056,Toys,C0565,202.12,2023-05-25
P071,Toys,C0411,327.99,2023-10-07
P055,Books,C0961,413.25,2023-01-05
P069,Electronics,C0366,282.63,2023-10-09
P010,Books,C0888,472.59,2023-11-28
P054,Home,C0143,292.42,2023-01-29
P003,Clothing,C0496,327.37,2023-02-06
P064,Electronics,C0675,315.14,2023-09-01
P032,Books,C0019,295.07,2023-05-20
P001,Electronics,C0789,237.86,2023-01-14
P096,Books,C0256,460.45,2023-10-26
P047,Clothing,C0768,10.87,2023-10-03
P034,Electronics,C0823,201.94,2023-05-09
P006,Home,C0323,460.18,2023-01-10
P076,Home,C0676,57.51,2023-10-19
P015,Home,C0904,384.17,2023-03-24
P085,Clothing,C0166,443.24,2023-08-22
P012,Home,C0303,185.77,2023-05-01
P097,Home,C0664,198.66,2023-01-17
P074,Toys,C0821,403.76,2023-06-07
P049,Toys,C0267,319.86,2023-02-13
P075,Toys,C0063,473.97,2023-11-18
P075,Clothing,C0388,324.6,2023-07-19
P010,Electronics,C0398,204.71,2023-05-08
P030,Electronics,C0870,474.88,2023-03-11
P026,Toys,C0780,410.6,2023-01-21
P051,Home,C0459,29.91,2023-01-23
P067,Home,C0540,294.64,2023-10-11
P072,Clothing,C0230,252.4,2023-03-31
P047,Books,C0302,389.38,2023-10-15
P010,Electronics,C0537,288.36,2023-01-13
P024,Toys,C0401,114.47,2023-05-30
P059,Home,C0590,110.21,2023-10-20
P097,Clothing,C0025,174.32,2023-05-15
P016,Electronics,C0300,141.51,2023-03-10
P089,Clothing,C0945,67.59,2023-05-22
P049,Books,C0439,150.53,2023-05-09
P035,Books,C0037,147.94,2023-11-19
P007,Clothing,C0199,69.93,2023-04-12
P007,Books,C0381,303.05,2023-06-16
P022,Toys,C0094,245.8,2023-05-16
P098,Clothing,C0340,111.58,2023-04-07
P006,Books,C0663,64.12,2023-03-14
P082,Toys,C0460,11.76,2023-04-14
P045,Books,C0971,264.76,2023-09-13
P063,Electronics,C0135,357.71,2023-03-20
P037,Electronics,C0266,240.46,2023-02-16
P049,Electronics,C0580,157.38,2023-12-10
P030,Books,C0737,411.83,2023-06-23
P038,Clothing,C0055,403.89,2023-08-13
P049,Toys,C0846,258.22,2023-03-27
P003,Toys,C0795,183.32,2023-01-09
P033,Toys,C0889,121.71,2023-04-28
P089,Books,C0278,457.99,2023-05-23
P018,Toys,C0274,346.44,2023-05-08
P021,Electronics,C0656,16.33,2023-09-20
P080,Home,C0338,308.81,2023-05-02
P088,Home,C0601,96.7,2023-11-03
P010,Electronics,C0997,297.15,2023-02-14
P062,Books,C0596,258.9,2023-04-20
P072,Electronics,C0672,422.65,2023-09-17
P070,Clothing,C0587,436.02,2023-04-27
P009,Toys,C0694,373.55,2023-05-31
P082,Toys,C0460,276.09,2023-10-29
P047,Books,C0040,366.21,2023-01-08
P083,Toys,C0840,133.33,2023-10-30
P001,Home,C0985,97.66,2023-03-11
P093,Home,C0311,322.42,2023-06-30
P012,Home,C0916,207.1,2023-05-20
P016,Books,C0236,126.63,2023-08-11
P084,Books,C0892,304.26,2023-08-11
P100,Clothing,C0419,405.26,2023-10-09
P086,Home,C0786,478.05,2023-12-30
P034,Home,C0923,78.56,2023-03-31
P051,Electronics,C0513,200.96,2023-10-26
P072,Electronics,C0575,11.7,2023-11-08
P074,Books,C0379,316.44,2023-08-03
P010,Home,C0946,185.73,2023-05-02
P071,Clothing,C0162,18.38,2023-04-13
P072,Home,C0073,39.49,2023-10-23
P045,Home,C0522,110.95,2023-10-03
P066,Electronics,C0851,231.46,2023-02-25
P069,Home,C0646,290.78,2023-02-28
P019,Clothing,C0253,472.54,2023-08-04
P069,Toys,C0290,389.56,2023-12-21
P080,Electronics,C0265,110.24,2023-10-17
P086,Home,C0059,299.21,2023-04-25
P050,Clothing,C0181,428.18,2023-12-03
P042,Home,C0503,154.56,2023-12-01
P024,Books,C0148,256.13,2023-06-19
P072,Clothing,C0898,85.1,2023-02-23
P040,Toys,C0974,143.53,2023-08-30
P041,Home,C0914,74.21,2023-03-29
P023,Books,C0281,357.45,2023-02-09
P054,Toys,C0815,368.16,2023-01-03
P088,Home,C0823,406.02,2023-12-24
P024,Electronics,C0413,415.57,2023-12-02
P029,Books,C0711,136.12,2023-12-06
P003,Toys,C0493,281.37,2023-08-02
P034,Books,C0512,483.8,2023-05-01
P095,Books,C0740,181.55,2023-03-07
P078,Electronics,C0574,235.1,2023-03-01
P071,Books,C0497,223.15,2023-02-05
P089,Clothing,C0544,279.82,2023-07-21
P055,Electronics,C0607,359.34,2023-06-17
P034,Toys,C0452,208.33,2023-03-05
P014,Toys,C0147,87.16,2023-07-02
P038,Electronics,C0120,188.86,2023-06-01
P098,Home,C0567,388.99,2023-06-30
P097,Home,C0153,211.17,2023-12-28
P068,Clothing,C0875,130.26,2023-06-06
P057,Home,C0475,427.27,2023-12-08
P017,Books,C0238,419.29,2023-01-25
P099,Toys,C0939,383.54,2023-07-23
P042,Home,C0689,361.41,2023-07-21
P068,Electronics,C0628,453.67,2023-09-14
P021,Books,C0737,223.49,2023-10-03
P054,Books,C0752,293.59,2023-01-02
P082,Clothing,C0856,216.79,2023-10-03
P020,Books,C0595,379.28,2023-02-10
P074,Electronics,C0267,417.23,2023-07-09
P073,Books,C0548,205.29,2023-08-11
P019,Clothing,C0251,133.23,2023-09-03
P068,Electronics,C0597,202.56,2023-05-17
P013,Toys,C0169,29.8,2023-11-28
P047,Home,C0989,429.84,2023-08-26
P040,Clothing,C0127,426.75,2023-09-21
P046,Toys,C0128,24.61,2023-11-11
P066,Home,C0248,144.71,2023-06-04
P021,Electronics,C0805,315.27,2023-03-06
P004,Home,C0250,289.07,2023-06-02
P056,Clothing,C0860,495.29,2023-06-22
P067,Home,C0654,81.97,2023-06-12
P017,Home,C0150,319.68,2023-10-15
P034,Electronics,C0075,104.79,2023-11-23
P019,Home,C0063,272.91,2023-02-25
P008,Electronics,C0580,84.17,2023-11-23
P099,Toys,C0985,391.22,2023-05-04
P090,Electronics,C0989,71.78,2023-05-27
P026,Toys,C0597,380.52,2023-01-14
P085,Electronics,C0117,193.96,2023-07-21
P066,Home,C0348,22.74,2023-01-06
P012,Clothing,C0684,374.13,2023-01-29
P025,Clothing,C0736,497.46,2023-12-01
P041,Electronics,C0911,40.61,2023-07-18
P100,Electronics,C0944,208.26,2023-05-10
P049,Toys,C0374,208.05,2023-09-26
P088,Home,C0443,89.02,2023-01-03
P060,Home,C0693,93.18,2023-08-27
P085,Electronics,C0376,113.76,2023-09-21
P086,Books,C0999,147.8,2023-10-29
P037,Electronics,C0155,188.11,2023-06-13
P004,Electronics,C0283,300.55,2023-01-23
P087,Toys,C0874,128.37,2023-11-02
P073,Toys,C0169,475.03,2023-12-07
P062,Electronics,C0487,131.96,2023-08-07
P024,Toys,C0900,497.99,2023-11-22
P013,Home,C0383,59.88,2023-01-14
P038,Books,C0704,155.18,2023-08-17
P046,Home,C0850,390.98,2023-05-06
P009,Clothing,C0193,341.5,2023-10-08
P009,Toys,C0397,453.74,2023-10-20
P100,Home,C0181,323.43,2023-04-19
P018,Toys,C0455,110.65,2023-12-10
P021,Home,C0913,207.75,2023-08-26
P034,Toys,C0036,303.47,2023-10-18
P091,Clothing,C0351,201.92,2023-11-28
P066,Clothing,C0634,447.49,2023-01-13
P096,Electronics,C0017,240.81,2023-11-29
P092,Toys,C0355,393.43,2023-07-17
P072,Clothing,C0425,134.48,2023-03-21
P019,Electronics,C0694,70.57,2023-10-10
P022,Books,C0858,303.52,2023-06-02
P077,Books,C0416,206.16,2023-09-13
P097,Home,C0616,177.73,2023-08-17
P001,Home,C0782,76.6,2023-04-05
P092,Electronics,C0578,434.98,2023-10-11
P040,Clothing,C0422,66.62,2023-12-30
P009,Home,C0957,373.83,2023-12-29
P038,Books,C0974,437.75,2023-07-13
P056,Books,C0749,34.84,2023-04-24
P071,Toys,C0709,202.43,2023-08-31
P088,Books,C0749,488.26,2023-12-01
P018,Home,C0367,93.74,2023-08-13
P055,Electronics,C0575,410.64,2023-02-10
P077,Toys,C0096,68.96,2023-02-12
P027,Clothing,C0538,434.98,2023-03-28
P083,Toys,C0662,460.65,2023-01-08
P032,Books,C0294,107.9,2023-10-16
P080,Electronics,C0183,370.22,2023-11-16
P077,Home,C0208,348.02,2023-10-30
P012,Home,C0319,179.98,2023-09-14
P031,Electronics,C0956,309.42,2023-12-02
P003,Home,C0426,127.58,2023-08-27
P087,Books,C0219,493.97,2023-08-21
P085,Clothing,C0123,219.55,2023-12-02
P066,Toys,C0306,19.75,2023-10-07
P003,Books,C0196,184.79,2023-12-17
P045,Books,C0903,250.86,2023-08-03
P051,Electronics,C0076,93.37,2023-01-03
P048,Books,C0045,392.75,2023-02-14
P064,Electronics,C0180,153.02,2023-03-29
P080,Home,C0417,181.12,2023-05-22
P050,Toys,C0743,185.94,2023-02-26
P011,Home,C0664,268.5,2023-01-11
P069,Books,C0208,483.21,2023-11-11
P010,Books,C0171,389.6,2023-12-06
P075,Clothing,C0953,213.02,2023-11-05
P024,Electronics,C0947,151.84,2023-02-17
P099,Electronics,C0491,261.12,2023-02-13
P079,Books,C0013,340.25,2023-08-31
P044,Home,C0666,26.16,2023-10-26
P076,Electronics,C0919,246.97,2023-04-07
P055,Clothing,C0944,409.79,2023-05-03
P057,Books,C0759,161.09,2023-09-20
P053,Books,C0762,211.46,2023-02-14
P053,Electronics,C0144,140.12,2023-06-04
P015,Home,C0867,442.26,2023-02-06
P032,Toys,C0935,402.5,2023-11-15
P066,Home,C0744,394.37,2023-07-11
P034,Books,C0061,364.11,2023-04-05
P062,Electronics,C0955,360.21,2023-01-25
P082,Home,C0295,128.41,2023-06-25
P017,Home,C0216,298.58,2023-03-13
P070,Home,C0025,370.36,2023-06-03
P076,Toys,C0447,329.03,2023-06-18
P022,Home,C0332,438.86,2023-10-24
P029,Clothing,C0896,25.87,2023-09-21
P006,Clothing,C0835,436.13,2023-02-17
P003,Books,C0021,98.12,2023-08-12
P016,Clothing,C0316,428.27,2023-09-14
P058,Clothing,C0254,226.51,2023-07-24
P029,Electronics,C0117,368.28,2023-09-07
P010,Home,C0858,469.46,2023-04-15
P044,Home,C0490,220.23,2023-01-17
P014,Books,C0551,473.57,2023-07-03
P078,Books,C0877,209.67,2023-11-06
P007,Home,C0853,237.2,2023-06-25
P066,Clothing,C0041,151.39,2023-05-06
P059,Toys,C0828,203.24,2023-06-10
P096,Clothing,C0498,134.47,2023-04-09
P031,Books,C0305,164.42,2023-11-14
P020,Books,C0413,61.07,2023-05-24
P033,Toys,C0801,202.79,2023-08-02
P018,Home,C0201,338.56,2023-07-05
P065,Books,C0891,215.93,2023-06-25
P055,Home,C0042,40.17,2023-01-06
P074,Clothing,C0909,305.36,2023-05-25
P034,Home,C0717,467.53,2023-11-10
P080,Toys,C0461,51.74,2023-12-19
P077,Electronics,C0691,432.5,2023-08-05
P002,Toys,C0476,228.5,2023-03-18
P024,Home,C0492,306.35,2023-06-06
P045,Books,C0030,60.69,2023-06-22
P019,Electronics,C0141,78.83,2023-11-13
P096,Electronics,C0936,499.87,2023-07-14
P093,Electronics,C0639,470.8,2023-08-23
P071,Home,C0610,227.03,2023-11-06
P063,Toys,C0396,238.88,2023-10-21
P074,Toys,C0166,97.33,2023-10-04
P078,Books,C0205,394.36,2023-03-13
P010,Clothing,C0125,225.82,2023-05-14
P067,Books,C0359,352.27,2023-07-28
P018,Electronics,C0034,181.86,2023-06-04
P093,Toys,C0022,424.41,2023-05-21
P080,Electronics,C0505,195.19,2023-05-04
P018,Clothing,C0433,319.92,2023-10-28
P018,Books,C0611,259.45,2023-02-24
P059,Toys,C0955,412.94,2023-12-09
P014,Toys,C0856,363.21,2023-07-27
P026,Home,C0361,68.14,2023-09-12
P005,Electronics,C0709,486.21,2023-07-07
P074,Books,C0186,111.48,2023-05-13
P081,Clothing,C0268,234.09,2023-12-24
P099,Toys,C0923,342.35,2023-02-14
P036,Toys,C0700,140.23,2023-12-06
P093,Clothing,C0838,126.36,2023-12-05
P022,Electronics,C0385,201.22,2023-01-05
P073,Home,C0888,483.4,2023-03-16
P096,Books,C0568,370.5,2023-03-04
P056,Clothing,C0044,333.78,2023-07-25
P047,Home,C0037,140.81,2023-08-22
P062,Books,C0011,495.89,2023-07-05
P054,Clothing,C0805,40.65,2023-09-28
P024,Books,C0826,328.74,2023-01-17
P099,Toys,C0338,279.9,2023-03-26
P064,Toys,C0300,338.4,2023-03-25
P081,Electronics,C0650,414.55,2023-06-10
P007,Electronics,C0423,10.3,2023-05-03
P023,Electronics,C0186,381.7,2023-04-30
P096,Books,C0514,295.79,2023-12-23
P021,Books,C0838,487.25,2023-12-03
P069,Home,C0959,27.7,2023-04-18
P017,Toys,C0748,244.71,2023-08-23
P095,Books,C0209,454.26,2023-05-31
P006,Home,C0704,353.85,2023-12-02
P098,Clothing,C0293,378.97,2023-04-15
P067,Clothing,C0368,297.35,2023-05-30
P051,Electronics,C0952,471.23,2023-01-06
P048,Electronics,C0796,442.7,2023-10-31
P051,Electronics,C0133,26.83,2023-06-27
P072,Clothing,C0017,100.7,2023-04-03
P059,Clothing,C0920,112.85,2023-06-07
P022,Electronics,C0229,367.9,2023-07-15
P002,Books,C0795,398.2,2023-05-17
P029,Home,C0723,145.67,2023-03-05
P065,Electronics,C0587,128.95,2023-04-28
P024,Clothing,C0830,176.64,2023-10-31
P045,Books,C0345,57.94,2023-10-17
P020,Toys,C0882,89.17,2023-02-14
P010,Books,C0119,389.56,2023-12-17
P055,Books,C0460,338.62,2023-01-08
P011,Electronics,C0896,416.52,2023-06-06
P060,Clothing,C0975,233.31,2023-03-12
P029,Books,C0728,35.04,2023-10-10
P055,Home,C0839,113.82,2023-03-17
P030,Books,C0689,25.76,2023-06-15
P015,Home,C0749,132.93,2023-05-02
P100,Books,C0418,361.62,2023-03-25
P048,Home,C0493,30.57,2023-07-23
P054,Toys,C0041,230.95,2023-12-15
P060,Home,C0666,128.58,2023-06-25
P053,Toys,C0555,64.76,2023-06-26
P083,Clothing,C0366,429.73,2023-11-18
P026,Electronics,C0740,294.14,2023-04-30
P091,Clothing,C0297,60.16,2023-11-15
P013,Books,C0556,38.07,2023-10-13
P085,Books,C0962,207.15,2023-08-27
P092,Clothing,C0315,130.37,2023-01-27
P016,Electronics,C0035,145.86,2023-09-04
P080,Clothing,C0883,302.86,2023-10-22
P005,Books,C0151,421.66,2023-11-27
P023,Toys,C0724,460.98,2023-06-25
P075,Toys,C0599,439.23,2023-05-08
P013,Home,C0682,490.32,2023-08-27
P012,Home,C0371,349.19,2023-01-06
P058,Books,C0968,396.09,2023-03-06
P058,Home,C0061,104.71,2023-12-03
P067,Clothing,C0491,63.3,2023-10-19
P100,Electronics,C0521,292.4,2023-09-23
P032,Home,C0030,208.65,2023-01-26
P052,Books,C0258,476.38,2023-08-18
P027,Books,C0029,45.15,2023-07-15
P038,Toys,C0303,37.13,2023-11-07
P061,Electronics,C0324,454.61,2023-10-11
P008,Home,C0916,11.2,2023-07-03
P080,Books,C0340,90.17,2023-05-07
P076,Toys,C0038,459.37,2023-03-05
P049,Home,C0316,11.08,2023-01-22
P006,Electronics,C0884,106.64,2023-06-28
P031,Home,C0708,274.89,2023-02-27
P091,Toys,C0066,160.73,2023-12-10
P053,Toys,C0408,457.45,2023-12-29
P076,Clothing,C0406,329.52,2023-09-04
P057,Toys,C0165,432.94,2023-09-11
P038,Clothing,C0209,95.24,2023-08-10
P085,Home,C0150,312.23,2023-09-28
P053,Clothing,C0438,327.05,2023-04-23
P078,Books,C0807,22.11,2023-03-04
P063,Clothing,C0918,382.31,2023-04-19
P034,Books,C0793,241.46,2023-02-19
P054,Toys,C0457,445.37,2023-07-30
P022,Toys,C0814,341.9,2023-09-02
P061,Books,C0069,287.51,2023-06-29
P019,Toys,C0254,201.98,2023-08-21
P078,Home,C0983,239.1,2023-01-09
P090,Clothing,C0637,408.78,2023-05-31
P034,Clothing,C0496,258.32,2023-07-24
P013,Toys,C0570,404.78,2023-06-28
P018,Books,C0828,148.92,2023-04-18
P050,Home,C0703,140.24,2023-04-04
P001,Electronics,C0131,90.61,2023-08-09
P045,Books,C0833,356.43,2023-07-23
P073,Clothing,C0306,32.69,2023-05-30
P033,Electronics,C0870,384.14,2023-12-08
P030,Toys,C0082,145.84,2023-06-28
P041,Home,C0345,248.75,2023-07-19
P050,Clothing,C0227,33.35,2023-02-18
P005,Electronics,C0748,426.31,2023-11-27
P088,Toys,C0437,497.57,2023-03-04
P056,Clothing,C0185,246.03,2023-05-15
P006,Home,C0886,277.62,2023-01-10
P083,Home,C0837,429.19,2023-12-21
P074,Toys,C0891,270.91,2023-12-21
P027,Books,C0760,101.33,2023-11-25
P065,Home,C0968,42.93,2023-09-18
P037,Home,C0450,232.0,2023-06-04
P014,Clothing,C0497,380.34,2023-10-11
P097,Electronics,C0711,205.17,2023-12-30
P095,Home,C0712,316.84,2023-07-24
P014,Electronics,C0744,67.58,2023-06-04
P084,Home,C0720,258.72,2023-05-25
P069,Electronics,C0677,105.23,2023-06-09
P014,Clothing,C0611,431.0,2023-03-29
P042,Toys,C0878,195.23,2023-10-04
P051,Books,C0550,349.49,2023-09-09
P008,Electronics,C0986,484.62,2023-09-16
P071,Toys,C0525,66.48,2023-10-25
P047,Toys,C0635,30.44,2023-03-08
P006,Electronics,C0997,438.49,2023-07-12
P046,Electronics,C0296,317.96,2023-11-18
P081,Electronics,C0058,374.09,2023-04-16
P008,Clothing,C0467,168.91,2023-08-19
P041,Toys,C0985,315.56,2023-08-27
P080,Toys,C0331,106.61,2023-09-04
P025,Toys,C0333,494.15,2023-03-16
P076,Home,C0656,347.61,2023-07-06
P051,Home,C0374,52.47,2023-02-08
P010,Books,C0962,305.27,2023-08-02
P059,Electronics,C0094,374.56,2023-02-17
P034,Books,C0940,154.48,2023-09-14
P023,Clothing,C0250,83.09,2023-09-25
P069,Toys,C0683,478.32,2023-03-28
P099,Home,C0994,114.37,2023-01-05
P033,Toys,C0178,132.28,2023-07-29
P032,Toys,C0974,303.71,2023-04-11
P062,Books,C0249,291.82,2023-05-03
P036,Home,C0977,348.68,2023-08-31
P015,Toys,C0294,289.39,2023-09-05
P041,Clothing,C0446,17.91,2023-01-10
P040,Clothing,C0656,83.86,2023-04-03
P098,Clothing,C0583,288.31,2023-01-09
P052,Clothing,C0375,241.93,2023-06-11
P018,Electronics,C0559,457.06,2023-10-15
P090,Books,C0850,372.79,2023-09-02
P010,Electronics,C0952,10.66,2023-06-12
P063,Electronics,C0655,202.55,2023-03-15
P055,Books,C0825,284.32,2023-06-10
P058,Books,C0840,268.39,2023-07-20
P019,Home,C0787,51.68,2023-06-14
P007,Clothing,C0695,374.91,2023-05-30
P073,Toys,C0439,221.81,2023-05-06
P049,Books,C0296,341.19,2023-01-11
P062,Clothing,C0027,369.03,2023-05-29
P059,Electronics,C0752,420.52,2023-12-10
P045,Home,C0975,88.29,2023-09-01
P001,Electronics,C0368,70.14,2023-10-04
P051,Electronics,C0339,216.31,2023-07-23
P077,Home,C0176,37.99,2023-05-03
P029,Toys,C0279,78.38,2023-10-27
P083,Toys,C0684,15.86,2023-07-23
P082,Clothing,C0593,247.66,2023-08-20
P030,Clothing,C0988,194.02,2023-10-24
P079,Home,C0676,327.44,2023-05-12
P056,Electronics,C0192,40.25,2023-04-07
P079,Home,C0521,396.36,2023-06-03
P036,Books,C0054,391.15,2023-05-26
P073,Books,C0868,402.59,2023-02-01
P064,Clothing,C0204,203.59,2023-05-25
P013,Clothing,C0163,197.15,2023-04-14
P057,Home,C0740,450.48,2023-11-15
P021,Toys,C0142,231.7,2023-03-13
P037,Books,C0145,381.7,2023-04-14
P044,Clothing,C0246,114.97,2023-07-04
P003,Electronics,C0187,351.48,2023-02-04
P050,Electronics,C0876,161.08,2023-10-10
P042,Electronics,C0614,275.7,2023-05-15
P094,Electronics,C0598,259.78,2023-05-15
P100,Electronics,C0810,22.48,2023-01-03
P061,Electronics,C0894,46.04,2023-10-17
P035,Toys,C0352,310.58,2023-08-09
P076,Electronics,C0559,406.55,2023-11-29
P076,Books,C0390,193.33,2023-05-31
P040,Books,C0828,156.36,2023-06-08
P016,Toys,C0099,77.54,2023-04-07
P030,Home,C0678,439.61,2023-12-31
P005,Books,C0484,91.94,2023-03-16
P052,Clothing,C0566,353.34,2023-04-06
P010,Electronics,C0239,405.02,2023-03-05
P023,Electronics,C0544,447.15,2023-12-12
P061,Home,C0370,270.86,2023-05-06
P044,Electronics,C0985,94.77,2023-01-21
P010,Electronics,C0272,63.33,2023-05-03
P095,Toys,C0226,13.13,2023-03-15
P098,Electronics,C0368,472.12,2023-07-15
P078,Clothing,C0032,91.43,2023-05-24
P062,Toys,C0908,265.22,2023-08-18
P026,Electronics,C0027,223.31,2023-09-11
P073,Electronics,C0858,29.19,2023-11-19
P076,Electronics,C0117,217.73,2023-05-25
P039,Clothing,C0479,369.34,2023-12-26
P077,Home,C0286,496.69,2023-09-23
P056,Books,C0914,486.63,2023-05-13
P001,Books,C0801,260.74,2023-06-29
P096,Electronics,C0945,290.1,2023-01-01
P020,Electronics,C0663,391.93,2023-07-09
P064,Electronics,C0582,222.48,2023-02-23
P019,Home,C0472,329.86,2023-08-21
P012,Toys,C0478,193.71,2023-06-01
P068,Home,C0019,480.72,2023-04-25
P053,Home,C0357,289.16,2023-12-29
P053,Books,C0617,349.19,2023-08-13
P078,Home,C0750,376.36,2023-09-21
P061,Electronics,C0766,191.83,2023-07-18
P042,Toys,C0166,277.41,2023-12-16
P037,Home,C0929,489.73,2023-06-10
P094,Clothing,C0090,117.93,2023-05-27
P087,Electronics,C0460,49.68,2023-06-16
P046,Toys,C0111,307.19,2023-05-28
P096,Books,C0431,448.89,2023-08-20
P072,Books,C0645,244.74,2023-05-13
P081,Home,C0569,272.26,2023-04-08
P040,Clothing,C0653,52.76,2023-10-06
P029,Home,C0283,178.47,2023-08-10
P084,Toys,C0969,190.59,2023-03-29
P020,Books,C0662,185.21,2023-04-01
P034,Books,C0667,464.75,2023-03-24
P034,Toys,C0673,118.39,2023-04-12
P048,Electronics,C0540,262.09,2023-12-13
P071,Toys,C0280,188.14,2023-04-30
P036,Clothing,C0440,36.26,2023-07-03
P039,Electronics,C0183,66.53,2023-12-26
P062,Books,C0309,390.53,2023-12-25
P018,Electronics,C0599,114.5,2023-03-17
P073,Toys,C0317,103.35,2023-06-28
P033,Toys,C0287,283.85,2023-04-15
P049,Books,C0566,15.51,2023-03-01
P060,Toys,C0043,432.7,2023-03-26
P062,Home,C0066,156.67,2023-06-30
P023,Electronics,C0858,461.3,2023-07-19
P041,Clothing,C0012,276.82,2023-02-11
P095,Toys,C0488,102.75,2023-01-03
P069,Books,C0259,34.28,2023-05-02
P028,Home,C0306,112.49,2023-06-29
P065,Clothing,C0825,250.29,2023-08-04
P061,Clothing,C0411,67.12,2023-07-12
P060,Books,C0839,14.97,2023-03-02
P089,Home,C0611,177.82,2023-02-11
P095,Electronics,C0770,470.82,2023-01-10
P014,Clothing,C0107,307.19,2023-02-05
P032,Toys,C0265,190.69,2023-08-11
P027,Books,C0133,297.88,2023-12-04
P050,Toys,C0111,493.9,2023-01-22
P074,Books,C0267,67.46,2023-03-02
P030,Clothing,C0093,141.78,2023-05-13
P023,Electronics,C0142,489.2,2023-11-06
P014,Toys,C0035,84.51,2023-01-02
P098,Toys,C0589,293.28,2023-04-16
P063,Electronics,C0230,353.01,2023-02-11
P086,Electronics,C0267,303.51,2023-08-14
P023,Home,C0251,160.17,2023-05-17
P014,Toys,C0181,108.93,2023-10-07
P097,Clothing,C0629,232.28,2023-12-04
P072,Home,C0620,167.85,2023-09-15
P076,Books,C0128,452.62,2023-01-28
P001,Clothing,C0662,461.08,2023-02-17
P005,Books,C0936,54.63,2023-06-08
P048,Toys,C0888,25.62,2023-08-04
P069,Home,C0433,213.7,2023-06-03
P017,Home,C0824,53.27,2023-04-09
P095,Home,C0297,145.38,2023-05-11
P001,Books,C0261,249.55,2023-07-03
P080,Clothing,C0032,278.78,2023-12-03
P013,Home,C0474,29.94,2023-04-15
P088,Toys,C0271,328.97,2023-10-13
P023,Books,C0538,451.72,2023-09-18
P044,Home,C0124,310.69,2023-08-10
P042,Toys,C0096,89.26,2023-01-14
P024,Clothing,C0797,454.15,2023-04-24
P010,Clothing,C0215,354.5,2023-02-26
P034,Home,C0788,12.28,2023-06-16
P023,Home,C0239,212.82,2023-08-25
P064,Electronics,C0562,194.8,2023-09-12
P066,Toys,C0387,198.58,2023-08-23
P072,Electronics,C0887,50.19,2023-01-06
P087,Toys,C0507,328.62,2023-05-08
P014,Clothing,C0183,256.27,2023-10-07
P070,Electronics,C0613,17.32,2023-01-03
P089,Electronics,C0825,463.56,2023-10-18
P028,Home,C0341,345.98,2023-01-25
P009,Clothing,C0493,365.85,2023-10-28
P068,Books,C0913,61.47,2023-03-06
P021,Books,C0080,485.9,2023-10-07
P092,Clothing,C0349,433.64,2023-06-28
P061,Clothing,C0540,38.15,2023-02-28
P068,Home,C0943,60.49,2023-04-07
P097,Books,C0395,444.31,2023-09-14
P058,Clothing,C0604,338.53,2023-05-21
P084,Electronics,C0728,163.72,2023-08-04
P099,Toys,C0102,384.79,2023-10-08
P076,Toys,C0389,88.81,2023-09-05
P061,Electronics,C0470,223.7,2023-04-13
P094,Home,C0252,411.19,2023-09-16
P018,Toys,C0422,461.12,2023-09-02
P085,Books,C0398,134.2,2023-04-05
P037,Toys,C0114,30.92,2023-12-11
P036,Books,C0602,265.72,2023-02-19
P047,Toys,C0595,332.28,2023-10-11
P077,Books,C0492,458.91,2023-04-02
P012,Clothing,C0442,214.45,2023-09-03
P046,Home,C0003,224.38,2023-02-16
P071,Books,C0645,479.38,2023-12-24
P004,Books,C0488,469.3,2023-05-12
P036,Toys,C0743,470.54,2023-08-18
P070,Home,C0389,230.13,2023-04-02
P074,Books,C0224,232.79,2023-07-09
P041,Clothing,C0799,382.82,2023-01-10
P096,Home,C0894,277.71,2023-03-16
P065,Home,C0474,292.02,2023-05-31
P014,Books,C0306,82.09,2023-06-27
P092,Books,C0409,420.72,2023-04-17
P045,Books,C0588,201.02,2023-08-29
P020,Electronics,C0234,424.4,2023-05-18
P008,Clothing,C0484,59.36,2023-09-09
P045,Electronics,C0179,60.14,2023-10-21
P076,Electronics,C0174,210.14,2023-07-14
P040,Clothing,C0573,464.1,2023-09-11
P065,Home,C0602,212.02,2023-05-04
P066,Clothing,C0803,10.96,2023-03-24
P089,Home,C0559,188.28,2023-12-20
P069,Clothing,C0545,288.97,2023-10-14
P050,Clothing,C0850,411.6,2023-04-02
P029,Clothing,C0620,93.57,2023-10-18
P015,Clothing,C0920,236.96,2023-12-03
P040,Electronics,C0726,319.83,2023-10-13
P066,Books,C0791,236.01,2023-08-18
P063,Books,C0437,219.63,2023-10-04
P025,Home,C0087,385.78,2023-11-03
P012,Books,C0703,171.02,2023-12-21
P076,Toys,C0486,343.82,2023-03-31
P089,Toys,C0314,462.58,2023-04-26
P029,Clothing,C0364,256.96,2023-11-05
P046,Toys,C0265,151.07,2023-03-08
P051,Home,C0466,245.91,2023-12-08
P025,Toys,C0418,250.85,2023-02-16
P085,Electronics,C0494,201.24,2023-11-13
P020,Home,C0812,346.7,2023-03-04
P010,Books,C0814,482.69,2023-04-07
P083,Books,C0892,82.01,2023-11-04
P036,Books,C0535,474.7,2023-11-12
P035,Books,C0168,182.52,2023-02-06
P086,Electronics,C0714,152.37,2023-02-13
P071,Electronics,C0101,342.25,2023-07-28
P083,Home,C0393,368.66,2023-07-27
P001,Toys,C0664,366.3,2023-02-10
P049,Electronics,C0345,441.91,2023-12-26
P008,Home,C0871,189.8,2023-04-26
P092,Home,C0115,268.38,2023-09-14
P095,Toys,C0065,454.21,2023-06-24
P086,Home,C0378,419.45,2023-08-16
P020,Books,C0870,321.73,2023-01-15
P006,Electronics,C0363,99.91,2023-02-08
P040,Electronics,C0258,211.1,2023-01-04
P065,Home,C0963,417.29,2023-11-22
P094,Clothing,C0380,27.57,2023-01-26
P012,Home,C0360,63.66,2023-10-22
P078,Electronics,C0175,253.86,2023-10-01
P090,Home,C0651,40.1,2023-07-16
P051,Electronics,C0678,423.38,2023-11-09
P024,Home,C0932,273.86,2023-04-14
P083,Books,C0251,148.66,2023-03-25
P095,Books,C0373,389.33,2023-10-11
P013,Books,C0494,426.49,2023-09-23
P022,Home,C0532,179.88,2023-02-25
P044,Electronics,C0461,242.14,2023-12-12
P034,Clothing,C0192,141.02,2023-04-10
P021,Clothing,C0950,59.02,2023-01-21
P036,Home,C0770,362.99,2023-08-01
P079,Home,C0283,35.59,2023-06-15
P049,Clothing,C0444,415.83,2023-11-14
P028,Toys,C0308,250.65,2023-10-12
P094,Books,C0034,413.91,2023-09-13
P043,Home,C0767,304.41,2023-06-05
P040,Clothing,C0862,54.55,2023-05-05
P079,Home,C0777,123.84,2023-11-08
P063,Electronics,C0282,204.67,2023-04-09
P094,Books,C0255,302.63,2023-06-18
P009,Toys,C0131,36.25,2023-09-07
P033,Books,C0813,41.18,2023-07-01
P097,Clothing,C0150,234.11,2023-04-07
P046,Books,C0602,410.65,2023-06-05
P014,Electronics,C0841,103.47,2023-03-07
P023,Books,C0477,336.25,2023-09-12
P056,Toys,C0745,38.16,2023-08-18
P019,Toys,C0494,305.36,2023-12-29
P088,Clothing,C0896,88.83,2023-05-14
P012,Home,C0190,405.4,2023-01-17
P057,Clothing,C0383,466.94,2023-01-07
P045,Clothing,C0841,156.0,2023-07-24
P094,Clothing,C0172,445.77,2023-02-13
P100,Home,C0691,63.95,2023-10-27
P015,Home,C0683,429.56,2023-01-14
P035,Electronics,C0295,197.14,2023-01-29
P054,Toys,C0878,345.99,2023-05-05
P005,Clothing,C0627,473.01,2023-01-26
P084,Home,C0900,143.24,2023-01-19
P089,Electronics,C0629,317.41,2023-10-15
P023,Home,C0215,437.0,2023-01-22
P096,Electronics,C0972,21.69,2023-05-03
P088,Toys,C0027,123.29,2023-02-06
P022,Books,C0120,408.33,2023-07-31
P007,Toys,C0705,494.05,2023-07-15
P039,Clothing,C0574,423.36,2023-03-12
P080,Toys,C0556,320.74,2023-04-10
P067,Books,C0264,82.67,2023-01-28
P019,Clothing,C0873,262.13,2023-08-24
P001,Toys,C0499,317.47,2023-07-08
P069,Clothing,C0781,95.14,2023-12-11
P011,Books,C0544,238.93,2023-06-09
P012,Clothing,C0488,314.41,2023-04-12
P041,Toys,C0576,145.22,2023-04-28
P098,Home,C0724,168.62,2023-02-06
P067,Clothing,C0311,62.11,2023-12-17
P038,Toys,C0422,450.94,2023-05-28
P088,Clothing,C0562,38.32,2023-01-25
P076,Toys,C0822,211.01,2023-03-02
P053,Electronics,C0753,17.28,2023-03-01
P051,Home,C0517,230.28,2023-08-11
P052,Toys,C0443,469.8,2023-11-15
P058,Books,C0548,311.41,2023-12-19
P041,Electronics,C0208,359.59,2023-02-19
P050,Toys,C0641,458.76,2023-02-24
P056,Home,C0130,473.93,2023-08-08
P020,Home,C0421,241.87,2023-11-11
P083,Clothing,C0028,183.15,2023-10-17
P034,Electronics,C0736,498.33,2023-11-19
P014,Clothing,C0631,27.0,2023-10-19
P058,Home,C0286,363.29,2023-12-30
P076,Home,C0478,370.14,2023-10-25
P038,Toys,C0138,14.52,2023-04-03
P012,Toys,C0525,404.53,2023-11-18
P020,Toys,C0351,182.24,2023-02-16
P007,Clothing,C0453,456.26,2023-01-20
P097,Electronics,C0118,398.36,2023-01-16
P017,Books,C0978,106.47,2023-06-22
P019,Books,C0904,221.2,2023-03-30
P032,Electronics,C0369,133.85,2023-06-19
P092,Electronics,C0032,203.24,2023-09-21
P085,Home,C0841,152.72,2023-11-26
P042,Toys,C0087,379.52,2023-02-01
P055,Home,C0251,372.5,2023-03-25
P016,Electronics,C0080,471.94,2023-03-21
P030,Toys,C0397,455.77,2023-05-02
P006,Electronics,C0183,190.77,2023-09-07
P066,Home,C0574,90.69,2023-12-14
P037,Toys,C0416,147.92,2023-03-30
P047,Clothing,C0957,214.31,2023-03-19
P066,Toys,C0125,94.59,2023-07-10
P052,Books,C0963,120.19,2023-10-24
P078,Home,C0920,74.76,2023-09-28
P064,Electronics,C0297,427.45,2023-03-12
P022,Electronics,C0218,101.67,2023-08-30
P018,Home,C0616,116.6,2023-06-30
P014,Clothing,C0507,248.95,2023-09-13
P098,Home,C0776,226.53,2023-01-30
P080,Toys,C0394,35.12,2023-07-27
P025,Books,C0661,444.8,2023-11-06
P027,Electronics,C0919,204.29,2023-07-12
P002,Clothing,C0995,483.5,2023-12-27
P036,Clothing,C0912,499.06,2023-10-21
P059,Electronics,C0963,127.46,2023-09-08
P059,Toys,C0457,286.11,2023-10-25
P031,Clothing,C0823,160.51,2023-04-13
P009,Clothing,C0258,177.77,2023-09-16
P053,Toys,C0757,197.33,2023-06-23
P001,Books,C0493,244.38,2023-05-26
P013,Electronics,C0644,251.33,2023-02-08
P064,Electronics,C0013,455.27,2023-04-19
P036,Books,C0439,204.54,2023-11-17
P020,Toys,C0893,404.71,2023-02-08
P015,Books,C0122,498.15,2023-03-07
P016,Home,C0280,27.7,2023-02-16
P034,Toys,C0039,153.13,2023-05-29
P033,Home,C0442,149.98,2023-03-20
P074,Toys,C0580,201.44,2023-01-30
P058,Books,C0712,57.97,2023-05-05
P046,Books,C0807,471.25,2023-09-24
P008,Toys,C0731,365.31,2023-12-15
P030,Electronics,C0507,132.36,2023-08-07
P039,Clothing,C0506,353.85,2023-03-09
P013,Electronics,C0500,253.31,2023-10-24
P068,Electronics,C0559,419.66,2023-08-09
P024,Home,C0439,435.14,2023-09-04
P074,Toys,C0478,137.47,2023-04-22
P022,Electronics,C0953,418.72,2023-01-01
P068,Home,C0381,426.78,2023-12-30
P026,Clothing,C0666,151.4,2023-08-02
P083,Clothing,C0421,226.63,2023-08-06
P080,Home,C0470,413.27,2023-04-01
P027,Clothing,C0270,143.72,2023-01-03
P022,Books,C0682,471.08,2023-12-08
P089,Books,C0019,63.11,2023-12-25
P089,Electronics,C0322,109.5,2023-03-25
P094,Books,C0366,262.76,2023-11-06
P038,Home,C0622,348.9,2023-02-23
P048,Electronics,C0381,487.26,2023-05-04
P017,Electronics,C0436,34.08,2023-01-17
P003,Clothing,C0863,124.77,2023-01-28
P093,Toys,C0521,355.32,2023-01-07
P097,Toys,C0834,298.21,2023-02-02
P019,Electronics,C0574,464.05,2023-09-11
P010,Clothing,C0149,286.82,2023-10-11
P050,Toys,C0454,261.95,2023-06-07
P050,Home,C0891,478.41,2023-12-22
P041,Toys,C0943,187.27,2023-08-05
P026,Books,C0811,361.02,2023-07-26
P094,Books,C0456,173.34,2023-02-21
P082,Toys,C0708,194.45,2023-05-11
P035,Toys,C0725,361.69,2023-10-29
P011,Home,C0886,187.03,2023-01-13
P013,Toys,C0914,466.58,2023-04-05
P058,Toys,C0866,308.79,2023-05-16
P096,Home,C0213,248.02,2023-03-17
P052,Clothing,C0784,196.85,2023-03-13
P058,Books,C0835,411.27,2023-08-26
P015,Clothing,C0985,257.02,2023-08-03
P043,Books,C0413,274.67,2023-07-04
P011,Books,C0903,452.1,2023-11-08
P083,Electronics,C0565,319.48,2023-05-28
P015,Books,C0712,433.87,2023-08-26
P057,Clothing,C0439,116.78,2023-03-16
P035,Home,C0846,124.53,2023-03-25
P081,Electronics,C0996,150.89,2023-07-10
P047,Electronics,C0518,369.15,2023-03-13
P016,Clothing,C0973,195.83,2023-12-01
P044,Books,C0664,446.44,2023-05-07
P017,Toys,C0095,62.24,2023-08-05
P095,Electronics,C0805,205.7,2023-08-14
P097,Toys,C0579,177.23,2023-10-14
P011,Electronics,C0580,41.56,2023-07-20
P078,Home,C0164,461.77,2023-01-15
P037,Home,C0393,87.95,2023-08-10
P082,Books,C0368,371.48,2023-11-14
P085,Electronics,C0606,311.9,2023-06-30
P032,Books,C0851,366.96,2023-06-11
P013,Clothing,C0919,227.05,2023-07-17
P055,Books,C0468,368.67,2023-12-13
P015,Home,C0397,487.18,2023-03-27
P011,Clothing,C0392,320.78,2023-11-07
P035,Toys,C0649,100.11,2023-12-18
P081,Home,C0003,210.48,2023-12-11
P077,Books,C0343,479.23,2023-08-13
P078,Clothing,C0448,388.18,2023-11-30
P022,Home,C0208,153.98,2023-02-13
P052,Clothing,C0996,433.71,2023-04-16
P028,Toys,C0261,184.86,2023-07-24
P085,Toys,C0255,190.67,2023-02-15
P025,Clothing,C0156,496.88,2023-12-18
P078,Electronics,C0976,147.73,2023-10-22
P064,Toys,C0419,333.31,2023-03-26
P093,Toys,C0028,11.78,2023-08-25
P004,Electronics,C0951,233.0,2023-10-11
P087,Home,C0452,394.57,2023-08-14
P063,Toys,C0623,425.36,2023-11-10
P066,Books,C0501,215.0,2023-03-10
P003,Home,C0479,356.69,2023-03-22
P004,Books,C0305,106.69,2023-09-19
P057,Toys,C0468,161.07,2023-04-07
P040,Electronics,C0225,167.38,2023-12-30
P056,Books,C0397,315.8,2023-09-02
P013,Clothing,C0341,16.82,2023-05-11
P076,Home,C0734,154.0,2023-03-11
P060,Clothing,C0285,57.8,2023-09-18
P078,Home,C0916,206.58,2023-11-16
P073,Toys,C0807,91.71,2023-08-10
P092,Electronics,C0350,435.4,2023-02-25
P046,Books,C0851,99.16,2023-12-06
P007,Toys,C0580,393.83,2023-09-09
P024,Home,C0338,263.89,2023-12-23
P040,Electronics,C0484,366.58,2023-02-23
P087,Home,C0335,115.89,2023-08-02
P039,Home,C0851,219.38,2023-12-29
P033,Toys,C0029,401.48,2023-12-10
P035,Electronics,C0611,458.43,2023-11-30
P075,Electronics,C0785,120.33,2023-07-01
P079,Home,C0992,347.54,2023-09-25
P100,Toys,C0339,100.53,2023-01-12
P025,Clothing,C0795,335.51,2023-08-25
P021,Clothing,C0891,132.78,2023-08-27
P009,Books,C0191,20.18,2023-12-25
P038,Toys,C0678,405.05,2023-04-28
P009,Home,C0804,300.89,2023-08-29
P058,Toys,C0514,36.0,2023-01-06
P018,Electronics,C0316,105.67,2023-08-29
P016,Clothing,C0361,155.79,2023-01-12
P088,Electronics,C0504,265.33,2023-07-18
P035,Home,C0728,487.69,2023-06-16
P045,Electronics,C0441,371.44,2023-11-25
P066,Electronics,C0007,332.34,2023-10-08
P059,Toys,C0065,21.48,2023-05-02
P041,Books,C0560,262.74,2023-07-28
P092,Clothing,C0058,105.96,2023-10-29
P094,Books,C0249,282.22,2023-12-28
P047,Electronics,C0643,322.22,2023-07-07
P077,Toys,C0534,63.57,2023-08-22
P096,Clothing,C0419,448.94,2023-07-17
P056,Toys,C0787,333.18,2023-02-03
P094,Electronics,C0674,143.35,2023-11-16
P003,Books,C0246,360.22,2023-10-16
P047,Electronics,C0158,219.12,2023-10-13
P050,Home,C0008,360.04,2023-01-19
P026,Electronics,C0770,360.64,2023-08-02
P075,Home,C0776,489.42,2023-01-25
P054,Books,C0980,127.26,2023-11-08
P043,Clothing,C0726,25.46,2023-02-11
P078,Home,C0458,326.48,2023-02-16
P093,Home,C0532,304.94,2023-10-27
P086,Electronics,C0236,235.86,2023-08-31
P010,Electronics,C0696,275.32,2023-03-08
P068,Toys,C0517,124.03,2023-11-17
P077,Clothing,C0724,411.42,2023-03-07
P058,Toys,C0689,215.6,2023-05-23
P031,Toys,C0576,239.47,2023-02-07
P013,Electronics,C0429,433.3,2023-08-10
P076,Books,C0310,352.45,2023-04-12
P025,Home,C0856,33.99,2023-03-09
P057,Books,C0354,406.41,2023-06-18
P001,Toys,C0266,337.26,2023-12-01
P054,Books,C0258,39.25,2023-03-26
P002,Clothing,C0710,168.53,2023-04-08
P035,Home,C0911,202.75,2023-02-04
P042,Toys,C0710,231.89,2023-02-01
P040,Books,C0559,470.56,2023-09-01
P055,Electronics,C0869,114.87,2023-02-10
P075,Clothing,C0645,13.42,2023-05-14
P014,Home,C0001,23.48,2023-01-09
P052,Electronics,C0962,84.87,2023-01-30
P088,Electronics,C0466,420.05,2023-07-18
P062,Clothing,C0116,149.15,2023-04-07
P081,Electronics,C0709,96.1,2023-02-17
P092,Toys,C0634,458.91,2023-10-17
P042,Electronics,C0364,170.11,2023-02-17
P017,Toys,C0867,165.55,2023-03-05
P018,Toys,C0690,189.45,2023-05-28
P008,Electronics,C0513,412.07,2023-06-29
P047,Books,C0590,459.96,2023-01-15
P059,Electronics,C0557,278.29,2023-06-07
P093,Toys,C0092,115.85,2023-08-12
P022,Toys,C0771,470.77,2023-10-21
P009,Clothing,C0807,344.0,2023-11-23
P038,Clothing,C0280,356.6,2023-12-21
P052,Toys,C0714,212.28,2023-10-24
P052,Toys,C0014,280.81,2023-10-03
P007,Clothing,C0060,285.97,2023-12-18
P029,Toys,C0826,303.49,2023-06-11
P024,Books,C0069,181.95,2023-01-20
P019,Electronics,C0075,228.34,2023-07-17
P078,Toys,C0425,189.87,2023-03-22
P020,Home,C0880,53.97,2023-05-02
P094,Clothing,C0401,371.92,2023-10-20
P031,Electronics,C0677,149.21,2023-01-31
P062,Electronics,C0637,44.63,2023-02-02
P043,Books,C0406,361.49,2023-06-11
P033,Home,C0288,17.11,2023-09-24
P015,Toys,C0426,469.9,2023-05-26
P087,Home,C0381,93.68,2023-02-17
P086,Clothing,C0110,469.22,2023-04-22
P039,Electronics,C0856,53.01,2023-09-09
P084,Clothing,C0658,13.19,2023-12-30
P055,Books,C0087,164.34,2023-07-29
P005,Clothing,C0738,87.01,2023-10-17
P008,Clothing,C0322,165.1,2023-04-26
P006,Toys,C0013,22.67,2023-01-18
P036,Books,C0026,138.74,2023-03-10
P038,Clothing,C0103,478.78,2023-09-05
P076,Toys,C0336,102.27,2023-11-24
P054,Clothing,C0729,188.87,2023-11-18
P078,Clothing,C0926,202.39,2023-11-30
P081,Clothing,C0388,374.72,2023-08-29
P089,Books,C0962,75.67,2023-05-09
P070,Toys,C0009,250.78,2023-09-16
P005,Clothing,C0404,113.18,2023-03-02
P081,Books,C0120,405.05,2023-02-13
P095,Books,C0813,292.62,2023-01-20
P071,Clothing,C0408,235.85,2023-09-14
P014,Books,C0772,360.67,2023-08-14
P092,Toys,C0473,99.67,2023-12-20
P080,Toys,C0023,390.16,2023-09-18
P007,Clothing,C0556,153.02,2023-09-21
P066,Home,C0495,385.93,2023-09-30
P032,Home,C0047,150.54,2023-07-30
P022,Books,C0238,135.3,2023-01-31
P015,Toys,C0071,31.02,2023-07-29
P068,Electronics,C0007,183.91,2023-02-19
P001,Electronics,C0677,272.13,2023-10-30
P037,Books,C0002,372.37,2023-09-25
P069,Electronics,C0574,237.29,2023-11-29
P080,Home,C0838,185.64,2023-11-06
P096,Toys,C0413,119.35,2023-05-06
P100,Home,C0867,345.17,2023-06-09
P035,Clothing,C0716,328.47,2023-01-12
P002,Home,C0888,160.2,2023-12-13
P010,Clothing,C0128,491.41,2023-07-25
P052,Clothing,C0352,398.74,2023-07-18
P004,Clothing,C0436,486.91,2023-06-10
P058,Home,C0192,47.56,2023-02-19
P100,Clothing,C0322,329.19,2023-08-07
P007,Clothing,C0821,113.94,2023-12-06
P068,Electronics,C0855,409.74,2023-05-02
P002,Toys,C0157,259.83,2023-10-27
P060,Home,C0547,147.06,2023-12-06
P047,Toys,C0702,324.07,2023-02-09
P085,Home,C0421,477.69,2023-08-17
P049,Electronics,C0880,193.52,2023-07-03
P100,Books,C0652,168.59,2023-03-28
P042,Electronics,C0057,356.71,2023-12-21
P031,Home,C0124,382.09,2023-06-05
P034,Electronics,C0585,225.58,2023-01-26
P091,Electronics,C0971,382.19,2023-10-12
P042,Home,C0364,212.54,2023-12-02
P008,Electronics,C0610,472.22,2023-02-02
P044,Electronics,C0028,465.16,2023-11-05
P042,Toys,C0567,135.11,2023-09-16
P028,Home,C0793,313.92,2023-01-20
P094,Toys,C0980,191.5,2023-09-03
P046,Books,C0091,302.82,2023-09-20
P035,Clothing,C0647,118.31,2023-01-27
P018,Books,C0826,475.04,2023-01-23
P075,Toys,C0018,299.41,2023-03-20
P092,Toys,C0912,198.99,2023-03-11
P082,Electronics,C0426,439.29,2023-10-22
P089,Home,C0093,424.7,2023-12-14
P025,Home,C0278,196.51,2023-09-09
P052,Home,C0688,23.68,2023-10-04
P072,Books,C0730,318.81,2023-07-16
P027,Home,C0318,479.18,2023-11-03
P059,Home,C0200,469.35,2023-07-03
P031,Books,C0074,119.63,2023-03-19
P044,Toys,C0902,41.06,2023-03-21
P067,Books,C0438,247.73,2023-09-01
P051,Clothing,C0388,84.32,2023-05-06
P090,Toys,C0124,151.5,2023-04-22
P027,Books,C0036,61.03,2023-08-02
P088,Home,C0875,179.07,2023-08-25
P025,Electronics,C0043,447.4,2023-10-25
P026,Home,C0631,295.36,2023-05-02
P077,Toys,C0521,311.25,2023-04-08
P035,Home,C0792,403.31,2023-10-09
P084,Electronics,C0510,230.38,2023-10-18
P003,Electronics,C0634,272.38,2023-08-28
P028,Clothing,C0621,213.99,2023-08-20
P004,Home,C0342,469.69,2023-03-08
P038,Electronics,C0750,313.22,2023-05-06
P042,Electronics,C0331,173.73,2023-08-28
P063,Toys,C0270,282.69,2023-06-24
P011,Electronics,C0132,206.6,2023-09-01
P057,Books,C0401,320.02,2023-11-13
P044,Home,C0431,361.61,2023-09-05
P013,Electronics,C0037,325.47,2023-08-04
P042,Toys,C0271,285.98,2023-07-27
P028,Toys,C0584,294.79,2023-12-11
P081,Clothing,C0934,291.38,2023-12-23
P098,Clothing,C0533,399.63,2023-07-21
P097,Toys,C0856,32.81,2023-02-22
P021,Books,C0292,383.78,2023-11-10
P040,Toys,C0316,227.49,2023-10-27
P054,Clothing,C0281,395.06,2023-03-19
P036,Books,C0853,415.17,2023-06-10
P090,Electronics,C0112,315.35,2023-12-26
P064,Home,C0893,41.1,2023-10-18
P100,Books,C0667,31.37,2023-02-21
P027,Clothing,C0488,207.83,2023-06-07
P043,Home,C0448,207.45,2023-04-24
P100,Toys,C0515,493.18,2023-04-10
P021,Clothing,C0417,404.56,2023-09-04
P047,Electronics,C0858,171.45,2023-11-03
P095,Books,C0462,403.7,2023-01-13
P089,Home,C0458,223.24,2023-09-07
P038,Clothing,C0402,267.78,2023-07-19
P062,Electronics,C0353,352.88,2023-12-24
P072,Books,C0290,439.03,2023-12-14
P010,Electronics,C0854,142.97,2023-11-27
P047,Electronics,C0679,337.11,2023-11-03
P064,Clothing,C0190,336.42,2023-12-25
P089,Toys,C0527,209.93,2023-11-25
P066,Clothing,C0497,209.67,2023-03-28
P091,Books,C0317,359.77,2023-11-16
P039,Toys,C0291,261.48,2023-01-05
P086,Clothing,C0855,91.47,2023-08-04
P013,Electronics,C0404,155.76,2023-07-26
P053,Home,C0064,322.39,2023-07-17
P036,Clothing,C0484,380.95,2023-12-25
P010,Home,C0179,414.76,2023-05-19
P044,Toys,C0579,200.01,2023-03-29
P027,Books,C0556,497.34,2023-12-21
P057,Clothing,C0107,285.13,2023-03-07
P053,Clothing,C0871,496.28,2023-05-11
P097,Clothing,C0534,289.57,2023-03-17
P007,Clothing,C0902,197.32,2023-11-11
P019,Home,C0282,36.0,2023-08-22
P020,Clothing,C0273,234.77,2023-12-22
P071,Books,C0515,223.84,2023-03-05
P057,Clothing,C0036,186.01,2023-01-29
P093,Books,C0478,457.53,2023-04-30
P093,Books,C0633,369.96,2023-02-03
P044,Home,C0283,157.16,2023-12-03
P024,Toys,C0737,138.6,2023-05-20
P030,Books,C0364,170.25,2023-05-01
P063,Electronics,C0567,28.14,2023-08-23
P028,Electronics,C0300,83.88,2023-10-23
P027,Home,C0502,214.83,2023-06-02
P097,Toys,C0253,38.48,2023-06-16
P092,Toys,C0669,27.47,2023-09-27
P007,Toys,C0762,300.62,2023-07-03
P019,Electronics,C0891,270.09,2023-06-08
P083,Home,C0862,326.65,2023-06-11
P060,Toys,C0684,181.94,2023-07-04
P092,Clothing,C0394,121.83,2023-01-12
P016,Electronics,C0734,90.96,2023-12-31
P079,Clothing,C0936,380.2,2023-05-09
P098,Home,C0162,64.1,2023-12-13
P035,Home,C0989,265.72,2023-03-04
P024,Toys,C0383,18.9,2023-03-11
P007,Books,C0424,193.63,2023-11-27
P066,Books,C0176,115.47,2023-05-17
P059,Toys,C0853,275.78,2023-10-03
P007,Home,C0881,68.67,2023-08-17
P028,Electronics,C0300,383.73,2023-12-30
P031,Clothing,C0613,253.33,2023-04-17
P023,Home,C0985,149.37,2023-11-29
P091,Clothing,C0105,197.94,2023-09-23
P016,Clothing,C0026,42.02,2023-08-19
P060,Electronics,C0206,154.58,2023-07-28
P076,Electronics,C0948,36.29,2023-08-24
P072,Home,C0337,221.63,2023-10-19
P004,Books,C0187,198.63,2023-12-22
P091,Toys,C0424,32.08,2023-02-03
P086,Home,C0704,64.19,2023-04-19
P086,Toys,C0700,421.17,2023-10-04
P077,Electronics,C0350,48.04,2023-06-25
P053,Books,C0174,472.47,2023-04-04
P003,Clothing,C0260,352.16,2023-11-25
P049,Electronics,C0142,145.24,2023-10-21
P014,Books,C0388,341.8,2023-10-17
P096,Toys,C0453,87.93,2023-12-14
P100,Clothing,C0711,338.17,2023-05-28
P084,Clothing,C0351,309.0,2023-02-08
P055,Books,C0668,356.07,2023-01-06
P032,Books,C0431,323.31,2023-02-10
P004,Home,C0782,376.85,2023-06-08
P013,Home,C0950,423.67,2023-11-03
P036,Books,C0323,483.27,2023-12-01
P082,Books,C0777,222.64,2023-11-30
P086,Clothing,C0246,441.93,2023-10-09
P047,Books,C0340,11.86,2023-08-05
P032,Books,C0103,111.51,2023-01-28
P039,Electronics,C0839,413.66,2023-05-26
P033,Home,C0018,203.65,2023-02-19
P036,Electronics,C0011,414.11,2023-04-01
P011,Books,C0594,58.21,2023-02-19
P022,Home,C0292,56.32,2023-06-10
P091,Clothing,C0993,121.79,2023-08-30
P100,Toys,C0321,446.55,2023-05-29
P012,Books,C0875,12.19,2023-04-28
P003,Clothing,C0119,108.42,2023-04-15
P062,Home,C0500,196.76,2023-09-26
P087,Toys,C0409,341.44,2023-07-14
P081,Clothing,C0598,30.91,2023-09-03
P026,Books,C0258,29.1,2023-09-19
P041,Clothing,C0692,10.3,2023-01-02
P002,Electronics,C0477,30.99,2023-01-17
P097,Electronics,C0387,275.2,2023-08-12
P061,Books,C0051,355.6,2023-09-06
P033,Electronics,C0030,97.52,2023-02-27
P019,Toys,C0414,128.89,2023-05-18
P027,Clothing,C0485,339.08,2023-06-25
P033,Electronics,C0545,496.7,2023-03-13
P035,Toys,C0829,156.69,2023-09-19
P096,Toys,C0797,494.0,2023-06-08
P028,Home,C0481,350.14,2023-02-12
P012,Home,C0857,416.37,2023-09-16
P071,Toys,C0760,158.71,2023-07-15
P043,Clothing,C0312,15.47,2023-11-09
P054,Electronics,C0896,357.35,2023-12-12
P036,Toys,C0665,75.81,2023-07-31
P093,Books,C0559,455.7,2023-05-26
P092,Toys,C0852,477.78,2023-03-11
P091,Clothing,C0181,116.15,2023-07-28
P099,Home,C0411,340.99,2023-03-28
P060,Clothing,C0506,451.62,2023-10-29
P053,Books,C0893,288.73,2023-08-07
P059,Electronics,C0918,304.12,2023-01-22
P003,Toys,C0210,385.93,2023-02-03
P046,Toys,C0297,20.12,2023-05-21
P044,Clothing,C0566,170.85,2023-02-17
P055,Toys,C0569,50.97,2023-01-18
P082,Clothing,C0229,115.29,2023-08-28
P059,Home,C0373,100.54,2023-06-13
P051,Books,C0340,471.07,2023-05-21
P030,Electronics,C0126,133.21,2023-12-30
P077,Clothing,C0577,100.27,2023-09-18
P032,Clothing,C0702,241.52,2023-01-21
P012,Home,C0089,39.85,2023-04-30
P029,Toys,C0368,94.43,2023-04-27
P006,Clothing,C0667,319.9,2023-06-02
P072,Clothing,C0037,116.94,2023-08-01
P092,Toys,C0972,449.41,2023-05-11
P075,Electronics,C0017,29.32,2023-03-17
P004,Home,C0023,287.09,2023-09-29
P082,Books,C0873,428.84,2023-11-16
P027,Toys,C0094,20.88,2023-11-15
P011,Electronics,C0903,269.87,2023-10-14
P023,Clothing,C0358,257.54,2023-09-27
P051,Electronics,C0232,244.86,2023-08-25
P079,Electronics,C0938,362.24,2023-08-05
P044,Electronics,C0838,308.39,2023-01-27
P067,Books,C0284,425.03,2023-12-22
P031,Toys,C0509,298.54,2023-07-24
P048,Toys,C0404,288.65,2023-06-25
P078,Toys,C0782,215.6,2023-07-31
P005,Clothing,C0317,207.9,2023-08-06
P061,Toys,C0133,76.76,2023-11-07
P036,Toys,C0203,34.68,2023-06-30
P067,Home,C0613,429.07,2023-04-14
P044,Electronics,C0195,492.85,2023-01-25
P041,Books,C0047,196.25,2023-10-08
P024,Clothing,C0901,224.6,2023-01-17
P027,Electronics,C0144,147.95,2023-01-28
P080,Electronics,C0908,158.57,2023-02-28
P024,Books,C0915,353.77,2023-08-17
P001,Electronics,C0962,282.24,2023-10-31
P027,Home,C0167,187.9,2023-06-10
P060,Clothing,C0396,318.19,2023-02-16
P018,Clothing,C0508,400.46,2023-09-08
P031,Electronics,C0630,371.91,2023-01-07
P058,Books,C0543,469.2,2023-09-23
P065,Toys,C0551,474.67,2023-09-17
P083,Electronics,C0648,68.77,2023-12-17
P007,Toys,C0972,69.04,2023-06-03
P029,Home,C0529,193.92,2023-10-06
P028,Toys,C0797,111.24,2023-09-09
P094,Toys,C0214,470.47,2023-09-16
P013,Home,C0536,206.36,2023-05-22
P078,Books,C0574,255.39,2023-12-21
P011,Toys,C0964,265.88,2023-01-10
P007,Toys,C0030,143.28,2023-07-13
P021,Clothing,C0495,69.84,2023-11-08
P094,Toys,C0653,97.1,2023-09-18
P058,Books,C0698,135.54,2023-05-09
P067,Books,C0369,134.85,2023-04-06
P065,Clothing,C0076,322.61,2023-08-12
P072,Home,C0851,14.4,2023-05-08
P025,Toys,C0016,301.84,2023-04-08
P055,Books,C0222,439.84,2023-03-10
P095,Clothing,C0400,56.86,2023-02-02
P083,Electronics,C0962,285.31,2023-12-31
P017,Electronics,C0208,190.59,2023-08-13
P030,Home,C0539,141.05,2023-02-21
P051,Electronics,C0476,388.28,2023-08-08
P063,Home,C0514,65.0,2023-08-11
P013,Books,C0261,389.81,2023-12-08
P026,Clothing,C0357,363.1,2023-12-19
P023,Clothing,C0345,145.4,2023-07-15
P035,Home,C0677,73.41,2023-08-19
P088,Home,C0915,405.34,2023-03-27
P043,Toys,C0896,298.88,2023-09-04
P034,Home,C0487,35.17,2023-03-16
P040,Clothing,C0122,261.38,2023-01-14
P011,Toys,C0281,66.25,2023-01-25
P042,Toys,C0401,37.42,2023-10-30
P095,Electronics,C0772,19.84,2023-02-16
P076,Home,C0270,150.57,2023-06-06
P003,Electronics,C0882,255.13,2023-08-26
P065,Clothing,C0072,496.39,2023-03-07
P061,Books,C0425,434.41,2023-12-27
P022,Toys,C0164,18.61,2023-06-03
P096,Toys,C0758,117.47,2023-01-18
P005,Books,C0834,57.04,2023-06-08
P076,Books,C0955,406.79,2023-12-25
P084,Home,C0255,50.45,2023-10-19
P081,Toys,C0651,358.22,2023-12-14
P066,Home,C0851,138.38,2023-04-02
P030,Electronics,C0659,341.18,2023-12-01
P022,Clothing,C0039,313.24,2023-09-30
P016,Clothing,C0503,230.44,2023-04-08
P055,Electronics,C0577,201.76,2023-04-01
P097,Books,C0425,123.09,2023-03-23
P091,Electronics,C0134,213.02,2023-02-26
P075,Books,C0718,73.74,2023-05-16
P097,Toys,C0452,434.37,2023-01-01
P081,Books,C0703,13.04,2023-02-06
P091,Electronics,C0175,227.98,2023-09-08
P041,Clothing,C0777,181.07,2023-05-01
P077,Electronics,C0726,46.45,2023-03-10
P039,Clothing,C0100,54.48,2023-10-30
P018,Toys,C0781,76.87,2023-03-04
P014,Books,C0625,286.59,2023-09-26
P050,Home,C0915,494.79,2023-06-13
P065,Books,C0767,345.82,2023-04-27
P042,Clothing,C0903,448.3,2023-01-28
P076,Clothing,C0509,380.89,2023-07-27
P072,Toys,C0297,33.81,2023-08-19
P034,Home,C0903,29.12,2023-07-26
P089,Home,C0021,209.38,2023-01-25
P007,Home,C0606,141.3,2023-08-02
P071,Books,C0110,396.52,2023-12-02
P040,Home,C0522,159.7,2023-04-13
P025,Home,C0902,181.55,2023-02-20
P059,Clothing,C0167,274.04,2023-05-26
P070,Books,C0777,250.07,2023-07-09
P028,Toys,C0575,487.41,2023-08-26
P082,Toys,C0783,218.86,2023-03-27
P022,Books,C0174,383.68,2023-02-22
P027,Books,C0462,15.34,2023-11-14
P077,Electronics,C0526,327.53,2023-07-30
P087,Toys,C0830,487.22,2023-12-09
P008,Toys,C0376,28.42,2023-11-14
P022,Electronics,C0313,301.22,2023-03-25
P100,Electronics,C0077,430.81,2023-04-29
P089,Electronics,C0609,76.77,2023-09-21
P025,Toys,C0256,463.0,2023-11-22
P068,Books,C0120,168.17,2023-12-25
P045,Clothing,C0893,140.04,2023-03-14
P047,Books,C0651,45.25,2023-10-04
P011,Toys,C0498,57.39,2023-03-28
P056,Books,C0550,121.04,2023-05-20
P036,Toys,C0836,137.53,2023-02-07
P050,Home,C0537,99.95,2023-05-04
P064,Electronics,C0044,488.68,2023-04-07
P043,Books,C0500,364.8,2023-07-17
P022,Home,C0497,449.69,2023-06-03
P043,Clothing,C0650,28.28,2023-03-06
P031,Electronics,C0838,155.63,2023-11-01
P028,Books,C0070,211.93,2023-02-19
P072,Electronics,C0679,362.93,2023-06-03
P046,Clothing,C0638,336.44,2023-10-11
P089,Electronics,C0560,375.56,2023-06-27
P020,Toys,C0888,309.56,2023-10-08
P093,Electronics,C0716,122.71,2023-03-24
P026,Clothing,C0358,191.63,2023-09-17
P085,Books,C0420,45.14,2023-12-11
P017,Toys,C0361,199.02,2023-04-03
P022,Books,C0617,288.45,2023-03-08
P037,Electronics,C0289,168.75,2023-11-16
P097,Electronics,C0505,56.96,2023-12-22
P006,Books,C0083,221.74,2023-08-20
P013,Electronics,C0758,106.31,2023-06-28
P062,Books,C0008,185.36,2023-06-22
P051,Electronics,C0894,480.15,2023-08-10
P001,Books,C0961,325.97,2023-02-09
P055,Home,C0120,456.31,2023-09-27
P098,Toys,C0785,191.56,2023-04-14
P018,Clothing,C0426,457.93,2023-02-03
P057,Books,C0061,281.27,2023-04-16
P056,Home,C0789,488.73,2023-02-25
P085,Toys,C0461,94.57,2023-04-12
P076,Clothing,C0593,293.77,2023-07-21
P005,Clothing,C0048,189.71,2023-11-14
P018,Electronics,C0733,240.2,2023-04-10
P019,Books,C0108,86.27,2023-02-23
P010,Books,C0827,346.37,2023-04-07
P090,Books,C0786,82.7,2023-02-08
P024,Toys,C0582,25.22,2023-08-28
P027,Toys,C0764,459.5,2023-04-14
P097,Home,C0040,129.61,2023-03-09
P050,Books,C0309,248.77,2023-08-30
P034,Electronics,C0018,170.06,2023-12-30
P010,Clothing,C0126,369.26,2023-02-05
P005,Books,C0292,283.54,2023-12-15
P067,Home,C0016,319.19,2023-06-06
P095,Electronics,C0323,114.46,2023-10-27
P011,Electronics,C0689,220.75,2023-07-25
P060,Electronics,C0248,405.55,2023-01-13
P043,Electronics,C0666,257.3,2023-08-20
P070,Electronics,C0675,212.78,2023-10-29
P097,Home,C0053,222.04,2023-06-17
P078,Toys,C0246,413.38,2023-09-27
P022,Home,C0739,195.92,2023-04-08
P002,Electronics,C0720,467.75,2023-02-12
P017,Electronics,C0191,355.05,2023-08-11
P056,Clothing,C0958,496.55,2023-09-25
P052,Electronics,C0488,346.99,2023-11-13
P093,Toys,C0686,177.96,2023-09-27
P043,Books,C0721,85.4,2023-05-23
P056,Home,C0315,413.16,2023-09-13
P024,Home,C0047,56.59,2023-02-16
P016,Toys,C0423,248.79,2023-11-04
P078,Electronics,C0850,292.7,2023-04-06
P060,Clothing,C0415,264.76,2023-05-08
P016,Toys,C0911,466.62,2023-05-29
P079,Books,C0137,263.23,2023-07-01
P033,Toys,C0844,255.31,2023-07-18
P026,Electronics,C0865,381.78,2023-12-01
P060,Books,C0443,43.41,2023-10-02
P017,Home,C0717,233.24,2023-09-17
P087,Electronics,C0974,97.62,2023-02-26
P047,Toys,C0767,20.28,2023-09-22
P048,Home,C0427,436.73,2023-03-08
P028,Electronics,C0400,367.26,2023-03-01
P027,Books,C0324,287.73,2023-03-09
P037,Clothing,C0163,290.17,2023-08-09
P070,Home,C0293,44.84,2023-09-10
P080,Electronics,C0084,31.91,2023-02-04
P002,Home,C0511,257.3,2023-10-19
P048,Electronics,C0629,253.46,2023-02-08
P025,Books,C0500,20.65,2023-08-27
P005,Clothing,C0768,457.96,2023-07-23
P034,Clothing,C0787,300.32,2023-01-26
P002,Electronics,C0771,21.39,2023-05-17
P097,Clothing,C0964,179.26,2023-11-04
P010,Toys,C0567,442.44,2023-02-04
P067,Home,C0778,259.62,2023-10-13
P042,Toys,C0152,364.26,2023-04-28
P021,Electronics,C0647,435.78,2023-03-23
P018,Books,C0839,283.98,2023-03-03
P065,Books,C0052,208.77,2023-09-19
P012,Books,C0006,205.07,2023-07-10
P028,Books,C0339,142.46,2023-07-21
P082,Home,C0542,186.12,2023-03-09
P071,Toys,C0659,69.46,2023-12-31
P043,Home,C0337,241.33,2023-08-31
P021,Electronics,C0448,470.62,2023-10-08
P062,Clothing,C0180,227.91,2023-01-30
P021,Home,C0886,351.19,2023-10-11
P037,Home,C0075,326.42,2023-06-08
P067,Home,C0007,208.29,2023-04-28
P032,Home,C0033,179.77,2023-08-09
P067,Home,C0952,67.82,2023-10-20
P022,Home,C0410,85.49,2023-01-15
P058,Toys,C0087,441.7,2023-12-12
P063,Home,C0230,414.32,2023-11-26
P052,Clothing,C0486,226.51,2023-02-07
P060,Clothing,C0543,140.58,2023-03-13
P068,Books,C0187,80.25,2023-11-30
P087,Books,C0937,187.69,2023-07-12
P100,Electronics,C0523,228.5,2023-05-19
P097,Electronics,C0951,389.15,2023-02-27
P055,Books,C0890,312.48,2023-09-22
P047,Electronics,C0769,225.31,2023-12-16
P017,Electronics,C0427,341.43,2023-08-26
P083,Toys,C0848,192.96,2023-01-30
P022,Toys,C0983,360.6,2023-11-09
P027,Books,C0730,25.42,2023-12-12
P027,Books,C0398,138.15,2023-02-08
P041,Books,C0226,322.11,2023-03-17
P023,Toys,C0449,253.05,2023-10-19
P051,Home,C0181,418.78,2023-12-31
P074,Home,C0987,238.76,2023-12-08
P053,Toys,C0582,465.99,2023-01-23
P001,Books,C0144,265.52,2023-03-10
P062,Books,C0431,192.14,2023-09-03
P013,Home,C0181,242.24,2023-02-02
P066,Clothing,C0083,230.87,2023-09-13
P073,Home,C0574,159.16,2023-06-18
P078,Clothing,C0010,387.05,2023-08-13
P099,Toys,C0376,335.21,2023-12-12
P096,Clothing,C0814,48.36,2023-12-15
P081,Clothing,C0421,252.71,2023-09-04
P014,Toys,C0082,86.11,2023-04-29
P014,Toys,C0516,315.16,2023-10-02
P049,Electronics,C0320,151.87,2023-08-18
P036,Toys,C0727,398.39,2023-05-31
P028,Books,C0249,485.75,2023-02-21
P085,Home,C0176,126.27,2023-11-20
P069,Clothing,C0921,417.11,2023-06-06
P040,Home,C0378,11.15,2023-08-03
P009,Electronics,C0523,174.07,2023-05-26
P090,Electronics,C0317,181.13,2023-03-20
P052,Home,C0308,341.64,2023-04-06
P036,Books,C0010,114.33,2023-03-14
P026,Clothing,C0324,219.8,2023-05-22
P047,Toys,C0326,271.83,2023-04-07
P100,Books,C0127,331.99,2023-08-16
P035,Books,C0847,67.94,2023-02-21
P056,Electronics,C0138,82.15,2023-06-26
P070,Electronics,C0460,241.43,2023-06-04
P006,Clothing,C0005,295.22,2023-05-25
P047,Home,C0607,276.74,2023-05-19
P079,Books,C0611,74.93,2023-10-21
P078,Electronics,C0106,34.7,2023-01-12
P055,Books,C0739,14.02,2023-02-24
P059,Books,C0593,13.25,2023-05-15
P062,Home,C0168,493.65,2023-10-14
P042,Electronics,C0184,208.83,2023-09-28
P014,Books,C0102,290.05,2023-01-15
P034,Home,C0860,465.01,2023-10-10
P012,Books,C0159,114.53,2023-12-24
P077,Electronics,C0992,235.5,2023-06-28
P089,Toys,C0399,202.67,2023-07-04
P076,Books,C0531,486.93,2023-02-18
P055,Clothing,C0783,258.89,2023-04-22
P049,Home,C0796,443.75,2023-12-19
P056,Home,C0246,176.53,2023-08-17
P056,Toys,C0804,378.73,2023-01-28
P051,Home,C0175,68.15,2023-03-11
P045,Books,C0791,73.19,2023-04-12
P001,Books,C0532,364.59,2023-11-28
P049,Electronics,C0815,199.47,2023-08-06
P087,Books,C0827,191.84,2023-06-22
P033,Books,C0503,487.45,2023-07-31
P036,Books,C0655,171.3,2023-05-12
P054,Toys,C0077,224.56,2023-02-17
P076,Books,C0886,419.92,2023-03-15
P089,Electronics,C0614,345.15,2023-02-11
P065,Books,C0627,277.59,2023-02-18
P045,Home,C0605,212.96,2023-04-26
P050,Books,C0096,478.36,2023-03-23
P065,Electronics,C0908,138.22,2023-06-14
P096,Electronics,C0392,498.15,2023-03-22
P081,Home,C0557,12.99,2023-06-28
P011,Electronics,C0121,397.71,2023-04-28
P042,Clothing,C0540,57.86,2023-05-08
P040,Home,C0503,106.86,2023-05-08
P046,Clothing,C0319,179.65,2023-04-11
P083,Books,C0303,259.74,2023-05-07
P065,Books,C0707,243.96,2023-02-23
P075,Books,C0933,291.26,2023-05-29
P055,Toys,C0618,35.47,2023-08-20
P088,Clothing,C0382,274.71,2023-04-25
P054,Books,C0857,296.4,2023-09-19
P017,Toys,C0591,403.45,2023-10-19
P006,Clothing,C0977,167.04,2023-03-18
P016,Electronics,C0615,278.19,2023-08-25
P079,Books,C0119,21.29,2023-11-29
P025,Books,C0715,159.67,2023-08-02
P017,Home,C0966,26.37,2023-06-17
P051,Clothing,C0510,43.76,2023-04-18
P043,Toys,C0670,264.19,2023-04-14
P055,Electronics,C0240,436.17,2023-06-02
P076,Books,C0395,119.23,2023-09-25
P064,Books,C0927,75.83,2023-02-08
P063,Home,C0752,172.97,2023-12-25
P097,Toys,C0123,141.22,2023-07-11
P019,Clothing,C0996,393.74,2023-03-09
P007,Home,C0307,305.78,2023-03-21
P100,Home,C0362,473.21,2023-08-23
P039,Books,C0042,318.76,2023-10-18
P070,Home,C0482,390.91,2023-11-27
P047,Toys,C0456,463.78,2023-02-07
P029,Toys,C0811,135.95,2023-05-24
P062,Electronics,C0878,339.86,2023-02-02
P096,Toys,C0839,99.24,2023-09-21
P087,Electronics,C0631,103.6,2023-11-09
P088,Electronics,C0611,123.21,2023-09-08
P091,Toys,C0362,267.88,2023-03-28
P073,Electronics,C0191,365.27,2023-04-27
P013,Books,C0313,354.67,2023-10-18
P015,Home,C0230,376.84,2023-07-12
P008,Toys,C0437,25.68,2023-07-04
P020,Toys,C0321,192.41,2023-03-28
P066,Books,C0325,173.96,2023-09-28
P009,Toys,C0786,490.7,2023-02-10
P086,Books,C0371,480.42,2023-09-24
P029,Clothing,C0004,229.95,2023-03-12
P062,Electronics,C0273,129.89,2023-11-29
P017,Books,C0431,207.81,2023-02-01
P018,Clothing,C0155,201.29,2023-03-12
P088,Toys,C0027,340.97,2023-05-13
P045,Home,C0874,415.02,2023-11-10
P083,Clothing,C0019,90.83,2023-01-08
P066,Clothing,C0541,306.1,2023-07-12
P091,Books,C0432,320.26,2023-08-14
P072,Books,C0761,463.11,2023-12-30
P043,Clothing,C0503,391.31,2023-03-20
P053,Toys,C0556,273.08,2023-06-02
P013,Electronics,C0112,222.01,2023-07-27
P086,Books,C0929,93.52,2023-09-28
P004,Electronics,C0012,293.3,2023-01-17
P059,Electronics,C0032,207.85,2023-06-16
P041,Clothing,C0237,173.93,2023-09-17
P075,Electronics,C0377,102.12,2023-09-06
P085,Electronics,C0574,139.45,2023-07-31
P040,Books,C0637,252.26,2023-01-21
P096,Home,C0648,224.43,2023-04-01
P078,Clothing,C0402,489.54,2023-02-16
P085,Home,C0100,38.66,2023-05-19
P030,Books,C0901,314.71,2023-06-21
P056,Home,C0963,146.0,2023-12-17
P041,Electronics,C0717,104.36,2023-01-21
P001,Books,C0498,64.64,2023-07-27
P073,Books,C0220,44.44,2023-05-31
P024,Books,C0650,219.89,2023-03-06
P053,Home,C0602,35.06,2023-07-21
P069,Electronics,C0224,360.35,2023-12-02
P019,Clothing,C0466,68.19,2023-04-23
P020,Clothing,C0494,17.43,2023-04-11
P013,Clothing,C0974,262.86,2023-12-29
P046,Clothing,C0955,176.69,2023-01-25
P087,Books,C0095,122.87,2023-04-18
P061,Home,C0584,356.74,2023-06-21
P023,Electronics,C0390,303.19,2023-06-20
P079,Toys,C0925,466.42,2023-08-09
P015,Electronics,C0751,435.06,2023-02-24
P011,Books,C0955,289.02,2023-02-13
P006,Electronics,C0496,399.91,2023-10-23
P024,Toys,C0441,328.69,2023-09-27
P008,Clothing,C0461,210.25,2023-08-13
P006,Electronics,C0458,369.08,2023-10-17
P031,Books,C0823,394.64,2023-05-05
P024,Books,C0402,384.97,2023-05-23
P063,Home,C0484,168.74,2023-10-14
P032,Books,C0955,124.26,2023-02-04
P007,Electronics,C0930,172.32,2023-12-04
P041,Books,C0417,277.67,2023-09-20
P073,Clothing,C0282,46.58,2023-10-08
P005,Clothing,C0833,151.37,2023-11-13
P065,Home,C0253,360.49,2023-10-01
P012,Books,C0160,126.66,2023-10-20
P083,Clothing,C0522,492.49,2023-04-18
P069,Clothing,C0955,369.03,2023-01-19
P024,Clothing,C0280,109.94,2023-05-31
P018,Books,C0708,375.77,2023-10-16
P026,Clothing,C0846,60.47,2023-01-26
P012,Home,C0371,205.31,2023-11-03
P058,Home,C0171,479.97,2023-01-22
P038,Toys,C0687,42.07,2023-11-08
P013,Clothing,C0583,344.42,2023-04-01
P095,Home,C0624,479.75,2023-10-07
P083,Clothing,C0108,200.23,2023-03-01
P066,Toys,C0085,41.17,2023-03-30
P033,Electronics,C0535,309.32,2023-06-20
P074,Home,C0968,283.65,2023-06-09
P015,Toys,C0150,386.63,2023-05-12
P096,Books,C0118,401.34,2023-09-22
P028,Clothing,C0803,414.82,2023-10-08
P035,Electronics,C0050,320.06,2023-03-22
P048,Electronics,C0627,377.15,2023-05-27
P001,Home,C0807,139.6,2023-02-24
P015,Books,C0378,431.35,2023-09-04
P015,Home,C0780,463.73,2023-11-22
P094,Toys,C0636,50.54,2023-09-07
P059,Home,C0076,444.88,2023-05-24
P040,Toys,C0893,204.22,2023-12-10
P089,Toys,C0069,379.46,2023-10-30
P095,Clothing,C0180,204.08,2023-10-12
P007,Clothing,C0947,93.93,2023-12-18
P062,Toys,C0373,308.47,2023-01-20
P053,Home,C0935,174.09,2023-04-22
P054,Home,C0565,231.19,2023-10-25
P038,Home,C0141,460.32,2023-07-15
P083,Home,C0904,232.9,2023-03-15
P065,Electronics,C0603,256.8,2023-08-13
P003,Electronics,C0481,361.09,2023-06-15
P069,Clothing,C0080,256.67,2023-01-06
P031,Electronics,C0212,33.02,2023-02-16
P096,Electronics,C0570,51.84,2023-07-25
P062,Home,C0955,65.24,2023-05-11
P046,Clothing,C0740,250.29,2023-06-27
P059,Home,C0491,495.28,2023-07-05
P020,Home,C0269,118.27,2023-01-16
P096,Toys,C0204,484.05,2023-06-01
P095,Clothing,C0580,196.31,2023-11-23
P016,Books,C0557,348.49,2023-09-16
P095,Toys,C0606,91.26,2023-01-25
P078,Home,C0922,180.75,2023-02-02
P017,Books,C0295,40.56,2023-06-03
P077,Books,C0445,80.65,2023-11-30
P059,Clothing,C0804,169.97,2023-06-04
P059,Electronics,C0928,111.62,2023-01-21
P035,Books,C0707,306.53,2023-03-04
P025,Home,C0008,268.11,2023-06-02
P068,Electronics,C0552,479.6,2023-11-05
P033,Clothing,C0276,361.55,2023-06-15
P021,Clothing,C0394,243.58,2023-05-03
P056,Home,C0717,248.13,2023-05-26
P068,Clothing,C0882,34.53,2023-07-25
P075,Clothing,C0879,384.52,2023-05-18
P029,Home,C0704,116.07,2023-11-10
P063,Books,C0037,371.81,2023-08-05
P080,Home,C0534,115.85,2023-09-13
P082,Clothing,C0161,95.49,2023-05-19
P077,Home,C0541,416.11,2023-01-15
P027,Electronics,C0484,499.12,2023-11-22
P043,Home,C0489,45.64,2023-05-23
P049,Electronics,C0003,38.61,2023-04-21
P037,Clothing,C0957,297.43,2023-03-27
P089,Home,C0800,30.34,2023-03-26
P100,Books,C0479,404.7,2023-08-17
P017,Books,C0107,485.02,2023-04-19
P039,Electronics,C0989,298.52,2023-04-05
P074,Home,C0988,480.53,2023-04-06
P072,Home,C0989,136.84,2023-06-14
P078,Clothing,C0097,155.37,2023-08-07
P022,Home,C0646,434.22,2023-05-17
P039,Books,C0177,488.53,2023-04-30
P053,Clothing,C0321,485.27,2023-02-08
P045,Clothing,C0212,412.83,2023-04-05
P041,Clothing,C0929,377.23,2023-08-18
P058,Books,C0123,198.28,2023-04-15
P001,Electronics,C0171,274.23,2023-09-26
P060,Books,C0064,400.62,2023-01-26
P080,Electronics,C0689,487.9,2023-06-03
P072,Toys,C0225,169.18,2023-06-13
P071,Home,C0934,261.91,2023-07-13
P098,Toys,C0690,61.34,2023-09-23
P096,Clothing,C0887,457.28,2023-06-12
P012,Electronics,C0610,430.23,2023-07-24
P009,Clothing,C0663,277.68,2023-05-18
P089,Clothing,C0573,120.45,2023-06-11
P067,Home,C0493,468.28,2023-01-25
P091,Books,C0084,263.75,2023-01-07
P009,Home,C0452,104.86,2023-07-22
P085,Home,C0687,100.87,2023-03-22
P045,Toys,C0301,485.57,2023-12-04
P022,Home,C0877,474.71,2023-08-25
P057,Electronics,C0473,151.62,2023-11-05
P018,Clothing,C0213,144.75,2023-08-06
P020,Books,C0303,188.06,2023-01-16
P004,Books,C0728,58.07,2023-03-17
P088,Books,C0524,357.21,2023-07-17
P048,Clothing,C0008,168.14,2023-10-21
P030,Home,C0069,351.94,2023-05-25
P098,Toys,C0142,498.19,2023-04-29
P055,Electronics,C0490,390.42,2023-10-09
P009,Clothing,C0420,498.7,2023-04-27
P068,Books,C0011,353.73,2023-09-04
P069,Home,C0440,46.87,2023-11-29
P092,Books,C0471,163.07,2023-09-16
P012,Home,C0381,175.29,2023-05-21
P052,Clothing,C0703,429.91,2023-09-24
P019,Home,C0840,399.71,2023-03-21
P080,Clothing,C0354,105.08,2023-03-10
P053,Clothing,C0633,439.98,2023-01-11
P047,Toys,C0850,314.11,2023-06-23
P061,Home,C0741,340.0,2023-07-19
P058,Books,C0422,247.08,2023-04-12
P079,Books,C0496,168.86,2023-10-17
P060,Clothing,C0735,434.66,2023-05-13
