transaction_id,transaction_date,country,customer_id,amount,currency,channel,status
0,2024-03-22,DE,25,3708.01,EUR,ONLINE,POSTED
1,2024-01-14,BE,89,2952.87,EUR,ATM,POSTED
2,2024-01-28,IT,517,3010.49,GBP,ONLINE,REVERSED
3,2024-03-24,BE,429,1102.98,GBP,BRANCH,POSTED
4,2024-01-21,MA,348,1390.08,EUR,BRANCH,POSTED
5,2024-01-12,MA,99,1795.54,USD,BRANCH,POSTED
6,2024-02-28,BE,127,4865.61,USD,ATM,REVERSED
7,2024-02-07,PT,906,4308.67,GBP,ONLINE,REVERSED
8,2024-01-09,FR,677,1140.26,USD,ATM,POSTED
9,2024-01-13,MA,284,2267.6,USD,ONLINE,PENDING
10,2024-02-15,IT,686,1335.62,GBP,ATM,REVERSED
11,2024-03-22,ES,546,3645.9,EUR,MOBILE,PENDING
12,2024-02-04,BE,224,3423.39,EUR,ONLINE,POSTED
13,2024-02-10,MA,274,331.88,GBP,BRANCH,POSTED
14,2024-03-24,NL,405,4423.53,GBP,MOBILE,POSTED
15,2024-02-03,ES,252,3725.2,GBP,BRANCH,REVERSED
16,2024-03-15,MA,919,2918.08,USD,ONLINE,POSTED
17,2024-03-06,NL,93,3779.16,EUR,ONLINE,REVERSED
18,2024-01-21,MA,610,318.58,USD,MOBILE,REVERSED
19,2024-02-02,BE,881,4712.21,GBP,ATM,REVERSED
20,2024-03-09,US,787,3205.17,EUR,BRANCH,PENDING
21,2024-01-21,NL,3,4769.13,GBP,BRANCH,REVERSED
22,2024-01-23,BE,934,532.95,GBP,BRANCH,REVERSED
23,2024-03-05,PT,203,765.04,EUR,ATM,REVERSED
24,2024-02-11,NL,19,560.23,USD,BRANCH,POSTED
25,2024-01-08,IT,899,2837.22,EUR,ATM,REVERSED
26,2024-03-03,DE,778,2664.0,EUR,ONLINE,REVERSED
27,2024-03-01,BE,169,1326.02,GBP,MOBILE,POSTED
28,2024-03-10,IT,730,1559.27,GBP,BRANCH,PENDING
29,2024-03-07,NL,123,1240.28,EUR,BRANCH,POSTED
30,2024-03-16,BE,235,2942.61,EUR,ATM,REVERSED
31,2024-03-21,FR,234,337.93,EUR,BRANCH,POSTED
32,2024-03-06,IT,285,3345.22,EUR,ONLINE,REVERSED
33,2024-03-14,PT,484,1215.74,USD,MOBILE,POSTED
34,2024-01-13,DE,674,2155.82,USD,MOBILE,PENDING
35,2024-01-07,DE,62,2013.7,USD,ATM,POSTED
36,2024-01-25,IT,549,2243.62,USD,ONLINE,PENDING
37,2024-02-29,IT,895,4616.4,USD,ATM,POSTED
38,2024-03-24,BE,856,74.77,EUR,ONLINE,POSTED
39,2024-02-22,NL,492,1069.52,USD,ATM,POSTED
40,2024-02-18,FR,399,1326.75,USD,BRANCH,PENDING
41,2024-03-30,BE,677,3592.32,EUR,ONLINE,PENDING
42,2024-01-28,FR,593,3678.95,EUR,BRANCH,POSTED
43,2024-01-07,PT,488,2514.75,GBP,ONLINE,POSTED
44,2024-03-06,DE,871,929.94,GBP,ATM,REVERSED
45,2024-01-31,MA,122,4708.04,GBP,ONLINE,REVERSED
46,2024-03-17,FR,634,410.84,GBP,BRANCH,PENDING
47,2024-01-27,UK,244,1328.81,EUR,BRANCH,PENDING
48,2024-02-10,DE,9,2291.97,GBP,ATM,POSTED
49,2024-03-09,IT,518,1326.74,USD,ATM,POSTED
50,2024-02-17,US,161,2191.48,GBP,BRANCH,REVERSED
51,2024-03-24,BE,8,3339.65,GBP,BRANCH,REVERSED
52,2024-01-14,ES,270,578.03,EUR,ONLINE,PENDING
53,2024-02-06,PT,215,3588.34,EUR,BRANCH,REVERSED
54,2024-03-03,US,927,4540.89,EUR,ATM,REVERSED
55,2024-02-24,US,45,18.72,EUR,BRANCH,POSTED
56,2024-02-26,BE,722,2139.01,EUR,ATM,POSTED
57,2024-03-29,ES,558,181.1,USD,ONLINE,PENDING
58,2024-01-17,FR,315,1823.89,EUR,BRANCH,POSTED
59,2024-03-28,IT,682,514.87,GBP,MOBILE,REVERSED
60,2024-01-20,IT,885,813.35,EUR,MOBILE,POSTED
61,2024-01-23,UK,801,4654.15,GBP,ONLINE,PENDING
62,2024-01-21,DE,391,4360.96,USD,ONLINE,POSTED
63,2024-02-28,UK,312,4102.86,EUR,ONLINE,POSTED
64,2024-03-25,IT,408,1641.98,EUR,BRANCH,PENDING
65,2024-03-23,BE,409,3397.91,GBP,BRANCH,POSTED
66,2024-01-15,US,182,2903.37,USD,ATM,POSTED
67,2024-03-17,MA,353,3643.0,USD,MOBILE,REVERSED
68,2024-03-06,DE,394,4497.62,EUR,BRANCH,POSTED
69,2024-02-25,FR,532,4627.95,GBP,ONLINE,PENDING
70,2024-02-25,DE,971,3321.52,USD,BRANCH,REVERSED
71,2024-01-16,US,519,1547.11,USD,BRANCH,PENDING
72,2024-03-30,US,567,637.31,USD,MOBILE,REVERSED
73,2024-01-23,PT,582,1505.45,GBP,ATM,PENDING
74,2024-02-06,IT,440,3929.01,GBP,BRANCH,PENDING
75,2024-02-26,NL,691,1069.29,USD,ONLINE,REVERSED
76,2024-01-11,US,527,3319.61,GBP,BRANCH,POSTED
77,2024-01-31,US,230,4033.01,EUR,ATM,POSTED
78,2024-02-01,NL,625,4248.84,EUR,MOBILE,PENDING
79,2024-03-21,PT,199,3592.01,USD,MOBILE,PENDING
80,2024-02-01,ES,671,3438.42,EUR,MOBILE,POSTED
81,2024-01-23,BE,475,252.04,EUR,ATM,PENDING
82,2024-01-18,NL,683,2656.13,GBP,BRANCH,PENDING
83,2024-03-19,BE,436,4153.02,GBP,MOBILE,POSTED
84,2024-03-01,NL,265,3759.13,GBP,BRANCH,REVERSED
85,2024-03-03,IT,281,2199.92,GBP,BRANCH,POSTED
86,2024-02-04,UK,327,4465.24,EUR,ONLINE,POSTED
87,2024-01-30,MA,710,764.87,EUR,ATM,PENDING
88,2024-02-22,UK,555,2330.16,EUR,ONLINE,PENDING
89,2024-02-19,PT,968,3477.92,GBP,MOBILE,PENDING
90,2024-01-01,UK,305,3767.62,USD,ONLINE,PENDING
91,2024-01-29,US,446,2428.72,USD,BRANCH,REVERSED
92,2024-03-27,MA,741,826.06,USD,ONLINE,REVERSED
93,2024-03-09,FR,928,1970.71,GBP,ATM,POSTED
94,2024-03-23,MA,138,4334.39,EUR,ATM,PENDING
95,2024-02-18,UK,216,2274.04,USD,MOBILE,PENDING
96,2024-02-23,US,854,410.45,EUR,ATM,PENDING
97,2024-01-29,DE,799,4786.47,EUR,ATM,POSTED
98,2024-01-26,FR,636,762.76,EUR,MOBILE,REVERSED
99,2024-01-15,PT,970,1090.6,GBP,BRANCH,PENDING
100,2024-01-22,PT,621,4818.71,GBP,ATM,POSTED
101,2024-02-09,DE,592,129.37,USD,MOBILE,PENDING
102,2024-01-26,DE,606,3453.38,GBP,ONLINE,POSTED
103,2024-03-30,US,870,3421.61,EUR,ATM,PENDING
104,2024-03-09,MA,677,1853.48,GBP,BRANCH,POSTED
105,2024-02-23,NL,108,2168.18,USD,MOBILE,REVERSED
106,2024-01-20,MA,180,3669.24,GBP,BRANCH,REVERSED
107,2024-03-09,NL,476,2178.44,GBP,BRANCH,PENDING
108,2024-02-01,DE,285,4408.27,EUR,MOBILE,REVERSED
109,2024-03-19,MA,344,144.47,USD,ONLINE,PENDING
110,2024-01-28,UK,816,1292.5,USD,BRANCH,REVERSED
111,2024-01-02,BE,970,956.09,EUR,MOBILE,PENDING
112,2024-03-12,IT,707,2380.99,GBP,MOBILE,PENDING
113,2024-01-03,DE,301,1108.76,GBP,ONLINE,PENDING
114,2024-03-25,PT,377,2366.83,GBP,BRANCH,PENDING
115,2024-03-11,UK,360,3514.57,USD,BRANCH,PENDING
116,2024-01-30,DE,738,963.73,EUR,ONLINE,POSTED
117,2024-01-28,NL,283,3623.2,GBP,BRANCH,POSTED
118,2024-01-25,US,232,1805.04,USD,ATM,REVERSED
119,2024-03-09,ES,280,228.53,EUR,BRANCH,REVERSED
120,2024-01-17,NL,105,4363.73,GBP,BRANCH,PENDING
121,2024-03-02,NL,348,922.63,EUR,BRANCH,PENDING
122,2024-01-15,DE,410,2459.24,GBP,ATM,POSTED
123,2024-01-20,PT,971,1519.87,EUR,ATM,REVERSED
124,2024-02-23,PT,610,3953.91,EUR,MOBILE,PENDING
125,2024-02-26,US,880,2943.04,USD,BRANCH,REVERSED
126,2024-03-20,FR,624,4800.58,EUR,ONLINE,REVERSED
127,2024-01-28,US,676,406.86,EUR,ONLINE,REVERSED
128,2024-01-10,ES,2,2043.18,GBP,MOBILE,PENDING
129,2024-01-05,IT,295,3535.07,GBP,MOBILE,POSTED
130,2024-03-28,IT,946,1323.51,GBP,ONLINE,PENDING
131,2024-01-15,BE,230,3238.53,USD,ONLINE,POSTED
132,2024-01-08,ES,811,1538.75,GBP,BRANCH,PENDING
133,2024-01-16,NL,705,1521.15,USD,BRANCH,REVERSED
134,2024-03-10,NL,448,403.13,EUR,MOBILE,REVERSED
135,2024-02-11,PT,256,130.3,EUR,ATM,REVERSED
136,2024-02-04,PT,41,3815.78,EUR,MOBILE,REVERSED
137,2024-03-24,NL,938,1391.5,GBP,MOBILE,REVERSED
138,2024-03-03,DE,481,1740.46,USD,BRANCH,REVERSED
139,2024-01-14,ES,337,2058.81,USD,BRANCH,REVERSED
140,2024-02-21,BE,37,2274.67,USD,BRANCH,PENDING
141,2024-01-15,MA,885,2573.47,EUR,MOBILE,PENDING
142,2024-01-07,IT,530,1809.54,USD,MOBILE,POSTED
143,2024-01-27,US,562,655.94,USD,MOBILE,REVERSED
144,2024-03-03,DE,29,4865.76,GBP,ONLINE,REVERSED
145,2024-01-21,US,564,69.36,USD,ATM,POSTED
146,2024-01-15,NL,969,588.21,EUR,MOBILE,REVERSED
147,2024-02-07,BE,722,1367.85,USD,MOBILE,POSTED
148,2024-02-28,BE,148,1918.55,GBP,ONLINE,POSTED
149,2024-02-05,MA,348,4671.31,GBP,BRANCH,POSTED
150,2024-02-06,US,857,2935.1,GBP,MOBILE,POSTED
151,2024-02-27,BE,495,1726.27,GBP,MOBILE,PENDING
152,2024-02-11,IT,714,1194.79,USD,ONLINE,PENDING
153,2024-01-06,UK,762,2365.41,USD,MOBILE,REVERSED
154,2024-03-24,ES,507,4824.16,EUR,BRANCH,POSTED
155,2024-02-26,DE,538,4552.3,EUR,ONLINE,PENDING
156,2024-03-24,ES,76,2347.98,USD,BRANCH,REVERSED
157,2024-03-29,MA,665,402.5,USD,MOBILE,PENDING
158,2024-03-21,NL,893,2705.54,GBP,ATM,POSTED
159,2024-03-21,US,232,3734.09,USD,ATM,REVERSED
160,2024-01-13,NL,170,3470.31,EUR,ATM,PENDING
161,2024-01-08,US,367,1874.83,EUR,ONLINE,REVERSED
162,2024-02-22,PT,698,3962.8,EUR,ONLINE,POSTED
163,2024-03-19,MA,634,3415.99,USD,ONLINE,POSTED
164,2024-02-29,US,470,1277.38,EUR,MOBILE,PENDING
165,2024-03-27,BE,161,370.24,USD,BRANCH,REVERSED
166,2024-02-24,US,467,4226.67,EUR,MOBILE,PENDING
167,2024-01-14,IT,390,2860.04,GBP,BRANCH,REVERSED
168,2024-02-07,FR,849,3291.49,USD,ATM,REVERSED
169,2024-03-28,FR,932,3032.43,USD,BRANCH,POSTED
170,2024-03-18,UK,224,3183.45,GBP,BRANCH,REVERSED
171,2024-03-25,ES,643,486.72,GBP,ATM,PENDING
172,2024-02-26,FR,593,1824.94,EUR,ATM,PENDING
173,2024-02-11,MA,179,1004.77,GBP,BRANCH,REVERSED
174,2024-03-05,US,850,823.56,USD,BRANCH,REVERSED
175,2024-02-13,DE,479,4814.5,EUR,ONLINE,REVERSED
176,2024-03-27,MA,990,4228.88,GBP,BRANCH,POSTED
177,2024-02-20,FR,270,2683.32,USD,BRANCH,REVERSED
178,2024-03-27,US,598,1905.75,GBP,BRANCH,POSTED
179,2024-03-27,IT,482,126.1,GBP,BRANCH,REVERSED
180,2024-01-29,DE,650,4119.45,GBP,BRANCH,REVERSED
181,2024-02-22,DE,143,227.69,EUR,BRANCH,PENDING
182,2024-01-15,DE,240,4436.41,EUR,MOBILE,PENDING
183,2024-02-17,BE,429,2937.11,GBP,ONLINE,PENDING
184,2024-03-24,DE,853,2447.25,USD,BRANCH,POSTED
185,2024-03-29,UK,222,2217.47,EUR,BRANCH,POSTED
186,2024-03-28,UK,557,4508.58,GBP,BRANCH,POSTED
187,2024-02-20,US,194,4841.07,USD,ATM,REVERSED
188,2024-01-28,PT,994,107.77,USD,ONLINE,POSTED
189,2024-03-13,IT,70,4149.26,GBP,ONLINE,REVERSED
190,2024-01-28,IT,336,3872.07,GBP,ATM,PENDING
191,2024-01-19,ES,553,1254.02,EUR,ATM,REVERSED
192,2024-01-04,ES,15,1791.85,EUR,BRANCH,POSTED
193,2024-01-23,US,53,634.67,USD,ATM,REVERSED
194,2024-01-09,NL,459,3890.31,GBP,ATM,PENDING
195,2024-03-05,IT,968,3075.92,GBP,BRANCH,PENDING
196,2024-03-23,FR,62,4992.94,USD,MOBILE,REVERSED
197,2024-01-14,NL,729,4548.59,EUR,ATM,PENDING
198,2024-03-18,ES,67,631.83,GBP,BRANCH,PENDING
199,2024-03-17,BE,301,2269.12,GBP,MOBILE,POSTED
200,2024-03-30,DE,873,3273.91,GBP,ONLINE,PENDING
201,2024-02-27,IT,423,1695.32,USD,MOBILE,PENDING
202,2024-01-13,UK,437,1563.31,USD,BRANCH,POSTED
203,2024-03-28,NL,68,457.03,EUR,ATM,PENDING
204,2024-01-13,UK,831,651.45,EUR,BRANCH,REVERSED
205,2024-01-16,MA,362,4368.16,USD,ATM,PENDING
206,2024-03-17,US,360,518.9,GBP,ONLINE,POSTED
207,2024-03-25,NL,229,4236.53,USD,BRANCH,POSTED
208,2024-02-05,PT,231,4036.3,GBP,ATM,REVERSED
209,2024-03-25,US,29,902.9,GBP,BRANCH,PENDING
210,2024-02-14,FR,185,4349.44,GBP,MOBILE,POSTED
211,2024-01-19,FR,93,3730.81,EUR,MOBILE,PENDING
212,2024-02-28,UK,161,1850.9,GBP,BRANCH,REVERSED
213,2024-03-17,DE,904,263.99,EUR,ATM,REVERSED
214,2024-01-11,US,453,3310.03,USD,MOBILE,PENDING
215,2024-02-04,IT,773,2562.22,USD,MOBILE,POSTED
216,2024-02-06,PT,498,2635.14,USD,ATM,POSTED
217,2024-02-20,PT,56,39.43,USD,ONLINE,POSTED
218,2024-02-02,US,335,600.8,USD,MOBILE,POSTED
219,2024-01-17,MA,545,3518.65,GBP,BRANCH,POSTED
220,2024-02-20,FR,446,94.69,EUR,BRANCH,REVERSED
221,2024-02-24,PT,414,3547.79,USD,BRANCH,POSTED
222,2024-02-21,FR,989,1624.52,GBP,MOBILE,REVERSED
223,2024-02-16,DE,447,4222.58,EUR,MOBILE,REVERSED
224,2024-02-21,BE,80,1979.44,USD,BRANCH,POSTED
225,2024-02-12,ES,78,2552.91,EUR,ONLINE,PENDING
226,2024-02-14,ES,241,514.92,USD,ONLINE,POSTED
227,2024-03-18,ES,778,3796.0,EUR,ONLINE,REVERSED
228,2024-03-04,NL,772,2819.11,GBP,MOBILE,REVERSED
229,2024-03-13,PT,330,4321.37,GBP,BRANCH,POSTED
230,2024-02-26,DE,480,2211.6,USD,BRANCH,REVERSED
231,2024-01-08,UK,519,371.88,USD,MOBILE,POSTED
232,2024-01-08,UK,851,1436.1,GBP,ATM,REVERSED
233,2024-03-17,BE,393,2314.1,GBP,ATM,PENDING
234,2024-03-14,IT,329,3025.42,GBP,ONLINE,POSTED
235,2024-02-27,DE,830,4495.74,USD,ATM,REVERSED
236,2024-03-23,ES,40,1239.47,USD,MOBILE,REVERSED
237,2024-03-07,PT,162,1820.13,USD,MOBILE,PENDING
238,2024-02-13,PT,53,3946.35,GBP,BRANCH,POSTED
239,2024-02-12,DE,571,3392.22,USD,BRANCH,REVERSED
240,2024-03-25,PT,894,752.72,EUR,ONLINE,PENDING
241,2024-02-09,MA,132,2975.61,EUR,BRANCH,REVERSED
242,2024-02-18,UK,832,639.84,GBP,ATM,REVERSED
243,2024-03-26,MA,520,1809.78,USD,BRANCH,POSTED
244,2024-01-28,UK,970,3831.01,EUR,ONLINE,POSTED
245,2024-01-20,DE,302,4222.3,EUR,ATM,REVERSED
246,2024-02-13,PT,134,2986.63,EUR,ONLINE,POSTED
247,2024-03-29,PT,828,4513.38,GBP,MOBILE,POSTED
248,2024-02-22,UK,692,3598.21,USD,BRANCH,REVERSED
249,2024-02-27,IT,546,1196.6,USD,ONLINE,PENDING
250,2024-03-27,PT,451,2308.94,USD,MOBILE,REVERSED
251,2024-03-08,MA,989,811.13,EUR,ONLINE,PENDING
252,2024-01-07,NL,895,1856.69,EUR,ATM,PENDING
253,2024-01-11,ES,279,2247.15,GBP,ONLINE,PENDING
254,2024-01-12,IT,836,2256.19,USD,ATM,PENDING
255,2024-01-07,MA,514,1870.43,USD,ATM,PENDING
256,2024-01-29,FR,326,4654.2,GBP,BRANCH,POSTED
257,2024-01-18,FR,293,4587.06,USD,ONLINE,REVERSED
258,2024-03-01,NL,630,27.25,EUR,ATM,PENDING
259,2024-01-28,ES,561,4701.19,GBP,MOBILE,POSTED
260,2024-02-06,IT,308,610.12,EUR,MOBILE,REVERSED
261,2024-03-20,NL,64,555.18,USD,ATM,REVERSED
262,2024-03-06,PT,247,3593.0,USD,MOBILE,POSTED
263,2024-03-19,UK,246,2853.75,EUR,ATM,REVERSED
264,2024-02-16,DE,976,2630.77,GBP,ATM,PENDING
265,2024-03-01,FR,650,1935.02,USD,BRANCH,REVERSED
266,2024-01-03,UK,807,338.73,EUR,ATM,REVERSED
267,2024-02-12,ES,45,1762.14,USD,ONLINE,REVERSED
268,2024-02-29,NL,646,912.21,EUR,ATM,REVERSED
269,2024-02-28,FR,300,1008.75,EUR,ATM,PENDING
270,2024-02-09,BE,407,4945.62,GBP,MOBILE,PENDING
271,2024-01-05,IT,292,1785.51,EUR,BRANCH,PENDING
272,2024-01-16,UK,447,4447.54,GBP,MOBILE,PENDING
273,2024-02-13,ES,508,3460.65,USD,BRANCH,POSTED
274,2024-02-24,DE,440,3012.66,EUR,BRANCH,PENDING
275,2024-01-14,DE,335,3304.94,USD,MOBILE,REVERSED
276,2024-02-24,ES,706,2220.1,USD,ATM,REVERSED
277,2024-02-15,PT,445,1373.5,EUR,ATM,REVERSED
278,2024-03-22,MA,372,2565.92,GBP,ONLINE,POSTED
279,2024-01-19,PT,694,3906.78,EUR,ONLINE,POSTED
280,2024-01-31,UK,370,1914.89,GBP,ATM,REVERSED
281,2024-01-20,NL,971,1855.45,USD,ATM,REVERSED
282,2024-01-18,BE,375,1990.77,GBP,BRANCH,POSTED
283,2024-01-15,FR,753,931.05,GBP,MOBILE,REVERSED
284,2024-01-16,US,793,1302.19,USD,ONLINE,REVERSED
285,2024-02-06,NL,204,614.06,EUR,MOBILE,POSTED
286,2024-02-26,DE,829,3409.96,USD,BRANCH,REVERSED
287,2024-01-09,BE,555,1452.52,USD,ONLINE,REVERSED
288,2024-03-30,ES,812,1808.1,EUR,ATM,POSTED
289,2024-01-18,IT,809,2470.62,USD,BRANCH,PENDING
290,2024-03-11,ES,626,4421.35,EUR,BRANCH,PENDING
291,2024-03-02,BE,420,3846.05,GBP,ATM,POSTED
292,2024-02-10,DE,460,2329.7,GBP,BRANCH,POSTED
293,2024-03-11,PT,186,3839.14,EUR,MOBILE,REVERSED
294,2024-01-08,DE,530,765.92,EUR,ONLINE,PENDING
295,2024-01-29,UK,970,4704.58,USD,ATM,PENDING
296,2024-01-26,BE,281,626.73,USD,ATM,REVERSED
297,2024-03-23,ES,606,4708.09,EUR,ONLINE,REVERSED
298,2024-03-20,PT,345,4212.81,GBP,ATM,POSTED
299,2024-01-11,FR,971,3207.63,GBP,BRANCH,REVERSED
300,2024-01-27,PT,426,3090.92,EUR,MOBILE,REVERSED
301,2024-03-10,US,657,4783.29,USD,ONLINE,REVERSED
302,2024-02-21,US,464,365.79,EUR,ONLINE,PENDING
303,2024-02-23,NL,475,1020.91,GBP,ONLINE,PENDING
304,2024-02-10,UK,998,1994.18,USD,ATM,PENDING
305,2024-01-31,NL,125,1338.09,EUR,ONLINE,POSTED
306,2024-01-07,US,968,1921.37,GBP,MOBILE,POSTED
307,2024-01-21,UK,956,2888.86,USD,ONLINE,POSTED
308,2024-03-04,BE,478,2494.3,USD,MOBILE,POSTED
309,2024-01-12,MA,517,2286.7,EUR,ONLINE,REVERSED
310,2024-02-15,FR,51,1407.5,GBP,MOBILE,PENDING
311,2024-03-09,FR,867,538.38,EUR,BRANCH,REVERSED
312,2024-02-16,MA,374,227.17,EUR,ONLINE,PENDING
313,2024-03-11,US,75,1932.36,USD,BRANCH,REVERSED
314,2024-03-28,PT,121,644.19,EUR,MOBILE,PENDING
315,2024-02-13,BE,961,1828.67,EUR,ONLINE,REVERSED
316,2024-03-06,MA,512,202.23,EUR,ONLINE,REVERSED
317,2024-02-12,NL,531,2285.49,GBP,ONLINE,PENDING
318,2024-03-19,UK,166,1965.38,GBP,BRANCH,REVERSED
319,2024-02-13,BE,848,2549.06,USD,BRANCH,PENDING
320,2024-01-03,UK,339,3369.36,USD,BRANCH,REVERSED
321,2024-03-29,FR,611,2373.48,GBP,ONLINE,REVERSED
322,2024-01-07,PT,491,853.39,GBP,MOBILE,POSTED
323,2024-03-28,IT,32,2863.28,GBP,ATM,POSTED
324,2024-01-03,NL,321,2094.48,USD,ONLINE,PENDING
325,2024-03-05,PT,942,2358.56,GBP,ATM,REVERSED
326,2024-01-18,BE,212,2804.87,GBP,MOBILE,REVERSED
327,2024-02-18,UK,979,866.74,GBP,BRANCH,REVERSED
328,2024-02-15,US,624,2421.42,EUR,BRANCH,REVERSED
329,2024-02-08,IT,964,4864.58,USD,BRANCH,REVERSED
330,2024-01-27,NL,324,2399.54,GBP,BRANCH,PENDING
331,2024-01-16,PT,692,2716.41,USD,BRANCH,POSTED
332,2024-02-07,FR,294,4776.61,EUR,BRANCH,PENDING
333,2024-03-24,US,765,2395.92,EUR,BRANCH,REVERSED
334,2024-03-30,US,140,547.02,GBP,ONLINE,POSTED
335,2024-01-07,BE,231,3190.08,EUR,ATM,PENDING
336,2024-02-12,NL,102,3406.28,EUR,ATM,REVERSED
337,2024-01-21,MA,668,4675.23,USD,MOBILE,REVERSED
338,2024-01-26,US,328,1427.79,EUR,ATM,REVERSED
339,2024-03-14,IT,547,3693.69,EUR,ONLINE,PENDING
340,2024-01-23,FR,856,1985.58,USD,ONLINE,REVERSED
341,2024-02-07,FR,9,1492.66,GBP,ATM,PENDING
342,2024-02-06,NL,656,2716.96,USD,ONLINE,REVERSED
343,2024-02-29,US,197,4044.26,USD,ONLINE,REVERSED
344,2024-02-28,US,735,931.81,GBP,BRANCH,PENDING
345,2024-03-13,IT,179,3055.16,GBP,MOBILE,PENDING
346,2024-03-06,UK,88,2004.77,EUR,ONLINE,POSTED
347,2024-03-02,UK,958,1240.99,USD,MOBILE,POSTED
348,2024-02-27,US,976,1648.8,GBP,ATM,PENDING
349,2024-03-24,UK,709,1182.28,GBP,ATM,PENDING
350,2024-02-09,ES,415,3430.68,GBP,BRANCH,REVERSED
351,2024-01-16,US,376,3073.51,EUR,ONLINE,PENDING
352,2024-01-20,NL,765,4944.2,USD,MOBILE,REVERSED
353,2024-03-11,NL,775,2688.05,GBP,ONLINE,POSTED
354,2024-03-28,PT,894,3937.07,GBP,MOBILE,REVERSED
355,2024-02-16,DE,939,2821.28,EUR,ONLINE,REVERSED
356,2024-03-09,ES,168,1641.26,GBP,MOBILE,POSTED
357,2024-03-28,IT,734,2916.16,EUR,MOBILE,POSTED
358,2024-02-28,ES,525,2077.71,GBP,ATM,REVERSED
359,2024-02-29,US,740,109.83,USD,ATM,REVERSED
360,2024-01-28,PT,74,227.4,USD,ATM,REVERSED
361,2024-01-08,DE,956,2360.88,USD,MOBILE,POSTED
362,2024-01-18,MA,383,4964.29,USD,MOBILE,PENDING
363,2024-02-18,DE,699,4820.76,GBP,ONLINE,REVERSED
364,2024-02-14,DE,182,4964.24,USD,ONLINE,REVERSED
365,2024-01-29,FR,774,114.65,USD,MOBILE,REVERSED
366,2024-03-10,MA,544,1897.0,EUR,ONLINE,PENDING
367,2024-02-14,ES,282,943.21,GBP,ATM,POSTED
368,2024-03-25,MA,629,3830.5,EUR,ONLINE,POSTED
369,2024-01-09,DE,608,168.85,GBP,ATM,POSTED
370,2024-01-06,MA,449,1172.46,EUR,ATM,POSTED
371,2024-03-05,US,239,4079.12,GBP,BRANCH,REVERSED
372,2024-03-17,UK,242,1509.52,EUR,ONLINE,PENDING
373,2024-02-08,US,62,2784.03,GBP,ONLINE,REVERSED
374,2024-03-27,MA,569,2478.61,USD,MOBILE,REVERSED
375,2024-02-10,MA,418,746.94,USD,ONLINE,REVERSED
376,2024-03-01,IT,869,1127.5,GBP,ONLINE,PENDING
377,2024-01-08,BE,422,4838.96,GBP,ONLINE,PENDING
378,2024-02-01,US,208,1651.98,EUR,MOBILE,PENDING
379,2024-01-12,BE,741,4147.2,EUR,BRANCH,PENDING
380,2024-03-27,PT,617,198.7,EUR,ONLINE,REVERSED
381,2024-03-26,BE,222,2397.49,USD,BRANCH,POSTED
382,2024-01-28,IT,985,3707.63,GBP,MOBILE,POSTED
383,2024-03-30,PT,720,1023.36,EUR,BRANCH,PENDING
384,2024-02-18,NL,546,3243.96,USD,BRANCH,PENDING
385,2024-03-06,NL,477,493.94,GBP,MOBILE,PENDING
386,2024-01-27,UK,320,2070.24,GBP,ONLINE,REVERSED
387,2024-01-19,FR,267,2767.0,GBP,MOBILE,PENDING
388,2024-01-20,IT,337,1150.86,GBP,ONLINE,PENDING
389,2024-03-11,UK,263,3817.04,USD,MOBILE,PENDING
390,2024-01-22,UK,173,700.65,GBP,MOBILE,POSTED
391,2024-03-10,FR,536,170.08,EUR,ATM,POSTED
392,2024-02-22,ES,862,3153.88,EUR,ONLINE,POSTED
393,2024-01-28,BE,466,1866.63,GBP,MOBILE,REVERSED
394,2024-03-03,FR,6,2661.53,USD,ATM,POSTED
395,2024-03-08,US,548,4887.42,EUR,MOBILE,POSTED
396,2024-01-14,DE,536,745.34,EUR,BRANCH,PENDING
397,2024-02-04,MA,80,1865.88,USD,MOBILE,REVERSED
398,2024-02-01,IT,307,3420.52,EUR,ATM,POSTED
399,2024-02-21,MA,386,2763.95,EUR,ATM,REVERSED
400,2024-01-22,DE,511,4226.8,GBP,BRANCH,REVERSED
401,2024-01-13,BE,941,213.72,EUR,MOBILE,PENDING
402,2024-01-06,DE,700,4628.0,GBP,ATM,POSTED
403,2024-02-10,FR,984,1036.58,EUR,MOBILE,POSTED
404,2024-02-08,ES,577,1203.12,USD,BRANCH,PENDING
405,2024-01-18,DE,512,3727.54,USD,ATM,POSTED
406,2024-02-25,IT,858,381.02,GBP,MOBILE,PENDING
407,2024-01-04,US,802,4962.94,USD,ONLINE,PENDING
408,2024-03-11,MA,442,929.5,GBP,MOBILE,POSTED
409,2024-03-20,US,817,1233.0,EUR,ATM,PENDING
410,2024-01-20,MA,728,3919.67,EUR,MOBILE,PENDING
411,2024-02-16,DE,93,26.97,USD,MOBILE,PENDING
412,2024-02-04,DE,135,437.4,USD,MOBILE,REVERSED
413,2024-03-12,BE,417,517.36,EUR,BRANCH,REVERSED
414,2024-01-12,PT,612,3922.41,USD,ATM,PENDING
415,2024-02-22,MA,797,424.41,GBP,ONLINE,REVERSED
416,2024-03-07,ES,701,1904.28,EUR,BRANCH,PENDING
417,2024-02-04,NL,149,317.27,USD,BRANCH,PENDING
418,2024-02-08,NL,801,385.53,USD,ONLINE,REVERSED
419,2024-03-21,NL,608,3083.73,USD,ATM,POSTED
420,2024-02-08,FR,971,1979.06,GBP,MOBILE,PENDING
421,2024-02-26,UK,440,4077.56,GBP,ONLINE,PENDING
422,2024-02-11,PT,970,3476.77,USD,BRANCH,POSTED
423,2024-02-20,UK,298,3674.64,GBP,MOBILE,REVERSED
424,2024-02-01,UK,385,1402.22,USD,BRANCH,POSTED
425,2024-03-13,IT,606,4986.33,EUR,ATM,REVERSED
426,2024-02-29,IT,448,3988.63,GBP,ATM,PENDING
427,2024-03-27,NL,142,3167.05,EUR,BRANCH,REVERSED
428,2024-01-20,MA,808,1885.58,USD,MOBILE,REVERSED
429,2024-02-21,BE,518,4617.56,GBP,MOBILE,REVERSED
430,2024-01-05,UK,718,4477.61,GBP,ATM,POSTED
431,2024-02-01,UK,170,3235.35,EUR,MOBILE,PENDING
432,2024-02-25,DE,10,493.93,EUR,ONLINE,PENDING
433,2024-02-17,MA,474,3861.94,GBP,ONLINE,PENDING
434,2024-01-04,NL,107,1477.87,EUR,ATM,REVERSED
435,2024-01-19,UK,319,1715.99,EUR,MOBILE,PENDING
436,2024-03-01,DE,448,3610.25,USD,BRANCH,POSTED
437,2024-02-08,FR,829,3554.18,EUR,BRANCH,REVERSED
438,2024-01-14,ES,952,4919.52,EUR,ONLINE,REVERSED
439,2024-01-21,UK,573,2132.42,USD,ONLINE,PENDING
440,2024-03-21,ES,190,3202.75,USD,MOBILE,POSTED
441,2024-03-19,IT,460,2961.42,USD,ATM,REVERSED
442,2024-01-28,IT,285,3761.88,EUR,ATM,REVERSED
443,2024-01-24,UK,333,986.17,EUR,BRANCH,REVERSED
444,2024-03-03,BE,989,3195.9,GBP,MOBILE,REVERSED
445,2024-02-20,PT,116,1740.28,USD,ONLINE,REVERSED
446,2024-02-08,PT,604,424.68,EUR,BRANCH,POSTED
447,2024-01-31,US,119,916.04,GBP,ONLINE,REVERSED
448,2024-02-19,MA,610,690.2,USD,MOBILE,POSTED
449,2024-03-03,BE,710,4595.89,EUR,ONLINE,PENDING
450,2024-02-06,ES,191,1573.59,USD,ATM,PENDING
451,2024-01-02,NL,139,976.45,USD,MOBILE,PENDING
452,2024-03-28,NL,425,3551.0,USD,MOBILE,POSTED
453,2024-01-11,PT,31,3979.61,EUR,BRANCH,POSTED
454,2024-02-05,IT,550,1444.06,USD,MOBILE,REVERSED
455,2024-03-06,DE,586,571.92,GBP,BRANCH,REVERSED
456,2024-01-06,NL,559,1093.49,USD,ATM,REVERSED
457,2024-03-24,IT,304,4374.17,EUR,MOBILE,PENDING
458,2024-02-14,DE,449,4326.59,EUR,ONLINE,POSTED
459,2024-03-16,UK,881,3554.06,GBP,MOBILE,POSTED
460,2024-03-19,ES,803,1033.89,EUR,ATM,REVERSED
461,2024-02-14,BE,287,2984.69,EUR,BRANCH,REVERSED
462,2024-02-07,US,586,1337.45,GBP,ATM,POSTED
463,2024-02-22,FR,283,4335.37,EUR,ONLINE,POSTED
464,2024-01-19,UK,848,1238.53,GBP,MOBILE,PENDING
465,2024-01-19,PT,647,1344.32,USD,MOBILE,PENDING
466,2024-01-10,DE,412,2578.55,USD,BRANCH,PENDING
467,2024-03-03,UK,595,13.36,GBP,ATM,REVERSED
468,2024-02-28,UK,870,317.59,GBP,MOBILE,POSTED
469,2024-02-24,IT,506,1343.42,USD,BRANCH,REVERSED
470,2024-03-14,ES,579,4262.26,USD,ATM,POSTED
471,2024-01-13,NL,16,622.06,EUR,MOBILE,PENDING
472,2024-01-01,MA,207,4978.47,EUR,BRANCH,POSTED
473,2024-02-05,DE,670,1802.82,EUR,BRANCH,REVERSED
474,2024-03-24,ES,53,1982.31,USD,ONLINE,PENDING
475,2024-03-24,DE,720,476.82,EUR,MOBILE,POSTED
476,2024-01-17,PT,231,2597.7,USD,ATM,POSTED
477,2024-03-30,UK,836,603.85,USD,ONLINE,PENDING
478,2024-01-10,IT,392,447.57,EUR,ATM,PENDING
479,2024-02-17,US,140,1914.22,EUR,ONLINE,POSTED
480,2024-03-08,PT,8,3051.99,EUR,MOBILE,PENDING
481,2024-01-28,ES,941,2059.14,GBP,MOBILE,POSTED
482,2024-01-12,DE,143,3762.48,GBP,MOBILE,PENDING
483,2024-02-24,UK,810,700.01,USD,ATM,POSTED
484,2024-03-11,PT,614,3606.18,USD,ATM,REVERSED
485,2024-02-08,IT,530,3035.03,EUR,MOBILE,PENDING
486,2024-03-23,FR,802,4489.66,EUR,MOBILE,PENDING
487,2024-01-15,IT,511,3190.77,EUR,ATM,PENDING
488,2024-02-10,ES,396,4304.21,GBP,MOBILE,PENDING
489,2024-03-10,ES,781,2355.6,EUR,ATM,REVERSED
490,2024-01-09,FR,268,1079.5,EUR,MOBILE,REVERSED
491,2024-02-06,BE,785,2077.74,GBP,MOBILE,POSTED
492,2024-03-22,BE,550,3080.62,USD,ATM,PENDING
493,2024-01-11,BE,943,1016.78,EUR,BRANCH,PENDING
494,2024-03-16,DE,317,3493.68,GBP,ONLINE,POSTED
495,2024-02-01,DE,946,2172.98,USD,ATM,PENDING
496,2024-03-26,ES,122,64.31,EUR,ATM,POSTED
497,2024-03-04,UK,535,2586.6,GBP,BRANCH,POSTED
498,2024-02-17,ES,767,3905.84,USD,ATM,POSTED
499,2024-02-12,MA,278,2619.75,USD,ATM,PENDING
500,2024-02-28,BE,368,278.14,GBP,ONLINE,PENDING
501,2024-01-21,US,791,515.42,GBP,ATM,POSTED
502,2024-03-06,FR,45,4293.59,EUR,ONLINE,POSTED
503,2024-03-01,UK,392,4601.21,EUR,ATM,REVERSED
504,2024-03-24,MA,229,1609.69,USD,BRANCH,PENDING
505,2024-01-10,PT,381,597.89,GBP,ATM,POSTED
506,2024-01-29,BE,47,4770.44,EUR,MOBILE,PENDING
507,2024-02-09,UK,88,2765.9,EUR,BRANCH,POSTED
508,2024-02-07,PT,803,1520.24,GBP,ONLINE,PENDING
509,2024-02-17,PT,995,2467.31,EUR,ONLINE,POSTED
510,2024-01-01,MA,24,1165.76,USD,ATM,PENDING
511,2024-01-01,MA,869,3690.68,USD,ATM,POSTED
512,2024-03-08,IT,429,2460.65,EUR,ONLINE,REVERSED
513,2024-02-05,DE,44,4606.45,GBP,MOBILE,REVERSED
514,2024-02-17,NL,997,3739.75,GBP,ATM,REVERSED
515,2024-01-18,MA,76,2959.89,EUR,MOBILE,REVERSED
516,2024-01-17,IT,298,1305.69,USD,MOBILE,REVERSED
517,2024-02-11,UK,463,1360.51,EUR,ONLINE,POSTED
518,2024-03-15,DE,159,529.18,USD,MOBILE,PENDING
519,2024-02-22,DE,548,1792.08,EUR,MOBILE,PENDING
520,2024-02-29,US,872,600.45,EUR,BRANCH,REVERSED
521,2024-03-30,PT,41,1075.89,USD,ONLINE,POSTED
522,2024-02-01,UK,405,2567.78,GBP,BRANCH,PENDING
523,2024-01-23,FR,974,2022.56,USD,ONLINE,POSTED
524,2024-02-29,DE,823,3969.25,EUR,ATM,POSTED
525,2024-01-29,ES,202,4118.54,USD,ATM,REVERSED
526,2024-03-16,US,939,4063.92,EUR,ATM,POSTED
527,2024-03-23,NL,828,644.83,USD,ATM,POSTED
528,2024-02-29,FR,172,4620.73,USD,MOBILE,PENDING
529,2024-01-04,MA,699,2133.89,USD,ONLINE,POSTED
530,2024-02-05,US,456,4417.24,EUR,ONLINE,REVERSED
531,2024-02-07,NL,421,4414.01,USD,ATM,POSTED
532,2024-02-05,MA,140,2096.75,GBP,ONLINE,REVERSED
533,2024-03-10,FR,391,3909.8,USD,MOBILE,REVERSED
534,2024-03-03,UK,934,2828.69,USD,MOBILE,PENDING
535,2024-01-24,FR,326,2985.98,EUR,BRANCH,POSTED
536,2024-03-01,BE,366,3834.44,EUR,ONLINE,POSTED
537,2024-02-01,IT,272,2668.91,GBP,ATM,POSTED
538,2024-03-14,MA,363,4676.09,EUR,ONLINE,POSTED
539,2024-03-16,UK,825,3690.79,USD,ATM,REVERSED
540,2024-03-30,UK,970,2838.69,EUR,ONLINE,PENDING
541,2024-03-10,US,179,2452.69,EUR,ATM,POSTED
542,2024-03-18,IT,20,2632.72,EUR,BRANCH,REVERSED
543,2024-01-26,ES,348,3584.97,USD,ATM,POSTED
544,2024-01-19,PT,721,4586.2,EUR,BRANCH,POSTED
545,2024-02-17,MA,600,506.06,USD,BRANCH,POSTED
546,2024-01-21,MA,810,3196.69,USD,BRANCH,POSTED
547,2024-03-12,PT,805,1784.77,GBP,ONLINE,PENDING
548,2024-02-09,US,130,889.36,EUR,MOBILE,REVERSED
549,2024-01-05,ES,616,1591.77,GBP,ONLINE,REVERSED
550,2024-03-13,DE,959,2481.43,USD,ATM,POSTED
551,2024-02-14,UK,171,3181.3,EUR,BRANCH,PENDING
552,2024-01-02,US,214,1248.45,EUR,BRANCH,PENDING
553,2024-01-14,FR,49,1930.3,GBP,MOBILE,POSTED
554,2024-02-22,NL,902,1894.18,GBP,MOBILE,POSTED
555,2024-03-02,PT,666,3791.46,EUR,ONLINE,PENDING
556,2024-01-10,FR,301,101.37,USD,ATM,POSTED
557,2024-02-13,ES,909,1877.91,GBP,ATM,REVERSED
558,2024-01-12,UK,608,4926.4,USD,ATM,PENDING
559,2024-03-24,ES,621,4448.88,EUR,ATM,POSTED
560,2024-02-12,IT,997,950.73,GBP,BRANCH,REVERSED
561,2024-02-06,US,243,480.48,USD,MOBILE,POSTED
562,2024-01-07,UK,3,2138.6,USD,MOBILE,POSTED
563,2024-01-13,FR,211,854.99,USD,ATM,PENDING
564,2024-01-15,US,803,1987.94,USD,BRANCH,POSTED
565,2024-03-23,BE,396,925.22,USD,BRANCH,POSTED
566,2024-02-27,FR,269,2199.26,USD,ONLINE,PENDING
567,2024-03-13,FR,154,3761.42,GBP,ATM,POSTED
568,2024-03-26,UK,827,2707.7,GBP,ONLINE,REVERSED
569,2024-01-08,MA,838,2613.39,GBP,MOBILE,REVERSED
570,2024-01-31,NL,306,395.7,GBP,ATM,REVERSED
571,2024-03-14,BE,819,2857.86,GBP,ONLINE,POSTED
572,2024-02-27,ES,971,4921.86,EUR,ONLINE,POSTED
573,2024-01-06,MA,80,4941.41,USD,ONLINE,REVERSED
574,2024-01-19,PT,264,1599.43,GBP,ATM,POSTED
575,2024-02-19,BE,406,2760.72,USD,MOBILE,POSTED
576,2024-03-30,PT,601,2613.29,USD,ATM,PENDING
577,2024-01-20,ES,580,2940.08,EUR,ATM,REVERSED
578,2024-01-13,US,888,2678.63,USD,MOBILE,PENDING
579,2024-02-19,NL,585,3045.2,EUR,ONLINE,PENDING
580,2024-02-21,ES,633,3043.67,GBP,MOBILE,POSTED
581,2024-02-20,UK,707,1188.66,GBP,MOBILE,PENDING
582,2024-02-17,FR,345,4087.11,USD,BRANCH,PENDING
583,2024-03-03,DE,995,4344.63,EUR,BRANCH,REVERSED
584,2024-02-26,UK,275,3644.27,GBP,ATM,POSTED
585,2024-02-26,IT,935,4120.02,GBP,MOBILE,REVERSED
586,2024-02-17,FR,527,3957.66,EUR,BRANCH,REVERSED
587,2024-03-05,MA,138,3902.8,GBP,ATM,POSTED
588,2024-01-25,IT,857,289.08,EUR,MOBILE,POSTED
589,2024-02-16,IT,280,1842.39,USD,MOBILE,REVERSED
590,2024-01-16,FR,247,1862.96,GBP,MOBILE,POSTED
591,2024-03-01,PT,564,1749.45,EUR,BRANCH,REVERSED
592,2024-03-29,DE,291,138.22,EUR,ONLINE,REVERSED
593,2024-01-28,IT,662,1126.34,EUR,BRANCH,REVERSED
594,2024-02-22,BE,20,4323.29,GBP,ATM,PENDING
595,2024-01-17,ES,615,4004.52,EUR,BRANCH,REVERSED
596,2024-02-09,US,433,4477.52,USD,MOBILE,PENDING
597,2024-01-28,NL,309,3386.3,GBP,MOBILE,REVERSED
598,2024-01-14,FR,523,4997.15,USD,BRANCH,PENDING
599,2024-03-28,DE,493,320.12,USD,BRANCH,PENDING
600,2024-02-03,US,192,750.5,EUR,ATM,REVERSED
601,2024-02-21,UK,697,700.51,EUR,MOBILE,PENDING
602,2024-02-03,MA,414,1941.99,EUR,ONLINE,PENDING
603,2024-01-29,BE,653,3924.7,GBP,BRANCH,REVERSED
604,2024-02-08,ES,860,3288.42,GBP,ONLINE,PENDING
605,2024-01-13,NL,131,3704.85,GBP,ONLINE,REVERSED
606,2024-02-12,DE,227,1777.06,GBP,BRANCH,PENDING
607,2024-02-12,UK,266,2928.27,USD,ATM,PENDING
608,2024-01-07,PT,594,4721.56,EUR,MOBILE,POSTED
609,2024-03-05,DE,888,3403.81,GBP,BRANCH,PENDING
610,2024-01-07,ES,140,4961.75,USD,MOBILE,REVERSED
611,2024-02-28,ES,323,4312.11,EUR,ATM,PENDING
612,2024-02-12,ES,320,3172.86,EUR,MOBILE,PENDING
613,2024-01-27,ES,590,3822.65,USD,ATM,POSTED
614,2024-03-19,MA,648,2147.62,USD,MOBILE,PENDING
615,2024-01-01,FR,546,997.87,USD,ATM,PENDING
616,2024-03-08,IT,18,3384.06,GBP,ONLINE,POSTED
617,2024-03-29,UK,319,645.53,USD,BRANCH,POSTED
618,2024-01-09,FR,305,4742.37,USD,BRANCH,PENDING
619,2024-03-28,ES,350,4980.7,USD,BRANCH,POSTED
620,2024-01-22,MA,19,1142.86,GBP,ONLINE,POSTED
621,2024-01-03,PT,516,845.75,USD,ATM,PENDING
622,2024-03-22,US,789,2674.13,EUR,ATM,REVERSED
623,2024-01-14,FR,49,3449.06,USD,MOBILE,PENDING
624,2024-01-16,BE,258,2372.51,EUR,ONLINE,REVERSED
625,2024-03-28,FR,308,2104.94,EUR,BRANCH,REVERSED
626,2024-03-18,ES,428,4153.43,EUR,ATM,PENDING
627,2024-01-15,DE,509,994.03,EUR,BRANCH,REVERSED
628,2024-01-26,UK,720,2049.37,EUR,ATM,REVERSED
629,2024-03-04,IT,704,4665.69,USD,ONLINE,POSTED
630,2024-01-02,DE,928,553.04,GBP,MOBILE,POSTED
631,2024-01-12,BE,76,3618.09,EUR,BRANCH,REVERSED
632,2024-01-30,NL,303,1321.36,EUR,ATM,POSTED
633,2024-01-06,US,368,4008.18,USD,MOBILE,REVERSED
634,2024-01-15,DE,871,3791.26,EUR,ATM,POSTED
635,2024-03-25,ES,336,1788.28,USD,BRANCH,REVERSED
636,2024-01-12,UK,834,1714.27,EUR,MOBILE,PENDING
637,2024-02-28,US,855,1929.19,USD,MOBILE,REVERSED
638,2024-01-22,DE,135,3481.15,EUR,ONLINE,POSTED
639,2024-02-23,PT,494,4011.52,GBP,MOBILE,POSTED
640,2024-03-19,MA,797,1793.64,EUR,ONLINE,PENDING
641,2024-03-03,DE,908,2057.01,EUR,ATM,PENDING
642,2024-03-24,UK,12,3523.14,GBP,ONLINE,REVERSED
643,2024-02-13,BE,535,3441.52,GBP,ATM,PENDING
644,2024-03-25,IT,493,1729.4,GBP,MOBILE,POSTED
645,2024-03-12,PT,55,59.21,EUR,MOBILE,PENDING
646,2024-01-22,DE,769,2458.75,EUR,BRANCH,PENDING
647,2024-01-07,BE,228,2752.93,USD,MOBILE,POSTED
648,2024-01-11,NL,454,4006.51,USD,ATM,PENDING
649,2024-02-27,UK,121,4903.37,GBP,ATM,POSTED
650,2024-02-21,MA,36,2786.1,EUR,ATM,REVERSED
651,2024-03-20,US,911,2542.18,EUR,MOBILE,PENDING
652,2024-02-16,FR,836,1115.37,USD,BRANCH,REVERSED
653,2024-03-20,PT,484,3583.57,USD,MOBILE,POSTED
654,2024-01-13,IT,2,1707.44,GBP,BRANCH,REVERSED
655,2024-03-07,UK,718,532.5,EUR,MOBILE,POSTED
656,2024-02-22,DE,260,3054.65,EUR,ATM,PENDING
657,2024-01-28,NL,844,3907.32,GBP,BRANCH,POSTED
658,2024-02-23,FR,948,3166.57,GBP,ATM,PENDING
659,2024-02-28,PT,979,2521.48,USD,ATM,REVERSED
660,2024-01-07,BE,957,2164.62,GBP,MOBILE,REVERSED
661,2024-01-23,PT,177,3652.74,EUR,ATM,PENDING
662,2024-03-25,PT,620,4413.6,GBP,MOBILE,PENDING
663,2024-03-18,IT,280,1989.95,USD,BRANCH,PENDING
664,2024-01-18,ES,422,3013.02,GBP,BRANCH,REVERSED
665,2024-03-11,UK,728,3684.36,GBP,ONLINE,POSTED
666,2024-01-27,PT,731,1453.61,USD,ONLINE,REVERSED
667,2024-03-24,ES,515,2712.91,GBP,BRANCH,REVERSED
668,2024-01-15,UK,575,2402.37,GBP,MOBILE,REVERSED
669,2024-03-09,US,898,4236.66,EUR,ATM,POSTED
670,2024-02-18,ES,54,3351.6,EUR,BRANCH,POSTED
671,2024-02-06,US,149,4197.07,GBP,BRANCH,POSTED
672,2024-03-10,FR,367,4070.32,EUR,ONLINE,REVERSED
673,2024-03-23,BE,398,1188.74,GBP,BRANCH,REVERSED
674,2024-03-26,FR,948,1908.53,USD,BRANCH,REVERSED
675,2024-01-07,FR,761,1257.45,GBP,MOBILE,POSTED
676,2024-03-22,UK,773,2942.34,GBP,ONLINE,REVERSED
677,2024-01-25,US,459,887.95,GBP,ATM,POSTED
678,2024-01-23,BE,122,1886.61,USD,BRANCH,REVERSED
679,2024-02-03,ES,164,2920.35,USD,ATM,PENDING
680,2024-02-29,ES,40,769.36,USD,ATM,REVERSED
681,2024-03-19,US,502,3949.75,GBP,BRANCH,POSTED
682,2024-02-10,BE,225,4784.98,GBP,ATM,REVERSED
683,2024-01-21,MA,556,2685.64,EUR,BRANCH,POSTED
684,2024-01-28,UK,339,1804.63,EUR,MOBILE,REVERSED
685,2024-03-24,FR,117,3345.02,USD,ONLINE,REVERSED
686,2024-03-19,PT,249,4794.53,GBP,BRANCH,PENDING
687,2024-01-15,MA,262,2701.65,USD,ATM,REVERSED
688,2024-02-17,BE,822,2544.17,USD,ATM,PENDING
689,2024-03-24,IT,328,2569.96,EUR,ONLINE,REVERSED
690,2024-03-09,FR,641,328.29,GBP,ONLINE,REVERSED
691,2024-02-24,DE,210,2689.23,GBP,MOBILE,REVERSED
692,2024-01-10,ES,24,2296.67,USD,ATM,POSTED
693,2024-01-10,FR,182,3971.28,GBP,ATM,REVERSED
694,2024-01-30,US,417,1940.77,GBP,MOBILE,PENDING
695,2024-02-10,FR,398,3366.82,GBP,ATM,REVERSED
696,2024-03-20,DE,774,3730.01,EUR,ATM,PENDING
697,2024-03-05,DE,296,3934.67,USD,ATM,PENDING
698,2024-02-26,MA,404,4110.79,EUR,MOBILE,POSTED
699,2024-03-09,IT,139,3734.02,GBP,BRANCH,REVERSED
700,2024-01-19,US,693,4435.0,GBP,BRANCH,POSTED
701,2024-03-11,BE,144,617.05,EUR,MOBILE,REVERSED
702,2024-03-11,DE,312,1051.05,GBP,BRANCH,POSTED
703,2024-02-22,BE,145,805.61,EUR,BRANCH,POSTED
704,2024-01-15,ES,687,3998.5,EUR,MOBILE,REVERSED
705,2024-03-11,DE,297,3358.75,USD,ATM,POSTED
706,2024-03-15,NL,974,1654.92,EUR,ONLINE,POSTED
707,2024-02-06,PT,71,4500.69,USD,MOBILE,PENDING
708,2024-02-12,PT,675,1529.07,GBP,ONLINE,REVERSED
709,2024-03-13,UK,827,1582.35,USD,ONLINE,POSTED
710,2024-02-10,IT,804,1108.41,GBP,MOBILE,PENDING
711,2024-02-16,ES,695,3665.13,USD,MOBILE,PENDING
712,2024-02-15,US,498,2758.81,EUR,ATM,PENDING
713,2024-01-18,BE,201,1316.91,GBP,ATM,REVERSED
714,2024-01-10,FR,869,2536.38,EUR,MOBILE,REVERSED
715,2024-01-28,FR,564,1303.82,GBP,MOBILE,REVERSED
716,2024-01-20,UK,401,1117.31,GBP,BRANCH,POSTED
717,2024-02-29,BE,522,453.68,USD,ATM,REVERSED
718,2024-01-31,PT,700,830.05,GBP,ONLINE,PENDING
719,2024-01-21,ES,579,4743.61,GBP,ONLINE,REVERSED
720,2024-03-02,UK,41,1094.88,USD,ONLINE,POSTED
721,2024-02-03,UK,239,215.0,EUR,BRANCH,PENDING
722,2024-03-01,NL,902,233.14,GBP,BRANCH,POSTED
723,2024-03-07,US,854,3709.81,GBP,ONLINE,PENDING
724,2024-03-24,MA,374,2938.81,EUR,BRANCH,PENDING
725,2024-01-29,BE,415,1765.14,USD,MOBILE,PENDING
726,2024-03-18,FR,513,4410.29,USD,ONLINE,POSTED
727,2024-01-10,BE,658,1404.77,EUR,ONLINE,POSTED
728,2024-02-16,PT,734,4084.96,GBP,ONLINE,PENDING
729,2024-02-12,DE,493,3376.47,USD,ONLINE,REVERSED
730,2024-01-21,MA,22,1219.11,EUR,ONLINE,POSTED
731,2024-03-21,BE,40,4454.1,EUR,ATM,POSTED
732,2024-02-03,ES,529,4791.23,GBP,ATM,REVERSED
733,2024-03-25,US,969,429.66,USD,MOBILE,PENDING
734,2024-01-22,IT,850,2054.42,EUR,ONLINE,REVERSED
735,2024-03-25,BE,270,839.44,GBP,BRANCH,PENDING
736,2024-03-17,PT,70,1149.84,USD,ONLINE,POSTED
737,2024-01-03,IT,535,4298.1,GBP,MOBILE,POSTED
738,2024-03-18,DE,181,2379.87,GBP,ATM,REVERSED
739,2024-03-05,DE,95,2411.72,EUR,ATM,REVERSED
740,2024-03-24,MA,534,2104.0,EUR,MOBILE,POSTED
741,2024-03-02,MA,358,2945.65,GBP,ATM,PENDING
742,2024-01-18,US,488,3829.53,EUR,BRANCH,REVERSED
743,2024-03-10,MA,263,945.92,GBP,ATM,REVERSED
744,2024-03-07,DE,532,36.96,GBP,ONLINE,REVERSED
745,2024-02-10,MA,370,533.81,USD,BRANCH,PENDING
746,2024-03-09,MA,578,1828.85,USD,MOBILE,POSTED
747,2024-02-22,BE,802,2788.26,EUR,BRANCH,REVERSED
748,2024-03-12,NL,259,4942.55,GBP,BRANCH,REVERSED
749,2024-02-20,ES,875,4319.29,EUR,ONLINE,PENDING
750,2024-03-30,ES,102,1073.08,USD,BRANCH,REVERSED
751,2024-03-19,FR,164,1946.13,GBP,ATM,POSTED
752,2024-01-19,NL,948,3001.63,EUR,ATM,PENDING
753,2024-01-29,UK,81,3045.54,GBP,MOBILE,PENDING
754,2024-03-19,BE,293,3558.32,GBP,ATM,POSTED
755,2024-03-22,NL,449,54.54,GBP,BRANCH,POSTED
756,2024-01-05,PT,522,2579.55,EUR,ONLINE,REVERSED
757,2024-01-05,UK,244,3275.44,EUR,ATM,PENDING
758,2024-02-21,UK,685,1976.32,GBP,ONLINE,REVERSED
759,2024-01-02,DE,941,451.74,USD,BRANCH,PENDING
760,2024-02-05,IT,620,4815.32,USD,MOBILE,REVERSED
761,2024-01-01,US,179,2036.27,EUR,ATM,REVERSED
762,2024-02-07,UK,969,585.93,GBP,BRANCH,REVERSED
763,2024-03-14,US,710,2214.4,USD,MOBILE,POSTED
764,2024-02-13,NL,697,2304.14,GBP,ATM,PENDING
765,2024-01-15,US,69,1913.98,EUR,ONLINE,PENDING
766,2024-02-22,UK,528,2678.72,GBP,BRANCH,POSTED
767,2024-02-06,DE,408,3368.82,USD,ATM,REVERSED
768,2024-01-23,NL,321,1768.34,GBP,BRANCH,POSTED
769,2024-03-28,IT,510,3685.82,EUR,ONLINE,PENDING
770,2024-01-27,IT,207,4174.87,GBP,BRANCH,POSTED
771,2024-01-14,DE,942,393.36,GBP,MOBILE,REVERSED
772,2024-01-01,BE,980,212.27,USD,BRANCH,REVERSED
773,2024-02-10,NL,919,4926.82,GBP,BRANCH,PENDING
774,2024-01-24,BE,286,1990.0,GBP,ONLINE,POSTED
775,2024-03-08,MA,489,4698.33,EUR,BRANCH,PENDING
776,2024-03-28,ES,468,4882.56,GBP,MOBILE,PENDING
777,2024-03-29,FR,12,3370.84,USD,ATM,PENDING
778,2024-02-16,PT,882,1299.24,GBP,BRANCH,POSTED
779,2024-02-04,NL,981,3065.81,USD,ONLINE,PENDING
780,2024-02-24,IT,429,3503.86,USD,BRANCH,PENDING
781,2024-02-05,NL,184,2857.48,GBP,ONLINE,POSTED
782,2024-02-04,IT,568,2161.66,USD,ONLINE,POSTED
783,2024-01-20,NL,825,49.7,USD,MOBILE,POSTED
784,2024-03-21,BE,546,3603.08,USD,BRANCH,PENDING
785,2024-03-12,PT,48,1992.61,GBP,ONLINE,POSTED
786,2024-01-28,US,487,4195.02,EUR,MOBILE,REVERSED
787,2024-02-12,US,369,1802.17,GBP,BRANCH,PENDING
788,2024-01-03,MA,124,1756.1,GBP,ONLINE,REVERSED
789,2024-03-14,BE,178,4896.89,USD,BRANCH,PENDING
790,2024-03-27,BE,499,3873.95,USD,ATM,PENDING
791,2024-03-19,US,474,3158.93,EUR,ONLINE,REVERSED
792,2024-02-13,MA,646,3061.94,USD,ATM,POSTED
793,2024-01-21,UK,233,1568.1,GBP,BRANCH,REVERSED
794,2024-02-04,PT,660,1977.88,USD,BRANCH,REVERSED
795,2024-03-16,BE,988,2251.99,EUR,ONLINE,POSTED
796,2024-01-17,IT,677,1258.98,GBP,ATM,POSTED
797,2024-01-22,MA,105,478.67,USD,ATM,POSTED
798,2024-02-20,BE,783,4980.07,EUR,BRANCH,REVERSED
799,2024-01-20,DE,670,4658.02,USD,BRANCH,POSTED
800,2024-02-01,US,453,3132.78,EUR,ONLINE,POSTED
801,2024-01-05,UK,881,4576.45,USD,MOBILE,REVERSED
802,2024-02-04,BE,455,676.44,GBP,ONLINE,REVERSED
803,2024-03-17,NL,646,3744.81,GBP,MOBILE,REVERSED
804,2024-03-22,BE,317,4544.71,USD,ONLINE,POSTED
805,2024-02-26,US,374,2061.61,EUR,BRANCH,POSTED
806,2024-01-01,BE,834,3791.71,EUR,BRANCH,PENDING
807,2024-03-01,BE,8,3439.16,USD,MOBILE,PENDING
808,2024-01-02,MA,817,1465.32,EUR,ATM,REVERSED
809,2024-02-17,IT,421,4410.93,USD,MOBILE,POSTED
810,2024-01-21,MA,848,1892.41,USD,ATM,PENDING
811,2024-03-21,IT,529,3822.93,GBP,BRANCH,PENDING
812,2024-03-24,BE,828,1344.84,EUR,ATM,POSTED
813,2024-01-18,US,113,3184.83,GBP,MOBILE,PENDING
814,2024-03-30,PT,503,939.76,EUR,ONLINE,POSTED
815,2024-03-09,FR,190,4861.69,USD,BRANCH,POSTED
816,2024-02-26,FR,238,451.89,EUR,MOBILE,POSTED
817,2024-02-13,MA,319,3928.84,USD,BRANCH,PENDING
818,2024-03-30,FR,338,402.04,EUR,ATM,PENDING
819,2024-02-20,DE,556,2351.26,EUR,BRANCH,PENDING
820,2024-01-02,DE,997,3840.96,EUR,MOBILE,PENDING
821,2024-02-01,FR,203,2304.71,EUR,ONLINE,PENDING
822,2024-02-19,US,958,1615.99,GBP,ATM,REVERSED
823,2024-03-11,BE,125,1267.31,GBP,BRANCH,POSTED
824,2024-02-16,FR,884,3333.81,EUR,ONLINE,REVERSED
825,2024-02-25,UK,15,837.63,USD,ATM,PENDING
826,2024-02-01,FR,992,210.92,GBP,MOBILE,REVERSED
827,2024-03-17,ES,380,3854.21,EUR,ONLINE,PENDING
828,2024-01-12,PT,346,4654.31,GBP,ATM,POSTED
829,2024-02-15,ES,718,2682.23,EUR,ONLINE,PENDING
830,2024-01-30,UK,571,3943.02,USD,MOBILE,REVERSED
831,2024-01-25,FR,705,1889.47,GBP,ONLINE,PENDING
832,2024-01-06,NL,723,2188.06,USD,MOBILE,POSTED
833,2024-03-13,ES,556,1738.98,GBP,MOBILE,PENDING
834,2024-03-17,BE,164,345.31,EUR,MOBILE,PENDING
835,2024-02-03,BE,375,2270.94,GBP,MOBILE,REVERSED
836,2024-01-24,FR,634,4284.29,GBP,ONLINE,PENDING
837,2024-01-09,BE,838,1938.07,GBP,MOBILE,REVERSED
838,2024-01-20,PT,289,1613.68,GBP,BRANCH,POSTED
839,2024-01-13,BE,674,334.33,EUR,ONLINE,POSTED
840,2024-01-26,DE,497,958.89,EUR,MOBILE,REVERSED
841,2024-03-03,BE,638,3506.87,USD,ATM,PENDING
842,2024-01-29,PT,735,355.3,EUR,MOBILE,POSTED
843,2024-02-29,FR,369,2790.54,USD,BRANCH,REVERSED
844,2024-01-08,PT,272,2645.58,GBP,ATM,PENDING
845,2024-01-10,IT,983,2597.91,EUR,ONLINE,REVERSED
846,2024-02-19,IT,197,2631.43,EUR,ONLINE,REVERSED
847,2024-03-12,MA,764,528.47,GBP,BRANCH,REVERSED
848,2024-02-28,MA,904,521.41,EUR,MOBILE,REVERSED
849,2024-02-13,ES,546,4992.17,USD,BRANCH,PENDING
850,2024-03-11,UK,865,1859.23,GBP,MOBILE,REVERSED
851,2024-02-11,PT,246,2816.16,EUR,MOBILE,REVERSED
852,2024-02-02,UK,984,2262.56,USD,ATM,REVERSED
853,2024-01-05,US,610,82.5,EUR,BRANCH,POSTED
854,2024-02-08,IT,219,4278.75,EUR,BRANCH,REVERSED
855,2024-03-06,BE,584,4629.69,EUR,ATM,POSTED
856,2024-02-28,UK,159,692.9,USD,ONLINE,POSTED
857,2024-02-02,US,94,2852.87,GBP,ONLINE,REVERSED
858,2024-01-10,UK,811,2413.18,USD,ATM,REVERSED
859,2024-03-23,US,38,3654.22,GBP,MOBILE,POSTED
860,2024-01-08,UK,356,4399.08,USD,MOBILE,POSTED
861,2024-01-30,PT,950,58.16,GBP,MOBILE,POSTED
862,2024-02-09,BE,42,1597.26,GBP,ONLINE,PENDING
863,2024-03-05,IT,156,253.55,GBP,MOBILE,PENDING
864,2024-03-17,PT,516,451.32,USD,BRANCH,PENDING
865,2024-01-19,ES,344,413.64,GBP,ATM,REVERSED
866,2024-02-21,US,87,1993.24,USD,ONLINE,POSTED
867,2024-03-02,BE,202,2439.82,GBP,ONLINE,REVERSED
868,2024-03-19,BE,252,1212.33,USD,MOBILE,PENDING
869,2024-03-28,PT,91,563.54,USD,MOBILE,PENDING
870,2024-02-14,IT,328,1723.28,GBP,ATM,PENDING
871,2024-01-22,UK,631,4108.1,USD,ONLINE,PENDING
872,2024-01-06,IT,204,3427.11,EUR,ATM,POSTED
873,2024-01-07,IT,971,3105.39,EUR,BRANCH,POSTED
874,2024-02-13,DE,312,2250.86,EUR,BRANCH,POSTED
875,2024-03-09,IT,208,2732.57,USD,MOBILE,REVERSED
876,2024-01-19,FR,385,2915.44,GBP,ATM,PENDING
877,2024-01-22,FR,290,1004.28,GBP,BRANCH,POSTED
878,2024-02-29,FR,68,1943.84,USD,BRANCH,POSTED
879,2024-01-03,US,888,4417.13,USD,ONLINE,PENDING
880,2024-03-06,DE,925,1577.96,GBP,ATM,POSTED
881,2024-01-26,BE,989,2290.47,GBP,ATM,POSTED
882,2024-02-01,BE,312,1668.51,USD,ONLINE,POSTED
883,2024-02-14,UK,363,3126.53,EUR,BRANCH,POSTED
884,2024-03-21,US,899,1936.47,EUR,BRANCH,POSTED
885,2024-01-20,UK,918,1964.84,EUR,ATM,REVERSED
886,2024-02-18,BE,983,3390.3,GBP,ONLINE,PENDING
887,2024-01-31,PT,156,2132.9,USD,BRANCH,PENDING
888,2024-03-10,ES,211,3262.71,GBP,ONLINE,POSTED
889,2024-02-09,BE,931,677.13,EUR,ONLINE,PENDING
890,2024-01-09,BE,545,4743.06,EUR,ONLINE,PENDING
891,2024-01-19,FR,783,1594.12,USD,MOBILE,PENDING
892,2024-02-26,US,155,3895.76,EUR,ONLINE,POSTED
893,2024-01-04,PT,631,1335.05,GBP,ONLINE,REVERSED
894,2024-01-30,IT,703,131.4,EUR,MOBILE,POSTED
895,2024-03-05,PT,480,3560.38,USD,ONLINE,PENDING
896,2024-03-03,NL,140,819.77,EUR,ATM,PENDING
897,2024-01-02,US,973,2065.81,GBP,ONLINE,POSTED
898,2024-01-09,ES,949,4773.54,USD,MOBILE,REVERSED
899,2024-02-11,NL,908,1234.67,USD,ATM,REVERSED
900,2024-02-18,UK,403,3057.91,GBP,ATM,REVERSED
901,2024-01-14,NL,467,4135.22,EUR,ONLINE,REVERSED
902,2024-03-09,MA,752,197.22,USD,ATM,POSTED
903,2024-02-07,NL,407,4422.1,USD,MOBILE,POSTED
904,2024-02-24,US,627,4595.25,GBP,ONLINE,PENDING
905,2024-03-23,NL,92,3613.51,EUR,ONLINE,REVERSED
906,2024-03-30,BE,138,1965.94,USD,MOBILE,POSTED
907,2024-01-23,NL,604,4483.19,EUR,MOBILE,POSTED
908,2024-02-02,UK,708,3243.23,GBP,ONLINE,REVERSED
909,2024-01-16,DE,116,3531.43,GBP,BRANCH,POSTED
910,2024-03-08,MA,744,3955.54,GBP,ONLINE,PENDING
911,2024-03-11,MA,44,3841.53,USD,ONLINE,POSTED
912,2024-01-19,ES,787,3560.53,USD,BRANCH,PENDING
913,2024-02-27,US,641,904.3,EUR,ONLINE,POSTED
914,2024-03-20,US,12,2293.75,USD,ATM,REVERSED
915,2024-03-04,IT,222,2944.72,USD,MOBILE,PENDING
916,2024-02-26,DE,615,3000.91,EUR,BRANCH,REVERSED
917,2024-03-21,BE,839,4126.44,EUR,ONLINE,POSTED
918,2024-01-08,UK,37,727.73,EUR,BRANCH,PENDING
919,2024-01-12,FR,111,2085.37,EUR,ONLINE,REVERSED
920,2024-02-06,PT,676,3457.88,GBP,ONLINE,PENDING
921,2024-03-15,UK,953,180.16,USD,BRANCH,PENDING
922,2024-02-18,DE,776,2137.19,GBP,ATM,PENDING
923,2024-03-01,ES,124,3473.4,USD,BRANCH,REVERSED
924,2024-02-22,BE,214,3479.45,GBP,ATM,POSTED
925,2024-03-14,BE,89,2418.83,GBP,BRANCH,PENDING
926,2024-03-18,UK,265,2627.43,GBP,BRANCH,POSTED
927,2024-03-19,PT,508,2599.01,GBP,MOBILE,PENDING
928,2024-01-24,PT,238,3543.23,EUR,ATM,POSTED
929,2024-01-04,NL,640,3983.87,GBP,ONLINE,REVERSED
930,2024-02-23,MA,46,1669.63,GBP,ONLINE,POSTED
931,2024-03-22,IT,706,1408.85,EUR,BRANCH,PENDING
932,2024-03-05,BE,331,3835.4,EUR,BRANCH,PENDING
933,2024-02-20,PT,630,4800.6,EUR,ONLINE,PENDING
934,2024-02-13,NL,938,2373.03,EUR,ONLINE,PENDING
935,2024-01-20,NL,913,4326.26,USD,MOBILE,PENDING
936,2024-01-08,BE,306,2825.15,GBP,BRANCH,REVERSED
937,2024-03-09,FR,213,2887.41,USD,BRANCH,POSTED
938,2024-01-20,US,860,156.83,USD,ONLINE,REVERSED
939,2024-03-18,MA,191,2976.36,USD,BRANCH,REVERSED
940,2024-01-05,US,423,434.9,EUR,BRANCH,PENDING
941,2024-02-08,IT,537,1512.29,EUR,BRANCH,POSTED
942,2024-01-26,DE,454,2530.47,USD,ONLINE,POSTED
943,2024-02-13,NL,750,4369.52,USD,BRANCH,POSTED
944,2024-01-13,BE,692,4963.61,EUR,ATM,PENDING
945,2024-02-19,BE,118,21.55,EUR,ATM,PENDING
946,2024-02-29,FR,105,2603.37,GBP,BRANCH,POSTED
947,2024-03-14,US,654,4460.79,USD,ONLINE,POSTED
948,2024-02-06,US,545,1596.43,USD,ATM,PENDING
949,2024-01-20,ES,280,573.19,GBP,ATM,POSTED
950,2024-03-10,UK,562,1593.11,EUR,BRANCH,REVERSED
951,2024-02-01,ES,72,1557.58,USD,MOBILE,POSTED
952,2024-01-17,FR,482,4516.56,EUR,ATM,PENDING
953,2024-01-07,DE,436,1960.19,GBP,MOBILE,REVERSED
954,2024-02-15,US,340,4087.39,GBP,ATM,PENDING
955,2024-03-13,ES,95,4064.44,GBP,MOBILE,POSTED
956,2024-02-28,US,700,3222.45,USD,MOBILE,POSTED
957,2024-01-29,ES,881,4478.61,USD,BRANCH,PENDING
958,2024-01-24,UK,807,4304.1,USD,MOBILE,PENDING
959,2024-01-04,DE,486,565.32,USD,MOBILE,POSTED
960,2024-02-06,UK,618,2873.82,GBP,ATM,PENDING
961,2024-01-14,UK,569,3247.61,USD,MOBILE,PENDING
962,2024-03-16,MA,244,3104.75,GBP,ONLINE,PENDING
963,2024-02-19,DE,348,1041.98,GBP,MOBILE,PENDING
964,2024-03-13,UK,557,3470.97,EUR,ATM,REVERSED
965,2024-03-14,NL,117,2961.22,USD,BRANCH,REVERSED
966,2024-01-13,NL,180,1540.87,USD,ATM,REVERSED
967,2024-01-14,PT,789,4099.51,USD,MOBILE,REVERSED
968,2024-03-25,FR,92,1088.84,EUR,ATM,POSTED
969,2024-03-25,ES,463,2656.75,USD,MOBILE,POSTED
970,2024-01-27,UK,306,2851.81,GBP,BRANCH,PENDING
971,2024-02-14,DE,596,41.59,GBP,MOBILE,POSTED
972,2024-02-07,FR,378,4505.48,EUR,ATM,REVERSED
973,2024-03-12,UK,112,4306.38,EUR,ONLINE,PENDING
974,2024-03-30,PT,403,3126.45,GBP,MOBILE,PENDING
975,2024-02-18,MA,558,1056.87,EUR,MOBILE,POSTED
976,2024-01-25,BE,393,4216.8,USD,MOBILE,POSTED
977,2024-02-06,ES,137,59.0,GBP,ATM,POSTED
978,2024-03-03,MA,998,4951.1,EUR,ONLINE,REVERSED
979,2024-02-23,NL,915,3944.85,GBP,MOBILE,REVERSED
980,2024-01-24,NL,521,2121.2,USD,MOBILE,PENDING
981,2024-01-29,ES,434,3023.26,GBP,MOBILE,REVERSED
982,2024-01-31,BE,275,2054.78,GBP,BRANCH,POSTED
983,2024-01-05,PT,494,3524.71,EUR,MOBILE,REVERSED
984,2024-01-11,ES,747,3656.73,USD,MOBILE,REVERSED
985,2024-01-11,BE,911,3050.74,EUR,MOBILE,REVERSED
986,2024-03-25,DE,700,3168.8,GBP,BRANCH,REVERSED
987,2024-01-07,UK,547,3892.86,USD,MOBILE,REVERSED
988,2024-03-01,PT,751,1658.24,USD,BRANCH,PENDING
989,2024-01-22,FR,711,4614.4,GBP,BRANCH,REVERSED
990,2024-03-13,US,62,3146.87,GBP,ONLINE,REVERSED
991,2024-01-07,US,828,3687.16,EUR,BRANCH,PENDING
992,2024-01-11,ES,517,385.23,USD,BRANCH,POSTED
993,2024-03-19,US,281,4289.43,EUR,ATM,REVERSED
994,2024-01-23,PT,756,756.53,USD,BRANCH,POSTED
995,2024-02-03,IT,496,904.87,GBP,ATM,PENDING
996,2024-01-11,ES,609,4669.78,EUR,MOBILE,PENDING
997,2024-02-19,IT,676,2201.48,GBP,ONLINE,POSTED
998,2024-03-14,UK,55,3211.66,EUR,ATM,POSTED
999,2024-02-29,MA,487,1507.53,GBP,ONLINE,PENDING
1000,2024-03-28,MA,485,1313.86,GBP,MOBILE,POSTED
1001,2024-02-06,NL,391,3392.79,GBP,ATM,POSTED
1002,2024-03-09,UK,979,4221.35,GBP,BRANCH,PENDING
1003,2024-02-04,US,821,492.29,GBP,MOBILE,PENDING
1004,2024-03-27,IT,751,3359.78,EUR,BRANCH,REVERSED
1005,2024-03-29,ES,320,2738.52,GBP,ATM,POSTED
1006,2024-01-02,MA,100,2626.8,GBP,MOBILE,PENDING
1007,2024-01-29,US,257,966.2,EUR,ATM,POSTED
1008,2024-03-17,IT,973,2997.33,EUR,ATM,POSTED
1009,2024-03-18,ES,384,3282.32,GBP,ONLINE,POSTED
1010,2024-03-30,ES,259,1473.55,GBP,ATM,REVERSED
1011,2024-02-28,US,787,2135.49,GBP,BRANCH,PENDING
1012,2024-01-21,DE,283,3885.75,USD,MOBILE,PENDING
1013,2024-01-08,US,978,4064.19,EUR,MOBILE,POSTED
1014,2024-03-03,IT,624,1963.78,GBP,MOBILE,POSTED
1015,2024-01-19,BE,787,2156.84,GBP,ATM,PENDING
1016,2024-02-03,DE,35,365.52,GBP,BRANCH,PENDING
1017,2024-01-03,NL,152,3264.67,EUR,ATM,REVERSED
1018,2024-02-19,US,155,3500.58,USD,ATM,REVERSED
1019,2024-03-03,NL,446,2020.16,GBP,ATM,REVERSED
1020,2024-01-29,FR,393,4770.82,USD,ATM,REVERSED
1021,2024-03-09,UK,341,3409.5,USD,ATM,REVERSED
1022,2024-03-23,DE,374,2673.6,USD,ATM,PENDING
1023,2024-02-07,IT,180,2772.82,USD,ONLINE,PENDING
1024,2024-03-30,MA,917,534.73,GBP,BRANCH,PENDING
1025,2024-01-11,NL,752,948.13,EUR,ONLINE,POSTED
1026,2024-03-16,IT,500,1944.45,GBP,BRANCH,PENDING
1027,2024-03-09,NL,989,4979.17,EUR,BRANCH,POSTED
1028,2024-02-13,FR,415,591.82,GBP,MOBILE,REVERSED
1029,2024-03-09,ES,758,2897.15,EUR,ATM,REVERSED
1030,2024-01-19,NL,669,96.3,GBP,ATM,POSTED
1031,2024-03-30,ES,14,862.07,EUR,BRANCH,POSTED
1032,2024-02-28,PT,174,4176.93,EUR,ATM,POSTED
1033,2024-03-04,PT,818,3078.53,EUR,ONLINE,PENDING
1034,2024-02-13,MA,332,604.89,GBP,ONLINE,PENDING
1035,2024-01-28,FR,607,868.06,EUR,ATM,PENDING
1036,2024-01-19,MA,172,3481.78,GBP,ONLINE,PENDING
1037,2024-02-01,PT,41,667.72,GBP,MOBILE,POSTED
1038,2024-01-03,NL,82,32.74,EUR,ATM,REVERSED
1039,2024-03-24,PT,908,1419.37,GBP,MOBILE,REVERSED
1040,2024-01-17,IT,146,3199.49,GBP,MOBILE,PENDING
1041,2024-01-31,ES,625,3458.68,GBP,ONLINE,REVERSED
1042,2024-03-04,PT,973,441.02,USD,BRANCH,PENDING
1043,2024-01-01,BE,241,960.32,GBP,ATM,REVERSED
1044,2024-02-16,BE,519,1097.16,GBP,ONLINE,PENDING
1045,2024-01-07,IT,115,3983.27,GBP,MOBILE,PENDING
1046,2024-01-23,ES,686,4613.44,EUR,BRANCH,PENDING
1047,2024-01-27,MA,257,1672.14,USD,ATM,POSTED
1048,2024-01-07,BE,180,791.07,EUR,MOBILE,REVERSED
1049,2024-01-15,DE,916,1177.26,USD,BRANCH,PENDING
1050,2024-01-26,UK,235,3895.1,USD,ONLINE,POSTED
1051,2024-01-31,MA,890,1000.58,EUR,ATM,PENDING
1052,2024-03-15,NL,55,4452.55,EUR,ONLINE,REVERSED
1053,2024-02-28,ES,396,1868.05,USD,ONLINE,REVERSED
1054,2024-02-15,US,207,1680.12,EUR,ATM,PENDING
1055,2024-01-18,DE,872,2328.21,USD,ONLINE,PENDING
1056,2024-01-29,US,618,784.78,GBP,ONLINE,REVERSED
1057,2024-03-11,IT,88,2059.07,GBP,MOBILE,POSTED
1058,2024-03-16,NL,857,2314.35,EUR,MOBILE,REVERSED
1059,2024-02-01,IT,335,2171.81,EUR,ONLINE,REVERSED
1060,2024-01-01,MA,45,201.25,USD,ATM,PENDING
1061,2024-03-08,MA,490,4048.77,GBP,ATM,PENDING
1062,2024-03-04,IT,85,2792.88,EUR,MOBILE,POSTED
1063,2024-01-17,UK,302,1196.07,EUR,ATM,PENDING
1064,2024-03-26,US,165,3516.82,GBP,ATM,PENDING
1065,2024-02-29,ES,895,3515.97,EUR,BRANCH,REVERSED
1066,2024-02-29,FR,881,3136.9,USD,BRANCH,REVERSED
1067,2024-01-05,US,436,3764.69,GBP,ONLINE,REVERSED
1068,2024-01-11,PT,901,1679.14,EUR,BRANCH,POSTED
1069,2024-01-15,MA,374,2327.3,EUR,BRANCH,PENDING
1070,2024-01-23,BE,721,335.96,GBP,ONLINE,POSTED
1071,2024-02-12,IT,552,568.67,USD,ONLINE,REVERSED
1072,2024-01-29,UK,361,4489.77,GBP,MOBILE,PENDING
1073,2024-01-07,DE,381,1726.79,USD,ATM,PENDING
1074,2024-03-09,BE,921,1462.03,GBP,BRANCH,REVERSED
1075,2024-03-29,DE,192,4459.62,USD,ATM,POSTED
1076,2024-02-20,ES,295,4791.32,EUR,ATM,POSTED
1077,2024-02-05,DE,713,740.62,EUR,ONLINE,REVERSED
1078,2024-03-21,FR,300,2083.27,GBP,ONLINE,PENDING
1079,2024-02-14,MA,454,3688.81,EUR,BRANCH,POSTED
1080,2024-01-09,FR,892,4010.14,GBP,BRANCH,PENDING
1081,2024-03-15,UK,671,3230.61,USD,MOBILE,REVERSED
1082,2024-03-26,BE,862,2742.8,USD,BRANCH,REVERSED
1083,2024-01-17,US,175,3946.55,EUR,MOBILE,PENDING
1084,2024-02-06,FR,151,1766.25,USD,ONLINE,REVERSED
1085,2024-01-21,BE,292,912.22,EUR,ONLINE,POSTED
1086,2024-01-31,DE,42,4968.87,GBP,ONLINE,PENDING
1087,2024-02-03,UK,188,1026.57,GBP,ATM,REVERSED
1088,2024-02-10,UK,151,1865.2,GBP,ONLINE,REVERSED
1089,2024-02-08,DE,942,125.6,USD,ONLINE,PENDING
1090,2024-02-10,ES,4,4850.78,GBP,BRANCH,REVERSED
1091,2024-02-07,NL,917,1449.85,GBP,ONLINE,REVERSED
1092,2024-02-26,UK,705,562.47,USD,ATM,POSTED
1093,2024-03-27,BE,119,1541.1,USD,ONLINE,PENDING
1094,2024-02-15,DE,334,276.11,GBP,ONLINE,REVERSED
1095,2024-03-08,IT,800,4678.39,USD,ONLINE,POSTED
1096,2024-01-11,BE,869,2227.84,GBP,ATM,REVERSED
1097,2024-02-20,IT,502,1589.47,GBP,ATM,REVERSED
1098,2024-02-16,MA,151,3580.1,USD,BRANCH,PENDING
1099,2024-02-17,FR,291,1725.26,USD,MOBILE,REVERSED
1100,2024-01-12,IT,745,4439.14,GBP,MOBILE,PENDING
1101,2024-02-06,ES,825,3640.28,USD,MOBILE,POSTED
1102,2024-03-16,PT,88,719.05,USD,MOBILE,REVERSED
1103,2024-02-12,DE,955,4800.52,USD,ATM,POSTED
1104,2024-02-22,US,424,875.29,USD,ONLINE,POSTED
1105,2024-01-24,MA,296,2769.78,EUR,BRANCH,REVERSED
1106,2024-02-08,NL,572,3699.54,EUR,ATM,POSTED
1107,2024-01-20,US,307,4780.18,GBP,MOBILE,POSTED
1108,2024-03-24,US,427,897.68,GBP,ONLINE,POSTED
1109,2024-01-16,US,504,4971.67,EUR,BRANCH,REVERSED
1110,2024-03-02,PT,446,4341.86,GBP,MOBILE,REVERSED
1111,2024-01-16,UK,524,3665.05,EUR,BRANCH,POSTED
1112,2024-03-15,FR,149,1599.09,GBP,ONLINE,PENDING
1113,2024-01-21,FR,279,1806.46,GBP,BRANCH,POSTED
1114,2024-02-07,US,542,3195.09,EUR,ONLINE,REVERSED
1115,2024-01-24,DE,613,3763.39,GBP,BRANCH,PENDING
1116,2024-03-28,US,277,3427.53,GBP,BRANCH,POSTED
1117,2024-03-09,PT,360,4116.75,EUR,ONLINE,REVERSED
1118,2024-02-06,UK,797,2425.01,USD,ONLINE,POSTED
1119,2024-01-28,ES,515,1106.35,EUR,ATM,PENDING
1120,2024-02-28,DE,119,4094.4,EUR,MOBILE,PENDING
1121,2024-02-09,UK,142,4085.38,GBP,BRANCH,POSTED
1122,2024-02-08,FR,762,4073.06,EUR,ONLINE,REVERSED
1123,2024-01-19,IT,314,627.6,EUR,ATM,PENDING
1124,2024-03-29,DE,79,95.01,USD,MOBILE,POSTED
1125,2024-01-26,DE,33,3965.48,GBP,ATM,PENDING
1126,2024-01-16,US,44,332.17,GBP,ATM,POSTED
1127,2024-01-16,PT,210,2938.43,EUR,ONLINE,REVERSED
1128,2024-02-14,FR,92,728.64,GBP,BRANCH,REVERSED
1129,2024-02-14,UK,164,4275.84,GBP,ONLINE,REVERSED
1130,2024-03-13,DE,101,4098.11,EUR,ONLINE,REVERSED
1131,2024-01-25,US,175,4508.4,GBP,ATM,REVERSED
1132,2024-01-13,IT,942,2521.47,GBP,MOBILE,PENDING
1133,2024-03-30,PT,189,2198.89,EUR,ONLINE,PENDING
1134,2024-02-18,MA,219,2571.74,USD,ATM,PENDING
1135,2024-01-16,NL,112,2599.12,USD,BRANCH,REVERSED
1136,2024-02-06,BE,739,204.0,USD,MOBILE,POSTED
1137,2024-02-19,US,467,3002.35,USD,MOBILE,POSTED
1138,2024-03-11,MA,297,4924.83,USD,ONLINE,POSTED
1139,2024-03-01,UK,183,64.92,GBP,MOBILE,REVERSED
1140,2024-01-14,MA,448,2613.79,GBP,ATM,POSTED
1141,2024-01-19,MA,410,3475.49,EUR,ONLINE,POSTED
1142,2024-02-16,IT,346,1002.12,USD,ATM,POSTED
1143,2024-02-24,NL,285,3824.32,GBP,BRANCH,REVERSED
1144,2024-02-21,UK,487,3333.72,USD,MOBILE,REVERSED
1145,2024-02-05,ES,786,2273.72,EUR,BRANCH,PENDING
1146,2024-03-04,IT,643,4712.07,EUR,ATM,REVERSED
1147,2024-01-07,DE,510,3390.86,EUR,MOBILE,REVERSED
1148,2024-03-27,UK,156,1514.46,GBP,ATM,POSTED
1149,2024-03-25,BE,785,2461.45,USD,ONLINE,PENDING
1150,2024-03-25,NL,502,2524.47,GBP,BRANCH,REVERSED
1151,2024-03-10,FR,975,3820.06,USD,ATM,PENDING
1152,2024-02-27,UK,873,1882.31,USD,ATM,POSTED
1153,2024-01-23,BE,675,4301.94,USD,ONLINE,PENDING
1154,2024-02-25,ES,319,3578.9,USD,ATM,REVERSED
1155,2024-03-27,NL,675,2769.37,GBP,MOBILE,PENDING
1156,2024-03-12,ES,518,279.63,USD,MOBILE,REVERSED
1157,2024-02-18,PT,692,1764.47,USD,BRANCH,POSTED
1158,2024-01-04,PT,46,641.86,USD,BRANCH,REVERSED
1159,2024-03-15,FR,783,4456.82,USD,MOBILE,POSTED
1160,2024-02-24,UK,365,2060.24,EUR,ONLINE,POSTED
1161,2024-01-31,US,606,425.62,GBP,ATM,PENDING
1162,2024-01-15,UK,173,99.54,USD,ATM,PENDING
1163,2024-03-25,MA,581,2574.28,USD,BRANCH,POSTED
1164,2024-03-30,NL,602,112.16,USD,MOBILE,REVERSED
1165,2024-02-19,UK,586,489.53,USD,ATM,REVERSED
1166,2024-03-27,IT,344,2484.16,GBP,BRANCH,POSTED
1167,2024-03-19,US,372,4847.17,EUR,MOBILE,REVERSED
1168,2024-01-10,BE,219,1437.49,EUR,BRANCH,REVERSED
1169,2024-02-21,IT,639,3714.7,EUR,ATM,REVERSED
1170,2024-02-13,US,68,2832.58,GBP,MOBILE,PENDING
1171,2024-01-27,UK,814,384.23,USD,BRANCH,PENDING
1172,2024-03-25,BE,320,1001.18,USD,BRANCH,REVERSED
1173,2024-03-06,NL,687,3817.45,EUR,ATM,REVERSED
1174,2024-03-07,ES,590,2496.52,GBP,MOBILE,PENDING
1175,2024-03-22,BE,828,3072.5,USD,ATM,REVERSED
1176,2024-01-26,UK,473,739.57,EUR,BRANCH,PENDING
1177,2024-02-22,UK,880,4151.24,EUR,ONLINE,PENDING
1178,2024-02-04,US,661,803.76,GBP,ONLINE,PENDING
1179,2024-01-31,DE,153,960.39,EUR,BRANCH,PENDING
1180,2024-03-03,BE,446,2110.67,EUR,ONLINE,POSTED
1181,2024-02-04,ES,29,1292.73,USD,ONLINE,REVERSED
1182,2024-01-06,NL,801,100.52,EUR,BRANCH,REVERSED
1183,2024-02-08,DE,922,4775.49,USD,ATM,PENDING
1184,2024-01-18,IT,114,2855.3,GBP,ATM,REVERSED
1185,2024-03-26,PT,972,3875.8,GBP,BRANCH,PENDING
1186,2024-01-12,IT,614,612.26,USD,BRANCH,REVERSED
1187,2024-02-19,IT,957,2114.92,EUR,ATM,POSTED
1188,2024-01-28,US,450,2042.47,GBP,ATM,PENDING
1189,2024-03-09,UK,716,4743.61,USD,MOBILE,PENDING
1190,2024-03-28,IT,986,1389.39,EUR,BRANCH,PENDING
1191,2024-02-17,US,21,3227.34,GBP,ATM,REVERSED
1192,2024-03-25,FR,707,4587.37,GBP,ONLINE,PENDING
1193,2024-03-11,MA,316,3195.11,GBP,BRANCH,REVERSED
1194,2024-01-16,BE,887,1182.67,USD,MOBILE,POSTED
1195,2024-02-20,US,308,452.16,EUR,BRANCH,POSTED
1196,2024-01-21,NL,646,1586.6,GBP,MOBILE,POSTED
1197,2024-02-05,DE,842,3897.5,USD,MOBILE,REVERSED
1198,2024-02-22,UK,734,2112.41,EUR,ONLINE,REVERSED
1199,2024-02-03,BE,67,1759.93,GBP,BRANCH,PENDING
1200,2024-03-29,FR,780,261.44,GBP,ONLINE,REVERSED
1201,2024-02-26,ES,3,2003.91,GBP,BRANCH,PENDING
1202,2024-03-14,DE,113,789.95,GBP,ONLINE,REVERSED
1203,2024-03-28,MA,811,4697.15,USD,MOBILE,REVERSED
1204,2024-01-18,US,177,3437.65,USD,BRANCH,POSTED
1205,2024-01-11,MA,376,910.26,USD,ONLINE,POSTED
1206,2024-01-03,BE,662,3060.4,EUR,ATM,PENDING
1207,2024-01-26,US,718,4259.3,EUR,MOBILE,REVERSED
1208,2024-02-24,PT,266,747.11,USD,ONLINE,REVERSED
1209,2024-01-16,FR,735,2629.66,USD,MOBILE,POSTED
1210,2024-01-29,IT,195,4730.32,USD,BRANCH,REVERSED
1211,2024-03-04,MA,133,2157.11,EUR,ONLINE,PENDING
1212,2024-03-27,IT,428,902.67,EUR,ATM,PENDING
1213,2024-02-03,IT,632,2255.43,EUR,BRANCH,REVERSED
1214,2024-03-28,NL,87,52.59,EUR,BRANCH,REVERSED
1215,2024-02-20,IT,730,1918.09,USD,BRANCH,POSTED
1216,2024-01-13,BE,60,261.51,EUR,MOBILE,PENDING
1217,2024-03-18,PT,726,3741.46,EUR,ATM,PENDING
1218,2024-03-05,PT,390,1513.23,USD,BRANCH,POSTED
1219,2024-03-12,FR,594,897.68,EUR,MOBILE,PENDING
1220,2024-02-29,ES,91,1587.27,GBP,MOBILE,POSTED
1221,2024-02-03,DE,320,221.77,EUR,MOBILE,PENDING
1222,2024-02-16,MA,289,4514.06,USD,BRANCH,REVERSED
1223,2024-02-10,MA,914,825.75,GBP,MOBILE,POSTED
1224,2024-03-12,NL,54,945.41,EUR,ONLINE,POSTED
1225,2024-01-05,NL,266,818.61,USD,MOBILE,POSTED
1226,2024-03-04,FR,452,1783.24,GBP,MOBILE,PENDING
1227,2024-03-04,DE,866,3599.1,EUR,ATM,PENDING
1228,2024-01-12,IT,889,1421.3,EUR,BRANCH,REVERSED
1229,2024-03-25,PT,217,2918.15,EUR,ONLINE,PENDING
1230,2024-01-10,IT,786,2491.06,EUR,BRANCH,POSTED
1231,2024-02-06,DE,403,1868.42,EUR,BRANCH,POSTED
1232,2024-01-04,DE,471,4153.67,GBP,MOBILE,PENDING
1233,2024-03-21,US,608,3290.37,USD,ATM,REVERSED
1234,2024-03-20,NL,332,4737.14,GBP,ONLINE,POSTED
1235,2024-01-07,US,330,3990.94,GBP,ATM,REVERSED
1236,2024-03-18,MA,94,1994.89,EUR,ONLINE,PENDING
1237,2024-01-12,FR,872,1041.91,USD,MOBILE,PENDING
1238,2024-03-23,ES,123,1493.43,USD,BRANCH,REVERSED
1239,2024-03-18,ES,367,3327.94,USD,ONLINE,PENDING
1240,2024-02-27,MA,487,1343.13,GBP,MOBILE,POSTED
1241,2024-02-24,UK,628,932.59,GBP,MOBILE,POSTED
1242,2024-01-06,BE,349,4866.39,GBP,ONLINE,REVERSED
1243,2024-03-28,ES,953,2477.12,GBP,ATM,PENDING
1244,2024-02-29,MA,81,4536.13,USD,BRANCH,POSTED
1245,2024-01-17,US,861,1244.02,USD,BRANCH,REVERSED
1246,2024-01-07,BE,78,4586.59,GBP,ATM,REVERSED
1247,2024-02-24,MA,96,2323.82,GBP,BRANCH,PENDING
1248,2024-02-02,PT,83,3843.47,EUR,ATM,REVERSED
1249,2024-03-25,NL,183,3931.1,USD,ATM,POSTED
1250,2024-02-23,US,321,2936.45,USD,MOBILE,REVERSED
1251,2024-02-03,UK,989,4590.64,EUR,ONLINE,POSTED
1252,2024-01-11,PT,265,4358.21,EUR,MOBILE,REVERSED
1253,2024-01-03,FR,404,584.27,EUR,MOBILE,PENDING
1254,2024-03-29,MA,889,3288.93,GBP,MOBILE,PENDING
1255,2024-03-20,PT,369,3453.62,GBP,MOBILE,PENDING
1256,2024-01-12,ES,138,70.37,EUR,ATM,REVERSED
1257,2024-01-25,FR,214,2406.1,EUR,ONLINE,PENDING
1258,2024-03-21,BE,195,431.38,USD,ONLINE,PENDING
1259,2024-02-24,FR,119,831.36,EUR,MOBILE,PENDING
1260,2024-03-01,FR,880,2248.13,EUR,ONLINE,PENDING
1261,2024-03-13,MA,52,1669.92,EUR,MOBILE,PENDING
1262,2024-03-04,PT,610,3655.66,USD,ATM,PENDING
1263,2024-02-21,NL,525,2955.61,GBP,MOBILE,POSTED
1264,2024-01-08,BE,19,2110.6,USD,ATM,PENDING
1265,2024-03-23,MA,910,2367.22,USD,BRANCH,PENDING
1266,2024-03-30,MA,21,807.51,GBP,ONLINE,PENDING
1267,2024-02-14,NL,237,2538.67,GBP,BRANCH,REVERSED
1268,2024-03-25,NL,134,4415.98,GBP,MOBILE,PENDING
1269,2024-03-27,UK,815,2362.15,EUR,ONLINE,PENDING
1270,2024-03-29,DE,683,2414.97,EUR,ONLINE,POSTED
1271,2024-03-18,NL,103,3967.62,USD,BRANCH,POSTED
1272,2024-01-27,BE,48,4996.31,USD,BRANCH,PENDING
1273,2024-03-27,ES,178,4139.92,GBP,ATM,POSTED
1274,2024-02-13,MA,116,3088.2,EUR,ONLINE,PENDING
1275,2024-02-03,UK,803,1776.85,EUR,BRANCH,POSTED
1276,2024-03-29,BE,618,3347.76,GBP,ATM,PENDING
1277,2024-02-28,DE,998,530.35,GBP,ATM,REVERSED
1278,2024-01-06,BE,107,836.06,EUR,ONLINE,PENDING
1279,2024-01-21,US,725,2208.15,GBP,MOBILE,REVERSED
1280,2024-01-13,ES,662,1819.32,EUR,ATM,POSTED
1281,2024-02-26,MA,787,3845.4,EUR,MOBILE,PENDING
1282,2024-02-06,BE,175,427.08,USD,MOBILE,PENDING
1283,2024-03-21,IT,155,3766.28,GBP,MOBILE,POSTED
1284,2024-01-18,MA,423,4590.18,USD,BRANCH,POSTED
1285,2024-02-26,ES,788,50.73,GBP,ATM,POSTED
1286,2024-02-13,UK,411,4909.74,EUR,MOBILE,POSTED
1287,2024-02-20,FR,676,4612.67,EUR,ATM,REVERSED
1288,2024-03-25,BE,996,1479.33,USD,BRANCH,REVERSED
1289,2024-02-10,UK,8,4135.19,GBP,ONLINE,REVERSED
1290,2024-02-21,NL,659,1026.46,GBP,MOBILE,REVERSED
1291,2024-02-14,MA,794,987.28,USD,ATM,POSTED
1292,2024-03-09,UK,399,3625.77,GBP,ONLINE,REVERSED
1293,2024-03-10,US,218,465.01,GBP,BRANCH,REVERSED
1294,2024-02-13,ES,23,140.43,GBP,BRANCH,POSTED
1295,2024-02-08,MA,517,553.1,EUR,BRANCH,PENDING
1296,2024-03-21,BE,362,619.94,GBP,ATM,PENDING
1297,2024-02-08,PT,754,27.06,USD,ONLINE,REVERSED
1298,2024-03-15,PT,731,4471.8,GBP,ONLINE,PENDING
1299,2024-02-08,US,682,3924.16,GBP,ONLINE,REVERSED
1300,2024-02-18,BE,755,1238.92,USD,ONLINE,PENDING
1301,2024-02-28,DE,150,3558.49,USD,ATM,POSTED
1302,2024-01-08,MA,909,651.19,EUR,MOBILE,POSTED
1303,2024-02-17,BE,412,2941.61,GBP,MOBILE,PENDING
1304,2024-03-15,NL,651,2117.69,USD,MOBILE,REVERSED
1305,2024-02-23,ES,147,2529.42,USD,MOBILE,POSTED
1306,2024-03-06,BE,120,3472.66,USD,MOBILE,POSTED
1307,2024-01-21,BE,378,4608.57,EUR,MOBILE,POSTED
1308,2024-01-16,UK,585,1448.66,GBP,ONLINE,POSTED
1309,2024-02-17,US,383,1517.0,USD,ATM,POSTED
1310,2024-01-19,PT,431,244.21,USD,BRANCH,POSTED
1311,2024-01-24,NL,2,612.52,USD,ATM,POSTED
1312,2024-02-23,NL,586,1549.2,USD,BRANCH,PENDING
1313,2024-03-01,PT,135,3809.99,GBP,MOBILE,PENDING
1314,2024-03-26,NL,152,4331.86,USD,ATM,REVERSED
1315,2024-03-26,PT,419,1936.79,USD,BRANCH,REVERSED
1316,2024-01-06,NL,753,1387.6,EUR,ONLINE,REVERSED
1317,2024-01-04,PT,645,3981.0,GBP,BRANCH,REVERSED
1318,2024-03-23,DE,659,2797.2,EUR,ATM,REVERSED
1319,2024-03-07,IT,768,2379.7,EUR,ATM,REVERSED
1320,2024-03-09,ES,985,95.85,EUR,ONLINE,REVERSED
1321,2024-03-15,NL,86,4034.8,GBP,BRANCH,PENDING
1322,2024-03-16,FR,503,4310.01,EUR,BRANCH,PENDING
1323,2024-01-24,MA,24,4298.38,USD,MOBILE,PENDING
1324,2024-01-12,DE,101,2709.35,USD,ONLINE,POSTED
1325,2024-02-02,DE,157,1534.66,USD,ONLINE,POSTED
1326,2024-03-19,UK,185,136.83,EUR,BRANCH,PENDING
1327,2024-01-13,UK,145,2064.7,USD,BRANCH,PENDING
1328,2024-01-16,FR,207,1198.88,GBP,ONLINE,PENDING
1329,2024-03-06,BE,394,4746.84,USD,ATM,PENDING
1330,2024-02-29,BE,416,328.23,EUR,MOBILE,REVERSED
1331,2024-01-30,FR,275,2770.82,GBP,ATM,POSTED
1332,2024-03-12,ES,311,2841.66,USD,ATM,REVERSED
1333,2024-03-05,IT,801,4839.59,USD,ONLINE,POSTED
1334,2024-03-09,MA,984,4557.55,USD,ATM,POSTED
1335,2024-02-29,PT,296,3265.64,EUR,ATM,POSTED
1336,2024-03-02,US,612,1255.19,GBP,MOBILE,PENDING
1337,2024-03-21,IT,599,4203.58,USD,ATM,POSTED
1338,2024-03-09,PT,71,1503.89,USD,ATM,POSTED
1339,2024-03-12,US,899,2160.38,GBP,BRANCH,REVERSED
1340,2024-02-13,US,770,3539.06,USD,ONLINE,REVERSED
1341,2024-02-11,UK,215,2299.54,GBP,BRANCH,POSTED
1342,2024-03-29,ES,661,4611.37,GBP,MOBILE,POSTED
1343,2024-01-02,ES,423,2779.4,GBP,MOBILE,PENDING
1344,2024-03-09,DE,806,4383.72,GBP,ATM,REVERSED
1345,2024-01-04,NL,688,617.95,USD,BRANCH,PENDING
1346,2024-01-23,FR,127,2314.0,EUR,MOBILE,POSTED
1347,2024-01-29,FR,776,1406.39,GBP,BRANCH,POSTED
1348,2024-01-12,PT,640,1516.59,GBP,ONLINE,POSTED
1349,2024-03-04,UK,37,1404.5,GBP,ONLINE,POSTED
1350,2024-01-26,MA,113,4349.71,GBP,MOBILE,POSTED
1351,2024-03-11,IT,675,3694.34,GBP,ONLINE,POSTED
1352,2024-03-16,ES,763,326.18,USD,ONLINE,REVERSED
1353,2024-02-05,IT,868,3390.22,GBP,BRANCH,REVERSED
1354,2024-03-12,NL,2,4689.51,GBP,ATM,PENDING
1355,2024-02-25,MA,280,609.47,GBP,MOBILE,PENDING
1356,2024-02-16,BE,777,218.28,GBP,ONLINE,POSTED
1357,2024-02-05,MA,545,2244.86,EUR,MOBILE,POSTED
1358,2024-02-12,DE,901,2859.53,EUR,ONLINE,REVERSED
1359,2024-02-24,DE,939,1250.67,EUR,BRANCH,PENDING
1360,2024-01-09,DE,28,2400.35,EUR,BRANCH,PENDING
1361,2024-02-01,DE,484,1192.56,USD,ATM,PENDING
1362,2024-03-07,IT,966,365.48,GBP,MOBILE,POSTED
1363,2024-03-21,NL,592,625.01,EUR,ATM,PENDING
1364,2024-02-10,DE,801,638.55,USD,ATM,PENDING
1365,2024-03-19,MA,67,510.04,EUR,ATM,PENDING
1366,2024-02-18,MA,98,3086.89,USD,ONLINE,REVERSED
1367,2024-03-25,PT,10,2267.6,USD,MOBILE,REVERSED
1368,2024-03-20,DE,347,3254.96,GBP,ATM,PENDING
1369,2024-03-07,UK,601,963.21,EUR,ATM,REVERSED
1370,2024-01-09,PT,808,4204.06,GBP,ONLINE,REVERSED
1371,2024-03-06,US,363,2105.61,GBP,MOBILE,POSTED
1372,2024-02-01,ES,816,221.31,EUR,BRANCH,REVERSED
1373,2024-02-25,BE,982,3258.87,USD,BRANCH,REVERSED
1374,2024-03-10,ES,150,2348.15,GBP,BRANCH,PENDING
1375,2024-02-17,FR,530,2932.61,GBP,ONLINE,POSTED
1376,2024-01-31,BE,838,4176.04,EUR,MOBILE,PENDING
1377,2024-01-26,IT,655,4542.59,EUR,BRANCH,POSTED
1378,2024-03-26,NL,711,3459.51,USD,BRANCH,REVERSED
1379,2024-03-13,UK,630,1498.86,USD,ONLINE,POSTED
1380,2024-02-28,FR,507,1097.81,EUR,ONLINE,REVERSED
1381,2024-01-30,NL,638,1066.48,USD,BRANCH,REVERSED
1382,2024-02-18,IT,409,922.04,EUR,BRANCH,POSTED
1383,2024-01-10,UK,30,2773.9,EUR,BRANCH,PENDING
1384,2024-01-25,PT,934,3827.9,EUR,ATM,POSTED
1385,2024-01-26,US,178,1095.51,USD,ONLINE,PENDING
1386,2024-03-11,IT,182,980.74,EUR,BRANCH,POSTED
1387,2024-01-03,ES,388,3274.69,EUR,BRANCH,POSTED
1388,2024-02-09,NL,245,1848.83,USD,ONLINE,REVERSED
1389,2024-03-20,MA,899,3555.0,EUR,ONLINE,POSTED
1390,2024-01-25,IT,545,1891.6,USD,BRANCH,REVERSED
1391,2024-02-24,IT,943,231.93,GBP,ONLINE,REVERSED
1392,2024-02-07,ES,335,1236.61,GBP,BRANCH,POSTED
1393,2024-03-06,PT,907,2445.46,GBP,ATM,PENDING
1394,2024-03-25,PT,66,838.0,USD,BRANCH,PENDING
1395,2024-03-07,NL,183,1609.79,USD,MOBILE,REVERSED
1396,2024-03-04,NL,274,2906.35,GBP,ATM,POSTED
1397,2024-01-29,IT,462,4315.98,USD,ONLINE,PENDING
1398,2024-02-24,MA,585,786.89,USD,BRANCH,REVERSED
1399,2024-01-11,ES,769,421.06,USD,BRANCH,POSTED
1400,2024-03-15,FR,476,2561.8,USD,MOBILE,PENDING
1401,2024-02-29,MA,418,1838.19,USD,BRANCH,PENDING
1402,2024-02-18,FR,183,2209.0,USD,ATM,PENDING
1403,2024-01-11,US,862,2509.32,GBP,ATM,PENDING
1404,2024-01-30,DE,121,357.67,EUR,ONLINE,PENDING
1405,2024-01-26,UK,256,1514.28,GBP,BRANCH,POSTED
1406,2024-03-18,ES,875,3762.16,GBP,BRANCH,POSTED
1407,2024-02-08,US,842,1733.82,USD,MOBILE,REVERSED
1408,2024-03-24,FR,483,3270.8,EUR,MOBILE,POSTED
1409,2024-01-30,IT,485,1169.38,GBP,MOBILE,REVERSED
1410,2024-02-29,UK,810,430.29,EUR,MOBILE,REVERSED
1411,2024-02-23,IT,449,2250.41,GBP,ATM,PENDING
1412,2024-01-18,PT,894,642.6,GBP,ATM,PENDING
1413,2024-03-25,UK,347,1128.23,USD,MOBILE,REVERSED
1414,2024-03-09,US,333,2935.19,GBP,ATM,POSTED
1415,2024-01-20,UK,581,3149.57,GBP,MOBILE,PENDING
1416,2024-01-27,MA,65,2672.92,EUR,MOBILE,POSTED
1417,2024-02-12,PT,985,2258.23,USD,ATM,POSTED
1418,2024-01-14,BE,181,161.26,GBP,MOBILE,POSTED
1419,2024-01-24,IT,71,4556.82,USD,BRANCH,POSTED
1420,2024-01-30,US,675,2622.45,USD,ATM,PENDING
1421,2024-03-07,FR,175,1634.53,USD,MOBILE,POSTED
1422,2024-01-15,ES,549,2092.65,GBP,ATM,PENDING
1423,2024-01-27,ES,891,1029.18,USD,MOBILE,POSTED
1424,2024-03-18,PT,961,1552.26,EUR,MOBILE,PENDING
1425,2024-01-26,FR,146,2229.21,USD,ONLINE,REVERSED
1426,2024-02-12,PT,900,2455.3,USD,ATM,REVERSED
1427,2024-01-12,US,661,4405.09,USD,BRANCH,REVERSED
1428,2024-02-08,MA,627,4117.32,EUR,MOBILE,POSTED
1429,2024-01-23,PT,750,2160.95,USD,ONLINE,REVERSED
1430,2024-03-13,DE,402,3493.53,EUR,ONLINE,POSTED
1431,2024-02-05,BE,298,3333.62,EUR,ONLINE,PENDING
1432,2024-02-22,BE,124,4976.59,EUR,ATM,REVERSED
1433,2024-02-11,MA,461,825.03,EUR,ATM,PENDING
1434,2024-01-04,DE,654,3472.73,GBP,MOBILE,PENDING
1435,2024-02-13,MA,876,972.82,EUR,ATM,PENDING
1436,2024-01-15,ES,334,3351.81,USD,MOBILE,PENDING
1437,2024-01-09,DE,561,3285.46,GBP,MOBILE,POSTED
1438,2024-03-01,US,861,807.67,EUR,ATM,POSTED
1439,2024-02-07,DE,547,3707.49,EUR,ATM,REVERSED
1440,2024-01-02,US,157,2203.85,EUR,ONLINE,REVERSED
1441,2024-01-05,BE,221,2210.85,EUR,ATM,PENDING
1442,2024-03-29,US,454,263.02,EUR,ATM,PENDING
1443,2024-01-26,IT,383,4543.87,EUR,ATM,POSTED
1444,2024-02-23,FR,14,1686.25,EUR,ATM,POSTED
1445,2024-01-13,ES,741,836.07,USD,ATM,PENDING
1446,2024-02-11,BE,641,948.55,EUR,MOBILE,PENDING
1447,2024-01-16,IT,218,530.32,USD,ONLINE,POSTED
1448,2024-02-21,UK,12,1946.54,USD,ONLINE,POSTED
1449,2024-03-25,US,665,3119.92,EUR,ATM,POSTED
1450,2024-02-22,US,785,2994.75,EUR,ONLINE,PENDING
1451,2024-01-13,PT,332,4907.1,GBP,MOBILE,REVERSED
1452,2024-03-29,ES,340,877.48,GBP,BRANCH,REVERSED
1453,2024-03-02,DE,343,89.23,GBP,MOBILE,PENDING
1454,2024-03-06,IT,515,2937.76,EUR,ONLINE,POSTED
1455,2024-03-19,DE,316,1182.75,USD,ONLINE,REVERSED
1456,2024-01-11,FR,140,1873.24,USD,ONLINE,POSTED
1457,2024-02-18,IT,657,190.5,GBP,MOBILE,REVERSED
1458,2024-02-12,ES,284,1588.38,EUR,MOBILE,REVERSED
1459,2024-02-06,FR,234,4234.83,USD,BRANCH,POSTED
1460,2024-01-27,BE,55,4533.25,GBP,ONLINE,REVERSED
1461,2024-03-30,IT,622,4363.66,GBP,BRANCH,POSTED
1462,2024-02-26,FR,66,4349.46,EUR,ONLINE,POSTED
1463,2024-03-22,ES,960,1021.9,EUR,ONLINE,REVERSED
1464,2024-03-11,IT,241,2537.62,USD,MOBILE,PENDING
1465,2024-01-22,IT,250,2120.66,GBP,ONLINE,PENDING
1466,2024-02-06,PT,459,4838.66,EUR,BRANCH,PENDING
1467,2024-01-11,UK,407,1889.21,USD,MOBILE,PENDING
1468,2024-03-05,PT,752,2167.72,EUR,MOBILE,POSTED
1469,2024-02-18,MA,874,417.08,USD,ONLINE,REVERSED
1470,2024-01-23,US,389,2318.79,USD,BRANCH,PENDING
1471,2024-03-12,PT,492,360.63,EUR,MOBILE,POSTED
1472,2024-01-20,IT,4,65.16,GBP,BRANCH,PENDING
1473,2024-02-21,MA,962,1973.85,GBP,BRANCH,PENDING
1474,2024-03-03,US,656,4937.62,EUR,MOBILE,POSTED
1475,2024-01-16,MA,954,2828.48,EUR,MOBILE,PENDING
1476,2024-02-14,BE,726,2443.62,GBP,BRANCH,REVERSED
1477,2024-01-08,MA,948,2120.78,EUR,ONLINE,PENDING
1478,2024-01-05,UK,646,3533.09,EUR,ONLINE,PENDING
1479,2024-03-18,NL,966,3405.65,USD,ONLINE,REVERSED
1480,2024-03-15,ES,12,584.54,EUR,MOBILE,PENDING
1481,2024-03-16,DE,530,4549.84,USD,ONLINE,PENDING
1482,2024-02-02,US,512,4838.45,GBP,MOBILE,REVERSED
1483,2024-02-09,MA,770,4382.13,GBP,ATM,POSTED
1484,2024-03-22,PT,795,3987.87,EUR,BRANCH,REVERSED
1485,2024-01-27,MA,715,1541.19,EUR,MOBILE,POSTED
1486,2024-01-13,DE,792,3481.89,GBP,MOBILE,REVERSED
1487,2024-02-06,MA,174,882.83,EUR,ONLINE,POSTED
1488,2024-03-03,ES,514,4742.47,USD,ONLINE,POSTED
1489,2024-01-26,FR,767,914.46,EUR,BRANCH,PENDING
1490,2024-02-26,PT,111,4341.94,EUR,ATM,PENDING
1491,2024-01-11,MA,127,1384.53,USD,ATM,REVERSED
1492,2024-01-31,NL,496,3364.35,EUR,ATM,POSTED
1493,2024-02-04,FR,681,2912.64,EUR,ATM,POSTED
1494,2024-03-07,FR,384,3015.32,USD,MOBILE,PENDING
1495,2024-02-13,PT,439,1683.41,GBP,BRANCH,PENDING
1496,2024-01-31,UK,681,1992.96,GBP,ATM,PENDING
1497,2024-02-12,DE,3,2285.14,GBP,MOBILE,REVERSED
1498,2024-01-18,FR,616,615.35,GBP,BRANCH,REVERSED
1499,2024-02-01,UK,462,3092.14,GBP,MOBILE,REVERSED
1500,2024-02-22,IT,3,4930.92,USD,ATM,REVERSED
1501,2024-02-16,FR,992,4037.98,USD,MOBILE,POSTED
1502,2024-03-18,NL,409,3696.28,EUR,BRANCH,PENDING
1503,2024-03-01,DE,751,1924.91,GBP,ONLINE,REVERSED
1504,2024-01-19,BE,897,2859.89,GBP,ATM,POSTED
1505,2024-03-04,DE,308,4161.94,GBP,MOBILE,POSTED
1506,2024-02-27,DE,493,3313.55,EUR,ONLINE,POSTED
1507,2024-01-22,DE,108,2175.03,GBP,ATM,POSTED
1508,2024-02-11,MA,784,1402.51,GBP,BRANCH,REVERSED
1509,2024-03-01,DE,681,679.65,GBP,MOBILE,POSTED
1510,2024-03-29,UK,892,1119.81,GBP,ATM,REVERSED
1511,2024-02-13,MA,932,3587.5,GBP,MOBILE,REVERSED
1512,2024-03-23,BE,989,4280.85,EUR,ONLINE,PENDING
1513,2024-01-15,US,89,557.8,USD,ONLINE,REVERSED
1514,2024-01-15,PT,376,637.96,USD,MOBILE,REVERSED
1515,2024-01-01,US,63,2950.71,EUR,MOBILE,PENDING
1516,2024-02-10,UK,816,3396.83,EUR,ONLINE,POSTED
1517,2024-02-20,FR,551,4261.96,USD,ONLINE,PENDING
1518,2024-01-29,NL,696,2279.47,GBP,BRANCH,POSTED
1519,2024-03-26,FR,613,1601.38,GBP,ATM,PENDING
1520,2024-03-14,NL,646,4143.61,USD,BRANCH,REVERSED
1521,2024-02-18,FR,829,1666.39,GBP,ONLINE,REVERSED
1522,2024-01-29,FR,945,4327.29,EUR,MOBILE,REVERSED
1523,2024-02-20,US,834,3296.59,EUR,ATM,REVERSED
1524,2024-02-20,UK,432,3389.82,USD,MOBILE,PENDING
1525,2024-01-10,BE,744,1415.92,GBP,ONLINE,REVERSED
1526,2024-03-11,MA,99,655.37,GBP,ATM,REVERSED
1527,2024-02-08,NL,670,819.31,EUR,MOBILE,REVERSED
1528,2024-03-02,US,918,724.97,EUR,ONLINE,REVERSED
1529,2024-03-24,FR,370,3630.06,GBP,ATM,REVERSED
1530,2024-01-19,MA,973,4913.52,GBP,ONLINE,POSTED
1531,2024-01-13,UK,997,2369.9,EUR,ATM,REVERSED
1532,2024-03-24,UK,607,2169.67,EUR,MOBILE,POSTED
1533,2024-01-05,DE,246,1983.83,USD,ONLINE,REVERSED
1534,2024-02-18,DE,796,2318.91,GBP,MOBILE,PENDING
1535,2024-03-21,NL,376,59.0,EUR,ATM,POSTED
1536,2024-03-03,BE,230,116.11,GBP,MOBILE,PENDING
1537,2024-03-29,DE,813,2964.8,USD,MOBILE,REVERSED
1538,2024-03-30,MA,305,2857.54,EUR,BRANCH,POSTED
1539,2024-03-09,ES,415,4064.53,EUR,MOBILE,REVERSED
1540,2024-03-09,BE,500,320.59,GBP,ATM,POSTED
1541,2024-03-25,DE,185,4310.16,GBP,ONLINE,POSTED
1542,2024-03-12,NL,819,1572.17,EUR,ONLINE,REVERSED
1543,2024-01-27,ES,89,2812.92,EUR,ATM,POSTED
1544,2024-03-05,US,372,4831.41,EUR,MOBILE,REVERSED
1545,2024-01-01,IT,307,231.79,GBP,BRANCH,REVERSED
1546,2024-03-09,NL,143,2885.78,GBP,BRANCH,REVERSED
1547,2024-02-15,PT,551,2553.44,GBP,ATM,REVERSED
1548,2024-01-06,IT,37,941.18,USD,ONLINE,POSTED
1549,2024-03-18,BE,221,2959.32,USD,ONLINE,REVERSED
1550,2024-03-20,MA,76,2749.69,USD,MOBILE,REVERSED
1551,2024-01-21,MA,467,417.19,USD,MOBILE,REVERSED
1552,2024-01-19,BE,208,353.72,GBP,BRANCH,REVERSED
1553,2024-03-30,IT,731,1861.34,GBP,ONLINE,PENDING
1554,2024-01-20,UK,806,2168.7,EUR,ONLINE,POSTED
1555,2024-02-04,DE,544,550.84,GBP,MOBILE,POSTED
1556,2024-02-12,DE,371,4546.32,USD,ONLINE,POSTED
1557,2024-02-05,FR,100,1886.4,EUR,MOBILE,POSTED
1558,2024-01-16,ES,539,3641.91,USD,MOBILE,POSTED
1559,2024-03-08,UK,717,2861.22,USD,BRANCH,REVERSED
1560,2024-01-13,FR,174,1590.66,USD,ONLINE,PENDING
1561,2024-03-27,BE,564,2973.49,USD,MOBILE,REVERSED
1562,2024-01-17,US,9,3433.61,GBP,ONLINE,REVERSED
1563,2024-01-17,ES,387,2838.24,USD,ATM,REVERSED
1564,2024-03-22,UK,724,3887.86,GBP,MOBILE,REVERSED
1565,2024-02-28,ES,449,4931.25,USD,BRANCH,PENDING
1566,2024-02-24,BE,964,3592.62,EUR,BRANCH,REVERSED
1567,2024-01-12,US,416,3853.12,EUR,ATM,POSTED
1568,2024-01-31,DE,169,2877.01,EUR,BRANCH,REVERSED
1569,2024-03-04,FR,985,4742.04,GBP,ONLINE,PENDING
1570,2024-03-04,BE,701,4989.77,GBP,ATM,PENDING
1571,2024-01-02,PT,194,4554.52,GBP,ATM,REVERSED
1572,2024-02-24,BE,767,1725.96,GBP,ATM,REVERSED
1573,2024-02-27,ES,690,4651.0,GBP,ONLINE,POSTED
1574,2024-01-10,UK,859,667.46,USD,ATM,PENDING
1575,2024-03-04,MA,174,1867.05,EUR,BRANCH,REVERSED
1576,2024-02-01,BE,871,3832.3,EUR,BRANCH,PENDING
1577,2024-03-02,US,271,1066.12,GBP,MOBILE,POSTED
1578,2024-02-09,BE,845,4467.2,USD,MOBILE,POSTED
1579,2024-02-15,FR,630,2302.31,USD,BRANCH,POSTED
1580,2024-01-01,UK,911,3612.45,USD,BRANCH,POSTED
1581,2024-01-13,MA,503,988.52,GBP,ONLINE,PENDING
1582,2024-01-16,NL,7,779.0,GBP,BRANCH,POSTED
1583,2024-03-01,MA,383,1497.13,USD,ONLINE,REVERSED
1584,2024-02-04,DE,449,3281.74,USD,ONLINE,POSTED
1585,2024-02-15,MA,5,1796.82,GBP,ONLINE,POSTED
1586,2024-01-25,US,41,669.27,USD,BRANCH,POSTED
1587,2024-01-21,IT,971,2397.0,GBP,BRANCH,POSTED
1588,2024-02-23,NL,563,2478.34,GBP,ONLINE,PENDING
1589,2024-02-21,BE,743,4617.88,USD,ONLINE,POSTED
1590,2024-01-14,FR,129,778.55,GBP,ATM,REVERSED
1591,2024-01-31,FR,694,4149.35,USD,ATM,PENDING
1592,2024-03-02,US,288,2430.16,USD,ONLINE,REVERSED
1593,2024-01-20,BE,191,1248.08,EUR,BRANCH,REVERSED
1594,2024-02-01,MA,203,2369.99,EUR,ONLINE,POSTED
1595,2024-03-16,ES,234,603.19,USD,ATM,PENDING
1596,2024-01-25,ES,436,89.29,EUR,ATM,POSTED
1597,2024-02-18,MA,537,1532.92,GBP,ONLINE,POSTED
1598,2024-02-13,MA,490,307.69,USD,ATM,PENDING
1599,2024-01-15,US,372,1403.5,USD,MOBILE,POSTED
1600,2024-02-10,FR,186,205.4,EUR,BRANCH,POSTED
1601,2024-02-06,NL,286,4542.5,EUR,MOBILE,POSTED
1602,2024-02-02,NL,372,1672.08,EUR,ATM,REVERSED
1603,2024-01-02,BE,788,4310.01,USD,BRANCH,REVERSED
1604,2024-02-16,PT,541,3023.96,EUR,BRANCH,POSTED
1605,2024-03-15,MA,89,4436.08,EUR,ATM,POSTED
1606,2024-03-16,IT,197,3523.6,EUR,ATM,REVERSED
1607,2024-03-20,UK,308,3627.03,EUR,ONLINE,POSTED
1608,2024-01-17,IT,428,2752.93,USD,BRANCH,PENDING
1609,2024-02-27,DE,932,2181.19,USD,MOBILE,REVERSED
1610,2024-03-05,FR,170,2996.17,GBP,ONLINE,PENDING
1611,2024-01-06,PT,62,3972.16,GBP,ONLINE,REVERSED
1612,2024-02-20,NL,701,2662.82,GBP,ATM,POSTED
1613,2024-02-26,BE,393,2812.93,USD,MOBILE,REVERSED
1614,2024-02-04,IT,188,19.0,GBP,ONLINE,REVERSED
1615,2024-03-30,FR,900,4643.21,GBP,MOBILE,REVERSED
1616,2024-03-08,US,310,4262.52,USD,BRANCH,REVERSED
1617,2024-01-16,ES,229,229.02,EUR,BRANCH,POSTED
1618,2024-03-22,ES,964,4418.13,EUR,BRANCH,POSTED
1619,2024-03-23,IT,843,1050.65,EUR,ATM,REVERSED
1620,2024-02-14,PT,995,1846.18,EUR,BRANCH,REVERSED
1621,2024-01-18,MA,919,3057.8,USD,ATM,REVERSED
1622,2024-01-02,UK,224,3652.65,USD,ONLINE,PENDING
1623,2024-01-03,BE,673,4893.83,GBP,ATM,REVERSED
1624,2024-03-29,MA,968,3269.47,GBP,ONLINE,PENDING
1625,2024-01-29,UK,275,1020.39,GBP,MOBILE,POSTED
1626,2024-02-27,IT,747,3631.7,USD,ONLINE,PENDING
1627,2024-01-12,NL,185,2297.49,EUR,ONLINE,REVERSED
1628,2024-03-03,ES,663,1410.94,USD,ONLINE,POSTED
1629,2024-02-20,PT,192,348.2,EUR,MOBILE,POSTED
1630,2024-02-28,MA,102,3621.81,EUR,ATM,REVERSED
1631,2024-01-13,MA,393,104.56,EUR,ATM,POSTED
1632,2024-02-01,DE,274,714.04,GBP,ATM,POSTED
1633,2024-01-14,BE,753,4091.46,GBP,ATM,POSTED
1634,2024-01-18,NL,777,2814.69,USD,ONLINE,PENDING
1635,2024-02-12,NL,158,1219.8,GBP,BRANCH,REVERSED
1636,2024-03-10,DE,21,4124.8,EUR,BRANCH,POSTED
1637,2024-03-06,MA,145,7.05,EUR,ATM,POSTED
1638,2024-02-24,MA,150,1767.2,USD,ONLINE,REVERSED
1639,2024-02-19,DE,503,848.63,EUR,ONLINE,POSTED
1640,2024-02-06,UK,78,3078.87,EUR,BRANCH,POSTED
1641,2024-01-06,PT,154,891.16,GBP,BRANCH,REVERSED
1642,2024-01-24,MA,153,4465.69,GBP,BRANCH,REVERSED
1643,2024-02-06,UK,896,520.51,USD,BRANCH,PENDING
1644,2024-01-10,FR,882,4665.54,EUR,ONLINE,PENDING
1645,2024-01-19,MA,457,3607.0,USD,ATM,POSTED
1646,2024-03-14,MA,982,3633.81,EUR,ATM,PENDING
1647,2024-01-17,ES,785,1925.7,USD,MOBILE,PENDING
1648,2024-03-02,MA,616,3967.71,USD,ONLINE,REVERSED
1649,2024-02-01,MA,428,2747.15,GBP,MOBILE,REVERSED
1650,2024-03-09,IT,393,419.0,GBP,MOBILE,REVERSED
1651,2024-03-14,IT,719,437.16,USD,ATM,POSTED
1652,2024-01-03,UK,571,2370.16,EUR,ATM,POSTED
1653,2024-02-14,UK,869,4246.8,EUR,BRANCH,PENDING
1654,2024-01-19,BE,995,4656.78,USD,ONLINE,POSTED
1655,2024-01-29,FR,764,689.87,GBP,ONLINE,PENDING
1656,2024-01-04,MA,380,271.36,EUR,ATM,PENDING
1657,2024-03-17,ES,30,735.29,EUR,ATM,POSTED
1658,2024-01-10,FR,582,4155.51,USD,ONLINE,POSTED
1659,2024-03-01,ES,766,2637.72,USD,MOBILE,PENDING
1660,2024-02-13,NL,800,3224.59,EUR,BRANCH,POSTED
1661,2024-01-20,FR,902,3212.63,GBP,ONLINE,REVERSED
1662,2024-01-21,FR,405,4163.57,GBP,MOBILE,REVERSED
1663,2024-02-03,PT,513,1530.86,EUR,MOBILE,POSTED
1664,2024-02-04,DE,534,1888.42,EUR,ONLINE,PENDING
1665,2024-03-20,FR,224,1962.06,GBP,ATM,REVERSED
1666,2024-02-29,NL,320,3263.85,USD,MOBILE,POSTED
1667,2024-01-07,UK,662,2121.69,USD,ATM,POSTED
1668,2024-01-10,UK,617,3894.21,USD,ATM,POSTED
1669,2024-02-06,ES,554,533.22,EUR,ATM,PENDING
1670,2024-01-25,BE,206,3192.31,EUR,ONLINE,PENDING
1671,2024-01-11,PT,578,225.33,USD,ATM,POSTED
1672,2024-02-10,DE,966,1543.72,USD,BRANCH,PENDING
1673,2024-03-05,IT,322,3759.46,GBP,BRANCH,POSTED
1674,2024-03-30,DE,339,2037.03,GBP,ATM,REVERSED
1675,2024-01-20,FR,601,3980.55,USD,ATM,PENDING
1676,2024-01-21,ES,698,2316.07,GBP,ATM,REVERSED
1677,2024-01-30,IT,826,3407.62,EUR,ONLINE,REVERSED
1678,2024-03-07,PT,667,2616.91,USD,MOBILE,POSTED
1679,2024-02-13,US,368,3117.73,USD,ATM,REVERSED
1680,2024-03-28,MA,244,1044.89,GBP,ATM,POSTED
1681,2024-03-13,NL,99,4023.83,EUR,BRANCH,REVERSED
1682,2024-01-12,NL,96,2274.58,EUR,BRANCH,POSTED
1683,2024-01-09,US,590,1817.28,EUR,ATM,POSTED
1684,2024-02-28,US,484,4892.44,USD,ONLINE,POSTED
1685,2024-03-13,NL,40,1818.0,USD,MOBILE,PENDING
1686,2024-03-20,ES,451,1834.29,GBP,BRANCH,PENDING
1687,2024-01-11,MA,518,2251.01,GBP,ATM,REVERSED
1688,2024-03-23,FR,758,3953.16,GBP,ATM,POSTED
1689,2024-01-14,US,384,791.87,USD,ATM,POSTED
1690,2024-02-19,NL,685,468.42,USD,MOBILE,REVERSED
1691,2024-03-09,NL,111,430.03,GBP,ATM,PENDING
1692,2024-02-25,IT,411,1644.27,USD,BRANCH,REVERSED
1693,2024-03-03,IT,719,3706.68,EUR,BRANCH,PENDING
1694,2024-01-05,BE,159,4742.72,EUR,ONLINE,PENDING
1695,2024-03-13,FR,615,3871.25,EUR,BRANCH,PENDING
1696,2024-03-01,IT,55,1058.25,EUR,MOBILE,PENDING
1697,2024-02-02,ES,85,709.55,USD,MOBILE,POSTED
1698,2024-02-08,NL,892,2099.19,EUR,BRANCH,POSTED
1699,2024-01-07,DE,916,4508.31,USD,BRANCH,POSTED
1700,2024-01-26,UK,964,2096.09,USD,ONLINE,REVERSED
1701,2024-02-25,UK,934,3464.81,USD,ATM,REVERSED
1702,2024-03-17,IT,79,3613.9,GBP,ONLINE,PENDING
1703,2024-03-26,UK,14,753.38,USD,ONLINE,PENDING
1704,2024-02-10,DE,811,4849.91,USD,BRANCH,REVERSED
1705,2024-01-01,NL,965,4162.72,EUR,MOBILE,REVERSED
1706,2024-03-15,DE,37,1093.9,EUR,MOBILE,REVERSED
1707,2024-03-10,ES,615,1888.41,USD,ONLINE,POSTED
1708,2024-03-27,PT,978,72.84,USD,ATM,PENDING
1709,2024-02-09,BE,838,4338.92,GBP,MOBILE,REVERSED
1710,2024-02-28,MA,420,1759.29,GBP,MOBILE,REVERSED
1711,2024-02-12,DE,948,879.89,USD,BRANCH,POSTED
1712,2024-03-11,PT,166,2714.27,USD,BRANCH,REVERSED
1713,2024-03-29,MA,649,1416.96,GBP,ATM,POSTED
1714,2024-01-14,DE,665,83.12,USD,ATM,PENDING
1715,2024-03-20,BE,102,3167.99,GBP,ATM,REVERSED
1716,2024-02-07,MA,216,1115.17,USD,MOBILE,POSTED
1717,2024-01-26,NL,973,623.08,USD,MOBILE,REVERSED
1718,2024-02-20,FR,962,1873.84,EUR,BRANCH,PENDING
1719,2024-03-25,US,314,4192.58,USD,ONLINE,POSTED
1720,2024-02-23,FR,15,132.21,USD,BRANCH,PENDING
1721,2024-01-22,PT,440,1209.91,USD,ONLINE,REVERSED
1722,2024-03-23,MA,848,258.85,GBP,MOBILE,POSTED
1723,2024-03-22,MA,745,869.41,USD,ONLINE,PENDING
1724,2024-01-30,DE,727,4006.06,GBP,ATM,REVERSED
1725,2024-03-14,MA,863,3811.1,USD,ONLINE,PENDING
1726,2024-01-27,DE,95,129.18,EUR,ONLINE,POSTED
1727,2024-03-20,BE,942,4862.03,GBP,MOBILE,POSTED
1728,2024-01-17,NL,649,3157.88,USD,ONLINE,POSTED
1729,2024-03-24,IT,304,969.95,EUR,MOBILE,PENDING
1730,2024-03-25,FR,281,415.73,EUR,ATM,REVERSED
1731,2024-03-15,DE,113,2296.18,GBP,ATM,POSTED
1732,2024-01-19,US,268,4473.13,EUR,ATM,PENDING
1733,2024-02-16,IT,400,504.26,EUR,MOBILE,POSTED
1734,2024-03-03,DE,215,3436.99,USD,BRANCH,REVERSED
1735,2024-02-27,ES,184,1494.48,EUR,ATM,POSTED
1736,2024-02-13,UK,495,4974.59,GBP,ATM,POSTED
1737,2024-03-07,US,948,608.85,GBP,ATM,REVERSED
1738,2024-01-03,BE,524,3805.04,EUR,BRANCH,POSTED
1739,2024-01-28,FR,335,693.69,EUR,ONLINE,PENDING
1740,2024-02-05,NL,204,4766.19,USD,BRANCH,PENDING
1741,2024-03-04,MA,524,4731.78,EUR,BRANCH,POSTED
1742,2024-01-26,US,984,1964.74,GBP,BRANCH,POSTED
1743,2024-01-27,NL,443,4414.4,USD,BRANCH,PENDING
1744,2024-03-20,DE,621,1915.85,EUR,BRANCH,PENDING
1745,2024-03-21,DE,460,837.08,EUR,BRANCH,REVERSED
1746,2024-02-22,US,618,4133.61,GBP,BRANCH,PENDING
1747,2024-01-04,DE,184,4045.39,USD,ONLINE,PENDING
1748,2024-02-01,DE,220,3285.12,USD,ONLINE,PENDING
1749,2024-01-16,FR,326,3441.77,GBP,BRANCH,POSTED
1750,2024-02-29,PT,814,1608.48,EUR,ATM,PENDING
1751,2024-02-06,PT,217,2636.78,EUR,BRANCH,REVERSED
1752,2024-03-18,DE,587,4463.43,USD,MOBILE,PENDING
1753,2024-02-10,IT,201,249.25,USD,MOBILE,POSTED
1754,2024-02-05,MA,122,621.34,EUR,BRANCH,REVERSED
1755,2024-02-19,IT,590,107.32,EUR,ATM,PENDING
1756,2024-02-06,ES,861,4834.3,EUR,ATM,PENDING
1757,2024-03-23,FR,71,2350.0,USD,BRANCH,PENDING
1758,2024-02-10,UK,409,399.76,USD,MOBILE,REVERSED
1759,2024-01-07,MA,305,3482.59,USD,MOBILE,REVERSED
1760,2024-01-16,UK,960,3090.27,EUR,ONLINE,POSTED
1761,2024-01-02,ES,107,4967.71,GBP,MOBILE,POSTED
1762,2024-01-22,DE,195,3620.82,USD,ATM,REVERSED
1763,2024-01-07,US,904,3924.94,EUR,ATM,PENDING
1764,2024-01-10,US,337,3439.92,USD,BRANCH,REVERSED
1765,2024-01-22,ES,597,2304.01,EUR,BRANCH,POSTED
1766,2024-03-15,MA,652,2234.45,EUR,ONLINE,REVERSED
1767,2024-03-02,NL,999,1403.43,GBP,MOBILE,POSTED
1768,2024-01-12,US,784,1481.87,EUR,BRANCH,REVERSED
1769,2024-02-01,IT,711,391.01,USD,ATM,POSTED
1770,2024-01-02,IT,479,4092.74,EUR,MOBILE,POSTED
1771,2024-02-13,IT,833,2953.02,GBP,BRANCH,PENDING
1772,2024-02-28,ES,868,2523.05,EUR,ONLINE,PENDING
1773,2024-02-19,NL,888,3102.77,EUR,MOBILE,POSTED
1774,2024-01-09,US,433,821.82,USD,ATM,POSTED
1775,2024-02-29,DE,762,551.89,EUR,MOBILE,POSTED
1776,2024-02-04,FR,487,3309.77,USD,BRANCH,PENDING
1777,2024-01-16,BE,86,1772.78,EUR,ONLINE,PENDING
1778,2024-03-05,MA,520,1669.36,USD,BRANCH,PENDING
1779,2024-01-13,FR,664,1913.23,USD,ONLINE,PENDING
1780,2024-01-25,MA,180,2970.65,GBP,MOBILE,REVERSED
1781,2024-02-25,DE,697,250.31,EUR,ATM,POSTED
1782,2024-01-15,FR,916,179.4,USD,ONLINE,POSTED
1783,2024-03-09,DE,282,1133.1,GBP,MOBILE,PENDING
1784,2024-02-20,DE,225,3669.89,GBP,BRANCH,PENDING
1785,2024-01-27,ES,804,1018.67,GBP,BRANCH,REVERSED
1786,2024-03-17,US,751,16.53,EUR,MOBILE,REVERSED
1787,2024-02-09,IT,174,1576.25,EUR,ONLINE,POSTED
1788,2024-02-12,NL,145,4811.25,GBP,MOBILE,PENDING
1789,2024-02-12,FR,181,4871.88,EUR,ONLINE,REVERSED
1790,2024-01-02,PT,360,4847.74,GBP,ATM,PENDING
1791,2024-02-01,NL,112,226.84,EUR,BRANCH,POSTED
1792,2024-03-08,BE,171,3775.21,EUR,ATM,PENDING
1793,2024-02-12,NL,502,3674.34,GBP,BRANCH,REVERSED
1794,2024-03-03,US,373,2294.3,USD,BRANCH,REVERSED
1795,2024-02-12,BE,793,3320.02,GBP,MOBILE,POSTED
1796,2024-02-04,BE,745,3199.36,EUR,MOBILE,POSTED
1797,2024-03-25,ES,365,2489.66,EUR,MOBILE,PENDING
1798,2024-01-27,DE,198,4603.32,USD,ATM,PENDING
1799,2024-03-21,BE,920,4562.04,GBP,ONLINE,PENDING
1800,2024-03-27,UK,909,1656.65,GBP,MOBILE,PENDING
1801,2024-02-09,IT,42,2898.0,GBP,BRANCH,REVERSED
1802,2024-01-16,MA,814,2275.68,USD,BRANCH,POSTED
1803,2024-01-02,NL,949,3427.95,USD,ONLINE,REVERSED
1804,2024-02-07,PT,571,3321.94,USD,MOBILE,PENDING
1805,2024-01-09,US,15,2269.84,EUR,BRANCH,REVERSED
1806,2024-01-16,FR,500,1529.8,USD,BRANCH,REVERSED
1807,2024-01-01,FR,257,689.46,USD,ONLINE,POSTED
1808,2024-02-04,ES,750,984.44,GBP,ATM,PENDING
1809,2024-01-29,FR,484,4664.74,EUR,MOBILE,PENDING
1810,2024-02-21,DE,914,1307.04,USD,BRANCH,POSTED
1811,2024-03-13,MA,695,4379.79,GBP,ONLINE,REVERSED
1812,2024-01-26,US,138,2082.15,EUR,BRANCH,PENDING
1813,2024-01-11,US,580,4635.67,USD,ONLINE,PENDING
1814,2024-02-25,DE,141,2633.33,GBP,BRANCH,REVERSED
1815,2024-03-28,UK,479,1771.62,USD,MOBILE,PENDING
1816,2024-02-29,FR,934,2794.99,USD,ATM,POSTED
1817,2024-03-19,US,805,1213.99,GBP,BRANCH,POSTED
1818,2024-03-20,BE,921,2828.31,USD,ATM,PENDING
1819,2024-01-17,MA,686,30.76,GBP,MOBILE,POSTED
1820,2024-01-11,FR,276,4149.64,GBP,ATM,PENDING
1821,2024-03-17,DE,841,1453.59,USD,BRANCH,POSTED
1822,2024-01-16,PT,690,2554.59,GBP,ATM,REVERSED
1823,2024-01-27,BE,147,2810.68,USD,ONLINE,POSTED
1824,2024-03-27,ES,308,3141.57,GBP,ATM,PENDING
1825,2024-03-20,IT,117,336.64,EUR,ATM,REVERSED
1826,2024-01-13,IT,209,518.93,EUR,MOBILE,PENDING
1827,2024-01-08,DE,307,2023.38,EUR,ONLINE,REVERSED
1828,2024-02-03,PT,697,2196.21,GBP,ATM,PENDING
1829,2024-01-19,FR,189,709.29,GBP,ONLINE,POSTED
1830,2024-03-06,BE,205,2381.32,USD,BRANCH,REVERSED
1831,2024-01-13,PT,504,1837.33,USD,MOBILE,PENDING
1832,2024-03-30,DE,475,2085.07,USD,ONLINE,POSTED
1833,2024-02-06,NL,123,2821.48,EUR,BRANCH,POSTED
1834,2024-03-23,PT,455,214.12,USD,ONLINE,PENDING
1835,2024-02-28,US,9,4908.79,USD,ONLINE,PENDING
1836,2024-03-08,MA,525,314.77,GBP,ONLINE,PENDING
1837,2024-03-24,PT,347,2297.95,EUR,BRANCH,REVERSED
1838,2024-02-08,MA,69,4580.88,GBP,MOBILE,PENDING
1839,2024-03-01,PT,674,902.69,GBP,BRANCH,POSTED
1840,2024-03-30,UK,602,4776.02,USD,MOBILE,POSTED
1841,2024-01-06,FR,872,3664.65,EUR,ATM,REVERSED
1842,2024-01-14,NL,956,3396.93,USD,ONLINE,REVERSED
1843,2024-01-31,DE,921,4403.9,GBP,MOBILE,PENDING
1844,2024-01-09,FR,626,1253.17,EUR,ATM,PENDING
1845,2024-02-17,PT,646,4203.56,EUR,BRANCH,POSTED
1846,2024-03-30,NL,386,666.95,GBP,ONLINE,POSTED
1847,2024-02-02,NL,448,3394.57,EUR,ONLINE,REVERSED
1848,2024-01-21,MA,833,2643.12,EUR,ATM,REVERSED
1849,2024-01-04,DE,208,167.16,EUR,ATM,PENDING
1850,2024-02-22,PT,559,4322.59,USD,ONLINE,REVERSED
1851,2024-03-23,BE,508,951.49,EUR,MOBILE,REVERSED
1852,2024-02-15,UK,633,4498.88,EUR,ATM,PENDING
1853,2024-02-24,MA,894,355.27,EUR,ONLINE,REVERSED
1854,2024-02-08,DE,120,2494.06,EUR,BRANCH,POSTED
1855,2024-01-29,US,944,4140.91,USD,BRANCH,POSTED
1856,2024-01-21,US,76,2672.58,EUR,BRANCH,PENDING
1857,2024-03-20,FR,559,3487.89,EUR,MOBILE,PENDING
1858,2024-03-24,FR,33,1690.89,USD,ONLINE,PENDING
1859,2024-01-08,ES,209,2735.89,GBP,BRANCH,REVERSED
1860,2024-01-08,IT,505,365.49,GBP,ATM,PENDING
1861,2024-01-10,MA,612,3696.71,EUR,MOBILE,POSTED
1862,2024-02-04,FR,106,178.96,GBP,ONLINE,REVERSED
1863,2024-02-14,MA,489,1517.79,EUR,ATM,POSTED
1864,2024-01-04,IT,547,3041.09,USD,ATM,REVERSED
1865,2024-03-02,FR,396,3828.64,GBP,ONLINE,PENDING
1866,2024-03-30,MA,562,689.71,USD,ATM,REVERSED
1867,2024-02-17,UK,198,1716.29,EUR,ONLINE,POSTED
1868,2024-01-12,PT,10,1136.4,GBP,ATM,POSTED
1869,2024-02-01,FR,78,284.22,USD,ONLINE,PENDING
1870,2024-01-06,UK,358,3012.48,EUR,BRANCH,POSTED
1871,2024-03-18,MA,490,3288.26,GBP,ATM,POSTED
1872,2024-02-02,BE,210,2475.15,GBP,BRANCH,POSTED
1873,2024-02-26,US,964,1835.3,GBP,BRANCH,REVERSED
1874,2024-02-01,BE,914,1338.41,GBP,ATM,POSTED
1875,2024-02-14,MA,722,4752.87,USD,BRANCH,POSTED
1876,2024-01-27,ES,861,4879.72,EUR,BRANCH,REVERSED
1877,2024-03-11,IT,125,1862.58,EUR,ATM,POSTED
1878,2024-03-30,NL,665,3821.2,EUR,ATM,PENDING
1879,2024-01-05,US,284,2941.61,USD,ATM,POSTED
1880,2024-02-05,PT,393,2477.29,USD,MOBILE,PENDING
1881,2024-01-06,IT,210,1897.26,GBP,MOBILE,REVERSED
1882,2024-01-07,US,32,2708.2,USD,ATM,REVERSED
1883,2024-02-13,US,829,3766.84,EUR,ATM,PENDING
1884,2024-03-20,MA,886,2138.32,GBP,ATM,POSTED
1885,2024-03-11,MA,975,3606.76,GBP,BRANCH,REVERSED
1886,2024-02-29,MA,586,3596.38,GBP,BRANCH,POSTED
1887,2024-02-18,NL,763,4963.07,EUR,ONLINE,POSTED
1888,2024-02-05,US,87,4994.03,GBP,BRANCH,PENDING
1889,2024-03-14,MA,39,3078.12,USD,BRANCH,REVERSED
1890,2024-02-02,PT,12,622.41,GBP,BRANCH,PENDING
1891,2024-01-23,NL,473,87.32,EUR,MOBILE,POSTED
1892,2024-02-15,NL,653,4221.78,EUR,MOBILE,POSTED
1893,2024-03-15,DE,283,4485.32,GBP,BRANCH,POSTED
1894,2024-02-26,ES,264,3830.12,USD,BRANCH,PENDING
1895,2024-01-17,IT,645,873.3,GBP,ATM,POSTED
1896,2024-01-15,FR,188,3422.52,USD,BRANCH,POSTED
1897,2024-03-11,IT,62,4758.57,USD,BRANCH,POSTED
1898,2024-03-27,UK,553,3591.88,GBP,ONLINE,PENDING
1899,2024-01-14,DE,519,2219.62,GBP,ATM,POSTED
1900,2024-01-27,UK,584,1857.43,GBP,MOBILE,POSTED
1901,2024-03-23,MA,896,1416.14,EUR,BRANCH,REVERSED
1902,2024-02-16,UK,998,2041.28,GBP,BRANCH,PENDING
1903,2024-02-07,PT,31,802.4,EUR,BRANCH,POSTED
1904,2024-03-16,FR,108,3045.58,USD,BRANCH,POSTED
1905,2024-02-18,PT,33,3285.64,EUR,MOBILE,REVERSED
1906,2024-01-11,DE,981,4677.65,EUR,MOBILE,REVERSED
1907,2024-01-16,BE,817,258.11,USD,MOBILE,PENDING
1908,2024-02-04,IT,856,2876.64,EUR,BRANCH,POSTED
1909,2024-02-16,IT,466,1574.77,EUR,ONLINE,PENDING
1910,2024-02-22,UK,81,1760.57,GBP,ATM,PENDING
1911,2024-03-24,NL,619,1152.52,USD,ONLINE,REVERSED
1912,2024-01-17,BE,250,3882.46,USD,ONLINE,REVERSED
1913,2024-02-03,US,349,1569.91,EUR,MOBILE,PENDING
1914,2024-03-05,ES,589,2471.51,EUR,ONLINE,PENDING
1915,2024-01-02,ES,123,2093.71,GBP,MOBILE,REVERSED
1916,2024-01-13,ES,890,171.34,USD,ATM,REVERSED
1917,2024-01-22,DE,135,2574.97,GBP,MOBILE,PENDING
1918,2024-02-15,ES,411,3484.95,EUR,BRANCH,POSTED
1919,2024-02-13,UK,605,3044.18,EUR,ATM,POSTED
1920,2024-02-15,NL,932,2044.96,USD,MOBILE,PENDING
1921,2024-03-02,ES,751,918.07,GBP,ATM,POSTED
1922,2024-01-01,PT,607,1850.0,GBP,MOBILE,PENDING
1923,2024-02-11,NL,180,2543.83,GBP,BRANCH,POSTED
1924,2024-01-30,US,505,1706.24,GBP,MOBILE,PENDING
1925,2024-02-11,MA,326,3786.74,EUR,ATM,REVERSED
1926,2024-01-27,MA,531,1392.0,GBP,BRANCH,POSTED
1927,2024-02-14,US,169,593.64,USD,MOBILE,PENDING
1928,2024-01-29,ES,295,4696.09,USD,ATM,POSTED
1929,2024-03-26,US,144,480.78,GBP,ONLINE,POSTED
1930,2024-03-17,FR,982,4453.33,GBP,ONLINE,POSTED
1931,2024-03-03,FR,378,1016.5,GBP,MOBILE,REVERSED
1932,2024-02-26,BE,129,4155.36,USD,ATM,REVERSED
1933,2024-01-16,NL,910,2161.9,USD,ATM,POSTED
1934,2024-02-05,DE,991,1769.25,EUR,ONLINE,REVERSED
1935,2024-01-10,UK,160,2535.79,USD,MOBILE,REVERSED
1936,2024-03-06,DE,723,3440.0,EUR,MOBILE,POSTED
1937,2024-03-07,UK,194,4207.31,GBP,ATM,REVERSED
1938,2024-03-21,FR,251,685.24,USD,ONLINE,REVERSED
1939,2024-01-26,US,481,758.01,EUR,MOBILE,PENDING
1940,2024-01-17,IT,650,4379.44,GBP,ONLINE,POSTED
1941,2024-02-25,DE,502,2789.13,EUR,ONLINE,POSTED
1942,2024-02-23,US,628,1902.07,GBP,ONLINE,REVERSED
1943,2024-02-14,NL,543,3285.05,EUR,BRANCH,POSTED
1944,2024-02-07,NL,501,3983.93,USD,BRANCH,REVERSED
1945,2024-03-02,US,98,1095.43,USD,MOBILE,PENDING
1946,2024-02-11,IT,678,2124.9,EUR,MOBILE,PENDING
1947,2024-03-25,DE,355,3485.15,GBP,ONLINE,PENDING
1948,2024-03-03,PT,421,3436.42,EUR,BRANCH,PENDING
1949,2024-03-05,IT,911,4255.09,USD,ATM,REVERSED
1950,2024-02-11,US,691,1588.77,USD,MOBILE,PENDING
1951,2024-02-21,US,934,274.11,USD,ONLINE,PENDING
1952,2024-03-22,FR,315,2238.73,EUR,ONLINE,REVERSED
1953,2024-01-27,DE,970,4841.31,GBP,BRANCH,POSTED
1954,2024-03-18,BE,20,4751.44,EUR,MOBILE,POSTED
1955,2024-02-12,UK,785,3830.3,EUR,ATM,REVERSED
1956,2024-01-27,UK,548,993.0,EUR,MOBILE,REVERSED
1957,2024-01-30,US,820,807.86,USD,BRANCH,PENDING
1958,2024-01-28,BE,750,1244.27,EUR,ATM,POSTED
1959,2024-03-08,DE,513,1990.29,USD,ATM,POSTED
1960,2024-02-06,US,24,1150.8,GBP,ONLINE,POSTED
1961,2024-02-04,DE,832,3920.48,GBP,MOBILE,POSTED
1962,2024-02-04,DE,78,370.38,GBP,MOBILE,POSTED
1963,2024-01-02,BE,619,4594.95,EUR,MOBILE,POSTED
1964,2024-03-18,US,803,1619.31,GBP,ATM,PENDING
1965,2024-02-05,NL,207,499.3,GBP,MOBILE,PENDING
1966,2024-02-07,MA,95,1112.04,USD,BRANCH,PENDING
1967,2024-02-06,BE,518,1223.83,EUR,MOBILE,REVERSED
1968,2024-02-20,UK,781,2733.36,EUR,MOBILE,POSTED
1969,2024-03-14,FR,406,3856.26,USD,BRANCH,PENDING
1970,2024-03-13,DE,658,1553.74,EUR,ATM,POSTED
1971,2024-03-12,ES,212,4324.27,USD,ONLINE,POSTED
1972,2024-01-19,MA,631,4190.51,GBP,ONLINE,POSTED
1973,2024-03-04,US,421,1557.96,USD,ONLINE,POSTED
1974,2024-02-11,PT,613,2033.26,EUR,BRANCH,REVERSED
1975,2024-01-27,BE,813,2444.15,USD,BRANCH,REVERSED
1976,2024-01-31,UK,472,3544.63,GBP,ATM,POSTED
1977,2024-02-24,DE,384,637.29,EUR,ONLINE,REVERSED
1978,2024-01-16,ES,202,2188.57,EUR,ATM,PENDING
1979,2024-03-04,ES,641,4015.96,USD,ONLINE,REVERSED
1980,2024-03-11,MA,408,47.28,EUR,MOBILE,PENDING
1981,2024-03-27,US,535,1612.61,USD,ONLINE,POSTED
1982,2024-02-07,BE,701,1023.1,GBP,BRANCH,REVERSED
1983,2024-03-18,US,483,2314.94,USD,ONLINE,POSTED
1984,2024-03-08,NL,10,1589.12,EUR,ONLINE,PENDING
1985,2024-01-09,FR,319,3507.62,EUR,ATM,REVERSED
1986,2024-02-28,UK,96,306.48,USD,ONLINE,POSTED
1987,2024-02-14,BE,904,1130.92,GBP,ATM,POSTED
1988,2024-02-05,US,840,4557.64,USD,BRANCH,PENDING
1989,2024-03-20,MA,956,1274.49,GBP,ONLINE,POSTED
1990,2024-03-16,ES,105,3653.56,USD,ONLINE,PENDING
1991,2024-03-13,DE,129,3984.63,GBP,MOBILE,PENDING
1992,2024-03-14,PT,619,1386.91,GBP,MOBILE,POSTED
1993,2024-01-22,FR,802,1159.92,EUR,ATM,REVERSED
1994,2024-01-19,ES,168,2377.84,EUR,BRANCH,POSTED
1995,2024-01-07,ES,523,4036.36,USD,MOBILE,PENDING
1996,2024-02-08,BE,778,587.37,GBP,MOBILE,PENDING
1997,2024-02-19,NL,363,1559.5,GBP,BRANCH,REVERSED
1998,2024-01-11,PT,862,1070.28,EUR,BRANCH,REVERSED
1999,2024-01-19,MA,573,2208.79,GBP,BRANCH,REVERSED
2000,2024-01-16,BE,921,2177.63,USD,ONLINE,POSTED
2001,2024-02-16,NL,789,3350.53,GBP,MOBILE,POSTED
2002,2024-03-19,BE,897,4989.5,EUR,MOBILE,PENDING
2003,2024-01-23,FR,200,2210.96,GBP,ONLINE,POSTED
2004,2024-03-16,US,336,471.45,USD,BRANCH,REVERSED
2005,2024-01-02,PT,279,168.61,USD,MOBILE,PENDING
2006,2024-01-06,US,280,3126.73,GBP,ATM,REVERSED
2007,2024-03-01,PT,647,2272.95,EUR,MOBILE,REVERSED
2008,2024-03-23,BE,826,520.33,USD,ATM,REVERSED
2009,2024-01-20,ES,891,4254.86,EUR,MOBILE,POSTED
2010,2024-01-08,NL,652,3553.24,USD,ATM,REVERSED
2011,2024-02-05,IT,670,3070.4,EUR,BRANCH,REVERSED
2012,2024-02-10,ES,927,4931.37,GBP,BRANCH,REVERSED
2013,2024-01-02,MA,426,4188.75,GBP,ATM,POSTED
2014,2024-01-25,BE,151,3645.06,EUR,ONLINE,PENDING
2015,2024-01-06,US,623,994.22,GBP,MOBILE,POSTED
2016,2024-03-22,FR,318,1369.54,USD,ATM,PENDING
2017,2024-02-29,PT,856,3481.76,GBP,MOBILE,POSTED
2018,2024-01-15,DE,186,3648.02,EUR,BRANCH,REVERSED
2019,2024-03-21,FR,785,847.51,EUR,ONLINE,REVERSED
2020,2024-02-17,NL,83,4386.11,EUR,BRANCH,REVERSED
2021,2024-03-23,IT,765,3779.41,EUR,BRANCH,POSTED
2022,2024-02-18,US,182,1395.54,GBP,BRANCH,PENDING
2023,2024-01-29,IT,279,4417.96,EUR,BRANCH,PENDING
2024,2024-03-30,NL,270,462.97,USD,BRANCH,PENDING
2025,2024-03-23,BE,460,4147.67,GBP,ONLINE,POSTED
2026,2024-03-15,MA,159,2690.21,EUR,MOBILE,PENDING
2027,2024-03-23,US,212,1711.56,GBP,BRANCH,POSTED
2028,2024-03-06,IT,264,1092.06,USD,ATM,POSTED
2029,2024-03-07,ES,486,699.94,GBP,BRANCH,PENDING
2030,2024-03-13,MA,674,2942.37,EUR,BRANCH,REVERSED
2031,2024-01-14,UK,890,4505.22,EUR,MOBILE,PENDING
2032,2024-02-12,UK,663,4515.0,EUR,BRANCH,PENDING
2033,2024-01-21,NL,559,931.62,EUR,MOBILE,REVERSED
2034,2024-02-28,PT,589,3472.8,GBP,MOBILE,PENDING
2035,2024-02-01,US,740,1866.7,USD,MOBILE,REVERSED
2036,2024-02-21,US,41,4853.86,EUR,ATM,PENDING
2037,2024-02-24,US,976,2887.86,GBP,ATM,POSTED
2038,2024-03-06,ES,944,1503.61,GBP,ONLINE,REVERSED
2039,2024-01-18,ES,679,1666.4,EUR,ATM,PENDING
2040,2024-01-19,UK,469,1980.57,USD,ATM,REVERSED
2041,2024-01-19,IT,904,861.17,USD,ATM,POSTED
2042,2024-01-31,IT,447,451.74,EUR,ONLINE,REVERSED
2043,2024-03-12,UK,5,2387.24,USD,ATM,PENDING
2044,2024-03-11,MA,715,1063.25,USD,MOBILE,PENDING
2045,2024-02-01,DE,396,643.38,EUR,MOBILE,PENDING
2046,2024-02-06,MA,611,1969.86,EUR,BRANCH,PENDING
2047,2024-03-26,PT,27,1109.25,GBP,ONLINE,POSTED
2048,2024-02-17,UK,348,2507.78,EUR,MOBILE,POSTED
2049,2024-03-23,IT,141,2500.25,EUR,ONLINE,PENDING
2050,2024-02-25,DE,347,1920.95,EUR,MOBILE,POSTED
2051,2024-02-06,US,396,3376.69,USD,ATM,PENDING
2052,2024-02-23,ES,167,1991.68,GBP,ATM,PENDING
2053,2024-01-11,UK,702,3663.62,GBP,MOBILE,POSTED
2054,2024-01-21,UK,131,2873.84,USD,MOBILE,POSTED
2055,2024-03-03,MA,432,3857.03,USD,MOBILE,PENDING
2056,2024-03-22,DE,618,4035.82,USD,BRANCH,PENDING
2057,2024-02-12,BE,995,1824.94,EUR,MOBILE,REVERSED
2058,2024-02-19,DE,153,35.78,GBP,BRANCH,POSTED
2059,2024-03-06,PT,745,4361.15,USD,ATM,PENDING
2060,2024-02-06,FR,124,4339.62,USD,BRANCH,POSTED
2061,2024-03-17,UK,258,2129.09,GBP,BRANCH,POSTED
2062,2024-03-10,US,183,1466.91,USD,ATM,PENDING
2063,2024-02-11,US,651,179.04,EUR,BRANCH,REVERSED
2064,2024-01-05,BE,756,1981.68,EUR,ATM,REVERSED
2065,2024-01-13,ES,744,724.08,USD,MOBILE,PENDING
2066,2024-02-14,NL,705,3086.59,GBP,MOBILE,POSTED
2067,2024-01-10,UK,381,192.4,GBP,ATM,PENDING
2068,2024-03-06,DE,345,4637.28,GBP,BRANCH,PENDING
2069,2024-02-21,FR,188,4751.84,USD,ATM,PENDING
2070,2024-01-15,IT,584,1305.62,USD,ONLINE,REVERSED
2071,2024-01-07,UK,587,2365.12,USD,BRANCH,REVERSED
2072,2024-03-29,ES,283,2508.31,EUR,MOBILE,POSTED
2073,2024-03-27,US,279,26.25,EUR,ATM,PENDING
2074,2024-03-25,ES,281,1336.0,GBP,BRANCH,POSTED
2075,2024-01-29,IT,18,3545.33,EUR,ATM,REVERSED
2076,2024-02-06,PT,846,2303.76,USD,BRANCH,REVERSED
2077,2024-02-19,NL,952,2788.73,USD,BRANCH,PENDING
2078,2024-02-14,NL,155,2310.28,GBP,MOBILE,POSTED
2079,2024-03-09,ES,689,1950.92,USD,ATM,REVERSED
2080,2024-03-14,DE,646,2433.21,USD,ATM,POSTED
2081,2024-03-08,UK,311,1459.82,USD,MOBILE,REVERSED
2082,2024-02-29,FR,159,3124.69,EUR,BRANCH,REVERSED
2083,2024-02-25,MA,783,118.02,USD,MOBILE,POSTED
2084,2024-02-18,BE,134,1892.77,EUR,ATM,PENDING
2085,2024-01-28,IT,113,2854.15,EUR,ONLINE,REVERSED
2086,2024-02-21,BE,418,1760.77,EUR,MOBILE,REVERSED
2087,2024-02-05,UK,788,1816.51,EUR,BRANCH,REVERSED
2088,2024-03-09,BE,401,1126.27,USD,MOBILE,PENDING
2089,2024-02-06,NL,160,4619.63,EUR,MOBILE,PENDING
2090,2024-01-01,BE,849,1670.94,USD,ONLINE,REVERSED
2091,2024-01-13,MA,594,3265.87,USD,MOBILE,POSTED
2092,2024-03-22,FR,633,1121.74,GBP,ATM,REVERSED
2093,2024-03-14,MA,968,115.15,GBP,ONLINE,POSTED
2094,2024-03-13,NL,700,455.74,USD,ATM,REVERSED
2095,2024-03-17,MA,565,2557.17,EUR,ONLINE,PENDING
2096,2024-02-17,IT,179,2361.37,GBP,ONLINE,PENDING
2097,2024-01-17,US,66,4472.33,EUR,MOBILE,PENDING
2098,2024-02-01,PT,454,4948.58,EUR,MOBILE,REVERSED
2099,2024-03-23,DE,822,3020.43,USD,ONLINE,POSTED
2100,2024-02-29,DE,7,3743.29,GBP,MOBILE,REVERSED
2101,2024-03-01,MA,72,3915.43,USD,ATM,REVERSED
2102,2024-03-18,BE,731,119.58,USD,ATM,PENDING
2103,2024-02-20,FR,372,1997.75,GBP,MOBILE,PENDING
2104,2024-01-16,DE,149,4235.5,GBP,ATM,REVERSED
2105,2024-01-22,UK,422,3283.03,EUR,ONLINE,PENDING
2106,2024-01-27,US,99,1650.8,GBP,ATM,PENDING
2107,2024-03-03,IT,775,1300.74,USD,MOBILE,PENDING
2108,2024-02-27,US,581,1377.22,EUR,ONLINE,POSTED
2109,2024-03-07,US,26,1105.89,USD,BRANCH,REVERSED
2110,2024-02-07,US,967,3579.47,GBP,BRANCH,PENDING
2111,2024-02-26,US,158,3718.92,GBP,ONLINE,POSTED
2112,2024-03-18,US,879,1921.75,GBP,ONLINE,POSTED
2113,2024-01-28,PT,310,742.67,EUR,BRANCH,PENDING
2114,2024-03-06,BE,415,2385.39,EUR,BRANCH,REVERSED
2115,2024-01-20,PT,873,2505.98,GBP,BRANCH,PENDING
2116,2024-03-03,ES,891,2626.66,EUR,MOBILE,PENDING
2117,2024-01-02,DE,350,1124.9,EUR,ONLINE,POSTED
2118,2024-02-05,PT,796,3644.08,EUR,ONLINE,PENDING
2119,2024-03-04,NL,583,4563.6,EUR,ONLINE,REVERSED
2120,2024-01-26,UK,680,165.17,GBP,ATM,PENDING
2121,2024-03-05,DE,277,2766.87,GBP,ATM,POSTED
2122,2024-02-27,PT,535,1240.61,USD,ONLINE,REVERSED
2123,2024-03-24,IT,233,3448.5,USD,ONLINE,POSTED
2124,2024-03-18,US,565,1388.11,GBP,ONLINE,REVERSED
2125,2024-01-09,ES,535,1514.5,EUR,ONLINE,POSTED
2126,2024-03-15,PT,488,2321.89,GBP,ATM,PENDING
2127,2024-03-22,DE,201,2392.02,USD,ATM,PENDING
2128,2024-01-26,DE,555,2947.29,GBP,MOBILE,PENDING
2129,2024-03-13,FR,595,2149.35,EUR,MOBILE,REVERSED
2130,2024-01-25,PT,825,3175.03,USD,ATM,PENDING
2131,2024-02-22,PT,277,2463.53,EUR,BRANCH,REVERSED
2132,2024-03-02,BE,290,4757.23,USD,BRANCH,REVERSED
2133,2024-02-01,UK,281,3389.53,GBP,BRANCH,REVERSED
2134,2024-02-26,DE,774,4728.54,USD,ATM,PENDING
2135,2024-03-06,NL,507,816.49,EUR,MOBILE,REVERSED
2136,2024-02-08,DE,947,4310.29,USD,ONLINE,POSTED
2137,2024-01-14,IT,218,1536.69,USD,BRANCH,REVERSED
2138,2024-03-01,DE,701,1501.01,GBP,ONLINE,REVERSED
2139,2024-03-27,ES,331,782.78,USD,ONLINE,POSTED
2140,2024-03-19,ES,333,4783.58,USD,MOBILE,REVERSED
2141,2024-02-04,IT,955,1315.01,USD,BRANCH,POSTED
2142,2024-02-09,UK,744,1770.31,GBP,BRANCH,PENDING
2143,2024-02-09,MA,576,1968.32,USD,ATM,PENDING
2144,2024-01-08,MA,362,3229.32,EUR,MOBILE,PENDING
2145,2024-01-03,IT,213,3310.61,USD,BRANCH,PENDING
2146,2024-01-04,UK,437,3954.81,USD,ONLINE,POSTED
2147,2024-03-20,BE,450,4282.16,EUR,ATM,POSTED
2148,2024-01-21,UK,740,2398.93,GBP,MOBILE,POSTED
2149,2024-03-25,MA,704,4798.7,GBP,MOBILE,POSTED
2150,2024-02-05,PT,600,1875.72,EUR,ATM,REVERSED
2151,2024-02-13,US,550,1847.87,USD,ATM,PENDING
2152,2024-01-18,DE,332,4885.92,GBP,MOBILE,POSTED
2153,2024-01-20,PT,306,2870.87,GBP,ATM,PENDING
2154,2024-02-01,UK,586,2733.38,GBP,BRANCH,REVERSED
2155,2024-03-08,US,706,110.24,EUR,BRANCH,PENDING
2156,2024-02-27,IT,188,1607.01,EUR,MOBILE,PENDING
2157,2024-02-12,IT,693,4857.22,USD,BRANCH,REVERSED
2158,2024-01-03,ES,122,3211.56,USD,MOBILE,PENDING
2159,2024-01-07,BE,61,4565.0,GBP,BRANCH,POSTED
2160,2024-03-13,MA,32,4798.98,USD,MOBILE,PENDING
2161,2024-03-14,UK,649,336.48,EUR,ATM,REVERSED
2162,2024-01-15,BE,162,3993.16,EUR,MOBILE,REVERSED
2163,2024-03-24,IT,769,366.34,GBP,MOBILE,PENDING
2164,2024-02-29,NL,910,4402.82,GBP,ONLINE,REVERSED
2165,2024-02-12,DE,186,3239.55,USD,MOBILE,REVERSED
2166,2024-03-29,MA,910,108.4,GBP,BRANCH,POSTED
2167,2024-03-20,MA,19,43.68,USD,MOBILE,POSTED
2168,2024-02-03,IT,598,3373.02,USD,MOBILE,REVERSED
2169,2024-03-26,IT,788,4107.8,USD,ONLINE,POSTED
2170,2024-01-19,IT,315,908.75,EUR,ATM,POSTED
2171,2024-03-10,UK,977,347.27,USD,ONLINE,REVERSED
2172,2024-01-27,IT,310,817.28,USD,ONLINE,POSTED
2173,2024-02-15,FR,140,4388.31,USD,ATM,PENDING
2174,2024-01-04,NL,888,3719.97,GBP,ONLINE,PENDING
2175,2024-01-07,NL,449,1996.49,EUR,MOBILE,REVERSED
2176,2024-01-16,DE,992,876.31,GBP,ATM,POSTED
2177,2024-01-27,DE,963,2446.05,GBP,BRANCH,REVERSED
2178,2024-02-10,MA,195,1052.43,EUR,BRANCH,PENDING
2179,2024-02-02,BE,114,4724.54,EUR,ATM,PENDING
2180,2024-02-23,MA,984,4287.61,USD,BRANCH,PENDING
2181,2024-01-09,MA,968,4239.19,USD,ONLINE,REVERSED
2182,2024-01-11,MA,896,2357.34,USD,BRANCH,POSTED
2183,2024-01-19,IT,181,2823.33,EUR,ONLINE,POSTED
2184,2024-03-29,NL,780,195.92,GBP,ONLINE,REVERSED
2185,2024-03-25,US,380,3088.16,EUR,MOBILE,POSTED
2186,2024-01-23,BE,988,757.75,GBP,ONLINE,PENDING
2187,2024-01-15,ES,30,2488.28,USD,MOBILE,REVERSED
2188,2024-02-17,US,636,1606.04,EUR,BRANCH,POSTED
2189,2024-03-01,FR,752,4360.27,USD,ATM,REVERSED
2190,2024-02-18,PT,739,2626.5,EUR,ATM,POSTED
2191,2024-02-14,IT,94,2099.99,EUR,ATM,PENDING
2192,2024-02-29,MA,876,4490.82,USD,ONLINE,REVERSED
2193,2024-03-22,FR,318,2381.74,USD,ONLINE,PENDING
2194,2024-03-25,BE,374,4784.57,GBP,ATM,PENDING
2195,2024-03-04,PT,200,630.04,GBP,ONLINE,POSTED
2196,2024-01-29,DE,761,474.85,USD,BRANCH,REVERSED
2197,2024-01-14,IT,231,1254.1,GBP,BRANCH,PENDING
2198,2024-02-29,PT,532,2585.0,USD,ONLINE,PENDING
2199,2024-02-24,UK,677,726.96,GBP,ATM,REVERSED
2200,2024-02-19,FR,813,990.28,EUR,ATM,POSTED
2201,2024-03-22,FR,855,3974.07,EUR,MOBILE,PENDING
2202,2024-01-02,PT,492,2419.74,USD,ONLINE,REVERSED
2203,2024-03-14,MA,462,4963.5,USD,BRANCH,REVERSED
2204,2024-02-26,DE,762,1397.25,GBP,BRANCH,PENDING
2205,2024-01-24,US,349,4035.14,USD,MOBILE,REVERSED
2206,2024-01-13,UK,781,2595.85,EUR,BRANCH,PENDING
2207,2024-03-23,FR,987,2717.05,EUR,ONLINE,PENDING
2208,2024-01-15,DE,563,3563.76,EUR,BRANCH,PENDING
2209,2024-02-27,MA,566,4921.57,EUR,ONLINE,PENDING
2210,2024-03-06,IT,145,4200.22,EUR,ATM,POSTED
2211,2024-02-15,BE,615,3899.91,GBP,ATM,REVERSED
2212,2024-02-16,BE,235,3468.78,GBP,ONLINE,PENDING
2213,2024-01-21,DE,696,829.01,GBP,ONLINE,REVERSED
2214,2024-01-20,BE,964,4775.7,USD,ONLINE,PENDING
2215,2024-01-07,MA,303,1949.47,GBP,MOBILE,PENDING
2216,2024-02-29,UK,139,3608.02,USD,ATM,POSTED
2217,2024-02-02,BE,684,1558.72,GBP,ATM,POSTED
2218,2024-02-22,ES,147,2405.18,EUR,ONLINE,PENDING
2219,2024-01-21,MA,400,2957.49,EUR,BRANCH,POSTED
2220,2024-01-29,US,143,4463.3,EUR,ONLINE,POSTED
2221,2024-02-26,ES,688,1378.08,USD,ATM,REVERSED
2222,2024-01-16,BE,318,2621.68,GBP,MOBILE,POSTED
2223,2024-03-25,NL,305,4111.38,GBP,MOBILE,POSTED
2224,2024-01-10,UK,896,1361.24,EUR,MOBILE,PENDING
2225,2024-01-15,NL,436,2925.31,GBP,MOBILE,PENDING
2226,2024-01-29,BE,105,443.78,GBP,BRANCH,POSTED
2227,2024-03-26,NL,856,3508.29,USD,MOBILE,POSTED
2228,2024-03-22,DE,885,3849.96,GBP,BRANCH,PENDING
2229,2024-03-22,BE,336,2098.81,USD,BRANCH,POSTED
2230,2024-01-02,DE,730,4030.15,EUR,MOBILE,POSTED
2231,2024-03-16,MA,681,1329.51,GBP,MOBILE,REVERSED
2232,2024-03-18,PT,384,3033.53,GBP,MOBILE,POSTED
2233,2024-03-18,DE,604,4191.19,GBP,ATM,REVERSED
2234,2024-01-13,DE,989,3820.39,USD,MOBILE,PENDING
2235,2024-01-06,UK,662,3940.89,USD,ATM,PENDING
2236,2024-03-21,MA,685,4540.5,EUR,ONLINE,POSTED
2237,2024-03-21,UK,101,1462.09,USD,ATM,REVERSED
2238,2024-02-28,US,367,4092.02,USD,BRANCH,POSTED
2239,2024-02-05,NL,802,239.95,USD,BRANCH,POSTED
2240,2024-01-27,BE,789,4317.55,GBP,BRANCH,REVERSED
2241,2024-02-21,UK,799,4077.53,USD,ATM,PENDING
2242,2024-02-15,PT,551,3699.56,EUR,BRANCH,PENDING
2243,2024-01-13,DE,654,2030.92,GBP,MOBILE,REVERSED
2244,2024-01-24,MA,207,1324.14,GBP,MOBILE,PENDING
2245,2024-02-13,NL,917,1807.95,EUR,ONLINE,PENDING
2246,2024-01-03,DE,194,2909.65,GBP,BRANCH,REVERSED
2247,2024-03-09,ES,407,3092.74,EUR,ONLINE,POSTED
2248,2024-01-12,PT,936,4384.79,USD,BRANCH,POSTED
2249,2024-02-13,BE,362,1984.39,USD,ATM,REVERSED
2250,2024-02-07,PT,583,4853.76,USD,ONLINE,PENDING
2251,2024-01-06,IT,561,775.9,USD,ATM,PENDING
2252,2024-01-29,IT,251,4375.8,USD,ONLINE,POSTED
2253,2024-01-02,US,249,4822.99,GBP,MOBILE,PENDING
2254,2024-02-23,BE,564,4991.86,EUR,MOBILE,POSTED
2255,2024-03-07,PT,409,3136.65,USD,BRANCH,REVERSED
2256,2024-02-16,US,441,1851.77,EUR,BRANCH,REVERSED
2257,2024-02-15,DE,981,3466.3,USD,ONLINE,REVERSED
2258,2024-03-15,ES,98,4905.07,GBP,MOBILE,REVERSED
2259,2024-02-10,DE,826,4131.64,EUR,BRANCH,REVERSED
2260,2024-03-30,BE,840,4925.4,USD,BRANCH,REVERSED
2261,2024-01-07,NL,633,2189.92,GBP,MOBILE,POSTED
2262,2024-01-22,FR,573,2242.89,GBP,ATM,PENDING
2263,2024-03-02,ES,65,3410.35,EUR,BRANCH,REVERSED
2264,2024-02-02,FR,730,2989.09,USD,ONLINE,PENDING
2265,2024-01-28,NL,317,2692.44,GBP,BRANCH,PENDING
2266,2024-01-30,PT,817,4379.97,USD,ONLINE,REVERSED
2267,2024-03-28,PT,322,4313.81,GBP,ATM,REVERSED
2268,2024-02-15,PT,122,3873.33,EUR,ATM,REVERSED
2269,2024-02-22,ES,750,973.9,GBP,ONLINE,POSTED
2270,2024-01-04,NL,746,598.38,EUR,ATM,PENDING
2271,2024-03-14,MA,824,2038.46,GBP,MOBILE,POSTED
2272,2024-02-13,ES,98,1556.67,EUR,MOBILE,PENDING
2273,2024-03-04,DE,188,1303.27,EUR,ONLINE,PENDING
2274,2024-03-23,DE,347,2259.19,EUR,BRANCH,POSTED
2275,2024-03-18,FR,570,296.67,USD,ATM,POSTED
2276,2024-01-01,BE,12,24.3,USD,BRANCH,POSTED
2277,2024-03-13,PT,383,4296.93,EUR,ONLINE,REVERSED
2278,2024-03-20,NL,186,2676.53,USD,ATM,REVERSED
2279,2024-01-20,PT,383,2870.35,USD,ONLINE,REVERSED
2280,2024-01-20,NL,31,3110.79,GBP,ATM,PENDING
2281,2024-02-07,DE,357,3415.48,GBP,ONLINE,POSTED
2282,2024-03-04,IT,617,777.11,GBP,BRANCH,PENDING
2283,2024-03-25,BE,851,1944.84,USD,ATM,REVERSED
2284,2024-03-11,DE,346,1231.86,EUR,ONLINE,PENDING
2285,2024-01-25,MA,42,1792.25,USD,ATM,REVERSED
2286,2024-01-12,UK,933,2637.16,GBP,MOBILE,REVERSED
2287,2024-03-23,IT,289,1602.26,USD,ONLINE,PENDING
2288,2024-03-21,MA,413,2176.26,EUR,MOBILE,POSTED
2289,2024-03-03,DE,329,2806.7,GBP,MOBILE,PENDING
2290,2024-03-04,US,789,3420.58,EUR,ATM,POSTED
2291,2024-01-12,US,913,2937.76,GBP,ONLINE,REVERSED
2292,2024-02-10,FR,547,140.79,USD,MOBILE,POSTED
2293,2024-02-15,BE,53,4118.91,GBP,MOBILE,REVERSED
2294,2024-03-06,BE,869,892.27,USD,ATM,POSTED
2295,2024-01-13,NL,972,929.34,EUR,BRANCH,POSTED
2296,2024-01-27,NL,211,2856.16,GBP,ATM,POSTED
2297,2024-02-18,IT,921,3447.26,USD,ATM,POSTED
2298,2024-03-25,UK,181,4935.44,EUR,BRANCH,PENDING
2299,2024-01-06,ES,145,2994.16,GBP,BRANCH,PENDING
2300,2024-03-28,PT,727,4318.85,GBP,BRANCH,POSTED
2301,2024-03-24,US,419,3451.72,USD,MOBILE,PENDING
2302,2024-02-05,IT,836,3896.35,USD,ATM,REVERSED
2303,2024-03-29,MA,42,3480.31,USD,ONLINE,REVERSED
2304,2024-03-29,IT,72,3188.35,EUR,ONLINE,PENDING
2305,2024-01-09,ES,549,1637.57,GBP,BRANCH,REVERSED
2306,2024-03-29,MA,291,2681.76,USD,BRANCH,POSTED
2307,2024-01-16,MA,842,4428.11,EUR,ATM,REVERSED
2308,2024-03-04,IT,130,2591.61,EUR,MOBILE,PENDING
2309,2024-01-14,DE,234,191.12,USD,ONLINE,POSTED
2310,2024-03-29,DE,247,2180.31,USD,MOBILE,REVERSED
2311,2024-01-19,NL,611,3845.86,GBP,ONLINE,POSTED
2312,2024-02-10,FR,582,72.04,EUR,BRANCH,PENDING
2313,2024-01-23,UK,473,1004.05,GBP,ATM,PENDING
2314,2024-02-18,ES,969,1459.74,EUR,ONLINE,POSTED
2315,2024-03-21,IT,343,3290.4,USD,ATM,PENDING
2316,2024-01-09,IT,616,2643.25,GBP,ONLINE,POSTED
2317,2024-03-11,UK,58,557.72,EUR,MOBILE,REVERSED
2318,2024-03-09,FR,633,3602.69,GBP,BRANCH,PENDING
2319,2024-01-05,ES,923,519.86,EUR,ATM,PENDING
2320,2024-01-01,PT,59,4068.72,GBP,ATM,POSTED
2321,2024-03-21,FR,577,2728.37,EUR,MOBILE,REVERSED
2322,2024-03-23,MA,289,3428.36,USD,MOBILE,REVERSED
2323,2024-01-31,NL,627,1250.96,GBP,MOBILE,PENDING
2324,2024-01-20,NL,549,4397.34,EUR,ONLINE,PENDING
2325,2024-03-22,ES,986,4836.88,USD,ONLINE,PENDING
2326,2024-01-03,MA,824,1499.99,EUR,MOBILE,PENDING
2327,2024-03-10,IT,411,626.0,GBP,BRANCH,POSTED
2328,2024-02-21,MA,904,2089.21,GBP,MOBILE,PENDING
2329,2024-02-19,NL,372,1689.67,GBP,MOBILE,POSTED
2330,2024-03-08,IT,251,1085.58,EUR,ONLINE,REVERSED
2331,2024-03-25,PT,372,4501.87,GBP,MOBILE,PENDING
2332,2024-03-23,US,218,1964.75,USD,ATM,REVERSED
2333,2024-03-24,NL,307,4523.48,GBP,MOBILE,POSTED
2334,2024-01-26,IT,345,2758.91,EUR,MOBILE,REVERSED
2335,2024-02-25,ES,965,2215.46,GBP,ONLINE,PENDING
2336,2024-03-13,ES,279,4918.18,GBP,ONLINE,REVERSED
2337,2024-02-21,PT,800,4004.38,EUR,MOBILE,PENDING
2338,2024-02-29,IT,888,3692.59,USD,BRANCH,REVERSED
2339,2024-03-19,BE,752,3140.8,EUR,ATM,POSTED
2340,2024-01-11,FR,8,4600.94,EUR,BRANCH,POSTED
2341,2024-02-10,UK,207,3718.18,EUR,BRANCH,POSTED
2342,2024-02-16,PT,931,1578.18,USD,MOBILE,PENDING
2343,2024-01-23,US,310,508.4,GBP,ONLINE,POSTED
2344,2024-01-21,MA,121,2661.99,GBP,MOBILE,POSTED
2345,2024-03-12,BE,643,2348.37,USD,ONLINE,POSTED
2346,2024-03-25,ES,931,2225.07,EUR,ONLINE,PENDING
2347,2024-03-01,MA,488,853.12,EUR,BRANCH,PENDING
2348,2024-03-15,PT,186,2237.22,EUR,MOBILE,REVERSED
2349,2024-03-13,UK,906,1699.54,EUR,BRANCH,POSTED
2350,2024-01-23,ES,639,1501.22,USD,ONLINE,POSTED
2351,2024-03-26,IT,984,3171.48,USD,ATM,PENDING
2352,2024-03-18,NL,16,3109.69,GBP,MOBILE,POSTED
2353,2024-02-16,US,196,2567.6,GBP,ATM,PENDING
2354,2024-02-10,ES,53,3247.38,GBP,BRANCH,PENDING
2355,2024-02-27,MA,345,203.24,GBP,MOBILE,REVERSED
2356,2024-01-11,UK,564,157.84,GBP,ATM,REVERSED
2357,2024-03-14,FR,309,1903.97,USD,MOBILE,PENDING
2358,2024-01-05,US,713,1876.33,USD,MOBILE,PENDING
2359,2024-02-13,ES,965,1731.85,USD,ONLINE,PENDING
2360,2024-02-06,US,85,4566.87,GBP,ATM,REVERSED
2361,2024-02-10,BE,917,568.51,EUR,ATM,POSTED
2362,2024-01-10,ES,382,325.73,GBP,ONLINE,POSTED
2363,2024-01-10,FR,740,68.22,USD,ATM,POSTED
2364,2024-03-15,NL,646,4367.13,GBP,ATM,REVERSED
2365,2024-01-16,FR,721,694.44,GBP,ATM,POSTED
2366,2024-01-12,DE,3,2165.41,GBP,ONLINE,POSTED
2367,2024-01-07,DE,396,1602.7,GBP,ONLINE,PENDING
2368,2024-01-26,NL,619,3531.66,USD,BRANCH,REVERSED
2369,2024-03-27,PT,885,4304.63,USD,ONLINE,REVERSED
2370,2024-01-01,DE,180,4870.98,USD,ONLINE,REVERSED
2371,2024-03-14,IT,716,620.93,EUR,ONLINE,POSTED
2372,2024-02-11,IT,166,1973.95,GBP,BRANCH,REVERSED
2373,2024-02-22,BE,655,1427.73,USD,BRANCH,PENDING
2374,2024-01-31,BE,7,3274.56,GBP,BRANCH,PENDING
2375,2024-01-21,DE,63,314.85,USD,ATM,REVERSED
2376,2024-02-25,DE,690,3822.4,GBP,MOBILE,POSTED
2377,2024-03-27,DE,326,2941.1,USD,ATM,REVERSED
2378,2024-02-03,UK,461,1791.2,USD,BRANCH,PENDING
2379,2024-02-08,NL,320,2730.04,GBP,ONLINE,POSTED
2380,2024-03-16,ES,43,3454.63,USD,MOBILE,PENDING
2381,2024-02-11,MA,474,4343.54,USD,MOBILE,POSTED
2382,2024-01-19,MA,429,4748.22,EUR,BRANCH,PENDING
2383,2024-03-21,ES,409,1829.18,USD,ONLINE,POSTED
2384,2024-03-16,ES,222,475.14,USD,MOBILE,POSTED
2385,2024-02-04,UK,202,109.38,USD,ONLINE,PENDING
2386,2024-03-11,US,233,950.54,GBP,MOBILE,PENDING
2387,2024-02-25,ES,499,4845.53,EUR,BRANCH,POSTED
2388,2024-01-09,UK,722,2384.02,USD,ONLINE,POSTED
2389,2024-03-07,NL,822,1082.8,USD,ATM,PENDING
2390,2024-03-21,ES,346,3152.66,GBP,MOBILE,REVERSED
2391,2024-01-16,PT,132,2648.65,USD,BRANCH,REVERSED
2392,2024-01-17,UK,578,4852.18,EUR,ATM,PENDING
2393,2024-02-17,MA,252,1048.07,USD,ONLINE,PENDING
2394,2024-03-22,NL,805,1403.38,USD,BRANCH,REVERSED
2395,2024-01-25,ES,988,1609.84,GBP,ONLINE,REVERSED
2396,2024-03-16,PT,242,4066.8,EUR,MOBILE,REVERSED
2397,2024-03-01,FR,320,2555.29,EUR,MOBILE,POSTED
2398,2024-03-20,UK,83,2646.65,USD,BRANCH,POSTED
2399,2024-02-27,MA,796,966.72,USD,ONLINE,PENDING
2400,2024-01-08,NL,252,1117.44,EUR,BRANCH,PENDING
2401,2024-03-20,NL,575,731.45,USD,BRANCH,PENDING
2402,2024-02-10,PT,904,2682.01,GBP,ONLINE,REVERSED
2403,2024-03-18,DE,302,3667.37,GBP,ONLINE,REVERSED
2404,2024-03-05,US,254,3953.76,USD,ATM,PENDING
2405,2024-02-03,IT,147,1481.22,EUR,MOBILE,POSTED
2406,2024-02-17,NL,794,4549.12,EUR,MOBILE,REVERSED
2407,2024-02-18,BE,160,2969.63,USD,ATM,PENDING
2408,2024-02-28,US,202,3531.78,USD,BRANCH,POSTED
2409,2024-03-16,ES,330,4780.57,EUR,ATM,PENDING
2410,2024-03-11,NL,377,709.62,GBP,MOBILE,REVERSED
2411,2024-01-04,MA,661,1620.1,EUR,BRANCH,REVERSED
2412,2024-01-05,US,331,2828.52,GBP,ATM,REVERSED
2413,2024-01-08,ES,508,320.33,EUR,ONLINE,POSTED
2414,2024-01-14,BE,167,4700.67,EUR,ATM,PENDING
2415,2024-02-15,UK,83,2063.8,EUR,MOBILE,PENDING
2416,2024-03-10,FR,537,2082.35,USD,ONLINE,REVERSED
2417,2024-01-12,IT,459,796.14,USD,ONLINE,POSTED
2418,2024-01-08,BE,24,263.36,GBP,ONLINE,PENDING
2419,2024-01-06,FR,224,3792.88,EUR,ONLINE,REVERSED
2420,2024-02-10,UK,396,3780.06,GBP,MOBILE,POSTED
2421,2024-03-06,US,504,118.54,GBP,MOBILE,REVERSED
2422,2024-01-09,FR,204,2948.75,EUR,ONLINE,REVERSED
2423,2024-03-03,FR,357,3509.42,GBP,BRANCH,REVERSED
2424,2024-01-22,MA,217,762.13,EUR,BRANCH,PENDING
2425,2024-03-12,UK,523,1942.71,EUR,BRANCH,PENDING
2426,2024-01-26,UK,919,1302.45,EUR,BRANCH,PENDING
2427,2024-01-04,NL,617,4838.71,GBP,MOBILE,POSTED
2428,2024-01-24,DE,42,1937.87,EUR,ONLINE,POSTED
2429,2024-03-13,US,852,3449.06,EUR,BRANCH,PENDING
2430,2024-02-29,FR,663,3130.96,GBP,BRANCH,POSTED
2431,2024-03-06,FR,317,62.79,EUR,BRANCH,POSTED
2432,2024-03-04,MA,737,1637.47,USD,ONLINE,PENDING
2433,2024-03-02,BE,611,1427.43,GBP,ONLINE,POSTED
2434,2024-03-19,DE,905,2.35,EUR,ATM,POSTED
2435,2024-02-05,FR,310,2225.86,GBP,ONLINE,POSTED
2436,2024-01-07,UK,220,3229.21,USD,BRANCH,POSTED
2437,2024-02-05,MA,669,112.95,EUR,ATM,PENDING
2438,2024-01-19,US,467,4650.7,EUR,ATM,REVERSED
2439,2024-03-28,FR,901,4655.28,USD,ONLINE,POSTED
2440,2024-01-15,DE,742,1174.78,GBP,BRANCH,PENDING
2441,2024-01-03,PT,491,317.36,GBP,ONLINE,POSTED
2442,2024-01-09,MA,694,1887.75,EUR,MOBILE,PENDING
2443,2024-02-29,MA,179,4864.56,GBP,ATM,REVERSED
2444,2024-01-09,US,726,1408.56,USD,ONLINE,PENDING
2445,2024-01-04,US,986,4360.09,EUR,MOBILE,POSTED
2446,2024-03-24,FR,894,2816.5,USD,MOBILE,POSTED
2447,2024-01-07,US,372,442.99,USD,MOBILE,PENDING
2448,2024-03-10,ES,382,3293.35,USD,ONLINE,PENDING
2449,2024-03-22,UK,416,870.64,USD,BRANCH,PENDING
2450,2024-02-14,US,151,4071.32,USD,MOBILE,PENDING
2451,2024-02-25,DE,616,1266.75,EUR,BRANCH,PENDING
2452,2024-03-23,NL,461,3768.76,GBP,ONLINE,POSTED
2453,2024-02-13,BE,940,4298.7,GBP,ONLINE,REVERSED
2454,2024-02-13,BE,647,4160.23,EUR,ONLINE,POSTED
2455,2024-03-29,MA,83,4117.39,EUR,ATM,REVERSED
2456,2024-01-14,PT,4,1274.33,GBP,ONLINE,REVERSED
2457,2024-01-30,UK,500,585.49,GBP,BRANCH,REVERSED
2458,2024-02-20,BE,672,4096.99,EUR,BRANCH,REVERSED
2459,2024-02-22,DE,231,3202.71,USD,ONLINE,REVERSED
2460,2024-01-25,FR,914,3968.18,GBP,ATM,PENDING
2461,2024-01-19,DE,711,4750.6,EUR,MOBILE,PENDING
2462,2024-01-27,BE,653,483.84,EUR,ATM,POSTED
2463,2024-01-04,US,123,1036.23,GBP,ATM,POSTED
2464,2024-02-02,NL,973,595.65,USD,MOBILE,POSTED
2465,2024-03-30,PT,307,1716.5,USD,ONLINE,PENDING
2466,2024-02-24,PT,603,4597.86,GBP,ATM,REVERSED
2467,2024-03-03,FR,511,1598.84,EUR,BRANCH,REVERSED
2468,2024-03-01,MA,770,2695.55,EUR,MOBILE,REVERSED
2469,2024-03-16,PT,901,1755.92,GBP,MOBILE,POSTED
2470,2024-02-18,FR,985,2437.75,EUR,MOBILE,PENDING
2471,2024-03-10,DE,84,1227.7,GBP,ATM,PENDING
2472,2024-02-18,UK,247,3018.44,USD,ATM,PENDING
2473,2024-02-09,BE,795,3520.5,USD,ONLINE,REVERSED
2474,2024-02-22,DE,10,3419.44,GBP,ATM,REVERSED
2475,2024-02-26,DE,514,906.99,USD,MOBILE,REVERSED
2476,2024-03-24,FR,259,2928.72,GBP,MOBILE,POSTED
2477,2024-02-27,US,874,814.57,USD,BRANCH,PENDING
2478,2024-01-15,ES,991,4187.03,EUR,MOBILE,PENDING
2479,2024-02-01,FR,396,3878.92,GBP,ONLINE,PENDING
2480,2024-01-06,US,187,1117.89,GBP,MOBILE,POSTED
2481,2024-02-26,DE,103,823.0,EUR,ATM,PENDING
2482,2024-03-04,UK,813,3494.91,EUR,BRANCH,REVERSED
2483,2024-03-10,DE,428,2368.82,USD,MOBILE,REVERSED
2484,2024-03-30,MA,68,326.81,USD,BRANCH,PENDING
2485,2024-02-21,BE,941,1216.92,EUR,ATM,POSTED
2486,2024-01-21,DE,584,934.77,EUR,MOBILE,REVERSED
2487,2024-03-10,UK,570,1315.77,EUR,ONLINE,REVERSED
2488,2024-02-22,DE,573,199.74,EUR,ONLINE,PENDING
2489,2024-01-18,MA,11,1859.92,GBP,ATM,POSTED
2490,2024-03-08,US,599,2653.07,USD,ONLINE,PENDING
2491,2024-02-01,NL,820,1068.59,GBP,MOBILE,PENDING
2492,2024-03-02,IT,101,862.92,GBP,ATM,POSTED
2493,2024-03-26,ES,878,2549.83,EUR,MOBILE,REVERSED
2494,2024-01-10,PT,168,1236.09,USD,BRANCH,POSTED
2495,2024-02-03,MA,61,3762.1,EUR,BRANCH,PENDING
2496,2024-01-04,IT,687,3632.75,USD,MOBILE,PENDING
2497,2024-03-18,IT,766,4537.63,USD,MOBILE,REVERSED
2498,2024-03-22,ES,247,2995.3,USD,MOBILE,POSTED
2499,2024-02-25,PT,31,2087.16,GBP,ATM,REVERSED
2500,2024-01-19,FR,378,1387.67,USD,MOBILE,REVERSED
2501,2024-02-13,US,856,2676.92,USD,BRANCH,PENDING
2502,2024-03-06,NL,395,3787.33,GBP,ONLINE,PENDING
2503,2024-02-13,DE,708,2448.89,USD,ATM,PENDING
2504,2024-03-21,US,956,1356.98,USD,ONLINE,PENDING
2505,2024-02-11,IT,579,957.14,USD,ONLINE,PENDING
2506,2024-03-07,MA,285,1320.29,USD,ONLINE,REVERSED
2507,2024-01-18,US,194,3435.83,USD,BRANCH,POSTED
2508,2024-02-29,PT,532,867.9,GBP,BRANCH,REVERSED
2509,2024-02-01,IT,612,3949.94,USD,ONLINE,REVERSED
2510,2024-03-04,UK,251,1958.76,GBP,BRANCH,REVERSED
2511,2024-02-28,BE,349,732.55,GBP,ATM,PENDING
2512,2024-01-16,MA,832,2753.87,USD,ATM,POSTED
2513,2024-01-25,US,950,2475.78,GBP,BRANCH,REVERSED
2514,2024-03-13,MA,203,1329.24,USD,MOBILE,REVERSED
2515,2024-01-14,NL,447,1935.04,EUR,ONLINE,POSTED
2516,2024-01-16,UK,778,4006.7,EUR,ATM,POSTED
2517,2024-02-05,DE,561,2676.58,EUR,ATM,REVERSED
2518,2024-03-28,MA,209,200.65,GBP,ATM,POSTED
2519,2024-01-15,UK,639,3598.14,USD,MOBILE,POSTED
2520,2024-01-30,IT,633,3018.7,USD,BRANCH,POSTED
2521,2024-01-20,FR,566,2921.02,EUR,ONLINE,PENDING
2522,2024-01-27,BE,631,88.19,EUR,ATM,REVERSED
2523,2024-03-19,US,828,2431.8,EUR,ONLINE,PENDING
2524,2024-01-29,IT,470,3048.43,EUR,ONLINE,PENDING
2525,2024-01-14,FR,244,3356.14,USD,MOBILE,PENDING
2526,2024-01-28,IT,102,4236.56,USD,MOBILE,PENDING
2527,2024-01-20,MA,871,3075.65,USD,ATM,REVERSED
2528,2024-02-04,IT,902,3366.88,USD,BRANCH,PENDING
2529,2024-01-03,NL,519,3078.57,USD,ONLINE,PENDING
2530,2024-01-19,DE,615,4184.86,GBP,MOBILE,POSTED
2531,2024-02-21,IT,223,1571.74,USD,BRANCH,POSTED
2532,2024-02-07,IT,388,3002.58,USD,ATM,REVERSED
2533,2024-03-13,IT,660,3488.21,USD,ATM,PENDING
2534,2024-03-14,UK,368,1905.47,USD,MOBILE,REVERSED
2535,2024-02-27,MA,91,2187.37,USD,ONLINE,PENDING
2536,2024-02-16,US,490,791.33,EUR,ONLINE,POSTED
2537,2024-02-18,UK,49,3803.79,EUR,ONLINE,POSTED
2538,2024-03-19,BE,51,1252.71,GBP,BRANCH,PENDING
2539,2024-01-20,US,145,4292.64,USD,ONLINE,POSTED
2540,2024-02-22,US,170,2603.02,EUR,ATM,REVERSED
2541,2024-01-07,PT,670,3915.72,GBP,ONLINE,PENDING
2542,2024-03-11,NL,964,2116.9,EUR,ONLINE,POSTED
2543,2024-01-26,PT,729,386.16,EUR,BRANCH,POSTED
2544,2024-03-09,DE,797,2313.22,USD,ONLINE,POSTED
2545,2024-03-09,ES,251,3934.75,USD,ONLINE,PENDING
2546,2024-03-06,FR,512,2523.04,EUR,MOBILE,POSTED
2547,2024-01-22,FR,480,780.39,EUR,ONLINE,REVERSED
2548,2024-02-17,PT,801,1397.11,EUR,MOBILE,POSTED
2549,2024-01-15,IT,165,3201.04,EUR,ATM,PENDING
2550,2024-01-18,FR,294,2304.4,USD,MOBILE,REVERSED
2551,2024-03-10,MA,910,2625.73,GBP,BRANCH,REVERSED
2552,2024-03-14,MA,769,1257.9,USD,ONLINE,REVERSED
2553,2024-03-04,ES,824,183.05,EUR,BRANCH,PENDING
2554,2024-01-15,PT,925,2062.65,USD,BRANCH,PENDING
2555,2024-01-04,UK,498,994.32,EUR,ONLINE,PENDING
2556,2024-03-22,ES,460,4326.12,GBP,ONLINE,REVERSED
2557,2024-02-08,MA,250,712.43,EUR,MOBILE,PENDING
2558,2024-03-03,MA,477,3564.74,USD,ONLINE,PENDING
2559,2024-01-17,MA,982,257.68,EUR,ATM,PENDING
2560,2024-02-17,FR,358,2325.98,USD,MOBILE,POSTED
2561,2024-03-17,US,363,4105.65,GBP,MOBILE,POSTED
2562,2024-03-02,DE,360,1657.93,USD,ONLINE,POSTED
2563,2024-01-13,ES,762,3555.81,USD,ATM,POSTED
2564,2024-03-06,IT,645,2605.93,EUR,MOBILE,PENDING
2565,2024-02-12,PT,471,1735.28,USD,BRANCH,PENDING
2566,2024-01-07,BE,599,617.37,USD,MOBILE,PENDING
2567,2024-03-06,FR,682,3896.76,GBP,ATM,POSTED
2568,2024-02-18,UK,676,3571.64,GBP,BRANCH,POSTED
2569,2024-01-19,IT,95,3084.75,USD,MOBILE,POSTED
2570,2024-01-06,FR,310,61.56,EUR,ONLINE,PENDING
2571,2024-03-13,IT,427,3997.56,EUR,MOBILE,REVERSED
2572,2024-03-13,US,938,1053.87,EUR,ONLINE,POSTED
2573,2024-02-03,NL,805,331.38,USD,ONLINE,REVERSED
2574,2024-03-04,DE,81,3347.42,USD,BRANCH,PENDING
2575,2024-02-03,PT,571,2740.08,GBP,BRANCH,REVERSED
2576,2024-03-26,UK,539,778.84,GBP,BRANCH,REVERSED
2577,2024-02-01,IT,834,112.1,USD,BRANCH,PENDING
2578,2024-03-06,US,510,4863.83,USD,ATM,REVERSED
2579,2024-02-08,US,109,4120.52,GBP,ONLINE,POSTED
2580,2024-02-01,NL,926,767.14,EUR,BRANCH,PENDING
2581,2024-02-21,MA,580,1656.73,EUR,ONLINE,POSTED
2582,2024-03-20,NL,971,4642.12,EUR,BRANCH,POSTED
2583,2024-02-25,MA,834,2161.41,USD,MOBILE,POSTED
2584,2024-02-12,UK,121,1540.73,USD,MOBILE,PENDING
2585,2024-03-16,IT,415,2151.1,EUR,BRANCH,POSTED
2586,2024-03-19,ES,344,796.8,USD,MOBILE,POSTED
2587,2024-01-13,DE,84,3981.18,EUR,ONLINE,REVERSED
2588,2024-02-24,NL,918,462.48,GBP,ONLINE,POSTED
2589,2024-01-01,NL,181,164.39,USD,BRANCH,REVERSED
2590,2024-03-28,UK,682,2860.41,EUR,ONLINE,PENDING
2591,2024-02-12,DE,39,4981.58,EUR,ATM,REVERSED
2592,2024-01-01,IT,808,850.5,USD,MOBILE,POSTED
2593,2024-02-04,PT,298,3077.56,GBP,ATM,REVERSED
2594,2024-02-06,ES,66,2312.22,USD,ONLINE,REVERSED
2595,2024-03-30,BE,98,2482.58,EUR,BRANCH,POSTED
2596,2024-02-20,UK,680,814.87,USD,MOBILE,PENDING
2597,2024-03-06,US,300,3267.79,USD,MOBILE,POSTED
2598,2024-02-09,UK,215,1204.17,EUR,ONLINE,POSTED
2599,2024-01-11,FR,601,4375.83,EUR,ATM,PENDING
2600,2024-01-17,ES,740,368.14,USD,BRANCH,REVERSED
2601,2024-01-31,NL,445,2049.99,GBP,BRANCH,REVERSED
2602,2024-01-27,NL,671,170.15,EUR,MOBILE,POSTED
2603,2024-02-14,DE,50,157.87,USD,MOBILE,POSTED
2604,2024-03-04,NL,674,4832.8,GBP,BRANCH,PENDING
2605,2024-01-18,UK,763,4833.52,USD,BRANCH,REVERSED
2606,2024-03-30,ES,7,4346.0,EUR,BRANCH,PENDING
2607,2024-01-12,NL,896,4941.86,EUR,ATM,POSTED
2608,2024-01-31,BE,618,2477.29,USD,ONLINE,REVERSED
2609,2024-01-24,MA,39,3854.53,GBP,BRANCH,REVERSED
2610,2024-02-13,PT,381,1686.56,EUR,MOBILE,REVERSED
2611,2024-01-26,IT,151,1663.26,GBP,BRANCH,REVERSED
2612,2024-02-20,BE,604,3062.71,GBP,ONLINE,PENDING
2613,2024-01-06,NL,987,3595.82,GBP,BRANCH,REVERSED
2614,2024-02-28,FR,291,1663.69,USD,ATM,PENDING
2615,2024-02-23,NL,936,4421.95,GBP,ONLINE,PENDING
2616,2024-03-16,IT,460,1324.24,GBP,ATM,POSTED
2617,2024-03-26,PT,260,1974.67,EUR,ONLINE,POSTED
2618,2024-01-29,NL,244,1985.5,USD,ATM,POSTED
2619,2024-02-05,BE,833,4497.57,USD,ATM,REVERSED
2620,2024-03-22,US,787,3001.62,EUR,MOBILE,REVERSED
2621,2024-01-28,BE,677,2762.24,EUR,ONLINE,PENDING
2622,2024-03-12,UK,181,2725.77,EUR,ATM,REVERSED
2623,2024-02-24,DE,336,3234.57,USD,ATM,POSTED
2624,2024-01-17,US,173,3287.63,GBP,BRANCH,PENDING
2625,2024-01-21,MA,208,3646.08,USD,ATM,PENDING
2626,2024-02-09,BE,708,2743.85,EUR,ATM,POSTED
2627,2024-01-16,FR,976,1198.52,USD,ONLINE,POSTED
2628,2024-02-27,UK,124,2502.81,GBP,MOBILE,REVERSED
2629,2024-01-16,NL,684,3072.22,EUR,BRANCH,POSTED
2630,2024-02-15,ES,397,4033.2,GBP,BRANCH,REVERSED
2631,2024-01-03,PT,823,4847.14,EUR,ATM,POSTED
2632,2024-01-19,UK,164,2610.91,GBP,ONLINE,PENDING
2633,2024-03-21,UK,30,1701.56,USD,MOBILE,POSTED
2634,2024-03-06,MA,217,838.45,GBP,MOBILE,REVERSED
2635,2024-03-30,DE,999,4965.12,EUR,MOBILE,REVERSED
2636,2024-02-28,MA,329,3212.99,EUR,ATM,POSTED
2637,2024-02-27,IT,3,2855.13,EUR,BRANCH,REVERSED
2638,2024-02-13,MA,767,4187.76,USD,MOBILE,POSTED
2639,2024-01-18,DE,608,2603.05,EUR,ONLINE,PENDING
2640,2024-03-04,BE,564,3629.79,USD,ATM,REVERSED
2641,2024-01-05,UK,251,1560.98,USD,BRANCH,POSTED
2642,2024-01-14,FR,961,1501.73,EUR,BRANCH,PENDING
2643,2024-01-20,US,348,4248.84,EUR,BRANCH,POSTED
2644,2024-03-04,US,756,1499.8,EUR,ATM,PENDING
2645,2024-02-11,ES,728,466.29,EUR,ATM,PENDING
2646,2024-01-15,DE,998,1321.74,USD,BRANCH,POSTED
2647,2024-01-24,PT,217,2911.56,EUR,ONLINE,POSTED
2648,2024-02-05,US,861,3803.41,GBP,ATM,REVERSED
2649,2024-03-11,PT,891,3452.72,USD,BRANCH,POSTED
2650,2024-02-21,FR,319,4594.27,USD,ATM,REVERSED
2651,2024-02-12,US,758,261.22,EUR,ATM,REVERSED
2652,2024-01-01,DE,912,2385.41,USD,BRANCH,PENDING
2653,2024-03-10,DE,270,794.88,GBP,ONLINE,POSTED
2654,2024-02-12,ES,189,3242.78,GBP,ATM,REVERSED
2655,2024-01-03,NL,223,3644.01,EUR,ONLINE,REVERSED
2656,2024-03-28,BE,244,4948.24,EUR,BRANCH,REVERSED
2657,2024-01-25,NL,560,1190.32,USD,ONLINE,REVERSED
2658,2024-03-26,MA,197,4125.3,USD,BRANCH,POSTED
2659,2024-02-21,PT,421,4553.82,USD,BRANCH,POSTED
2660,2024-03-19,DE,723,2101.7,GBP,MOBILE,POSTED
2661,2024-01-15,MA,604,956.63,USD,ONLINE,REVERSED
2662,2024-01-24,PT,122,4835.9,EUR,ONLINE,REVERSED
2663,2024-01-06,IT,255,3724.66,GBP,ATM,REVERSED
2664,2024-02-20,ES,988,1091.46,EUR,ATM,REVERSED
2665,2024-01-27,DE,849,3481.42,USD,ATM,PENDING
2666,2024-01-27,NL,147,735.79,GBP,ATM,PENDING
2667,2024-02-11,MA,387,3297.94,GBP,BRANCH,PENDING
2668,2024-03-25,IT,878,3175.62,EUR,MOBILE,PENDING
2669,2024-01-25,IT,501,2445.08,USD,MOBILE,POSTED
2670,2024-02-02,FR,443,2318.45,EUR,ATM,REVERSED
2671,2024-02-28,BE,296,1020.0,EUR,BRANCH,POSTED
2672,2024-02-06,US,181,2131.34,EUR,MOBILE,REVERSED
2673,2024-01-09,PT,465,1739.87,GBP,ONLINE,PENDING
2674,2024-01-26,US,859,2384.7,USD,BRANCH,POSTED
2675,2024-03-02,IT,448,4524.13,EUR,ONLINE,REVERSED
2676,2024-03-03,MA,224,4932.48,GBP,ONLINE,POSTED
2677,2024-02-04,UK,534,1274.8,EUR,BRANCH,REVERSED
2678,2024-03-07,US,764,2019.17,EUR,ATM,POSTED
2679,2024-02-06,US,829,1222.23,GBP,ONLINE,REVERSED
2680,2024-03-04,BE,3,746.33,EUR,BRANCH,REVERSED
2681,2024-03-11,MA,581,1707.14,USD,ONLINE,POSTED
2682,2024-01-14,US,738,3821.05,USD,BRANCH,REVERSED
2683,2024-01-26,MA,685,4209.71,GBP,BRANCH,POSTED
2684,2024-02-18,NL,639,982.15,EUR,BRANCH,POSTED
2685,2024-02-13,UK,482,3794.87,GBP,BRANCH,PENDING
2686,2024-01-30,MA,980,2812.61,GBP,ATM,POSTED
2687,2024-03-13,ES,236,2054.27,EUR,ONLINE,PENDING
2688,2024-02-22,BE,756,363.95,GBP,MOBILE,REVERSED
2689,2024-01-18,IT,755,1073.45,USD,ATM,POSTED
2690,2024-02-02,FR,940,2937.91,EUR,BRANCH,REVERSED
2691,2024-03-16,NL,914,1046.21,USD,ONLINE,REVERSED
2692,2024-01-16,DE,824,1252.33,GBP,ONLINE,POSTED
2693,2024-03-01,US,554,836.02,GBP,ATM,PENDING
2694,2024-01-28,MA,908,1654.39,EUR,ONLINE,REVERSED
2695,2024-02-05,FR,437,3482.2,USD,MOBILE,REVERSED
2696,2024-03-30,ES,27,3694.76,GBP,ATM,REVERSED
2697,2024-02-05,IT,176,4111.75,EUR,ATM,REVERSED
2698,2024-01-23,IT,847,1046.15,EUR,BRANCH,PENDING
2699,2024-01-08,NL,231,3093.61,EUR,ATM,REVERSED
2700,2024-01-27,UK,642,3783.19,USD,MOBILE,POSTED
2701,2024-03-29,DE,853,4505.88,USD,MOBILE,POSTED
2702,2024-01-22,UK,35,2665.62,GBP,MOBILE,POSTED
2703,2024-01-11,ES,216,366.99,USD,ATM,PENDING
2704,2024-01-30,ES,272,3568.77,GBP,BRANCH,PENDING
2705,2024-01-21,PT,545,3302.92,EUR,MOBILE,PENDING
2706,2024-01-23,PT,856,3973.79,USD,BRANCH,PENDING
2707,2024-03-18,IT,948,3667.34,EUR,ONLINE,PENDING
2708,2024-02-07,MA,791,2677.7,EUR,ATM,REVERSED
2709,2024-01-17,FR,235,3685.28,GBP,ATM,REVERSED
2710,2024-03-02,MA,931,3248.63,GBP,ONLINE,POSTED
2711,2024-03-07,ES,551,4379.12,EUR,ONLINE,POSTED
2712,2024-03-06,PT,556,4422.22,EUR,ATM,PENDING
2713,2024-03-08,BE,95,1299.03,USD,ONLINE,POSTED
2714,2024-01-06,MA,502,4251.37,EUR,ONLINE,POSTED
2715,2024-03-30,DE,530,739.96,USD,ATM,PENDING
2716,2024-03-22,BE,82,3688.97,USD,MOBILE,POSTED
2717,2024-03-28,US,867,1689.07,EUR,ATM,POSTED
2718,2024-03-26,FR,883,4048.18,EUR,ATM,PENDING
2719,2024-01-22,PT,83,414.08,EUR,MOBILE,POSTED
2720,2024-02-26,BE,663,1858.33,GBP,ATM,REVERSED
2721,2024-01-20,UK,320,1895.85,EUR,BRANCH,PENDING
2722,2024-02-03,ES,87,2729.33,EUR,MOBILE,PENDING
2723,2024-03-03,BE,932,3840.17,EUR,ONLINE,PENDING
2724,2024-03-05,PT,807,213.26,USD,MOBILE,POSTED
2725,2024-03-05,MA,478,132.23,GBP,ATM,POSTED
2726,2024-03-25,US,907,1228.82,USD,BRANCH,POSTED
2727,2024-02-16,BE,281,2650.65,USD,MOBILE,REVERSED
2728,2024-01-16,IT,422,747.22,USD,ONLINE,PENDING
2729,2024-02-17,FR,374,1551.32,EUR,MOBILE,REVERSED
2730,2024-01-06,BE,731,197.84,USD,ATM,PENDING
2731,2024-01-27,IT,420,3010.91,GBP,MOBILE,REVERSED
2732,2024-02-15,FR,790,3122.37,GBP,ONLINE,POSTED
2733,2024-01-09,FR,274,4010.17,EUR,MOBILE,PENDING
2734,2024-03-08,DE,911,2779.41,GBP,ATM,PENDING
2735,2024-03-21,US,985,4284.87,EUR,MOBILE,PENDING
2736,2024-02-01,BE,198,1891.06,EUR,ATM,PENDING
2737,2024-02-04,IT,158,3365.33,EUR,MOBILE,REVERSED
2738,2024-03-27,US,743,855.18,GBP,BRANCH,PENDING
2739,2024-02-08,ES,21,1214.34,USD,ONLINE,PENDING
2740,2024-03-08,MA,219,521.36,USD,ATM,PENDING
2741,2024-01-06,MA,298,4727.32,GBP,MOBILE,POSTED
2742,2024-02-15,UK,775,1453.77,EUR,ONLINE,PENDING
2743,2024-01-30,UK,348,2717.8,EUR,BRANCH,POSTED
2744,2024-01-03,DE,481,1886.98,USD,BRANCH,PENDING
2745,2024-03-06,PT,983,4073.79,GBP,ATM,POSTED
2746,2024-01-14,UK,247,2780.9,GBP,ONLINE,PENDING
2747,2024-02-12,ES,476,3050.87,GBP,ATM,REVERSED
2748,2024-03-29,UK,38,1449.19,GBP,ATM,PENDING
2749,2024-01-31,IT,938,1081.45,USD,ONLINE,REVERSED
2750,2024-02-02,PT,322,4417.52,EUR,MOBILE,REVERSED
2751,2024-01-29,ES,825,511.78,EUR,MOBILE,REVERSED
2752,2024-02-29,DE,557,242.6,EUR,ONLINE,REVERSED
2753,2024-01-12,IT,504,1084.69,USD,BRANCH,POSTED
2754,2024-01-06,MA,875,174.75,EUR,ATM,REVERSED
2755,2024-03-05,NL,776,4808.54,USD,ATM,PENDING
2756,2024-03-05,MA,797,2763.2,GBP,ATM,POSTED
2757,2024-01-24,IT,840,133.82,EUR,ATM,PENDING
2758,2024-02-23,DE,562,640.41,GBP,ATM,POSTED
2759,2024-03-29,MA,341,2361.89,GBP,MOBILE,PENDING
2760,2024-02-06,PT,122,4801.88,USD,ATM,REVERSED
2761,2024-03-28,IT,401,1840.16,USD,ONLINE,POSTED
2762,2024-01-10,US,618,355.49,EUR,BRANCH,POSTED
2763,2024-03-10,US,231,1157.52,GBP,MOBILE,PENDING
2764,2024-01-04,PT,142,3782.85,USD,ONLINE,POSTED
2765,2024-01-21,IT,621,3010.22,EUR,ATM,POSTED
2766,2024-02-27,US,343,1689.14,EUR,ATM,PENDING
2767,2024-01-05,US,133,2598.88,USD,ATM,PENDING
2768,2024-03-21,FR,796,3960.37,EUR,MOBILE,PENDING
2769,2024-02-24,MA,989,3953.87,EUR,ATM,POSTED
2770,2024-01-17,MA,799,4232.84,EUR,ONLINE,POSTED
2771,2024-03-07,IT,369,1953.56,GBP,ATM,POSTED
2772,2024-02-19,ES,701,2278.69,USD,ONLINE,POSTED
2773,2024-01-23,IT,260,4487.57,USD,ATM,PENDING
2774,2024-03-06,BE,187,2181.77,EUR,MOBILE,REVERSED
2775,2024-03-03,MA,781,2807.29,EUR,ONLINE,REVERSED
2776,2024-02-03,US,767,4815.68,EUR,ONLINE,PENDING
2777,2024-03-11,FR,812,2639.52,USD,ONLINE,PENDING
2778,2024-02-08,IT,488,4314.31,GBP,ONLINE,PENDING
2779,2024-01-06,IT,239,3226.03,GBP,ATM,POSTED
2780,2024-01-14,UK,462,3455.85,EUR,ATM,REVERSED
2781,2024-02-17,PT,594,3538.03,USD,BRANCH,REVERSED
2782,2024-01-24,FR,731,4976.82,USD,ONLINE,PENDING
2783,2024-03-17,PT,638,4713.01,USD,MOBILE,REVERSED
2784,2024-02-07,BE,657,3023.7,GBP,MOBILE,POSTED
2785,2024-03-07,US,148,2676.79,USD,MOBILE,REVERSED
2786,2024-03-13,IT,150,1652.44,EUR,BRANCH,POSTED
2787,2024-03-05,US,583,3094.3,EUR,ONLINE,POSTED
2788,2024-01-14,ES,859,3901.89,EUR,BRANCH,POSTED
2789,2024-02-25,MA,577,2799.68,EUR,MOBILE,REVERSED
2790,2024-03-30,FR,571,2365.41,USD,ATM,PENDING
2791,2024-02-23,FR,657,2210.5,GBP,ONLINE,PENDING
2792,2024-03-12,IT,532,3034.05,USD,BRANCH,REVERSED
2793,2024-02-01,BE,141,3286.64,GBP,ATM,PENDING
2794,2024-01-01,UK,983,2037.95,GBP,ATM,POSTED
2795,2024-03-29,PT,624,2171.31,EUR,ONLINE,PENDING
2796,2024-03-16,UK,557,3383.09,USD,BRANCH,POSTED
2797,2024-03-11,MA,586,1892.1,USD,ATM,POSTED
2798,2024-01-02,BE,493,4043.9,EUR,ONLINE,POSTED
2799,2024-03-08,UK,585,1684.93,EUR,BRANCH,POSTED
2800,2024-02-04,MA,554,745.61,GBP,BRANCH,REVERSED
2801,2024-02-04,FR,875,148.24,EUR,MOBILE,POSTED
2802,2024-01-01,FR,683,4261.19,USD,MOBILE,PENDING
2803,2024-01-09,FR,119,4168.72,USD,ONLINE,POSTED
2804,2024-01-11,IT,833,3059.84,EUR,ATM,POSTED
2805,2024-02-18,BE,57,3060.73,USD,ATM,PENDING
2806,2024-03-21,PT,74,4289.33,USD,ATM,PENDING
2807,2024-02-22,ES,883,3148.06,EUR,MOBILE,REVERSED
2808,2024-02-22,ES,51,3650.15,EUR,BRANCH,PENDING
2809,2024-01-03,NL,451,2214.03,USD,MOBILE,POSTED
2810,2024-01-08,NL,906,699.51,USD,MOBILE,REVERSED
2811,2024-01-17,PT,140,1723.41,GBP,ATM,REVERSED
2812,2024-03-03,NL,944,1922.98,EUR,ONLINE,REVERSED
2813,2024-03-30,PT,68,3845.8,USD,ATM,PENDING
2814,2024-03-08,BE,269,336.72,EUR,ONLINE,POSTED
2815,2024-02-28,IT,91,4686.27,USD,BRANCH,REVERSED
2816,2024-01-22,IT,353,4579.18,USD,ATM,PENDING
2817,2024-03-10,DE,475,54.2,EUR,ATM,POSTED
2818,2024-03-18,ES,0,1899.77,EUR,MOBILE,POSTED
2819,2024-03-06,UK,135,2339.17,GBP,BRANCH,PENDING
2820,2024-01-16,IT,223,2238.0,GBP,BRANCH,PENDING
2821,2024-02-03,PT,50,3630.21,EUR,BRANCH,POSTED
2822,2024-01-19,MA,301,2551.83,EUR,MOBILE,PENDING
2823,2024-02-06,FR,242,2259.24,GBP,BRANCH,POSTED
2824,2024-02-20,NL,547,542.3,EUR,MOBILE,REVERSED
2825,2024-03-04,BE,174,4575.94,EUR,ATM,POSTED
2826,2024-03-22,DE,899,2458.39,GBP,ONLINE,POSTED
2827,2024-03-21,IT,267,2597.6,USD,ONLINE,REVERSED
2828,2024-03-10,UK,752,4148.91,GBP,MOBILE,POSTED
2829,2024-02-24,IT,895,4112.9,EUR,ATM,REVERSED
2830,2024-01-23,BE,697,4979.58,USD,ATM,PENDING
2831,2024-01-30,PT,768,2248.77,GBP,ATM,PENDING
2832,2024-03-30,PT,557,3596.2,USD,MOBILE,REVERSED
2833,2024-01-16,NL,489,3500.86,USD,MOBILE,POSTED
2834,2024-02-21,BE,798,4038.22,EUR,BRANCH,POSTED
2835,2024-02-18,BE,147,422.68,EUR,ONLINE,POSTED
2836,2024-03-21,UK,335,3369.74,EUR,MOBILE,REVERSED
2837,2024-03-25,UK,15,3886.66,GBP,MOBILE,POSTED
2838,2024-03-28,US,414,2847.59,GBP,ATM,REVERSED
2839,2024-03-24,ES,74,4908.53,EUR,BRANCH,REVERSED
2840,2024-02-20,NL,773,2971.26,EUR,BRANCH,POSTED
2841,2024-02-25,PT,623,2709.75,GBP,ATM,POSTED
2842,2024-01-17,FR,871,1655.08,EUR,ONLINE,REVERSED
2843,2024-03-10,MA,998,3596.23,GBP,BRANCH,REVERSED
2844,2024-02-07,ES,305,4412.57,USD,ATM,REVERSED
2845,2024-01-11,US,355,2259.87,GBP,MOBILE,POSTED
2846,2024-03-29,NL,93,1785.33,EUR,ONLINE,REVERSED
2847,2024-02-21,NL,399,2388.53,GBP,ONLINE,POSTED
2848,2024-03-19,NL,281,1902.86,EUR,ATM,REVERSED
2849,2024-03-21,NL,506,3052.55,USD,MOBILE,REVERSED
2850,2024-01-20,PT,588,4576.68,GBP,MOBILE,REVERSED
2851,2024-01-20,ES,327,2581.07,EUR,MOBILE,REVERSED
2852,2024-01-05,BE,325,3408.13,EUR,MOBILE,REVERSED
2853,2024-01-24,IT,377,260.31,USD,ATM,REVERSED
2854,2024-02-16,MA,390,3638.72,USD,MOBILE,REVERSED
2855,2024-01-05,FR,689,625.0,USD,ONLINE,REVERSED
2856,2024-02-13,UK,274,1256.78,GBP,MOBILE,PENDING
2857,2024-03-16,MA,200,702.63,GBP,BRANCH,POSTED
2858,2024-03-22,IT,649,4758.25,GBP,BRANCH,PENDING
2859,2024-01-29,IT,559,4802.41,GBP,ATM,PENDING
2860,2024-02-21,ES,266,398.96,GBP,BRANCH,POSTED
2861,2024-03-09,UK,739,4946.92,USD,ONLINE,PENDING
2862,2024-02-19,ES,991,2877.64,USD,ONLINE,REVERSED
2863,2024-01-29,UK,542,3040.08,GBP,BRANCH,POSTED
2864,2024-01-29,BE,108,2800.11,USD,BRANCH,PENDING
2865,2024-01-04,NL,531,1314.98,USD,BRANCH,POSTED
2866,2024-03-19,UK,774,2439.35,GBP,BRANCH,PENDING
2867,2024-01-29,FR,198,1533.79,GBP,ATM,REVERSED
2868,2024-03-06,PT,76,4631.67,EUR,MOBILE,REVERSED
2869,2024-03-02,ES,48,996.54,GBP,BRANCH,REVERSED
2870,2024-01-31,US,812,189.42,USD,ONLINE,PENDING
2871,2024-02-09,DE,333,1468.96,EUR,BRANCH,PENDING
2872,2024-01-26,DE,221,3644.93,USD,ONLINE,PENDING
2873,2024-03-01,BE,99,1191.51,USD,MOBILE,PENDING
2874,2024-01-06,FR,982,3104.23,EUR,ATM,PENDING
2875,2024-01-12,FR,794,1769.94,USD,MOBILE,REVERSED
2876,2024-03-08,DE,712,2959.08,USD,ATM,REVERSED
2877,2024-01-17,NL,6,1359.14,EUR,ONLINE,REVERSED
2878,2024-03-08,BE,877,3835.16,USD,ONLINE,POSTED
2879,2024-02-12,BE,828,4564.55,USD,MOBILE,POSTED
2880,2024-02-11,PT,518,2078.15,USD,MOBILE,PENDING
2881,2024-02-08,ES,141,2464.07,USD,BRANCH,REVERSED
2882,2024-03-26,US,554,3161.23,GBP,MOBILE,PENDING
2883,2024-02-10,PT,294,889.7,EUR,BRANCH,REVERSED
2884,2024-01-16,DE,831,3466.21,USD,ATM,POSTED
2885,2024-01-01,FR,43,780.56,USD,BRANCH,REVERSED
2886,2024-01-30,PT,662,4392.16,EUR,ONLINE,POSTED
2887,2024-03-23,DE,818,1630.57,USD,ATM,POSTED
2888,2024-01-01,UK,348,2403.17,GBP,ONLINE,REVERSED
2889,2024-03-22,MA,568,3691.04,GBP,ATM,PENDING
2890,2024-02-08,US,871,2599.53,GBP,MOBILE,PENDING
2891,2024-03-16,PT,733,2453.66,USD,ONLINE,PENDING
2892,2024-02-27,NL,736,4747.34,GBP,MOBILE,POSTED
2893,2024-01-01,ES,375,4229.97,GBP,ONLINE,PENDING
2894,2024-02-06,IT,972,4793.5,GBP,ONLINE,POSTED
2895,2024-03-10,DE,754,669.5,EUR,ONLINE,POSTED
2896,2024-03-18,ES,899,4205.99,EUR,BRANCH,REVERSED
2897,2024-01-12,FR,386,3691.74,EUR,ONLINE,PENDING
2898,2024-02-03,NL,163,1020.58,GBP,MOBILE,PENDING
2899,2024-01-04,BE,169,3834.91,USD,ATM,REVERSED
2900,2024-02-28,ES,805,904.15,USD,MOBILE,PENDING
2901,2024-02-11,US,764,4866.51,GBP,BRANCH,PENDING
2902,2024-01-18,MA,158,4313.83,EUR,BRANCH,POSTED
2903,2024-03-20,DE,523,4083.52,GBP,MOBILE,PENDING
2904,2024-03-25,BE,246,3648.05,USD,ATM,REVERSED
2905,2024-01-24,NL,983,605.53,USD,ONLINE,POSTED
2906,2024-02-28,IT,203,2215.05,GBP,ONLINE,REVERSED
2907,2024-03-24,PT,989,931.56,EUR,BRANCH,POSTED
2908,2024-01-23,ES,590,4776.01,GBP,ONLINE,REVERSED
2909,2024-02-22,ES,978,504.95,USD,BRANCH,REVERSED
2910,2024-03-15,DE,655,1516.69,GBP,ONLINE,POSTED
2911,2024-01-22,UK,668,1819.1,EUR,ONLINE,PENDING
2912,2024-03-12,US,273,2089.96,USD,MOBILE,REVERSED
2913,2024-03-04,IT,165,4041.4,USD,ONLINE,POSTED
2914,2024-03-14,UK,267,4327.3,GBP,MOBILE,REVERSED
2915,2024-01-15,ES,914,2234.69,GBP,MOBILE,POSTED
2916,2024-01-24,PT,178,2201.27,EUR,ATM,PENDING
2917,2024-02-01,PT,479,3798.97,USD,ATM,POSTED
2918,2024-03-03,UK,141,2898.31,GBP,ONLINE,POSTED
2919,2024-01-20,FR,831,3376.43,EUR,ONLINE,PENDING
2920,2024-02-20,FR,561,943.01,EUR,ATM,PENDING
2921,2024-03-11,NL,621,4054.35,GBP,MOBILE,REVERSED
2922,2024-03-05,BE,884,2845.04,USD,ONLINE,REVERSED
2923,2024-02-17,BE,365,924.1,GBP,MOBILE,POSTED
2924,2024-01-06,IT,17,1391.37,USD,ONLINE,PENDING
2925,2024-03-23,DE,834,2863.76,GBP,BRANCH,POSTED
2926,2024-02-28,DE,355,4176.09,EUR,ONLINE,REVERSED
2927,2024-03-14,DE,23,3894.95,GBP,ONLINE,REVERSED
2928,2024-03-16,UK,679,121.13,USD,ONLINE,PENDING
2929,2024-02-05,BE,197,284.39,EUR,ATM,REVERSED
2930,2024-02-23,NL,84,1052.88,GBP,MOBILE,POSTED
2931,2024-03-18,DE,148,1989.7,GBP,ONLINE,REVERSED
2932,2024-01-20,DE,212,787.87,GBP,MOBILE,PENDING
2933,2024-02-29,ES,54,576.71,GBP,ATM,POSTED
2934,2024-01-15,MA,412,523.42,EUR,ATM,POSTED
2935,2024-03-20,FR,457,680.8,USD,MOBILE,POSTED
2936,2024-01-26,PT,764,3648.67,EUR,BRANCH,REVERSED
2937,2024-01-25,MA,389,1687.23,GBP,ATM,REVERSED
2938,2024-01-23,NL,666,4384.49,USD,ATM,POSTED
2939,2024-02-06,ES,102,451.41,EUR,MOBILE,REVERSED
2940,2024-03-08,ES,944,1686.44,EUR,BRANCH,POSTED
2941,2024-01-20,PT,293,1878.51,EUR,ONLINE,REVERSED
2942,2024-02-16,UK,738,1903.1,EUR,ATM,POSTED
2943,2024-03-26,PT,610,1726.85,GBP,MOBILE,POSTED
2944,2024-01-13,IT,992,2269.22,EUR,BRANCH,POSTED
2945,2024-02-24,UK,562,1633.87,USD,MOBILE,PENDING
2946,2024-01-17,IT,866,136.18,EUR,ONLINE,POSTED
2947,2024-01-19,NL,952,270.02,EUR,BRANCH,REVERSED
2948,2024-01-21,NL,236,2788.08,USD,ATM,POSTED
2949,2024-03-17,PT,62,2216.13,GBP,ATM,PENDING
2950,2024-02-24,PT,22,2062.29,EUR,ONLINE,PENDING
2951,2024-03-08,DE,350,1597.86,EUR,ATM,POSTED
2952,2024-03-30,US,33,1249.24,EUR,ATM,REVERSED
2953,2024-02-16,MA,979,2482.44,GBP,MOBILE,PENDING
2954,2024-02-24,US,637,325.35,USD,BRANCH,PENDING
2955,2024-02-06,MA,863,863.24,EUR,BRANCH,PENDING
2956,2024-01-14,ES,856,4050.63,USD,MOBILE,POSTED
2957,2024-01-15,FR,568,297.93,EUR,ATM,POSTED
2958,2024-01-27,FR,825,4557.43,USD,ONLINE,POSTED
2959,2024-02-27,MA,282,3817.46,EUR,MOBILE,POSTED
2960,2024-02-24,BE,43,2722.32,GBP,ATM,REVERSED
2961,2024-03-26,UK,458,537.9,GBP,ATM,REVERSED
2962,2024-01-14,UK,721,304.95,EUR,ONLINE,REVERSED
2963,2024-01-06,MA,463,509.23,EUR,MOBILE,REVERSED
2964,2024-01-30,UK,81,4843.91,USD,BRANCH,REVERSED
2965,2024-02-05,NL,307,998.27,USD,ONLINE,POSTED
2966,2024-01-26,FR,17,2826.09,EUR,BRANCH,REVERSED
2967,2024-03-08,UK,457,2130.12,USD,BRANCH,PENDING
2968,2024-01-04,IT,123,2806.73,USD,ONLINE,REVERSED
2969,2024-01-26,PT,412,783.77,USD,BRANCH,PENDING
2970,2024-02-20,MA,842,745.42,USD,ATM,REVERSED
2971,2024-01-31,ES,716,4268.89,EUR,ATM,POSTED
2972,2024-02-04,MA,424,2128.39,USD,BRANCH,REVERSED
2973,2024-03-16,FR,773,339.99,EUR,ATM,PENDING
2974,2024-03-16,NL,682,2337.33,USD,ATM,POSTED
2975,2024-03-24,US,599,1180.52,GBP,ATM,REVERSED
2976,2024-03-13,US,587,16.13,EUR,ATM,PENDING
2977,2024-01-23,FR,261,3053.18,GBP,ATM,REVERSED
2978,2024-02-08,PT,841,2485.03,USD,MOBILE,REVERSED
2979,2024-01-29,DE,203,2316.78,USD,ATM,PENDING
2980,2024-02-18,PT,569,3749.78,EUR,MOBILE,PENDING
2981,2024-01-13,ES,221,2425.29,EUR,MOBILE,PENDING
2982,2024-03-14,US,254,1167.26,EUR,BRANCH,PENDING
2983,2024-01-24,IT,754,3444.73,GBP,BRANCH,REVERSED
2984,2024-03-13,DE,625,2230.89,EUR,ATM,REVERSED
2985,2024-02-03,ES,904,2154.5,GBP,ONLINE,POSTED
2986,2024-01-28,NL,52,2578.34,GBP,ONLINE,POSTED
2987,2024-01-12,MA,56,4205.3,GBP,ATM,REVERSED
2988,2024-03-25,US,97,4248.25,GBP,ATM,POSTED
2989,2024-02-17,PT,585,2565.26,GBP,MOBILE,POSTED
2990,2024-01-15,DE,999,2222.84,EUR,BRANCH,REVERSED
2991,2024-03-06,FR,834,4101.92,EUR,MOBILE,PENDING
2992,2024-02-08,BE,141,804.42,EUR,MOBILE,PENDING
2993,2024-03-07,BE,755,4635.58,GBP,MOBILE,REVERSED
2994,2024-02-17,NL,954,58.66,EUR,ATM,POSTED
2995,2024-02-03,BE,47,2094.52,USD,MOBILE,REVERSED
2996,2024-01-12,ES,862,945.38,GBP,ATM,PENDING
2997,2024-03-17,MA,93,3823.28,GBP,ATM,POSTED
2998,2024-03-06,NL,690,4085.89,USD,ONLINE,REVERSED
2999,2024-03-26,MA,573,4519.15,EUR,MOBILE,REVERSED
3000,2024-02-20,PT,965,4995.24,USD,ATM,PENDING
3001,2024-01-06,PT,363,1147.46,EUR,BRANCH,POSTED
3002,2024-03-15,MA,115,1773.7,EUR,MOBILE,REVERSED
3003,2024-03-23,IT,181,2438.05,GBP,ONLINE,PENDING
3004,2024-02-18,UK,109,3895.37,USD,MOBILE,POSTED
3005,2024-02-07,FR,906,3024.13,USD,BRANCH,REVERSED
3006,2024-02-18,MA,559,1244.03,USD,MOBILE,POSTED
3007,2024-02-04,NL,523,1562.66,EUR,MOBILE,POSTED
3008,2024-01-20,BE,346,511.95,EUR,ONLINE,PENDING
3009,2024-03-15,IT,845,3151.95,USD,ONLINE,POSTED
3010,2024-03-05,PT,983,3946.93,EUR,BRANCH,REVERSED
3011,2024-02-21,BE,713,2509.54,GBP,ATM,PENDING
3012,2024-01-18,US,404,2398.14,GBP,MOBILE,REVERSED
3013,2024-03-14,DE,435,111.25,EUR,ATM,PENDING
3014,2024-01-10,IT,849,565.62,GBP,ONLINE,PENDING
3015,2024-03-25,PT,655,4074.5,EUR,MOBILE,POSTED
3016,2024-01-30,IT,486,3598.85,EUR,BRANCH,POSTED
3017,2024-02-01,FR,940,1273.31,GBP,ATM,PENDING
3018,2024-02-12,FR,931,828.7,USD,BRANCH,PENDING
3019,2024-01-19,US,127,3081.78,USD,BRANCH,REVERSED
3020,2024-01-05,IT,713,1446.47,EUR,MOBILE,PENDING
3021,2024-01-09,NL,773,3701.94,GBP,ATM,REVERSED
3022,2024-01-17,US,608,2691.66,GBP,ATM,REVERSED
3023,2024-03-10,FR,887,2004.12,GBP,ONLINE,POSTED
3024,2024-02-04,DE,453,1355.08,GBP,ATM,POSTED
3025,2024-02-11,PT,189,4595.66,GBP,MOBILE,PENDING
3026,2024-03-10,MA,631,3316.18,GBP,ONLINE,REVERSED
3027,2024-03-15,MA,713,3093.11,USD,BRANCH,REVERSED
3028,2024-02-18,PT,319,3443.76,EUR,BRANCH,PENDING
3029,2024-03-16,US,321,4018.09,EUR,ATM,POSTED
3030,2024-03-19,ES,739,2995.94,EUR,ATM,REVERSED
3031,2024-03-02,UK,252,3485.26,USD,ATM,PENDING
3032,2024-01-15,DE,485,393.95,GBP,ATM,POSTED
3033,2024-03-17,BE,770,3856.69,USD,ONLINE,PENDING
3034,2024-02-10,IT,420,4879.35,GBP,ONLINE,POSTED
3035,2024-03-06,PT,266,1638.94,GBP,ATM,PENDING
3036,2024-03-03,FR,50,124.84,GBP,BRANCH,POSTED
3037,2024-02-08,BE,994,2902.24,EUR,ATM,PENDING
3038,2024-02-18,MA,698,4326.05,GBP,MOBILE,PENDING
3039,2024-03-04,MA,51,1635.05,USD,BRANCH,POSTED
3040,2024-01-02,US,322,2118.53,USD,MOBILE,PENDING
3041,2024-02-13,BE,913,146.89,USD,BRANCH,PENDING
3042,2024-01-29,IT,800,2532.6,GBP,ATM,PENDING
3043,2024-01-17,IT,877,3911.37,USD,MOBILE,PENDING
3044,2024-01-17,ES,788,2094.25,GBP,BRANCH,POSTED
3045,2024-01-14,MA,647,1670.68,GBP,BRANCH,POSTED
3046,2024-01-07,FR,711,4659.65,USD,ONLINE,POSTED
3047,2024-01-16,ES,155,1471.27,USD,MOBILE,PENDING
3048,2024-03-29,NL,318,2006.78,USD,ATM,PENDING
3049,2024-01-04,DE,80,885.21,GBP,ATM,POSTED
3050,2024-02-17,BE,834,4782.77,GBP,MOBILE,POSTED
3051,2024-01-01,BE,15,542.63,GBP,MOBILE,PENDING
3052,2024-03-04,BE,130,980.22,EUR,ONLINE,REVERSED
3053,2024-03-17,UK,454,4653.7,EUR,BRANCH,PENDING
3054,2024-01-18,MA,811,1316.35,EUR,MOBILE,POSTED
3055,2024-01-19,DE,941,823.95,EUR,BRANCH,POSTED
3056,2024-03-02,UK,233,2150.99,GBP,MOBILE,REVERSED
3057,2024-01-07,NL,567,1752.42,GBP,ONLINE,PENDING
3058,2024-02-03,BE,179,1549.5,EUR,ONLINE,REVERSED
3059,2024-02-11,US,370,3984.78,USD,ATM,POSTED
3060,2024-03-27,MA,260,1528.21,USD,BRANCH,REVERSED
3061,2024-02-29,UK,757,729.06,EUR,ATM,POSTED
3062,2024-01-18,IT,157,4673.34,USD,BRANCH,REVERSED
3063,2024-03-19,NL,698,4700.48,GBP,ATM,PENDING
3064,2024-02-26,MA,782,1032.19,GBP,BRANCH,REVERSED
3065,2024-03-23,ES,501,849.44,EUR,MOBILE,REVERSED
3066,2024-01-22,DE,919,2374.19,GBP,ATM,REVERSED
3067,2024-03-10,FR,820,4234.13,GBP,MOBILE,POSTED
3068,2024-01-06,US,336,3574.08,EUR,ATM,PENDING
3069,2024-03-18,IT,332,3596.21,GBP,ONLINE,PENDING
3070,2024-03-20,IT,338,4239.0,USD,ATM,POSTED
3071,2024-03-30,DE,527,346.55,USD,MOBILE,PENDING
3072,2024-03-05,US,526,4525.11,USD,BRANCH,POSTED
3073,2024-02-05,US,260,4584.03,USD,BRANCH,PENDING
3074,2024-02-24,FR,845,2659.15,GBP,BRANCH,REVERSED
3075,2024-01-09,NL,617,3098.09,USD,ATM,POSTED
3076,2024-03-23,UK,246,3218.6,EUR,ONLINE,REVERSED
3077,2024-02-28,BE,524,3305.69,GBP,MOBILE,REVERSED
3078,2024-03-13,PT,435,4940.87,GBP,ONLINE,REVERSED
3079,2024-03-17,FR,313,4966.05,USD,MOBILE,REVERSED
3080,2024-03-30,ES,857,2397.23,USD,MOBILE,REVERSED
3081,2024-01-18,US,385,1163.52,EUR,MOBILE,REVERSED
3082,2024-02-02,ES,274,661.87,EUR,ONLINE,REVERSED
3083,2024-02-27,ES,533,1178.09,GBP,ATM,POSTED
3084,2024-01-15,BE,511,151.39,EUR,ONLINE,POSTED
3085,2024-03-07,BE,946,247.83,GBP,ONLINE,POSTED
3086,2024-01-19,DE,45,4081.26,EUR,ONLINE,POSTED
3087,2024-01-23,FR,16,316.09,GBP,MOBILE,PENDING
3088,2024-02-25,MA,117,227.5,EUR,MOBILE,REVERSED
3089,2024-02-19,DE,11,2739.16,USD,ONLINE,PENDING
3090,2024-02-19,DE,295,309.5,GBP,ONLINE,REVERSED
3091,2024-02-07,UK,665,1220.6,EUR,ATM,PENDING
3092,2024-02-05,MA,801,3755.62,GBP,ONLINE,POSTED
3093,2024-02-10,US,418,4331.91,GBP,BRANCH,REVERSED
3094,2024-01-13,FR,3,993.58,EUR,MOBILE,PENDING
3095,2024-01-24,FR,378,4087.03,USD,BRANCH,REVERSED
3096,2024-03-16,MA,448,4170.62,USD,ATM,REVERSED
3097,2024-01-06,MA,443,4862.25,GBP,MOBILE,PENDING
3098,2024-02-04,DE,75,66.2,GBP,MOBILE,PENDING
3099,2024-02-08,DE,725,452.39,EUR,BRANCH,POSTED
3100,2024-02-27,BE,331,503.76,GBP,BRANCH,REVERSED
3101,2024-03-01,FR,535,3076.26,USD,ONLINE,PENDING
3102,2024-02-23,BE,207,1471.71,EUR,MOBILE,REVERSED
3103,2024-03-13,PT,636,2026.88,USD,MOBILE,POSTED
3104,2024-03-08,IT,552,2167.81,GBP,ATM,PENDING
3105,2024-03-08,NL,800,3072.21,USD,ATM,PENDING
3106,2024-03-16,MA,184,1815.74,EUR,MOBILE,PENDING
3107,2024-01-03,PT,242,633.39,EUR,ONLINE,PENDING
3108,2024-03-30,UK,465,4246.5,GBP,ONLINE,PENDING
3109,2024-01-02,US,80,2766.93,EUR,BRANCH,POSTED
3110,2024-01-10,NL,369,1678.74,USD,ATM,PENDING
3111,2024-03-03,NL,297,3530.63,GBP,ONLINE,PENDING
3112,2024-02-07,MA,616,925.21,EUR,ATM,REVERSED
3113,2024-03-27,BE,148,1402.37,GBP,MOBILE,POSTED
3114,2024-02-25,US,181,814.43,GBP,MOBILE,PENDING
3115,2024-03-06,PT,76,2246.95,GBP,BRANCH,REVERSED
3116,2024-02-16,US,938,660.32,GBP,BRANCH,REVERSED
3117,2024-02-07,UK,497,4167.36,EUR,BRANCH,PENDING
3118,2024-03-05,ES,2,4224.76,EUR,ONLINE,PENDING
3119,2024-03-04,FR,727,2873.04,GBP,ATM,POSTED
3120,2024-03-21,MA,224,4626.78,USD,MOBILE,PENDING
3121,2024-01-07,NL,175,1057.15,EUR,BRANCH,PENDING
3122,2024-01-23,BE,166,4597.79,GBP,BRANCH,REVERSED
3123,2024-02-05,FR,59,445.71,GBP,ONLINE,POSTED
3124,2024-03-29,US,734,2263.67,EUR,ONLINE,PENDING
3125,2024-01-10,MA,964,4669.87,USD,ATM,PENDING
3126,2024-01-09,FR,805,1757.81,GBP,ATM,POSTED
3127,2024-01-15,PT,380,4873.65,GBP,ONLINE,PENDING
3128,2024-01-14,DE,322,930.46,EUR,ATM,REVERSED
3129,2024-02-16,IT,969,4084.89,USD,ATM,REVERSED
3130,2024-01-18,IT,44,165.11,EUR,MOBILE,REVERSED
3131,2024-02-10,FR,4,4784.95,USD,ATM,REVERSED
3132,2024-03-14,US,575,3557.17,GBP,BRANCH,POSTED
3133,2024-03-23,ES,816,2837.87,USD,MOBILE,REVERSED
3134,2024-03-12,PT,218,4326.16,USD,BRANCH,POSTED
3135,2024-03-17,US,285,4782.79,EUR,MOBILE,REVERSED
3136,2024-01-12,PT,812,3605.03,EUR,MOBILE,POSTED
3137,2024-02-09,BE,84,1066.87,GBP,ATM,POSTED
3138,2024-02-03,UK,46,769.49,GBP,MOBILE,POSTED
3139,2024-03-28,ES,70,2341.89,USD,ONLINE,REVERSED
3140,2024-02-16,NL,262,2620.57,EUR,BRANCH,POSTED
3141,2024-02-23,BE,61,2028.75,USD,MOBILE,POSTED
3142,2024-02-24,NL,198,2941.84,EUR,BRANCH,PENDING
3143,2024-03-10,BE,199,2736.27,EUR,BRANCH,POSTED
3144,2024-02-18,US,415,4575.11,GBP,ATM,PENDING
3145,2024-02-12,FR,456,4081.71,USD,ATM,PENDING
3146,2024-02-16,NL,634,1678.48,EUR,BRANCH,PENDING
3147,2024-01-21,IT,578,914.68,EUR,ATM,REVERSED
3148,2024-02-12,UK,109,213.48,GBP,BRANCH,REVERSED
3149,2024-01-04,PT,104,4447.53,EUR,ATM,POSTED
3150,2024-02-29,BE,963,1940.11,GBP,ATM,POSTED
3151,2024-02-12,US,721,4712.2,GBP,MOBILE,POSTED
3152,2024-03-28,ES,172,3169.6,USD,BRANCH,POSTED
3153,2024-02-10,US,715,4702.54,GBP,ONLINE,POSTED
3154,2024-01-11,ES,186,2189.25,USD,BRANCH,POSTED
3155,2024-01-02,ES,880,2088.99,GBP,ATM,POSTED
3156,2024-02-10,DE,345,1073.78,GBP,ONLINE,PENDING
3157,2024-03-24,PT,265,2201.33,GBP,BRANCH,POSTED
3158,2024-02-26,US,44,4779.35,USD,ATM,PENDING
3159,2024-01-25,ES,474,2975.21,EUR,BRANCH,REVERSED
3160,2024-03-16,UK,659,141.22,EUR,ATM,POSTED
3161,2024-01-02,MA,294,4787.01,GBP,ONLINE,PENDING
3162,2024-01-02,IT,706,4486.41,EUR,ATM,PENDING
3163,2024-02-14,ES,960,158.13,EUR,MOBILE,POSTED
3164,2024-03-05,PT,715,4861.55,USD,ATM,POSTED
3165,2024-03-10,US,641,3067.54,EUR,ONLINE,REVERSED
3166,2024-02-13,PT,631,4459.64,GBP,BRANCH,PENDING
3167,2024-02-01,UK,702,2835.84,EUR,ATM,PENDING
3168,2024-02-19,DE,34,297.57,USD,ATM,REVERSED
3169,2024-01-03,MA,584,2142.94,GBP,ATM,POSTED
3170,2024-03-10,MA,734,2196.72,USD,ATM,REVERSED
3171,2024-01-31,NL,512,1336.01,GBP,ONLINE,REVERSED
3172,2024-01-28,IT,583,4241.54,USD,BRANCH,POSTED
3173,2024-01-03,FR,402,2454.39,USD,ONLINE,PENDING
3174,2024-02-11,FR,223,804.24,USD,ATM,POSTED
3175,2024-03-04,IT,388,1566.2,EUR,MOBILE,POSTED
3176,2024-02-06,DE,470,2686.66,EUR,ATM,REVERSED
3177,2024-01-24,PT,719,3895.71,EUR,ONLINE,PENDING
3178,2024-02-12,DE,71,77.15,EUR,ATM,REVERSED
3179,2024-02-23,FR,364,1222.18,GBP,MOBILE,REVERSED
3180,2024-02-02,IT,14,758.18,EUR,ATM,PENDING
3181,2024-02-20,NL,225,3973.1,GBP,ATM,PENDING
3182,2024-03-27,UK,980,4876.41,USD,BRANCH,REVERSED
3183,2024-03-12,BE,461,1617.06,GBP,ONLINE,POSTED
3184,2024-01-22,PT,754,2968.39,USD,BRANCH,POSTED
3185,2024-02-20,FR,236,4766.3,EUR,MOBILE,REVERSED
3186,2024-01-23,FR,905,3471.38,USD,BRANCH,PENDING
3187,2024-03-07,ES,79,1279.92,USD,ATM,REVERSED
3188,2024-03-17,ES,1,4536.75,EUR,ATM,PENDING
3189,2024-01-21,IT,730,3759.92,EUR,ONLINE,POSTED
3190,2024-02-25,ES,101,3235.53,GBP,ONLINE,POSTED
3191,2024-02-15,BE,804,623.34,GBP,MOBILE,REVERSED
3192,2024-01-01,UK,579,473.22,EUR,ATM,REVERSED
3193,2024-02-25,IT,548,1857.77,GBP,ATM,REVERSED
3194,2024-03-16,UK,582,3748.37,GBP,MOBILE,POSTED
3195,2024-03-29,DE,390,2780.51,EUR,ATM,PENDING
3196,2024-01-31,NL,547,3828.17,GBP,ONLINE,POSTED
3197,2024-03-11,MA,623,4713.08,GBP,MOBILE,POSTED
3198,2024-03-06,US,339,4807.26,USD,ATM,REVERSED
3199,2024-01-13,BE,141,841.44,USD,ONLINE,POSTED
3200,2024-01-07,ES,564,1069.54,USD,ONLINE,REVERSED
3201,2024-01-30,ES,678,4727.63,EUR,BRANCH,POSTED
3202,2024-02-05,US,498,4937.03,GBP,ONLINE,REVERSED
3203,2024-01-17,BE,765,549.42,USD,BRANCH,REVERSED
3204,2024-03-18,IT,717,52.03,EUR,ATM,POSTED
3205,2024-01-05,IT,51,1385.71,GBP,ONLINE,POSTED
3206,2024-01-17,ES,734,2195.09,USD,ONLINE,REVERSED
3207,2024-01-14,IT,381,3589.54,EUR,ONLINE,REVERSED
3208,2024-01-12,MA,343,4431.79,USD,BRANCH,PENDING
3209,2024-01-26,FR,698,4921.82,EUR,BRANCH,REVERSED
3210,2024-03-17,IT,957,4141.06,USD,MOBILE,PENDING
3211,2024-02-20,PT,98,3055.92,EUR,ONLINE,POSTED
3212,2024-03-28,FR,667,810.33,GBP,ATM,PENDING
3213,2024-03-28,DE,480,1493.39,GBP,ATM,POSTED
3214,2024-03-15,BE,223,597.54,EUR,BRANCH,POSTED
3215,2024-03-10,US,68,3100.82,USD,ONLINE,POSTED
3216,2024-03-13,DE,820,4343.3,EUR,MOBILE,PENDING
3217,2024-01-02,BE,57,1835.1,GBP,BRANCH,PENDING
3218,2024-02-20,NL,976,3765.96,EUR,MOBILE,POSTED
3219,2024-03-30,MA,952,765.71,GBP,MOBILE,PENDING
3220,2024-02-16,FR,310,2906.49,USD,BRANCH,REVERSED
3221,2024-01-05,NL,988,2157.99,EUR,BRANCH,REVERSED
3222,2024-01-25,IT,581,2084.74,EUR,BRANCH,REVERSED
3223,2024-03-18,MA,171,2268.62,EUR,ONLINE,PENDING
3224,2024-01-18,MA,903,4170.28,EUR,BRANCH,POSTED
3225,2024-02-02,IT,804,2055.27,EUR,BRANCH,REVERSED
3226,2024-03-12,UK,272,3367.86,EUR,ATM,REVERSED
3227,2024-03-04,PT,973,3436.53,EUR,MOBILE,POSTED
3228,2024-03-22,IT,741,1556.36,GBP,ATM,REVERSED
3229,2024-03-17,PT,699,1901.95,EUR,ONLINE,REVERSED
3230,2024-02-13,IT,908,670.76,USD,MOBILE,POSTED
3231,2024-02-16,FR,373,2658.61,EUR,ONLINE,PENDING
3232,2024-01-26,FR,828,3447.93,EUR,ATM,REVERSED
3233,2024-02-16,BE,511,2028.93,USD,BRANCH,PENDING
3234,2024-02-29,MA,938,3449.45,GBP,BRANCH,PENDING
3235,2024-02-12,NL,411,2934.55,GBP,BRANCH,REVERSED
3236,2024-03-22,UK,969,997.64,EUR,MOBILE,PENDING
3237,2024-03-13,NL,877,1355.0,USD,MOBILE,POSTED
3238,2024-02-25,IT,927,1402.51,EUR,ONLINE,PENDING
3239,2024-02-06,UK,22,2677.9,EUR,BRANCH,REVERSED
3240,2024-02-09,BE,89,4074.01,EUR,MOBILE,REVERSED
3241,2024-01-19,UK,805,4699.82,GBP,MOBILE,PENDING
3242,2024-02-08,NL,186,565.1,EUR,ATM,PENDING
3243,2024-02-05,ES,245,1840.35,GBP,ATM,PENDING
3244,2024-01-24,MA,125,4665.69,USD,ATM,REVERSED
3245,2024-02-03,BE,597,977.87,EUR,MOBILE,POSTED
3246,2024-02-08,UK,907,1545.42,GBP,ATM,PENDING
3247,2024-03-13,MA,225,3289.27,USD,ONLINE,POSTED
3248,2024-03-28,FR,30,2671.26,GBP,ATM,PENDING
3249,2024-03-08,UK,941,835.89,EUR,ATM,PENDING
3250,2024-03-11,NL,94,4580.84,GBP,BRANCH,PENDING
3251,2024-01-21,IT,371,4078.41,GBP,BRANCH,REVERSED
3252,2024-01-23,MA,910,4529.31,USD,BRANCH,PENDING
3253,2024-03-28,NL,49,563.03,EUR,ONLINE,REVERSED
3254,2024-03-27,FR,708,2645.65,USD,ONLINE,POSTED
3255,2024-02-26,NL,463,661.15,USD,MOBILE,REVERSED
3256,2024-02-11,MA,192,975.7,EUR,ATM,PENDING
3257,2024-01-08,FR,947,3816.2,GBP,BRANCH,POSTED
3258,2024-02-26,BE,64,123.91,USD,BRANCH,REVERSED
3259,2024-03-07,FR,37,127.56,EUR,MOBILE,REVERSED
3260,2024-01-23,ES,67,1546.63,USD,MOBILE,REVERSED
3261,2024-01-25,DE,435,133.32,USD,ONLINE,REVERSED
3262,2024-03-29,DE,787,4592.45,USD,ATM,PENDING
3263,2024-01-22,FR,203,608.99,USD,BRANCH,PENDING
3264,2024-01-20,BE,794,1954.44,GBP,ATM,REVERSED
3265,2024-03-23,ES,589,3631.55,USD,ONLINE,PENDING
3266,2024-01-17,UK,989,3077.24,GBP,ONLINE,POSTED
3267,2024-01-19,ES,154,3200.04,USD,ONLINE,REVERSED
3268,2024-03-19,IT,915,2611.54,GBP,ONLINE,POSTED
3269,2024-02-06,UK,873,2368.93,GBP,ONLINE,PENDING
3270,2024-01-29,ES,232,2116.71,EUR,BRANCH,POSTED
3271,2024-03-01,MA,93,4537.08,GBP,MOBILE,POSTED
3272,2024-03-06,ES,398,3036.06,EUR,ONLINE,POSTED
3273,2024-02-18,FR,101,71.78,EUR,ONLINE,PENDING
3274,2024-01-13,UK,660,4226.76,GBP,ONLINE,REVERSED
3275,2024-03-27,BE,647,4809.58,GBP,ATM,PENDING
3276,2024-03-26,MA,945,3537.55,USD,BRANCH,PENDING
3277,2024-03-02,IT,332,2213.64,USD,ONLINE,POSTED
3278,2024-01-27,IT,707,4912.38,EUR,ONLINE,REVERSED
3279,2024-03-06,FR,649,531.55,GBP,BRANCH,PENDING
3280,2024-01-20,UK,573,4951.96,GBP,ONLINE,REVERSED
3281,2024-03-26,ES,182,3671.53,USD,MOBILE,POSTED
3282,2024-02-18,ES,840,4442.25,USD,ONLINE,PENDING
3283,2024-03-24,FR,921,1948.67,GBP,MOBILE,POSTED
3284,2024-01-09,DE,544,278.05,USD,MOBILE,PENDING
3285,2024-01-14,IT,6,2428.35,USD,ONLINE,REVERSED
3286,2024-02-09,DE,668,2808.86,EUR,ATM,REVERSED
3287,2024-01-10,IT,793,1927.45,USD,ATM,REVERSED
3288,2024-02-06,MA,234,2854.98,GBP,MOBILE,REVERSED
3289,2024-02-16,MA,64,1569.84,USD,MOBILE,POSTED
3290,2024-02-16,UK,257,2843.82,EUR,ATM,PENDING
3291,2024-01-12,MA,737,1339.07,EUR,BRANCH,PENDING
3292,2024-02-24,US,17,2848.31,GBP,ATM,REVERSED
3293,2024-02-18,PT,216,2955.08,USD,MOBILE,PENDING
3294,2024-01-24,FR,488,4017.34,EUR,ATM,PENDING
3295,2024-01-22,MA,999,792.32,EUR,ATM,REVERSED
3296,2024-03-24,NL,98,680.64,GBP,ATM,POSTED
3297,2024-02-09,DE,963,1009.72,EUR,MOBILE,REVERSED
3298,2024-02-21,NL,544,2833.08,USD,MOBILE,POSTED
3299,2024-03-13,BE,485,1078.88,EUR,MOBILE,PENDING
3300,2024-03-02,IT,81,3989.65,EUR,ONLINE,PENDING
3301,2024-03-24,MA,691,3823.44,USD,BRANCH,REVERSED
3302,2024-03-14,BE,547,3108.57,GBP,MOBILE,PENDING
3303,2024-01-31,IT,963,3155.2,GBP,BRANCH,POSTED
3304,2024-01-15,PT,93,3150.2,USD,BRANCH,PENDING
3305,2024-01-25,FR,976,2562.96,GBP,BRANCH,POSTED
3306,2024-01-30,DE,148,229.36,EUR,ATM,PENDING
3307,2024-01-04,UK,497,4037.96,USD,BRANCH,REVERSED
3308,2024-03-22,NL,818,4608.38,USD,ATM,REVERSED
3309,2024-01-07,FR,143,2104.9,GBP,MOBILE,PENDING
3310,2024-02-09,US,557,3327.24,USD,MOBILE,PENDING
3311,2024-02-08,PT,458,2965.84,USD,ATM,PENDING
3312,2024-01-26,MA,911,1738.45,GBP,ATM,PENDING
3313,2024-02-12,FR,23,2034.12,USD,BRANCH,REVERSED
3314,2024-01-29,NL,203,189.14,GBP,MOBILE,PENDING
3315,2024-03-13,MA,631,933.17,USD,MOBILE,POSTED
3316,2024-01-15,PT,665,1791.11,GBP,MOBILE,POSTED
3317,2024-02-11,IT,50,3473.91,GBP,MOBILE,REVERSED
3318,2024-01-02,ES,376,1749.47,EUR,ONLINE,PENDING
3319,2024-02-22,IT,436,1499.25,EUR,BRANCH,REVERSED
3320,2024-02-07,BE,635,4249.84,GBP,BRANCH,REVERSED
3321,2024-02-20,UK,944,1409.18,GBP,MOBILE,POSTED
3322,2024-02-08,UK,771,1309.36,USD,ONLINE,PENDING
3323,2024-02-02,DE,810,4483.54,GBP,ATM,PENDING
3324,2024-03-13,PT,603,1223.7,GBP,ONLINE,REVERSED
3325,2024-02-03,US,592,2255.0,EUR,BRANCH,PENDING
3326,2024-02-03,FR,538,3795.59,GBP,ONLINE,POSTED
3327,2024-01-29,FR,607,1641.61,USD,ONLINE,REVERSED
3328,2024-03-02,IT,589,3345.37,GBP,BRANCH,POSTED
3329,2024-02-01,ES,106,4836.72,GBP,MOBILE,POSTED
3330,2024-01-08,ES,117,4302.25,EUR,MOBILE,PENDING
3331,2024-02-08,BE,356,964.39,GBP,MOBILE,PENDING
3332,2024-02-13,NL,819,2928.44,EUR,ATM,POSTED
3333,2024-01-02,FR,309,1391.41,USD,BRANCH,PENDING
3334,2024-01-09,ES,740,3055.08,GBP,ATM,POSTED
3335,2024-01-19,UK,109,682.67,EUR,ONLINE,REVERSED
3336,2024-02-29,UK,879,1968.02,USD,MOBILE,POSTED
3337,2024-02-12,PT,345,3140.39,USD,ATM,REVERSED
3338,2024-02-25,DE,944,2868.75,EUR,ATM,PENDING
3339,2024-02-16,BE,305,946.57,GBP,BRANCH,PENDING
3340,2024-02-19,IT,86,363.32,GBP,BRANCH,POSTED
3341,2024-01-27,US,911,918.65,USD,ONLINE,REVERSED
3342,2024-01-18,FR,878,1244.06,USD,MOBILE,PENDING
3343,2024-01-24,US,416,1040.35,EUR,ATM,PENDING
3344,2024-01-30,NL,731,2897.65,GBP,MOBILE,REVERSED
3345,2024-01-04,FR,565,3957.56,GBP,BRANCH,REVERSED
3346,2024-01-19,PT,881,1403.62,GBP,ATM,POSTED
3347,2024-03-24,DE,662,3313.66,USD,MOBILE,PENDING
3348,2024-01-09,NL,269,942.43,EUR,BRANCH,POSTED
3349,2024-02-10,FR,158,1142.68,USD,ATM,POSTED
3350,2024-01-21,BE,624,4721.66,USD,MOBILE,PENDING
3351,2024-01-24,NL,769,1684.53,EUR,ONLINE,POSTED
3352,2024-01-18,BE,156,3118.42,EUR,ATM,POSTED
3353,2024-01-03,ES,338,2006.96,EUR,ONLINE,POSTED
3354,2024-01-02,IT,22,1098.08,USD,MOBILE,PENDING
3355,2024-02-26,DE,751,3461.6,GBP,MOBILE,PENDING
3356,2024-02-16,FR,448,4279.66,EUR,MOBILE,REVERSED
3357,2024-03-19,UK,768,4069.34,EUR,ATM,POSTED
3358,2024-02-05,UK,215,281.19,EUR,ONLINE,REVERSED
3359,2024-03-15,BE,788,1292.32,USD,ONLINE,POSTED
3360,2024-01-04,IT,277,3583.98,EUR,ATM,POSTED
3361,2024-03-10,US,469,341.44,GBP,ATM,POSTED
3362,2024-02-28,ES,980,817.87,EUR,BRANCH,POSTED
3363,2024-02-17,FR,449,4071.81,GBP,MOBILE,PENDING
3364,2024-03-25,BE,473,3648.51,EUR,MOBILE,REVERSED
3365,2024-03-22,NL,328,4124.38,USD,ATM,REVERSED
3366,2024-03-17,ES,947,1319.28,USD,BRANCH,REVERSED
3367,2024-03-10,IT,549,4362.11,USD,ONLINE,REVERSED
3368,2024-03-01,ES,347,2529.44,EUR,ONLINE,POSTED
3369,2024-02-10,PT,41,4013.52,GBP,BRANCH,PENDING
3370,2024-02-20,BE,288,3563.35,GBP,ONLINE,POSTED
3371,2024-03-03,IT,642,938.94,GBP,ATM,POSTED
3372,2024-01-13,ES,86,430.68,EUR,ATM,REVERSED
3373,2024-02-28,BE,42,1179.3,USD,MOBILE,REVERSED
3374,2024-03-19,FR,685,4581.74,EUR,MOBILE,POSTED
3375,2024-03-03,US,710,181.23,GBP,ONLINE,REVERSED
3376,2024-01-20,UK,106,2939.2,GBP,BRANCH,REVERSED
3377,2024-02-15,ES,612,1592.38,EUR,MOBILE,POSTED
3378,2024-01-23,ES,145,4526.67,USD,BRANCH,POSTED
3379,2024-01-29,BE,465,909.76,EUR,BRANCH,PENDING
3380,2024-01-20,ES,115,1879.03,USD,BRANCH,REVERSED
3381,2024-02-03,PT,900,3230.6,EUR,ONLINE,REVERSED
3382,2024-01-01,BE,836,978.31,USD,BRANCH,PENDING
3383,2024-02-26,FR,312,2511.51,GBP,MOBILE,REVERSED
3384,2024-03-17,PT,944,1653.64,USD,MOBILE,POSTED
3385,2024-01-22,FR,880,1871.58,GBP,MOBILE,REVERSED
3386,2024-03-28,UK,73,3060.78,USD,ONLINE,REVERSED
3387,2024-02-27,NL,263,3119.95,EUR,MOBILE,PENDING
3388,2024-03-22,IT,163,4738.2,GBP,BRANCH,PENDING
3389,2024-01-30,US,189,2262.3,USD,MOBILE,PENDING
3390,2024-01-22,ES,933,1794.1,EUR,ATM,PENDING
3391,2024-01-11,MA,357,2714.14,EUR,ONLINE,POSTED
3392,2024-03-24,UK,586,3625.91,EUR,ONLINE,REVERSED
3393,2024-02-06,DE,73,1613.58,USD,ONLINE,POSTED
3394,2024-01-20,PT,325,1579.71,GBP,MOBILE,POSTED
3395,2024-02-25,IT,474,3342.21,EUR,MOBILE,POSTED
3396,2024-03-20,US,680,3819.96,EUR,ATM,PENDING
3397,2024-02-18,DE,343,3316.56,GBP,ATM,REVERSED
3398,2024-03-26,BE,347,486.38,EUR,ATM,POSTED
3399,2024-03-24,BE,778,4256.81,EUR,BRANCH,REVERSED
3400,2024-03-09,IT,721,4277.84,EUR,ATM,POSTED
3401,2024-01-20,DE,972,4144.35,EUR,BRANCH,REVERSED
3402,2024-02-07,BE,678,4558.57,EUR,BRANCH,REVERSED
3403,2024-01-20,MA,556,2086.36,USD,MOBILE,PENDING
3404,2024-01-02,DE,781,2914.66,GBP,BRANCH,PENDING
3405,2024-03-12,BE,59,1947.93,USD,ONLINE,REVERSED
3406,2024-01-01,FR,813,1941.95,GBP,MOBILE,PENDING
3407,2024-03-22,BE,491,1223.52,USD,BRANCH,REVERSED
3408,2024-02-19,MA,288,4728.71,USD,BRANCH,REVERSED
3409,2024-01-16,PT,445,3621.38,EUR,BRANCH,REVERSED
3410,2024-01-24,DE,625,705.41,USD,ONLINE,POSTED
3411,2024-01-10,IT,187,86.52,GBP,ATM,POSTED
3412,2024-02-06,ES,626,1265.43,EUR,ATM,PENDING
3413,2024-03-03,BE,939,4399.99,GBP,ATM,POSTED
3414,2024-03-01,PT,457,767.97,USD,BRANCH,REVERSED
3415,2024-03-29,BE,98,3258.79,GBP,ONLINE,POSTED
3416,2024-03-11,FR,58,1097.48,USD,MOBILE,PENDING
3417,2024-01-03,ES,723,11.65,EUR,BRANCH,POSTED
3418,2024-01-21,BE,344,967.77,USD,ONLINE,POSTED
3419,2024-01-01,UK,646,233.02,EUR,BRANCH,POSTED
3420,2024-03-08,IT,563,3549.21,USD,ONLINE,PENDING
3421,2024-03-19,ES,675,3891.99,GBP,ATM,POSTED
3422,2024-02-27,MA,546,3487.83,EUR,MOBILE,PENDING
3423,2024-02-01,IT,181,4219.34,EUR,MOBILE,REVERSED
3424,2024-01-27,IT,834,2418.78,GBP,ATM,REVERSED
3425,2024-02-13,DE,904,3155.9,GBP,MOBILE,POSTED
3426,2024-02-20,NL,107,1239.91,GBP,BRANCH,POSTED
3427,2024-01-01,DE,194,776.11,GBP,ONLINE,POSTED
3428,2024-01-29,PT,156,496.65,GBP,ONLINE,PENDING
3429,2024-01-24,NL,754,3000.83,EUR,MOBILE,PENDING
3430,2024-03-30,FR,415,4763.39,USD,MOBILE,PENDING
3431,2024-01-13,FR,432,3777.83,GBP,BRANCH,REVERSED
3432,2024-01-22,FR,650,4494.37,GBP,ATM,REVERSED
3433,2024-02-04,IT,788,376.23,EUR,MOBILE,REVERSED
3434,2024-02-26,MA,119,2303.76,GBP,ATM,PENDING
3435,2024-03-16,MA,593,4266.29,GBP,ONLINE,REVERSED
3436,2024-03-29,US,358,3304.05,EUR,ATM,REVERSED
3437,2024-01-20,MA,385,1843.83,USD,MOBILE,POSTED
3438,2024-03-19,UK,588,4147.34,EUR,BRANCH,PENDING
3439,2024-01-27,US,631,2536.64,GBP,ONLINE,PENDING
3440,2024-02-11,IT,616,1364.87,USD,ATM,PENDING
3441,2024-02-08,ES,593,4308.4,EUR,MOBILE,PENDING
3442,2024-03-21,NL,146,3824.4,USD,MOBILE,REVERSED
3443,2024-02-08,DE,782,2189.93,GBP,MOBILE,PENDING
3444,2024-01-03,BE,3,2766.68,GBP,MOBILE,PENDING
3445,2024-03-28,NL,261,2796.19,GBP,BRANCH,PENDING
3446,2024-02-05,DE,976,2545.79,GBP,BRANCH,POSTED
3447,2024-02-22,NL,248,1445.59,USD,BRANCH,POSTED
3448,2024-02-21,PT,549,4042.33,EUR,MOBILE,PENDING
3449,2024-03-15,BE,28,1326.84,USD,ATM,REVERSED
3450,2024-01-22,BE,825,1973.1,EUR,BRANCH,POSTED
3451,2024-01-16,FR,167,1992.96,USD,ATM,PENDING
3452,2024-02-21,US,566,3009.54,EUR,ATM,REVERSED
3453,2024-01-23,US,547,4167.99,USD,ATM,POSTED
3454,2024-01-01,BE,898,2698.58,GBP,ONLINE,REVERSED
3455,2024-01-06,UK,494,1526.3,GBP,ONLINE,REVERSED
3456,2024-03-17,NL,268,4167.2,GBP,ATM,REVERSED
3457,2024-02-14,MA,886,1183.58,EUR,MOBILE,PENDING
3458,2024-01-02,FR,0,1065.06,GBP,BRANCH,REVERSED
3459,2024-02-19,MA,104,2961.28,GBP,BRANCH,REVERSED
3460,2024-01-27,FR,933,4841.24,USD,MOBILE,PENDING
3461,2024-01-13,BE,267,3836.5,EUR,MOBILE,REVERSED
3462,2024-03-26,US,442,2244.68,EUR,MOBILE,REVERSED
3463,2024-01-03,DE,543,2361.05,USD,ATM,POSTED
3464,2024-01-15,IT,437,1862.43,GBP,ATM,POSTED
3465,2024-01-30,US,940,1478.84,USD,ONLINE,REVERSED
3466,2024-03-17,FR,402,2420.26,GBP,BRANCH,PENDING
3467,2024-03-12,MA,838,4582.81,EUR,BRANCH,POSTED
3468,2024-02-18,ES,806,3890.82,EUR,BRANCH,PENDING
3469,2024-03-19,PT,446,4361.34,EUR,BRANCH,PENDING
3470,2024-01-23,ES,961,4275.69,EUR,ATM,PENDING
3471,2024-01-31,IT,954,3176.38,GBP,BRANCH,PENDING
3472,2024-01-04,US,510,1537.21,USD,BRANCH,REVERSED
3473,2024-02-06,UK,381,2986.84,GBP,MOBILE,PENDING
3474,2024-01-22,DE,868,4120.62,EUR,ONLINE,PENDING
3475,2024-01-01,NL,850,410.1,EUR,BRANCH,PENDING
3476,2024-02-14,IT,104,831.95,GBP,ATM,POSTED
3477,2024-02-01,MA,130,3292.4,EUR,ATM,REVERSED
3478,2024-03-01,IT,945,3894.23,EUR,MOBILE,PENDING
3479,2024-01-21,MA,790,1354.23,GBP,ONLINE,REVERSED
3480,2024-02-14,BE,328,3562.12,USD,BRANCH,POSTED
3481,2024-01-24,PT,684,1527.06,GBP,BRANCH,POSTED
3482,2024-02-10,DE,415,579.17,GBP,BRANCH,PENDING
3483,2024-02-17,PT,86,2243.68,EUR,BRANCH,POSTED
3484,2024-03-08,FR,371,1543.26,EUR,BRANCH,PENDING
3485,2024-02-28,US,275,2358.61,USD,ONLINE,PENDING
3486,2024-01-19,US,448,4369.35,GBP,BRANCH,POSTED
3487,2024-02-29,DE,364,2903.32,GBP,MOBILE,POSTED
3488,2024-02-03,US,867,4506.61,EUR,ATM,PENDING
3489,2024-01-30,NL,522,2672.04,EUR,ONLINE,POSTED
3490,2024-03-08,IT,431,416.65,EUR,ONLINE,POSTED
3491,2024-03-23,BE,940,3004.78,EUR,MOBILE,POSTED
3492,2024-03-06,NL,518,2675.2,EUR,ATM,PENDING
3493,2024-01-23,NL,556,2376.61,EUR,BRANCH,REVERSED
3494,2024-02-25,ES,323,3421.67,USD,ONLINE,POSTED
3495,2024-02-26,US,418,1634.25,GBP,ONLINE,PENDING
3496,2024-01-29,NL,831,4029.08,GBP,ATM,POSTED
3497,2024-03-06,PT,884,537.79,USD,MOBILE,POSTED
3498,2024-02-07,US,890,1908.2,EUR,MOBILE,PENDING
3499,2024-02-18,ES,606,4045.55,GBP,ATM,PENDING
3500,2024-01-29,IT,833,1980.87,GBP,BRANCH,PENDING
3501,2024-03-21,MA,268,4858.37,USD,ATM,REVERSED
3502,2024-03-16,PT,599,3951.69,GBP,ATM,POSTED
3503,2024-01-07,BE,609,2770.96,USD,ONLINE,REVERSED
3504,2024-01-03,BE,927,1170.53,GBP,BRANCH,POSTED
3505,2024-01-13,DE,553,2972.66,GBP,BRANCH,PENDING
3506,2024-01-22,US,399,1385.4,GBP,BRANCH,REVERSED
3507,2024-03-26,PT,741,2289.65,USD,MOBILE,POSTED
3508,2024-03-12,UK,843,3875.88,USD,BRANCH,REVERSED
3509,2024-03-14,UK,772,2599.98,GBP,ATM,REVERSED
3510,2024-01-07,ES,146,358.21,GBP,MOBILE,REVERSED
3511,2024-03-09,PT,676,4486.07,GBP,ATM,POSTED
3512,2024-02-08,BE,553,938.47,GBP,MOBILE,POSTED
3513,2024-02-29,FR,948,1641.5,GBP,BRANCH,PENDING
3514,2024-02-12,DE,808,1330.11,EUR,MOBILE,PENDING
3515,2024-01-21,BE,400,4910.23,EUR,ATM,POSTED
3516,2024-01-28,FR,214,2641.29,USD,MOBILE,REVERSED
3517,2024-01-15,DE,591,1229.56,USD,ATM,PENDING
3518,2024-02-13,PT,11,4437.65,EUR,ONLINE,POSTED
3519,2024-02-26,NL,590,235.92,USD,ONLINE,REVERSED
3520,2024-02-24,MA,599,1039.42,USD,ATM,REVERSED
3521,2024-03-25,UK,762,2523.46,EUR,MOBILE,REVERSED
3522,2024-01-02,UK,199,633.56,USD,ATM,REVERSED
3523,2024-01-16,DE,589,1206.41,GBP,ATM,POSTED
3524,2024-02-01,BE,128,4264.3,USD,BRANCH,POSTED
3525,2024-03-23,UK,357,607.19,GBP,MOBILE,POSTED
3526,2024-03-14,FR,706,2656.06,GBP,ATM,REVERSED
3527,2024-01-16,FR,290,1639.37,EUR,BRANCH,POSTED
3528,2024-02-29,IT,410,349.32,USD,MOBILE,POSTED
3529,2024-02-18,MA,143,4575.15,EUR,ONLINE,REVERSED
3530,2024-02-14,BE,737,2998.32,GBP,ONLINE,POSTED
3531,2024-02-15,IT,817,3093.79,GBP,ATM,REVERSED
3532,2024-02-12,BE,329,4877.16,USD,ATM,PENDING
3533,2024-03-22,US,461,3328.63,EUR,BRANCH,PENDING
3534,2024-02-18,IT,598,2437.23,EUR,BRANCH,PENDING
3535,2024-01-15,DE,388,1451.6,USD,ATM,REVERSED
3536,2024-01-18,BE,932,1200.68,USD,ONLINE,PENDING
3537,2024-01-04,ES,557,2972.91,GBP,MOBILE,PENDING
3538,2024-01-01,UK,936,1247.62,EUR,ATM,PENDING
3539,2024-02-02,US,70,4085.18,GBP,MOBILE,POSTED
3540,2024-01-05,DE,638,4995.88,USD,BRANCH,REVERSED
3541,2024-01-27,UK,548,4361.09,GBP,BRANCH,PENDING
3542,2024-02-03,FR,998,1867.15,EUR,ATM,POSTED
3543,2024-03-26,BE,559,7.11,USD,ONLINE,POSTED
3544,2024-02-03,ES,498,2099.07,USD,ONLINE,REVERSED
3545,2024-01-14,US,648,1296.56,USD,MOBILE,POSTED
3546,2024-03-08,PT,235,2960.3,EUR,ATM,REVERSED
3547,2024-02-22,PT,816,225.47,USD,MOBILE,PENDING
3548,2024-03-29,PT,641,4825.98,EUR,ONLINE,POSTED
3549,2024-03-05,BE,781,4291.12,GBP,MOBILE,PENDING
3550,2024-02-10,UK,114,4278.54,EUR,BRANCH,REVERSED
3551,2024-02-28,ES,866,2455.31,USD,BRANCH,POSTED
3552,2024-01-03,MA,825,2764.43,GBP,ATM,POSTED
3553,2024-02-19,US,794,3604.5,EUR,ONLINE,PENDING
3554,2024-01-27,PT,515,3800.27,EUR,MOBILE,POSTED
3555,2024-03-11,NL,453,3259.85,USD,ONLINE,REVERSED
3556,2024-01-30,IT,414,1420.54,USD,MOBILE,POSTED
3557,2024-02-02,DE,238,3587.58,GBP,ATM,REVERSED
3558,2024-01-15,UK,197,2563.74,GBP,MOBILE,POSTED
3559,2024-01-24,BE,130,1980.09,USD,BRANCH,POSTED
3560,2024-01-06,US,69,3276.39,EUR,ONLINE,POSTED
3561,2024-03-19,FR,741,3262.21,USD,MOBILE,POSTED
3562,2024-01-01,US,776,1398.21,EUR,ATM,REVERSED
3563,2024-03-29,NL,706,2958.23,GBP,BRANCH,POSTED
3564,2024-03-13,IT,163,1354.34,EUR,ATM,POSTED
3565,2024-03-20,NL,731,3081.01,EUR,ONLINE,POSTED
3566,2024-02-05,BE,974,2328.61,GBP,MOBILE,POSTED
3567,2024-02-19,US,886,4666.58,USD,ONLINE,POSTED
3568,2024-01-23,UK,80,4959.29,USD,ONLINE,POSTED
3569,2024-02-07,FR,271,4162.08,GBP,ONLINE,POSTED
3570,2024-02-23,DE,110,2668.31,GBP,ATM,POSTED
3571,2024-01-25,US,391,2629.68,EUR,MOBILE,POSTED
3572,2024-01-07,NL,12,747.4,USD,MOBILE,REVERSED
3573,2024-03-24,ES,57,4671.32,EUR,ATM,POSTED
3574,2024-03-17,UK,798,3962.32,USD,MOBILE,REVERSED
3575,2024-01-18,DE,584,1802.59,USD,ATM,POSTED
3576,2024-02-13,NL,487,3024.97,EUR,ATM,POSTED
3577,2024-03-04,IT,139,1668.36,GBP,ATM,POSTED
3578,2024-02-29,IT,630,2307.93,EUR,ATM,REVERSED
3579,2024-02-27,ES,164,468.53,EUR,MOBILE,REVERSED
3580,2024-01-06,BE,483,4423.11,GBP,MOBILE,PENDING
3581,2024-01-19,ES,122,125.73,USD,BRANCH,REVERSED
3582,2024-02-05,MA,811,560.26,USD,ATM,REVERSED
3583,2024-01-22,BE,827,4964.06,EUR,MOBILE,POSTED
3584,2024-02-28,US,313,1225.15,EUR,ONLINE,POSTED
3585,2024-02-08,US,877,3932.81,EUR,ONLINE,PENDING
3586,2024-01-19,DE,663,1987.16,EUR,BRANCH,POSTED
3587,2024-01-28,PT,276,3776.89,EUR,ATM,REVERSED
3588,2024-02-04,US,759,4116.64,USD,ONLINE,PENDING
3589,2024-03-19,FR,213,3372.34,USD,BRANCH,PENDING
3590,2024-01-13,IT,945,653.62,USD,ATM,REVERSED
3591,2024-02-29,PT,837,1501.24,GBP,ATM,REVERSED
3592,2024-01-18,US,970,1725.39,GBP,BRANCH,REVERSED
3593,2024-03-10,UK,114,1911.94,EUR,ATM,POSTED
3594,2024-03-14,DE,327,4775.46,GBP,ATM,POSTED
3595,2024-02-25,BE,901,2023.61,GBP,BRANCH,REVERSED
3596,2024-03-18,BE,906,2068.71,USD,MOBILE,REVERSED
3597,2024-03-27,MA,129,1070.26,USD,ATM,POSTED
3598,2024-03-05,BE,275,1560.5,USD,ATM,REVERSED
3599,2024-01-30,NL,840,3287.09,EUR,ATM,REVERSED
3600,2024-01-05,NL,298,3098.94,GBP,ONLINE,POSTED
3601,2024-02-25,US,44,252.71,GBP,ONLINE,PENDING
3602,2024-03-18,ES,853,987.71,USD,ONLINE,PENDING
3603,2024-03-10,US,522,2185.79,USD,ATM,REVERSED
3604,2024-01-21,DE,229,2870.85,GBP,MOBILE,PENDING
3605,2024-02-05,MA,191,741.02,EUR,ONLINE,POSTED
3606,2024-01-22,IT,761,3634.54,GBP,ONLINE,POSTED
3607,2024-02-15,UK,1,4393.37,EUR,ATM,POSTED
3608,2024-01-03,FR,561,2595.47,EUR,BRANCH,REVERSED
3609,2024-02-21,NL,245,2969.12,GBP,ATM,POSTED
3610,2024-03-07,BE,585,3840.82,GBP,ATM,POSTED
3611,2024-02-02,DE,415,3991.81,EUR,ATM,PENDING
3612,2024-03-13,ES,840,1176.25,GBP,MOBILE,POSTED
3613,2024-02-28,PT,689,2660.13,GBP,MOBILE,REVERSED
3614,2024-03-20,FR,397,45.52,GBP,BRANCH,PENDING
3615,2024-03-10,DE,965,4272.99,GBP,MOBILE,PENDING
3616,2024-02-03,MA,250,204.11,EUR,BRANCH,REVERSED
3617,2024-01-29,IT,444,594.58,EUR,ONLINE,PENDING
3618,2024-01-11,DE,535,4412.02,USD,ATM,REVERSED
3619,2024-03-18,BE,661,1847.53,USD,BRANCH,REVERSED
3620,2024-01-19,PT,985,4024.47,EUR,ATM,POSTED
3621,2024-03-22,US,824,4239.47,EUR,ATM,PENDING
3622,2024-01-27,UK,780,1196.63,USD,MOBILE,POSTED
3623,2024-02-27,UK,384,4717.3,GBP,BRANCH,PENDING
3624,2024-03-15,US,883,2022.71,USD,ONLINE,REVERSED
3625,2024-01-07,DE,59,2753.13,USD,ATM,POSTED
3626,2024-03-10,DE,705,2535.47,EUR,ONLINE,REVERSED
3627,2024-02-27,PT,944,3835.52,EUR,ONLINE,PENDING
3628,2024-01-19,FR,543,1733.91,EUR,MOBILE,PENDING
3629,2024-03-29,UK,926,680.58,EUR,BRANCH,REVERSED
3630,2024-01-25,MA,319,799.69,EUR,BRANCH,PENDING
3631,2024-01-03,FR,301,436.86,GBP,ATM,REVERSED
3632,2024-01-18,BE,718,1660.75,GBP,ATM,REVERSED
3633,2024-02-23,DE,643,884.27,GBP,BRANCH,PENDING
3634,2024-03-13,FR,293,3328.13,USD,ATM,POSTED
3635,2024-01-08,NL,616,865.29,EUR,BRANCH,PENDING
3636,2024-02-22,FR,55,427.18,GBP,ONLINE,REVERSED
3637,2024-01-19,NL,88,149.09,GBP,ONLINE,POSTED
3638,2024-01-17,PT,752,4951.04,GBP,MOBILE,POSTED
3639,2024-02-14,DE,128,147.8,USD,BRANCH,POSTED
3640,2024-03-04,MA,445,3757.4,EUR,BRANCH,PENDING
3641,2024-02-18,FR,993,4376.72,GBP,ONLINE,POSTED
3642,2024-02-26,MA,224,4260.8,USD,MOBILE,POSTED
3643,2024-01-14,PT,90,1665.15,EUR,BRANCH,PENDING
3644,2024-03-21,IT,987,3659.71,USD,ONLINE,PENDING
3645,2024-01-31,UK,571,4805.55,EUR,MOBILE,PENDING
3646,2024-03-09,ES,167,4701.07,EUR,ONLINE,PENDING
3647,2024-03-26,ES,403,2265.86,EUR,MOBILE,PENDING
3648,2024-02-19,UK,954,3494.25,USD,ONLINE,POSTED
3649,2024-02-05,DE,979,4633.06,USD,MOBILE,REVERSED
3650,2024-02-26,BE,876,4221.7,GBP,BRANCH,PENDING
3651,2024-02-29,DE,678,799.06,EUR,ONLINE,PENDING
3652,2024-01-02,FR,422,4874.86,EUR,BRANCH,REVERSED
3653,2024-03-13,NL,308,4867.8,EUR,ONLINE,PENDING
3654,2024-02-04,IT,314,269.18,GBP,MOBILE,REVERSED
3655,2024-02-18,BE,156,4737.42,EUR,ATM,PENDING
3656,2024-03-22,MA,863,1264.64,GBP,BRANCH,POSTED
3657,2024-02-15,US,588,3928.49,EUR,MOBILE,REVERSED
3658,2024-03-29,US,820,1415.99,EUR,ATM,POSTED
3659,2024-03-26,PT,504,3870.78,GBP,ATM,REVERSED
3660,2024-01-19,NL,255,13.6,GBP,MOBILE,POSTED
3661,2024-02-09,IT,345,3386.16,USD,ONLINE,REVERSED
3662,2024-01-09,BE,529,1386.86,USD,ATM,PENDING
3663,2024-02-21,US,886,3870.88,USD,ATM,POSTED
3664,2024-01-06,ES,93,805.83,USD,BRANCH,POSTED
3665,2024-03-25,US,84,4010.93,EUR,ONLINE,POSTED
3666,2024-01-16,MA,52,1555.47,GBP,MOBILE,POSTED
3667,2024-01-31,NL,145,503.3,GBP,MOBILE,POSTED
3668,2024-01-08,IT,167,313.35,GBP,ONLINE,POSTED
3669,2024-03-17,NL,563,4140.53,GBP,ATM,POSTED
3670,2024-01-12,US,33,4691.85,EUR,BRANCH,PENDING
3671,2024-01-15,IT,109,3751.31,USD,ATM,REVERSED
3672,2024-02-29,BE,424,228.89,GBP,ATM,REVERSED
3673,2024-02-19,ES,778,4938.49,USD,ATM,REVERSED
3674,2024-03-05,US,100,2909.59,USD,MOBILE,REVERSED
3675,2024-02-12,UK,943,48.12,EUR,ATM,POSTED
3676,2024-02-26,UK,228,1689.15,EUR,ATM,POSTED
3677,2024-03-01,ES,571,2642.89,USD,ATM,PENDING
3678,2024-01-18,NL,613,3802.5,GBP,ONLINE,PENDING
3679,2024-01-15,MA,108,2134.33,GBP,ATM,REVERSED
3680,2024-03-01,ES,132,4468.89,GBP,MOBILE,PENDING
3681,2024-03-02,NL,793,603.95,EUR,MOBILE,PENDING
3682,2024-01-30,FR,458,4391.65,GBP,ATM,POSTED
3683,2024-01-24,US,560,75.61,GBP,BRANCH,PENDING
3684,2024-02-29,BE,32,74.64,GBP,BRANCH,REVERSED
3685,2024-02-07,IT,817,3840.39,EUR,MOBILE,POSTED
3686,2024-01-21,DE,400,2925.82,USD,MOBILE,REVERSED
3687,2024-02-15,NL,265,1992.66,USD,ATM,PENDING
3688,2024-02-26,UK,67,2185.22,GBP,ATM,POSTED
3689,2024-03-14,UK,713,3743.09,EUR,ATM,PENDING
3690,2024-01-08,DE,858,2033.45,USD,ONLINE,PENDING
3691,2024-01-10,FR,491,4638.79,EUR,ONLINE,PENDING
3692,2024-01-06,BE,785,1290.88,EUR,BRANCH,POSTED
3693,2024-03-30,DE,634,2691.43,EUR,ONLINE,PENDING
3694,2024-03-10,US,515,330.73,EUR,ATM,PENDING
3695,2024-01-14,MA,615,4047.04,EUR,ATM,PENDING
3696,2024-01-30,FR,150,505.57,EUR,MOBILE,PENDING
3697,2024-02-16,BE,397,3491.73,USD,ONLINE,POSTED
3698,2024-03-26,PT,883,1650.64,USD,ATM,POSTED
3699,2024-01-01,UK,17,4101.11,USD,MOBILE,PENDING
3700,2024-02-03,ES,502,2528.32,GBP,MOBILE,POSTED
3701,2024-02-10,NL,252,2759.5,USD,ATM,POSTED
3702,2024-03-10,DE,927,2245.75,USD,BRANCH,POSTED
3703,2024-01-18,IT,606,1861.21,GBP,MOBILE,REVERSED
3704,2024-01-13,UK,370,1298.73,USD,ATM,REVERSED
3705,2024-03-17,NL,164,1136.19,USD,ATM,POSTED
3706,2024-02-07,US,445,3792.13,USD,BRANCH,PENDING
3707,2024-02-29,NL,144,184.36,EUR,MOBILE,POSTED
3708,2024-01-04,NL,208,306.67,GBP,MOBILE,POSTED
3709,2024-02-16,MA,824,1318.61,GBP,MOBILE,REVERSED
3710,2024-03-23,IT,492,3323.23,EUR,ONLINE,POSTED
3711,2024-03-03,UK,314,4893.52,GBP,ATM,POSTED
3712,2024-02-26,US,841,365.41,USD,BRANCH,REVERSED
3713,2024-02-28,ES,392,250.0,GBP,ONLINE,PENDING
3714,2024-02-03,MA,701,2640.86,EUR,MOBILE,POSTED
3715,2024-03-12,BE,853,1501.99,EUR,MOBILE,PENDING
3716,2024-02-24,US,139,52.42,GBP,MOBILE,REVERSED
3717,2024-01-27,ES,489,4728.03,GBP,ONLINE,PENDING
3718,2024-01-27,BE,990,4604.31,USD,MOBILE,REVERSED
3719,2024-01-18,UK,618,627.78,GBP,MOBILE,REVERSED
3720,2024-03-05,NL,621,261.54,GBP,ATM,PENDING
3721,2024-03-07,BE,402,2957.02,EUR,ONLINE,POSTED
3722,2024-03-29,UK,798,1853.21,EUR,BRANCH,POSTED
3723,2024-02-14,FR,703,2624.61,GBP,ONLINE,PENDING
3724,2024-01-26,PT,428,3711.28,USD,MOBILE,PENDING
3725,2024-02-02,FR,321,960.07,GBP,BRANCH,PENDING
3726,2024-02-27,FR,754,2368.98,GBP,MOBILE,PENDING
3727,2024-02-13,UK,260,794.77,EUR,ATM,POSTED
3728,2024-03-08,US,150,4225.55,USD,ONLINE,PENDING
3729,2024-01-17,NL,746,1032.0,EUR,ONLINE,POSTED
3730,2024-03-23,ES,493,517.33,EUR,MOBILE,PENDING
3731,2024-03-24,NL,436,3034.13,USD,ATM,PENDING
3732,2024-01-22,FR,798,1473.35,GBP,BRANCH,POSTED
3733,2024-02-06,US,857,2762.88,GBP,ONLINE,POSTED
3734,2024-02-17,ES,962,518.72,USD,ATM,POSTED
3735,2024-03-15,ES,191,148.91,EUR,MOBILE,REVERSED
3736,2024-03-11,FR,97,4984.42,USD,ONLINE,REVERSED
3737,2024-02-20,US,507,4144.3,EUR,MOBILE,REVERSED
3738,2024-01-04,DE,461,2323.3,EUR,ONLINE,POSTED
3739,2024-02-21,IT,456,4435.58,EUR,BRANCH,REVERSED
3740,2024-01-02,FR,298,2916.93,EUR,ONLINE,PENDING
3741,2024-02-28,ES,259,4584.18,USD,ONLINE,POSTED
3742,2024-02-26,ES,576,1393.91,USD,MOBILE,POSTED
3743,2024-03-12,FR,552,1112.24,GBP,ATM,REVERSED
3744,2024-02-20,UK,266,305.27,USD,BRANCH,POSTED
3745,2024-03-30,PT,224,3691.06,EUR,ONLINE,PENDING
3746,2024-03-30,ES,776,2466.79,GBP,ATM,POSTED
3747,2024-03-14,DE,841,1938.7,USD,ATM,PENDING
3748,2024-03-13,MA,60,628.07,USD,MOBILE,PENDING
3749,2024-02-20,UK,843,859.06,EUR,BRANCH,PENDING
3750,2024-01-27,PT,500,1324.61,GBP,BRANCH,POSTED
3751,2024-02-27,FR,517,4295.95,USD,BRANCH,POSTED
3752,2024-02-23,NL,372,3767.93,EUR,ONLINE,POSTED
3753,2024-03-10,FR,681,3574.63,EUR,ONLINE,REVERSED
3754,2024-01-06,ES,190,3858.46,USD,BRANCH,POSTED
3755,2024-03-20,FR,286,1295.98,GBP,ATM,REVERSED
3756,2024-01-29,ES,920,785.23,EUR,ONLINE,POSTED
3757,2024-01-23,FR,980,839.7,USD,ATM,POSTED
3758,2024-01-20,UK,927,3260.23,USD,BRANCH,POSTED
3759,2024-01-15,PT,905,3647.2,USD,BRANCH,PENDING
3760,2024-03-28,FR,231,4276.73,GBP,BRANCH,REVERSED
3761,2024-01-27,PT,198,3775.51,EUR,ONLINE,POSTED
3762,2024-02-07,IT,403,4595.76,GBP,MOBILE,POSTED
3763,2024-01-01,BE,27,1734.75,GBP,ONLINE,POSTED
3764,2024-01-17,US,770,1351.84,EUR,ATM,PENDING
3765,2024-02-12,PT,402,1565.97,GBP,ONLINE,POSTED
3766,2024-01-16,ES,248,4834.94,USD,ONLINE,POSTED
3767,2024-03-02,NL,316,2940.4,USD,ONLINE,POSTED
3768,2024-01-02,MA,186,2976.89,USD,ATM,REVERSED
3769,2024-01-27,NL,350,3111.05,EUR,ONLINE,POSTED
3770,2024-02-20,NL,77,3515.25,EUR,MOBILE,PENDING
3771,2024-01-30,MA,131,4720.83,USD,MOBILE,PENDING
3772,2024-01-20,BE,644,4589.13,USD,MOBILE,POSTED
3773,2024-01-19,FR,911,3104.43,EUR,MOBILE,POSTED
3774,2024-01-04,FR,584,2965.86,GBP,BRANCH,PENDING
3775,2024-01-18,US,62,956.07,GBP,ATM,POSTED
3776,2024-02-15,IT,880,1659.99,EUR,BRANCH,POSTED
3777,2024-02-04,IT,737,3859.69,EUR,ATM,PENDING
3778,2024-01-31,FR,529,4256.91,USD,MOBILE,REVERSED
3779,2024-01-18,US,477,3027.72,EUR,BRANCH,REVERSED
3780,2024-02-02,ES,157,4853.77,GBP,ONLINE,REVERSED
3781,2024-02-02,UK,717,4658.92,EUR,ONLINE,REVERSED
3782,2024-01-01,US,790,2714.11,USD,ATM,PENDING
3783,2024-03-04,MA,849,2873.33,EUR,ONLINE,POSTED
3784,2024-03-16,PT,571,2150.56,EUR,BRANCH,REVERSED
3785,2024-01-08,ES,348,2336.88,GBP,BRANCH,PENDING
3786,2024-02-05,FR,904,2599.31,GBP,BRANCH,REVERSED
3787,2024-03-08,BE,196,4147.88,GBP,ONLINE,PENDING
3788,2024-03-30,MA,727,3968.88,EUR,MOBILE,POSTED
3789,2024-01-03,BE,272,1990.1,EUR,ONLINE,PENDING
3790,2024-02-09,IT,882,3900.92,USD,BRANCH,POSTED
3791,2024-03-15,MA,172,2777.69,EUR,ONLINE,PENDING
3792,2024-01-02,DE,546,917.57,GBP,MOBILE,POSTED
3793,2024-02-08,NL,176,2762.8,EUR,BRANCH,POSTED
3794,2024-03-23,FR,92,4255.56,EUR,ONLINE,POSTED
3795,2024-02-05,DE,294,2849.09,EUR,ATM,POSTED
3796,2024-03-18,MA,403,852.03,GBP,MOBILE,POSTED
3797,2024-01-18,MA,408,2.23,USD,ATM,REVERSED
3798,2024-02-16,MA,198,926.37,USD,BRANCH,REVERSED
3799,2024-01-06,FR,734,1158.77,EUR,ATM,REVERSED
3800,2024-01-11,PT,224,1228.81,EUR,ONLINE,POSTED
3801,2024-01-21,US,856,2318.94,EUR,ONLINE,PENDING
3802,2024-01-01,FR,429,4825.49,GBP,ONLINE,PENDING
3803,2024-03-03,FR,328,2000.47,USD,ATM,REVERSED
3804,2024-02-23,FR,485,4878.11,EUR,MOBILE,PENDING
3805,2024-01-28,BE,730,4697.03,EUR,ATM,REVERSED
3806,2024-02-11,IT,474,868.15,USD,MOBILE,POSTED
3807,2024-02-26,MA,674,733.92,EUR,ATM,POSTED
3808,2024-01-26,MA,117,63.14,GBP,BRANCH,PENDING
3809,2024-01-12,MA,306,686.95,EUR,ATM,PENDING
3810,2024-02-14,US,921,4085.82,EUR,ONLINE,PENDING
3811,2024-01-23,NL,481,3292.8,USD,BRANCH,PENDING
3812,2024-02-23,FR,432,4293.41,EUR,BRANCH,REVERSED
3813,2024-02-07,ES,638,4873.42,USD,MOBILE,POSTED
3814,2024-03-01,UK,878,1701.56,GBP,MOBILE,POSTED
3815,2024-01-12,NL,634,3077.86,EUR,ONLINE,PENDING
3816,2024-03-30,ES,42,4411.14,USD,ONLINE,PENDING
3817,2024-02-09,US,790,1337.33,USD,ONLINE,POSTED
3818,2024-02-04,UK,438,3904.74,EUR,MOBILE,REVERSED
3819,2024-02-02,NL,583,3804.52,EUR,ONLINE,PENDING
3820,2024-02-07,BE,378,3727.04,USD,ONLINE,PENDING
3821,2024-03-12,PT,42,1405.09,USD,ONLINE,POSTED
3822,2024-03-07,MA,751,3530.78,EUR,ATM,POSTED
3823,2024-03-17,UK,232,2504.8,USD,BRANCH,PENDING
3824,2024-02-04,ES,93,1954.68,USD,ONLINE,PENDING
3825,2024-03-16,PT,16,4176.31,EUR,ONLINE,PENDING
3826,2024-03-09,DE,268,3360.14,EUR,BRANCH,PENDING
3827,2024-03-23,MA,754,470.22,EUR,MOBILE,REVERSED
3828,2024-03-07,US,282,1062.18,EUR,MOBILE,REVERSED
3829,2024-02-18,DE,555,3762.46,GBP,BRANCH,PENDING
3830,2024-02-02,MA,869,2337.3,GBP,MOBILE,POSTED
3831,2024-02-21,BE,946,4045.87,EUR,BRANCH,REVERSED
3832,2024-02-08,DE,531,1864.46,GBP,ATM,POSTED
3833,2024-01-20,NL,486,4622.59,EUR,ATM,POSTED
3834,2024-03-07,US,342,206.01,USD,MOBILE,POSTED
3835,2024-02-07,IT,372,2060.08,USD,ATM,PENDING
3836,2024-01-05,IT,722,1240.65,USD,MOBILE,REVERSED
3837,2024-03-06,IT,216,136.22,USD,MOBILE,REVERSED
3838,2024-01-28,FR,837,2023.35,GBP,ATM,REVERSED
3839,2024-01-18,ES,752,917.87,USD,MOBILE,REVERSED
3840,2024-03-23,US,794,407.33,EUR,MOBILE,REVERSED
3841,2024-03-23,BE,441,1646.16,GBP,BRANCH,REVERSED
3842,2024-03-17,FR,396,2354.17,EUR,MOBILE,POSTED
3843,2024-02-08,ES,713,2575.67,GBP,MOBILE,PENDING
3844,2024-01-04,UK,817,4971.29,USD,ATM,REVERSED
3845,2024-03-22,US,584,691.11,EUR,MOBILE,POSTED
3846,2024-02-03,BE,432,3825.21,EUR,MOBILE,REVERSED
3847,2024-02-26,FR,416,1954.38,EUR,ATM,POSTED
3848,2024-02-21,ES,591,4654.73,GBP,ATM,PENDING
3849,2024-01-25,PT,595,887.38,GBP,ATM,REVERSED
3850,2024-03-13,BE,952,799.53,EUR,ONLINE,PENDING
3851,2024-03-30,UK,988,4417.96,EUR,ONLINE,PENDING
3852,2024-01-12,NL,755,4572.19,EUR,MOBILE,PENDING
3853,2024-03-19,US,175,2026.72,USD,ONLINE,POSTED
3854,2024-01-27,PT,548,3435.13,GBP,ONLINE,POSTED
3855,2024-03-27,IT,980,1634.85,GBP,ATM,POSTED
3856,2024-02-06,UK,793,2828.34,USD,MOBILE,POSTED
3857,2024-02-18,PT,183,318.48,USD,MOBILE,POSTED
3858,2024-01-01,UK,264,4981.17,GBP,ONLINE,PENDING
3859,2024-01-30,BE,934,2563.64,USD,ONLINE,POSTED
3860,2024-03-30,ES,801,4357.95,GBP,ATM,PENDING
3861,2024-03-09,DE,424,2357.91,EUR,MOBILE,REVERSED
3862,2024-02-18,US,679,1109.75,EUR,BRANCH,REVERSED
3863,2024-03-08,PT,884,3778.27,EUR,ATM,PENDING
3864,2024-03-24,US,903,3862.22,GBP,ONLINE,REVERSED
3865,2024-03-06,DE,336,8.36,USD,ATM,POSTED
3866,2024-03-01,FR,959,2995.79,EUR,MOBILE,REVERSED
3867,2024-02-08,FR,456,4399.3,EUR,ATM,REVERSED
3868,2024-03-21,BE,32,2588.39,EUR,MOBILE,POSTED
3869,2024-02-21,ES,541,828.86,USD,ONLINE,REVERSED
3870,2024-02-07,US,862,2633.36,EUR,ATM,PENDING
3871,2024-01-19,BE,519,3299.2,USD,ONLINE,REVERSED
3872,2024-03-23,NL,646,1378.77,EUR,MOBILE,REVERSED
3873,2024-01-01,MA,959,2962.09,EUR,MOBILE,POSTED
3874,2024-01-22,NL,415,1960.17,EUR,ATM,REVERSED
3875,2024-01-18,FR,245,3124.88,USD,ATM,REVERSED
3876,2024-01-23,MA,199,3362.92,USD,BRANCH,PENDING
3877,2024-01-28,UK,822,2974.72,GBP,ONLINE,REVERSED
3878,2024-02-02,UK,534,3402.65,USD,ATM,POSTED
3879,2024-01-23,FR,753,3732.15,GBP,ONLINE,PENDING
3880,2024-01-21,UK,220,2039.7,EUR,ATM,POSTED
3881,2024-01-29,NL,372,1243.97,EUR,BRANCH,REVERSED
3882,2024-02-27,MA,842,4082.0,GBP,ATM,POSTED
3883,2024-03-19,MA,664,3805.46,EUR,ONLINE,PENDING
3884,2024-02-01,MA,325,665.66,GBP,BRANCH,POSTED
3885,2024-02-15,UK,227,3492.31,USD,BRANCH,REVERSED
3886,2024-01-11,BE,834,2198.64,USD,BRANCH,REVERSED
3887,2024-01-03,IT,894,2001.14,GBP,BRANCH,REVERSED
3888,2024-03-10,ES,121,1762.04,GBP,MOBILE,PENDING
3889,2024-02-01,BE,378,1382.95,GBP,MOBILE,PENDING
3890,2024-01-20,IT,983,636.74,USD,ATM,PENDING
3891,2024-02-21,NL,618,3877.54,GBP,MOBILE,PENDING
3892,2024-03-15,DE,132,1864.79,USD,MOBILE,REVERSED
3893,2024-01-23,ES,766,253.44,USD,ONLINE,REVERSED
3894,2024-03-08,MA,188,829.76,USD,ONLINE,POSTED
3895,2024-02-19,MA,407,364.28,USD,MOBILE,POSTED
3896,2024-01-25,UK,386,3051.75,GBP,ONLINE,REVERSED
3897,2024-03-18,BE,253,1077.47,GBP,MOBILE,PENDING
3898,2024-03-12,BE,475,3550.87,USD,ONLINE,PENDING
3899,2024-02-25,FR,308,607.97,USD,ONLINE,POSTED
3900,2024-03-07,US,916,3040.44,EUR,ATM,PENDING
3901,2024-01-26,PT,540,3730.43,GBP,ATM,POSTED
3902,2024-01-17,MA,10,147.63,EUR,BRANCH,PENDING
3903,2024-01-07,NL,952,1995.08,GBP,ATM,PENDING
3904,2024-03-24,IT,873,169.74,USD,ATM,POSTED
3905,2024-02-08,DE,17,1021.42,GBP,MOBILE,PENDING
3906,2024-01-20,BE,481,662.84,GBP,MOBILE,REVERSED
3907,2024-02-11,MA,304,799.68,GBP,ONLINE,PENDING
3908,2024-01-02,UK,635,4848.14,GBP,ONLINE,POSTED
3909,2024-03-07,ES,239,1684.83,EUR,ATM,REVERSED
3910,2024-03-03,MA,438,3043.55,EUR,BRANCH,REVERSED
3911,2024-03-20,MA,128,4576.95,GBP,ATM,REVERSED
3912,2024-02-17,MA,546,659.41,EUR,ATM,PENDING
3913,2024-03-25,UK,251,3140.11,EUR,MOBILE,REVERSED
3914,2024-02-22,MA,102,4682.3,USD,BRANCH,PENDING
3915,2024-01-20,US,869,4233.28,USD,ONLINE,PENDING
3916,2024-03-03,US,123,3554.4,USD,ONLINE,POSTED
3917,2024-03-25,IT,493,3302.72,USD,MOBILE,POSTED
3918,2024-01-02,FR,508,2451.47,EUR,ONLINE,POSTED
3919,2024-03-04,UK,63,1129.55,EUR,ONLINE,POSTED
3920,2024-01-19,UK,853,3110.45,GBP,ATM,REVERSED
3921,2024-01-26,BE,495,967.69,USD,ATM,POSTED
3922,2024-02-08,ES,829,1470.32,USD,BRANCH,PENDING
3923,2024-02-06,BE,623,1.43,USD,MOBILE,PENDING
3924,2024-01-04,NL,767,4793.89,USD,ONLINE,POSTED
3925,2024-02-10,DE,945,4843.43,EUR,MOBILE,PENDING
3926,2024-02-11,DE,796,3785.52,EUR,MOBILE,REVERSED
3927,2024-01-05,BE,873,3906.46,USD,ATM,PENDING
3928,2024-03-29,IT,984,3287.39,GBP,BRANCH,POSTED
3929,2024-02-04,UK,392,963.74,USD,ATM,REVERSED
3930,2024-01-10,BE,813,1770.73,EUR,BRANCH,PENDING
3931,2024-03-10,DE,746,3683.29,EUR,BRANCH,PENDING
3932,2024-02-03,US,735,4004.03,USD,BRANCH,POSTED
3933,2024-03-18,DE,943,1992.46,GBP,MOBILE,PENDING
3934,2024-01-01,FR,291,57.53,EUR,ATM,REVERSED
3935,2024-02-09,UK,914,1559.48,GBP,BRANCH,POSTED
3936,2024-02-01,PT,945,3942.52,GBP,ONLINE,POSTED
3937,2024-01-11,BE,24,3405.18,GBP,MOBILE,PENDING
3938,2024-01-21,FR,244,2569.19,GBP,MOBILE,REVERSED
3939,2024-02-05,FR,675,2224.64,GBP,ATM,POSTED
3940,2024-02-20,UK,161,3040.79,USD,ATM,PENDING
3941,2024-02-06,MA,726,3001.97,EUR,ONLINE,PENDING
3942,2024-02-23,ES,204,278.41,EUR,MOBILE,PENDING
3943,2024-02-03,FR,515,4539.51,EUR,MOBILE,PENDING
3944,2024-01-06,BE,737,4824.81,GBP,MOBILE,POSTED
3945,2024-03-17,ES,42,4895.26,GBP,ATM,REVERSED
3946,2024-03-30,PT,94,2704.72,GBP,BRANCH,POSTED
3947,2024-01-11,DE,204,3404.07,EUR,MOBILE,PENDING
3948,2024-01-13,DE,343,2686.03,GBP,BRANCH,REVERSED
3949,2024-01-07,UK,166,4001.91,EUR,ONLINE,REVERSED
3950,2024-01-16,DE,608,3281.33,EUR,BRANCH,PENDING
3951,2024-03-28,ES,150,91.43,EUR,MOBILE,REVERSED
3952,2024-01-01,NL,488,4759.91,USD,BRANCH,PENDING
3953,2024-03-02,FR,884,2659.58,GBP,ONLINE,REVERSED
3954,2024-01-26,DE,454,3753.82,USD,MOBILE,REVERSED
3955,2024-01-10,PT,586,1695.45,EUR,BRANCH,PENDING
3956,2024-03-03,MA,417,662.22,USD,ONLINE,POSTED
3957,2024-02-11,PT,384,4614.32,USD,ONLINE,POSTED
3958,2024-01-18,MA,75,3699.58,USD,ATM,POSTED
3959,2024-02-17,NL,832,2778.06,USD,ATM,POSTED
3960,2024-02-19,BE,410,243.05,EUR,MOBILE,POSTED
3961,2024-01-06,MA,405,1194.29,EUR,BRANCH,POSTED
3962,2024-01-17,BE,908,3205.71,GBP,MOBILE,PENDING
3963,2024-01-02,PT,558,2939.25,EUR,ONLINE,REVERSED
3964,2024-01-06,PT,121,4942.19,EUR,ONLINE,REVERSED
3965,2024-01-04,ES,373,677.14,GBP,BRANCH,PENDING
3966,2024-01-21,IT,785,4713.85,USD,MOBILE,REVERSED
3967,2024-03-17,UK,236,4287.48,GBP,ONLINE,PENDING
3968,2024-01-06,FR,638,3583.32,USD,ATM,POSTED
3969,2024-02-29,UK,939,4073.82,USD,BRANCH,REVERSED
3970,2024-02-11,US,830,1367.5,GBP,ONLINE,POSTED
3971,2024-02-10,US,765,2784.63,GBP,BRANCH,REVERSED
3972,2024-02-06,UK,230,2569.46,EUR,ATM,REVERSED
3973,2024-03-12,DE,735,2740.57,USD,BRANCH,REVERSED
3974,2024-02-14,BE,216,1417.68,USD,BRANCH,PENDING
3975,2024-02-21,ES,887,840.2,GBP,BRANCH,POSTED
3976,2024-01-16,NL,631,2475.71,USD,MOBILE,PENDING
3977,2024-01-02,IT,992,4058.28,EUR,MOBILE,POSTED
3978,2024-02-09,BE,433,153.39,EUR,BRANCH,PENDING
3979,2024-03-22,ES,775,2108.58,USD,ATM,POSTED
3980,2024-01-26,UK,818,4971.53,USD,BRANCH,POSTED
3981,2024-01-10,UK,977,996.04,EUR,ATM,PENDING
3982,2024-01-30,DE,433,2485.76,EUR,BRANCH,PENDING
3983,2024-01-07,UK,539,2200.75,EUR,BRANCH,POSTED
3984,2024-01-23,US,309,376.19,EUR,BRANCH,PENDING
3985,2024-02-26,PT,271,284.02,USD,BRANCH,REVERSED
3986,2024-02-16,IT,99,3400.37,USD,MOBILE,REVERSED
3987,2024-01-07,UK,740,2301.71,GBP,ATM,REVERSED
3988,2024-03-08,PT,544,1989.9,GBP,BRANCH,REVERSED
3989,2024-02-21,PT,219,2149.0,USD,ATM,REVERSED
3990,2024-01-31,IT,902,1612.02,GBP,MOBILE,PENDING
3991,2024-03-21,BE,471,1980.54,EUR,BRANCH,REVERSED
3992,2024-02-29,FR,790,929.49,EUR,MOBILE,PENDING
3993,2024-01-12,BE,271,1222.56,EUR,ATM,REVERSED
3994,2024-01-24,ES,26,3017.75,USD,MOBILE,POSTED
3995,2024-01-28,IT,870,4087.08,GBP,MOBILE,POSTED
3996,2024-03-28,ES,215,2828.05,USD,BRANCH,PENDING
3997,2024-01-06,ES,889,2803.79,EUR,BRANCH,POSTED
3998,2024-01-21,MA,957,4019.67,USD,MOBILE,REVERSED
3999,2024-03-16,ES,264,827.52,USD,ONLINE,REVERSED
4000,2024-01-21,IT,738,2675.05,USD,ONLINE,POSTED
4001,2024-01-18,IT,702,912.62,GBP,ATM,PENDING
4002,2024-03-29,FR,66,2116.98,EUR,ONLINE,POSTED
4003,2024-03-07,US,300,692.36,USD,MOBILE,REVERSED
4004,2024-01-10,PT,605,2626.83,GBP,ATM,REVERSED
4005,2024-03-02,UK,839,1606.09,EUR,BRANCH,PENDING
4006,2024-03-29,UK,129,4483.6,EUR,MOBILE,PENDING
4007,2024-02-25,PT,706,3047.15,EUR,ONLINE,REVERSED
4008,2024-01-29,DE,30,19.9,USD,BRANCH,POSTED
4009,2024-01-28,ES,188,3867.51,USD,ONLINE,POSTED
4010,2024-03-04,NL,478,2334.84,EUR,ATM,PENDING
4011,2024-03-05,FR,977,1992.73,USD,MOBILE,POSTED
4012,2024-02-26,FR,212,2793.0,EUR,ONLINE,PENDING
4013,2024-01-05,UK,629,1566.65,GBP,BRANCH,POSTED
4014,2024-03-21,US,86,3639.9,EUR,MOBILE,REVERSED
4015,2024-02-08,FR,135,4489.14,USD,ATM,REVERSED
4016,2024-03-23,MA,484,3907.72,USD,ONLINE,PENDING
4017,2024-02-28,MA,141,1856.88,EUR,MOBILE,POSTED
4018,2024-01-02,FR,250,3533.24,EUR,BRANCH,REVERSED
4019,2024-02-21,US,968,2058.7,EUR,BRANCH,REVERSED
4020,2024-02-27,US,322,2975.47,GBP,ONLINE,POSTED
4021,2024-03-07,IT,601,3495.22,GBP,MOBILE,REVERSED
4022,2024-03-14,BE,725,1389.7,GBP,ATM,PENDING
4023,2024-03-17,BE,437,172.87,GBP,BRANCH,PENDING
4024,2024-01-02,US,611,3511.3,GBP,ONLINE,POSTED
4025,2024-02-23,MA,303,1083.17,EUR,ONLINE,REVERSED
4026,2024-02-02,MA,103,654.68,EUR,ATM,REVERSED
4027,2024-01-14,UK,630,1442.29,USD,ONLINE,PENDING
4028,2024-01-03,FR,716,367.1,GBP,MOBILE,PENDING
4029,2024-03-30,ES,140,4548.19,GBP,BRANCH,PENDING
4030,2024-02-08,ES,846,4447.63,GBP,ONLINE,PENDING
4031,2024-02-20,NL,764,2520.57,USD,ATM,REVERSED
4032,2024-03-05,BE,144,4545.06,EUR,ONLINE,PENDING
4033,2024-03-08,BE,664,2415.91,USD,BRANCH,POSTED
4034,2024-02-19,BE,50,1922.71,EUR,ONLINE,REVERSED
4035,2024-02-02,PT,657,1851.02,USD,MOBILE,REVERSED
4036,2024-03-14,PT,549,4862.36,USD,MOBILE,POSTED
4037,2024-03-27,UK,527,2142.48,USD,BRANCH,REVERSED
4038,2024-02-19,IT,904,3391.68,EUR,ATM,REVERSED
4039,2024-02-26,ES,206,1975.46,EUR,ATM,REVERSED
4040,2024-01-08,PT,901,704.4,EUR,MOBILE,PENDING
4041,2024-01-17,FR,101,2094.05,USD,BRANCH,REVERSED
4042,2024-02-27,BE,416,4755.47,USD,MOBILE,REVERSED
4043,2024-03-07,MA,330,1639.56,USD,MOBILE,PENDING
4044,2024-01-13,ES,260,2351.83,USD,ATM,POSTED
4045,2024-01-07,MA,536,2232.61,GBP,MOBILE,REVERSED
4046,2024-01-17,US,699,288.39,EUR,MOBILE,PENDING
4047,2024-02-15,US,332,533.45,EUR,BRANCH,PENDING
4048,2024-02-03,DE,788,2561.95,GBP,MOBILE,PENDING
4049,2024-01-01,ES,820,4240.3,EUR,ONLINE,REVERSED
4050,2024-02-22,BE,436,85.93,EUR,BRANCH,PENDING
4051,2024-01-06,DE,463,100.38,EUR,MOBILE,POSTED
4052,2024-01-06,PT,305,4049.64,USD,ONLINE,POSTED
4053,2024-03-06,MA,62,867.62,GBP,BRANCH,REVERSED
4054,2024-01-07,BE,626,3679.69,EUR,ATM,REVERSED
4055,2024-02-05,DE,217,1346.3,GBP,ATM,REVERSED
4056,2024-02-25,DE,843,3037.4,GBP,MOBILE,REVERSED
4057,2024-03-03,ES,860,1364.41,EUR,BRANCH,POSTED
4058,2024-01-27,UK,398,3047.36,GBP,ATM,PENDING
4059,2024-02-10,FR,475,1024.02,USD,MOBILE,PENDING
4060,2024-03-06,FR,586,1610.02,GBP,ONLINE,REVERSED
4061,2024-02-02,FR,909,1684.58,GBP,ATM,POSTED
4062,2024-03-25,MA,1,843.76,GBP,BRANCH,PENDING
4063,2024-01-19,FR,820,1167.11,EUR,BRANCH,REVERSED
4064,2024-03-17,ES,340,2603.4,GBP,ATM,PENDING
4065,2024-01-25,US,157,205.3,EUR,MOBILE,REVERSED
4066,2024-02-28,NL,292,2663.42,USD,BRANCH,REVERSED
4067,2024-02-16,DE,672,1544.5,GBP,MOBILE,REVERSED
4068,2024-02-04,BE,738,795.68,EUR,ONLINE,REVERSED
4069,2024-02-10,BE,894,1982.76,GBP,BRANCH,POSTED
4070,2024-03-14,MA,162,1224.22,EUR,ONLINE,PENDING
4071,2024-01-04,UK,739,2743.63,GBP,BRANCH,POSTED
4072,2024-02-28,MA,858,2403.35,GBP,ONLINE,POSTED
4073,2024-02-26,IT,716,13.44,USD,ONLINE,REVERSED
4074,2024-01-28,DE,380,462.27,GBP,ATM,PENDING
4075,2024-03-10,BE,153,1475.21,EUR,MOBILE,PENDING
4076,2024-02-13,PT,319,2072.18,GBP,ATM,PENDING
4077,2024-01-20,IT,136,2301.38,EUR,ONLINE,REVERSED
4078,2024-03-01,DE,461,3123.74,GBP,ATM,POSTED
4079,2024-01-22,IT,482,3396.87,GBP,ATM,POSTED
4080,2024-02-24,UK,843,1364.39,GBP,MOBILE,POSTED
4081,2024-03-26,BE,287,4049.79,USD,BRANCH,REVERSED
4082,2024-02-03,DE,642,3955.52,USD,MOBILE,PENDING
4083,2024-02-10,IT,607,2624.63,GBP,ATM,PENDING
4084,2024-01-27,NL,526,332.48,GBP,ATM,PENDING
4085,2024-03-04,PT,59,2789.57,USD,BRANCH,REVERSED
4086,2024-03-18,MA,171,2025.53,GBP,ONLINE,REVERSED
4087,2024-02-03,BE,524,2217.03,EUR,ATM,POSTED
4088,2024-01-03,NL,408,397.29,EUR,MOBILE,REVERSED
4089,2024-01-14,ES,117,4678.34,GBP,ATM,REVERSED
4090,2024-02-12,DE,560,4392.59,GBP,ATM,POSTED
4091,2024-03-13,BE,535,3218.23,GBP,ATM,REVERSED
4092,2024-01-18,FR,664,4137.77,EUR,MOBILE,PENDING
4093,2024-03-17,FR,894,592.99,USD,ONLINE,POSTED
4094,2024-03-02,ES,603,2774.63,USD,ONLINE,POSTED
4095,2024-02-05,BE,678,4648.55,USD,BRANCH,REVERSED
4096,2024-02-28,FR,248,3569.53,EUR,MOBILE,PENDING
4097,2024-02-11,NL,523,3071.3,GBP,ONLINE,POSTED
4098,2024-02-13,UK,707,2231.01,USD,MOBILE,POSTED
4099,2024-01-13,ES,860,4027.16,EUR,ATM,PENDING
4100,2024-02-12,UK,647,214.5,USD,MOBILE,REVERSED
4101,2024-01-05,UK,130,3218.89,GBP,MOBILE,REVERSED
4102,2024-03-18,IT,528,1369.97,USD,BRANCH,POSTED
4103,2024-02-09,UK,521,2687.44,EUR,ATM,PENDING
4104,2024-01-09,US,909,2417.5,EUR,ATM,POSTED
4105,2024-01-30,UK,871,247.05,USD,MOBILE,POSTED
4106,2024-02-11,MA,838,4672.03,GBP,ATM,REVERSED
4107,2024-01-05,PT,654,2190.12,USD,MOBILE,REVERSED
4108,2024-01-07,ES,237,3194.41,USD,BRANCH,PENDING
4109,2024-02-24,BE,298,1317.76,USD,BRANCH,POSTED
4110,2024-01-30,MA,743,4281.27,USD,ATM,POSTED
4111,2024-02-25,IT,960,674.43,USD,MOBILE,POSTED
4112,2024-03-04,BE,677,1042.35,EUR,BRANCH,REVERSED
4113,2024-03-04,UK,463,3532.39,EUR,ONLINE,REVERSED
4114,2024-02-26,IT,106,2545.71,GBP,ONLINE,REVERSED
4115,2024-01-05,ES,578,4149.5,USD,BRANCH,REVERSED
4116,2024-03-25,US,657,819.22,EUR,ONLINE,POSTED
4117,2024-02-08,DE,384,4272.83,GBP,BRANCH,POSTED
4118,2024-03-11,UK,641,3694.59,GBP,ONLINE,REVERSED
4119,2024-02-25,MA,24,4733.72,EUR,BRANCH,PENDING
4120,2024-02-19,NL,726,1273.79,EUR,ATM,PENDING
4121,2024-03-21,PT,365,2724.3,GBP,ATM,REVERSED
4122,2024-03-03,US,758,4659.52,GBP,ATM,PENDING
4123,2024-01-09,NL,3,1684.01,EUR,ONLINE,POSTED
4124,2024-03-06,DE,414,2823.16,EUR,BRANCH,POSTED
4125,2024-01-30,US,857,1368.01,USD,MOBILE,REVERSED
4126,2024-01-08,PT,261,4086.67,EUR,MOBILE,PENDING
4127,2024-02-06,FR,753,4981.12,GBP,ONLINE,REVERSED
4128,2024-02-21,US,680,3184.97,EUR,ONLINE,POSTED
4129,2024-01-20,MA,984,4263.85,USD,ATM,REVERSED
4130,2024-03-23,PT,393,3535.69,EUR,ATM,REVERSED
4131,2024-01-25,MA,386,2262.65,EUR,MOBILE,PENDING
4132,2024-02-22,MA,975,390.72,EUR,BRANCH,REVERSED
4133,2024-02-20,IT,284,870.31,EUR,ONLINE,POSTED
4134,2024-01-18,IT,275,3068.98,GBP,ATM,POSTED
4135,2024-01-27,NL,995,2117.46,EUR,MOBILE,PENDING
4136,2024-02-15,PT,758,81.71,USD,MOBILE,REVERSED
4137,2024-01-10,UK,153,3178.69,USD,MOBILE,POSTED
4138,2024-02-05,US,27,3084.29,EUR,ONLINE,PENDING
4139,2024-01-09,NL,311,4257.48,USD,MOBILE,PENDING
4140,2024-01-18,MA,833,263.68,GBP,MOBILE,POSTED
4141,2024-03-03,ES,388,1091.71,GBP,BRANCH,REVERSED
4142,2024-03-23,MA,915,3062.09,USD,BRANCH,REVERSED
4143,2024-01-21,ES,497,3426.86,USD,BRANCH,POSTED
4144,2024-02-08,PT,46,132.6,GBP,BRANCH,POSTED
4145,2024-01-23,UK,351,318.67,GBP,ONLINE,PENDING
4146,2024-02-06,US,896,2747.08,USD,ONLINE,POSTED
4147,2024-03-09,BE,234,2863.74,USD,MOBILE,POSTED
4148,2024-01-30,DE,258,4625.83,USD,MOBILE,REVERSED
4149,2024-03-30,DE,382,3433.5,USD,ONLINE,POSTED
4150,2024-02-15,DE,117,1304.31,GBP,MOBILE,REVERSED
4151,2024-03-07,NL,603,4119.67,EUR,ATM,POSTED
4152,2024-03-29,FR,296,70.81,USD,BRANCH,POSTED
4153,2024-02-26,NL,666,2177.8,EUR,ONLINE,POSTED
4154,2024-03-30,BE,823,1870.51,EUR,ATM,POSTED
4155,2024-03-30,BE,491,4825.18,EUR,BRANCH,POSTED
4156,2024-03-15,DE,332,461.4,EUR,BRANCH,POSTED
4157,2024-02-25,NL,547,2063.35,GBP,ATM,POSTED
4158,2024-03-03,BE,79,2744.41,EUR,ATM,REVERSED
4159,2024-03-26,MA,646,2623.0,USD,BRANCH,POSTED
4160,2024-02-12,NL,859,265.34,GBP,ATM,POSTED
4161,2024-02-24,PT,672,990.42,GBP,ATM,PENDING
4162,2024-02-03,ES,723,3715.49,EUR,MOBILE,POSTED
4163,2024-01-07,ES,199,272.09,GBP,MOBILE,PENDING
4164,2024-03-23,UK,931,3477.18,GBP,BRANCH,POSTED
4165,2024-01-22,US,758,478.79,USD,ONLINE,POSTED
4166,2024-02-21,MA,491,184.3,USD,ATM,PENDING
4167,2024-02-10,PT,579,709.2,EUR,MOBILE,PENDING
4168,2024-02-01,IT,869,3701.2,EUR,ONLINE,POSTED
4169,2024-01-18,US,38,158.5,USD,ONLINE,REVERSED
4170,2024-01-17,ES,680,881.33,USD,MOBILE,POSTED
4171,2024-03-24,FR,97,4804.44,GBP,ATM,POSTED
4172,2024-01-15,IT,262,2671.39,EUR,ONLINE,REVERSED
4173,2024-01-13,IT,233,3209.07,USD,ONLINE,REVERSED
4174,2024-02-18,DE,815,1074.17,EUR,BRANCH,PENDING
4175,2024-02-22,US,341,632.08,USD,ONLINE,REVERSED
4176,2024-02-21,US,791,4020.98,GBP,MOBILE,PENDING
4177,2024-01-01,ES,270,2918.67,USD,MOBILE,POSTED
4178,2024-02-04,ES,763,273.49,GBP,BRANCH,POSTED
4179,2024-02-25,NL,651,3350.43,GBP,ONLINE,PENDING
4180,2024-03-25,PT,563,3185.24,USD,ONLINE,REVERSED
4181,2024-03-01,IT,364,2024.42,EUR,BRANCH,REVERSED
4182,2024-01-23,MA,982,2022.02,USD,ATM,PENDING
4183,2024-03-03,MA,983,789.37,EUR,ATM,REVERSED
4184,2024-02-23,MA,307,527.03,USD,BRANCH,POSTED
4185,2024-02-01,MA,869,2908.44,USD,ONLINE,PENDING
4186,2024-02-26,US,945,3823.66,USD,BRANCH,REVERSED
4187,2024-01-30,UK,213,2806.4,GBP,MOBILE,POSTED
4188,2024-03-22,PT,564,4441.24,GBP,ONLINE,POSTED
4189,2024-02-07,IT,898,4554.01,USD,MOBILE,REVERSED
4190,2024-01-20,US,105,1694.44,EUR,ONLINE,REVERSED
4191,2024-02-28,MA,973,983.38,GBP,ONLINE,PENDING
4192,2024-02-04,IT,962,3297.08,USD,BRANCH,REVERSED
4193,2024-02-24,IT,684,2889.18,USD,ATM,PENDING
4194,2024-03-09,ES,303,2827.97,GBP,ONLINE,REVERSED
4195,2024-03-18,BE,806,3286.71,USD,ATM,PENDING
4196,2024-01-29,BE,85,508.43,GBP,ONLINE,REVERSED
4197,2024-02-29,DE,29,1224.97,USD,ONLINE,PENDING
4198,2024-01-17,MA,60,2358.18,EUR,ATM,POSTED
4199,2024-02-05,BE,628,2118.64,USD,ATM,REVERSED
4200,2024-01-18,MA,749,1376.22,EUR,ATM,POSTED
4201,2024-01-16,US,407,3918.99,GBP,BRANCH,PENDING
4202,2024-02-20,ES,331,3212.58,EUR,ONLINE,PENDING
4203,2024-03-30,US,352,3753.51,EUR,ONLINE,REVERSED
4204,2024-01-14,NL,142,3740.51,GBP,BRANCH,POSTED
4205,2024-01-28,MA,840,2863.71,GBP,ATM,REVERSED
4206,2024-01-15,ES,657,2068.64,USD,BRANCH,REVERSED
4207,2024-02-28,DE,635,2050.58,GBP,ATM,PENDING
4208,2024-03-28,BE,229,1093.04,EUR,ATM,POSTED
4209,2024-01-14,MA,110,849.87,GBP,ATM,POSTED
4210,2024-02-21,IT,581,3008.56,GBP,ATM,POSTED
4211,2024-01-25,IT,237,1361.6,USD,ONLINE,PENDING
4212,2024-03-26,MA,853,2410.67,EUR,BRANCH,REVERSED
4213,2024-01-13,US,46,4127.8,GBP,BRANCH,POSTED
4214,2024-01-08,DE,885,2171.37,GBP,ONLINE,POSTED
4215,2024-01-10,US,930,2722.48,EUR,MOBILE,POSTED
4216,2024-02-06,PT,670,3552.18,GBP,ATM,POSTED
4217,2024-01-07,US,671,4494.89,EUR,ATM,POSTED
4218,2024-03-08,BE,850,4408.62,USD,ATM,PENDING
4219,2024-03-10,FR,765,4824.12,GBP,ATM,POSTED
4220,2024-02-07,ES,124,4773.91,EUR,BRANCH,REVERSED
4221,2024-02-12,US,566,1306.4,EUR,ATM,POSTED
4222,2024-02-10,IT,76,2127.91,GBP,MOBILE,REVERSED
4223,2024-03-26,DE,497,4186.83,GBP,ATM,POSTED
4224,2024-03-10,MA,60,400.11,USD,ATM,REVERSED
4225,2024-01-12,NL,118,1017.19,EUR,ATM,REVERSED
4226,2024-03-28,US,948,4238.13,EUR,ONLINE,PENDING
4227,2024-02-29,FR,165,4853.28,GBP,ATM,PENDING
4228,2024-01-12,DE,135,4202.07,USD,BRANCH,PENDING
4229,2024-01-18,NL,956,3486.3,GBP,ONLINE,PENDING
4230,2024-03-01,BE,377,2454.81,USD,MOBILE,POSTED
4231,2024-03-18,DE,244,2770.98,EUR,ATM,REVERSED
4232,2024-03-04,US,629,4853.16,GBP,MOBILE,POSTED
4233,2024-03-14,US,173,1248.27,EUR,ATM,PENDING
4234,2024-02-06,FR,77,3550.22,EUR,BRANCH,POSTED
4235,2024-02-12,FR,420,2984.46,USD,ONLINE,PENDING
4236,2024-01-09,MA,561,1267.1,USD,BRANCH,POSTED
4237,2024-02-11,ES,775,3280.28,GBP,BRANCH,POSTED
4238,2024-01-01,ES,648,1817.06,USD,ATM,REVERSED
4239,2024-02-29,PT,555,2986.46,GBP,BRANCH,REVERSED
4240,2024-03-08,UK,436,1952.74,USD,ONLINE,POSTED
4241,2024-01-04,UK,108,2954.64,GBP,BRANCH,PENDING
4242,2024-02-27,UK,961,3317.38,USD,ONLINE,PENDING
4243,2024-02-16,BE,303,4432.68,EUR,MOBILE,REVERSED
4244,2024-01-12,NL,159,1949.19,EUR,BRANCH,PENDING
4245,2024-02-16,FR,265,1914.53,EUR,MOBILE,POSTED
4246,2024-03-25,FR,84,1471.01,GBP,BRANCH,POSTED
4247,2024-01-29,FR,838,1890.99,GBP,MOBILE,POSTED
4248,2024-02-03,FR,806,3502.47,USD,ATM,POSTED
4249,2024-01-01,MA,418,2707.94,EUR,BRANCH,POSTED
4250,2024-03-03,ES,549,704.45,USD,MOBILE,POSTED
4251,2024-01-25,BE,737,557.49,USD,ONLINE,POSTED
4252,2024-01-30,ES,565,741.27,EUR,ONLINE,PENDING
4253,2024-01-02,BE,284,2355.74,EUR,ONLINE,PENDING
4254,2024-03-18,PT,609,1486.5,EUR,BRANCH,POSTED
4255,2024-01-05,BE,274,2262.4,EUR,ONLINE,PENDING
4256,2024-01-14,DE,958,1232.13,GBP,ATM,PENDING
4257,2024-01-25,UK,990,3899.06,USD,ONLINE,POSTED
4258,2024-03-23,BE,606,657.13,EUR,MOBILE,PENDING
4259,2024-01-16,UK,979,2447.39,EUR,MOBILE,REVERSED
4260,2024-01-31,FR,130,4633.24,EUR,ATM,POSTED
4261,2024-02-08,DE,636,1439.2,GBP,BRANCH,POSTED
4262,2024-02-08,DE,627,1665.25,EUR,ATM,REVERSED
4263,2024-02-03,US,480,2778.8,USD,BRANCH,REVERSED
4264,2024-03-21,ES,563,183.03,EUR,ONLINE,POSTED
4265,2024-02-19,IT,774,1722.42,GBP,ATM,REVERSED
4266,2024-01-30,NL,571,2926.33,EUR,ONLINE,POSTED
4267,2024-01-29,PT,742,4524.6,USD,BRANCH,POSTED
4268,2024-02-21,PT,589,69.69,USD,BRANCH,PENDING
4269,2024-03-04,UK,606,2861.25,GBP,ATM,REVERSED
4270,2024-02-05,ES,589,4474.07,EUR,MOBILE,REVERSED
4271,2024-02-25,PT,652,245.15,USD,BRANCH,POSTED
4272,2024-03-07,PT,820,2716.57,EUR,MOBILE,POSTED
4273,2024-01-07,MA,339,2102.47,EUR,ONLINE,PENDING
4274,2024-02-04,UK,454,4468.51,EUR,MOBILE,PENDING
4275,2024-01-19,NL,424,467.07,EUR,MOBILE,REVERSED
4276,2024-03-12,DE,306,2939.14,GBP,ATM,POSTED
4277,2024-02-15,IT,650,103.46,USD,ONLINE,PENDING
4278,2024-02-21,PT,628,804.48,GBP,MOBILE,PENDING
4279,2024-02-04,US,470,3869.59,USD,ONLINE,PENDING
4280,2024-01-02,BE,288,3376.89,EUR,ONLINE,PENDING
4281,2024-01-23,IT,308,2561.91,EUR,BRANCH,POSTED
4282,2024-02-28,ES,315,553.94,USD,BRANCH,POSTED
4283,2024-02-20,PT,110,1638.81,USD,BRANCH,PENDING
4284,2024-02-06,PT,950,144.94,EUR,MOBILE,REVERSED
4285,2024-02-18,FR,166,1388.47,USD,MOBILE,POSTED
4286,2024-01-31,IT,226,3286.14,GBP,BRANCH,REVERSED
4287,2024-03-17,US,367,907.23,EUR,ATM,PENDING
4288,2024-03-22,BE,943,4052.34,GBP,MOBILE,POSTED
4289,2024-01-06,US,20,4558.33,EUR,MOBILE,PENDING
4290,2024-01-24,PT,614,454.14,EUR,ATM,PENDING
4291,2024-02-07,ES,614,695.03,EUR,ATM,PENDING
4292,2024-01-12,MA,475,2708.33,EUR,ATM,PENDING
4293,2024-03-28,IT,604,881.29,USD,MOBILE,REVERSED
4294,2024-01-27,NL,879,4952.6,EUR,MOBILE,POSTED
4295,2024-01-17,UK,769,166.05,EUR,ATM,POSTED
4296,2024-03-16,ES,512,226.74,GBP,BRANCH,POSTED
4297,2024-01-24,ES,46,2090.52,GBP,ATM,POSTED
4298,2024-03-14,IT,658,1218.35,USD,ONLINE,PENDING
4299,2024-03-18,NL,86,3018.91,EUR,ATM,REVERSED
4300,2024-01-03,ES,725,2909.25,USD,MOBILE,POSTED
4301,2024-02-18,ES,188,4208.59,USD,BRANCH,REVERSED
4302,2024-03-04,DE,526,3700.07,USD,BRANCH,POSTED
4303,2024-02-27,PT,636,4059.67,EUR,ONLINE,POSTED
4304,2024-02-06,UK,744,4019.2,EUR,ONLINE,REVERSED
4305,2024-01-30,DE,985,1925.97,GBP,MOBILE,PENDING
4306,2024-03-09,DE,291,1658.16,USD,MOBILE,REVERSED
4307,2024-02-06,IT,454,65.23,GBP,ATM,REVERSED
4308,2024-02-07,UK,200,3388.72,GBP,ATM,POSTED
4309,2024-03-26,NL,997,2495.27,USD,MOBILE,PENDING
4310,2024-01-08,UK,181,3294.51,GBP,MOBILE,POSTED
4311,2024-01-17,FR,802,2877.92,GBP,ATM,REVERSED
4312,2024-03-23,UK,488,2737.65,USD,ATM,REVERSED
4313,2024-03-20,FR,159,661.1,EUR,ATM,PENDING
4314,2024-03-02,BE,696,4636.88,EUR,MOBILE,REVERSED
4315,2024-03-02,MA,209,1677.16,EUR,ONLINE,POSTED
4316,2024-03-28,NL,126,2696.22,GBP,ONLINE,POSTED
4317,2024-01-18,MA,838,3179.16,GBP,BRANCH,REVERSED
4318,2024-03-06,UK,424,1104.13,USD,ATM,POSTED
4319,2024-02-06,ES,620,1558.53,EUR,ATM,POSTED
4320,2024-02-01,NL,850,1683.92,EUR,ONLINE,POSTED
4321,2024-03-30,DE,212,716.86,USD,BRANCH,REVERSED
4322,2024-03-25,BE,871,1901.11,GBP,ONLINE,POSTED
4323,2024-03-02,BE,730,1290.02,USD,ONLINE,REVERSED
4324,2024-03-04,MA,350,2851.05,USD,ONLINE,REVERSED
4325,2024-01-18,FR,96,492.71,USD,ATM,PENDING
4326,2024-02-15,ES,717,2140.42,USD,ONLINE,PENDING
4327,2024-02-26,IT,892,4437.55,EUR,ONLINE,PENDING
4328,2024-01-24,US,323,4715.39,EUR,ONLINE,PENDING
4329,2024-02-16,MA,321,4651.83,USD,MOBILE,PENDING
4330,2024-02-03,BE,451,2557.04,GBP,MOBILE,POSTED
4331,2024-01-22,US,833,4011.05,USD,BRANCH,POSTED
4332,2024-01-03,US,416,3127.75,USD,ATM,PENDING
4333,2024-03-15,ES,993,2837.85,USD,MOBILE,REVERSED
4334,2024-02-12,DE,146,4092.3,EUR,MOBILE,POSTED
4335,2024-02-27,MA,728,2461.46,GBP,ONLINE,REVERSED
4336,2024-02-10,FR,628,2204.81,EUR,BRANCH,REVERSED
4337,2024-02-04,ES,74,655.82,EUR,BRANCH,PENDING
4338,2024-03-25,UK,922,22.85,EUR,ONLINE,PENDING
4339,2024-03-04,NL,563,4919.85,GBP,ATM,PENDING
4340,2024-02-14,NL,740,2836.62,EUR,BRANCH,POSTED
4341,2024-03-07,US,714,3277.54,USD,ATM,POSTED
4342,2024-01-30,PT,542,670.64,USD,MOBILE,REVERSED
4343,2024-03-28,ES,792,1215.83,USD,ONLINE,REVERSED
4344,2024-01-08,PT,715,3516.1,USD,ATM,REVERSED
4345,2024-02-20,NL,409,3829.92,USD,ATM,PENDING
4346,2024-01-26,MA,645,1099.33,EUR,MOBILE,POSTED
4347,2024-01-01,DE,68,4942.21,EUR,ATM,POSTED
4348,2024-03-27,BE,299,2517.4,USD,ONLINE,PENDING
4349,2024-02-02,BE,208,1023.76,EUR,MOBILE,PENDING
4350,2024-03-27,PT,390,115.68,GBP,ONLINE,REVERSED
4351,2024-03-10,PT,415,2494.33,GBP,ATM,REVERSED
4352,2024-01-27,MA,8,4259.25,GBP,BRANCH,REVERSED
4353,2024-02-06,MA,897,4579.99,EUR,ATM,REVERSED
4354,2024-02-17,MA,286,2841.73,EUR,ATM,POSTED
4355,2024-01-19,US,636,1848.59,EUR,ONLINE,PENDING
4356,2024-01-07,FR,79,542.3,USD,BRANCH,PENDING
4357,2024-01-15,NL,353,3935.63,GBP,ATM,REVERSED
4358,2024-01-07,IT,974,2620.09,GBP,ATM,PENDING
4359,2024-02-02,DE,62,1409.95,USD,ONLINE,POSTED
4360,2024-02-14,MA,394,4468.23,USD,ATM,REVERSED
4361,2024-01-28,UK,195,2612.68,GBP,ATM,PENDING
4362,2024-03-06,IT,488,1552.16,USD,BRANCH,REVERSED
4363,2024-01-07,IT,43,3122.7,EUR,ATM,PENDING
4364,2024-03-07,UK,390,1409.88,EUR,MOBILE,PENDING
4365,2024-03-11,US,36,456.96,GBP,ATM,POSTED
4366,2024-02-29,DE,414,4487.39,GBP,ONLINE,PENDING
4367,2024-03-30,DE,446,467.95,USD,MOBILE,PENDING
4368,2024-03-07,MA,115,426.85,GBP,MOBILE,PENDING
4369,2024-02-26,UK,593,3679.48,GBP,ONLINE,REVERSED
4370,2024-01-26,ES,423,329.3,EUR,BRANCH,POSTED
4371,2024-02-12,BE,212,1875.24,USD,BRANCH,REVERSED
4372,2024-03-10,DE,602,1739.54,USD,MOBILE,REVERSED
4373,2024-01-20,BE,378,1235.32,EUR,ONLINE,REVERSED
4374,2024-03-24,PT,788,3805.66,EUR,BRANCH,POSTED
4375,2024-02-19,MA,675,710.99,USD,MOBILE,PENDING
4376,2024-03-12,FR,68,3406.92,GBP,BRANCH,PENDING
4377,2024-02-24,BE,496,3024.16,EUR,ATM,POSTED
4378,2024-01-01,ES,807,2577.68,EUR,ONLINE,PENDING
4379,2024-01-23,NL,772,1921.86,GBP,ONLINE,PENDING
4380,2024-02-10,DE,653,1855.51,GBP,ATM,POSTED
4381,2024-02-10,ES,895,2589.78,USD,MOBILE,POSTED
4382,2024-01-31,FR,823,2722.3,EUR,ATM,REVERSED
4383,2024-03-13,NL,128,4430.12,EUR,MOBILE,POSTED
4384,2024-03-12,ES,972,2419.42,USD,MOBILE,PENDING
4385,2024-01-15,DE,899,3800.02,USD,ONLINE,PENDING
4386,2024-01-17,NL,668,2520.27,USD,ONLINE,POSTED
4387,2024-03-18,FR,8,2213.48,EUR,ONLINE,POSTED
4388,2024-01-07,ES,733,4287.89,EUR,ONLINE,PENDING
4389,2024-03-27,US,500,1083.82,GBP,ATM,PENDING
4390,2024-03-25,NL,869,4108.43,GBP,MOBILE,PENDING
4391,2024-01-13,PT,854,4639.67,GBP,MOBILE,POSTED
4392,2024-03-27,PT,596,3154.85,EUR,MOBILE,PENDING
4393,2024-03-19,MA,358,3859.63,USD,MOBILE,PENDING
4394,2024-02-07,FR,621,3047.39,GBP,MOBILE,REVERSED
4395,2024-01-31,IT,294,3895.11,EUR,ATM,REVERSED
4396,2024-02-16,ES,165,4680.91,USD,ONLINE,REVERSED
4397,2024-02-18,UK,200,3901.88,GBP,ONLINE,REVERSED
4398,2024-01-24,ES,857,442.13,EUR,BRANCH,POSTED
4399,2024-03-20,FR,469,107.23,GBP,BRANCH,PENDING
4400,2024-03-26,IT,431,251.29,EUR,BRANCH,PENDING
4401,2024-03-22,PT,117,414.0,USD,ATM,REVERSED
4402,2024-03-30,DE,44,347.14,GBP,ONLINE,PENDING
4403,2024-01-02,FR,516,164.45,USD,BRANCH,REVERSED
4404,2024-03-14,IT,685,1309.01,USD,BRANCH,REVERSED
4405,2024-02-28,BE,940,4269.6,EUR,BRANCH,PENDING
4406,2024-03-05,BE,730,1035.87,USD,ATM,REVERSED
4407,2024-01-24,DE,290,2852.7,USD,ATM,PENDING
4408,2024-02-19,IT,993,4481.34,GBP,MOBILE,REVERSED
4409,2024-02-19,US,695,4158.94,EUR,ATM,POSTED
4410,2024-01-12,NL,709,694.41,GBP,MOBILE,PENDING
4411,2024-02-16,ES,797,2592.72,USD,MOBILE,REVERSED
4412,2024-02-12,US,878,4444.97,EUR,MOBILE,REVERSED
4413,2024-01-17,US,2,197.95,EUR,ONLINE,POSTED
4414,2024-03-10,MA,680,249.1,USD,MOBILE,POSTED
4415,2024-02-10,DE,603,121.41,USD,BRANCH,POSTED
4416,2024-01-19,NL,898,573.59,GBP,ONLINE,REVERSED
4417,2024-01-08,IT,240,1602.02,USD,ONLINE,PENDING
4418,2024-03-17,IT,831,65.3,EUR,ATM,REVERSED
4419,2024-01-05,PT,53,2632.09,GBP,ONLINE,POSTED
4420,2024-03-11,NL,533,570.68,EUR,BRANCH,REVERSED
4421,2024-01-06,ES,539,3218.84,EUR,BRANCH,REVERSED
4422,2024-02-05,DE,343,2719.23,GBP,ONLINE,REVERSED
4423,2024-03-28,FR,636,3698.24,EUR,BRANCH,REVERSED
4424,2024-01-29,NL,427,2124.06,EUR,MOBILE,PENDING
4425,2024-01-22,BE,938,3213.84,GBP,ATM,POSTED
4426,2024-01-18,MA,532,334.83,GBP,BRANCH,PENDING
4427,2024-03-30,US,787,2290.53,EUR,BRANCH,REVERSED
4428,2024-01-29,DE,848,4315.96,EUR,ATM,PENDING
4429,2024-03-28,BE,969,1061.24,GBP,ONLINE,POSTED
4430,2024-03-19,MA,509,4649.41,GBP,MOBILE,REVERSED
4431,2024-03-05,US,142,474.23,GBP,ATM,REVERSED
4432,2024-02-09,ES,683,2111.53,EUR,MOBILE,PENDING
4433,2024-02-15,FR,775,3642.64,USD,MOBILE,PENDING
4434,2024-03-02,DE,521,2476.7,USD,ONLINE,REVERSED
4435,2024-03-08,BE,829,4790.99,USD,ONLINE,PENDING
4436,2024-03-10,BE,927,3324.34,USD,ATM,POSTED
4437,2024-03-24,MA,900,3879.91,GBP,ONLINE,PENDING
4438,2024-02-21,ES,606,795.42,USD,MOBILE,PENDING
4439,2024-02-26,BE,850,3455.96,EUR,ONLINE,PENDING
4440,2024-03-23,MA,87,4748.06,USD,ONLINE,POSTED
4441,2024-03-11,PT,692,4460.06,GBP,ATM,PENDING
4442,2024-02-07,PT,597,1209.95,USD,ATM,POSTED
4443,2024-02-11,UK,637,2383.63,USD,ONLINE,PENDING
4444,2024-02-11,PT,856,2480.53,USD,ATM,REVERSED
4445,2024-01-25,BE,378,4798.0,GBP,ATM,PENDING
4446,2024-01-04,DE,940,3553.2,USD,ATM,PENDING
4447,2024-01-14,MA,337,2414.75,GBP,ONLINE,REVERSED
4448,2024-01-09,ES,604,4786.37,USD,MOBILE,PENDING
4449,2024-01-12,BE,545,2207.56,GBP,ATM,PENDING
4450,2024-03-08,MA,40,281.36,GBP,BRANCH,POSTED
4451,2024-01-01,PT,188,1310.19,GBP,ONLINE,REVERSED
4452,2024-02-27,BE,855,4445.08,USD,MOBILE,POSTED
4453,2024-03-21,IT,657,84.28,EUR,ONLINE,POSTED
4454,2024-01-16,DE,748,4386.07,USD,ATM,POSTED
4455,2024-03-23,BE,400,4178.23,EUR,MOBILE,PENDING
4456,2024-01-22,PT,772,4845.23,USD,BRANCH,POSTED
4457,2024-01-24,ES,232,4255.06,USD,ONLINE,POSTED
4458,2024-03-22,BE,16,1922.82,EUR,ATM,PENDING
4459,2024-03-22,IT,20,4702.16,USD,ONLINE,PENDING
4460,2024-03-24,MA,142,1298.55,GBP,MOBILE,PENDING
4461,2024-01-31,NL,967,3963.23,GBP,BRANCH,POSTED
4462,2024-03-30,UK,506,4420.76,GBP,ATM,REVERSED
4463,2024-02-05,US,400,4730.24,GBP,BRANCH,PENDING
4464,2024-03-27,NL,261,249.45,USD,MOBILE,POSTED
4465,2024-02-16,US,259,4698.78,EUR,BRANCH,PENDING
4466,2024-01-09,US,389,3276.93,GBP,MOBILE,PENDING
4467,2024-03-06,IT,682,3737.94,USD,ONLINE,PENDING
4468,2024-03-12,IT,677,4698.95,USD,MOBILE,REVERSED
4469,2024-01-21,MA,852,2473.12,USD,MOBILE,PENDING
4470,2024-03-07,UK,246,772.13,GBP,MOBILE,PENDING
4471,2024-02-16,BE,482,23.87,GBP,BRANCH,POSTED
4472,2024-01-21,MA,789,4021.11,GBP,ONLINE,REVERSED
4473,2024-03-24,US,307,1220.03,GBP,MOBILE,REVERSED
4474,2024-03-29,UK,887,2678.32,USD,ATM,REVERSED
4475,2024-02-09,UK,818,298.81,GBP,ATM,REVERSED
4476,2024-01-23,BE,275,2005.06,EUR,ATM,POSTED
4477,2024-02-28,IT,287,861.9,GBP,ONLINE,REVERSED
4478,2024-01-06,NL,457,1137.16,GBP,MOBILE,POSTED
4479,2024-03-16,UK,276,3175.05,USD,ATM,POSTED
4480,2024-03-12,FR,64,2109.13,USD,BRANCH,POSTED
4481,2024-02-15,FR,692,664.14,GBP,ATM,PENDING
4482,2024-02-13,FR,673,925.77,GBP,ATM,PENDING
4483,2024-01-27,UK,232,4423.71,EUR,MOBILE,REVERSED
4484,2024-02-03,IT,844,1119.76,USD,BRANCH,POSTED
4485,2024-01-11,DE,114,712.04,GBP,BRANCH,REVERSED
4486,2024-01-04,US,889,835.18,USD,ONLINE,PENDING
4487,2024-02-03,ES,564,2171.22,GBP,MOBILE,POSTED
4488,2024-03-26,UK,113,3459.81,GBP,BRANCH,PENDING
4489,2024-01-29,BE,197,2770.48,GBP,BRANCH,PENDING
4490,2024-02-07,UK,977,402.15,GBP,MOBILE,POSTED
4491,2024-03-18,DE,598,1161.52,EUR,ATM,PENDING
4492,2024-03-26,US,352,4144.16,USD,ONLINE,REVERSED
4493,2024-02-28,FR,945,3824.58,EUR,MOBILE,POSTED
4494,2024-03-10,DE,425,2278.68,EUR,MOBILE,PENDING
4495,2024-02-19,DE,863,702.85,EUR,BRANCH,PENDING
4496,2024-02-17,MA,736,3609.85,GBP,ONLINE,PENDING
4497,2024-02-02,DE,177,3766.53,EUR,BRANCH,REVERSED
4498,2024-01-16,BE,999,3917.9,USD,MOBILE,POSTED
4499,2024-01-02,PT,636,4664.61,USD,ONLINE,POSTED
4500,2024-03-18,MA,246,101.87,EUR,BRANCH,POSTED
4501,2024-02-25,NL,963,297.52,USD,ATM,REVERSED
4502,2024-02-12,PT,841,2951.27,EUR,ONLINE,REVERSED
4503,2024-02-23,NL,233,3383.82,EUR,ONLINE,POSTED
4504,2024-02-05,IT,847,3877.22,GBP,ATM,PENDING
4505,2024-03-05,UK,870,4678.86,GBP,BRANCH,REVERSED
4506,2024-01-20,FR,148,1847.12,EUR,MOBILE,PENDING
4507,2024-02-16,FR,879,3397.93,GBP,ONLINE,REVERSED
4508,2024-01-31,DE,252,1277.5,USD,BRANCH,PENDING
4509,2024-02-26,MA,477,924.84,GBP,ATM,POSTED
4510,2024-02-12,US,604,122.39,USD,BRANCH,POSTED
4511,2024-01-11,BE,871,3536.53,GBP,BRANCH,POSTED
4512,2024-02-25,PT,381,1125.89,EUR,ATM,REVERSED
4513,2024-03-24,ES,680,4906.63,USD,MOBILE,POSTED
4514,2024-03-27,DE,328,79.98,EUR,ATM,REVERSED
4515,2024-02-29,PT,129,1949.74,USD,ATM,PENDING
4516,2024-01-28,ES,521,558.6,USD,ONLINE,REVERSED
4517,2024-03-19,DE,761,268.82,GBP,MOBILE,POSTED
4518,2024-03-20,ES,160,490.65,GBP,ONLINE,PENDING
4519,2024-03-13,DE,805,1611.99,EUR,MOBILE,PENDING
4520,2024-03-02,DE,791,135.5,EUR,MOBILE,PENDING
4521,2024-01-01,NL,658,1460.8,GBP,ATM,PENDING
4522,2024-01-26,FR,260,1371.55,EUR,ATM,POSTED
4523,2024-01-01,ES,794,3231.36,GBP,ONLINE,REVERSED
4524,2024-03-04,BE,627,172.04,EUR,BRANCH,REVERSED
4525,2024-02-14,FR,174,2972.63,GBP,MOBILE,PENDING
4526,2024-02-20,FR,243,3243.22,EUR,BRANCH,POSTED
4527,2024-03-18,IT,279,2041.03,GBP,MOBILE,REVERSED
4528,2024-02-14,US,640,344.97,GBP,ONLINE,POSTED
4529,2024-02-24,BE,517,482.2,EUR,ONLINE,REVERSED
4530,2024-03-26,ES,457,863.44,EUR,BRANCH,POSTED
4531,2024-02-01,IT,287,1877.11,EUR,BRANCH,POSTED
4532,2024-01-20,FR,100,1175.87,GBP,ONLINE,PENDING
4533,2024-01-31,ES,32,3854.97,GBP,ONLINE,REVERSED
4534,2024-01-10,MA,535,608.67,GBP,MOBILE,POSTED
4535,2024-02-23,FR,243,2687.82,GBP,ATM,REVERSED
4536,2024-03-30,NL,251,3691.66,GBP,ATM,PENDING
4537,2024-03-06,PT,723,1531.98,USD,MOBILE,PENDING
4538,2024-01-24,FR,43,116.65,EUR,ATM,PENDING
4539,2024-03-30,DE,799,252.72,USD,ATM,PENDING
4540,2024-01-15,MA,247,1345.7,USD,ATM,REVERSED
4541,2024-03-26,BE,858,3033.67,EUR,ONLINE,POSTED
4542,2024-02-28,FR,541,1857.2,EUR,ATM,REVERSED
4543,2024-02-03,US,370,1298.45,USD,MOBILE,REVERSED
4544,2024-03-01,ES,631,1977.74,USD,MOBILE,POSTED
4545,2024-03-17,ES,464,2139.5,EUR,ONLINE,PENDING
4546,2024-02-27,DE,704,3776.49,GBP,MOBILE,POSTED
4547,2024-02-24,IT,598,1772.52,EUR,ONLINE,REVERSED
4548,2024-02-21,MA,945,3882.03,GBP,ONLINE,POSTED
4549,2024-02-17,UK,506,1038.16,EUR,ONLINE,REVERSED
4550,2024-03-08,NL,765,1433.19,EUR,ONLINE,REVERSED
4551,2024-01-18,IT,703,3276.73,GBP,BRANCH,REVERSED
4552,2024-02-18,DE,309,1486.3,USD,MOBILE,POSTED
4553,2024-03-04,MA,209,3637.88,EUR,BRANCH,REVERSED
4554,2024-01-15,DE,824,2285.94,EUR,BRANCH,POSTED
4555,2024-03-21,DE,383,928.66,GBP,ONLINE,POSTED
4556,2024-03-17,MA,544,3685.87,EUR,MOBILE,PENDING
4557,2024-03-02,FR,861,1252.01,USD,MOBILE,REVERSED
4558,2024-03-13,MA,607,2553.06,USD,ATM,POSTED
4559,2024-02-18,BE,572,3897.27,EUR,ATM,POSTED
4560,2024-02-05,BE,225,2432.62,GBP,ONLINE,PENDING
4561,2024-01-30,DE,783,1723.23,EUR,ONLINE,REVERSED
4562,2024-03-17,DE,677,3219.6,USD,ATM,PENDING
4563,2024-02-12,PT,228,1401.52,EUR,BRANCH,POSTED
4564,2024-02-18,ES,592,471.84,GBP,MOBILE,POSTED
4565,2024-01-17,BE,160,1404.55,EUR,ONLINE,POSTED
4566,2024-01-12,BE,116,2232.3,GBP,MOBILE,REVERSED
4567,2024-01-07,NL,342,3386.05,GBP,BRANCH,REVERSED
4568,2024-03-02,US,595,3071.89,GBP,ATM,PENDING
4569,2024-01-21,ES,109,2452.17,EUR,BRANCH,REVERSED
4570,2024-02-22,UK,427,1780.37,GBP,ATM,REVERSED
4571,2024-03-20,BE,678,510.93,EUR,MOBILE,POSTED
4572,2024-03-04,IT,647,4004.14,GBP,BRANCH,PENDING
4573,2024-02-01,DE,417,1001.38,EUR,ONLINE,REVERSED
4574,2024-02-29,UK,852,1762.64,EUR,MOBILE,POSTED
4575,2024-02-23,PT,312,3044.4,EUR,MOBILE,REVERSED
4576,2024-03-05,DE,90,2870.22,EUR,ATM,PENDING
4577,2024-03-08,ES,714,237.76,EUR,ATM,PENDING
4578,2024-01-10,MA,505,1740.95,GBP,ONLINE,POSTED
4579,2024-02-19,IT,821,4918.36,EUR,MOBILE,POSTED
4580,2024-01-31,DE,481,3069.99,GBP,BRANCH,PENDING
4581,2024-03-15,FR,772,4239.58,USD,ATM,POSTED
4582,2024-03-01,ES,615,1786.93,USD,BRANCH,REVERSED
4583,2024-02-12,BE,230,1709.39,USD,ONLINE,REVERSED
4584,2024-03-17,PT,561,3792.76,EUR,ONLINE,PENDING
4585,2024-02-05,IT,618,3160.96,EUR,BRANCH,PENDING
4586,2024-01-14,NL,828,1362.37,GBP,ONLINE,PENDING
4587,2024-03-12,DE,644,3695.53,USD,MOBILE,PENDING
4588,2024-01-23,DE,838,3516.37,EUR,ONLINE,PENDING
4589,2024-01-05,DE,712,2710.46,EUR,BRANCH,PENDING
4590,2024-02-03,DE,844,1040.34,GBP,BRANCH,PENDING
4591,2024-01-30,DE,321,1948.67,EUR,ONLINE,POSTED
4592,2024-03-01,PT,409,2607.06,GBP,BRANCH,REVERSED
4593,2024-01-06,PT,438,3479.12,USD,BRANCH,REVERSED
4594,2024-03-09,NL,138,3148.56,GBP,ATM,REVERSED
4595,2024-03-19,PT,887,880.03,EUR,MOBILE,PENDING
4596,2024-03-22,IT,336,3254.6,EUR,MOBILE,PENDING
4597,2024-03-06,DE,68,4386.85,EUR,MOBILE,POSTED
4598,2024-02-24,NL,29,2391.62,EUR,ATM,PENDING
4599,2024-03-25,IT,723,1469.38,EUR,ONLINE,PENDING
4600,2024-01-17,ES,661,854.51,USD,ATM,REVERSED
4601,2024-03-19,BE,900,3959.77,GBP,ONLINE,POSTED
4602,2024-02-22,IT,189,3667.86,USD,BRANCH,PENDING
4603,2024-01-02,DE,912,2721.85,GBP,BRANCH,PENDING
4604,2024-02-04,ES,303,3804.14,GBP,BRANCH,POSTED
4605,2024-03-26,FR,161,3465.94,EUR,BRANCH,POSTED
4606,2024-03-30,PT,315,2196.65,USD,ATM,POSTED
4607,2024-03-26,BE,436,3287.19,USD,MOBILE,PENDING
4608,2024-01-02,PT,821,2880.21,EUR,BRANCH,PENDING
4609,2024-02-14,IT,635,2696.22,GBP,ATM,POSTED
4610,2024-02-29,FR,327,1555.92,GBP,ONLINE,PENDING
4611,2024-02-11,DE,700,3167.56,EUR,ONLINE,PENDING
4612,2024-01-10,DE,27,3215.38,USD,MOBILE,PENDING
4613,2024-03-19,US,185,3747.0,GBP,ONLINE,POSTED
4614,2024-03-22,ES,247,2401.94,GBP,MOBILE,PENDING
4615,2024-03-15,MA,614,867.17,EUR,BRANCH,POSTED
4616,2024-01-30,BE,392,467.26,USD,ATM,POSTED
4617,2024-03-21,BE,801,3772.72,GBP,ATM,REVERSED
4618,2024-01-30,US,129,1402.93,GBP,ONLINE,PENDING
4619,2024-01-01,MA,434,3367.06,GBP,ONLINE,PENDING
4620,2024-02-22,IT,206,4029.96,GBP,ONLINE,POSTED
4621,2024-02-02,IT,483,1855.26,GBP,MOBILE,PENDING
4622,2024-03-19,US,749,187.38,USD,BRANCH,PENDING
4623,2024-01-23,US,255,3637.56,EUR,MOBILE,REVERSED
4624,2024-01-18,BE,337,1718.28,USD,BRANCH,POSTED
4625,2024-02-13,FR,591,4309.98,EUR,BRANCH,REVERSED
4626,2024-02-04,NL,863,3158.14,EUR,ONLINE,REVERSED
4627,2024-02-24,PT,894,4800.87,USD,BRANCH,POSTED
4628,2024-02-11,PT,98,4197.69,USD,MOBILE,PENDING
4629,2024-01-06,US,468,623.88,GBP,ONLINE,POSTED
4630,2024-01-05,PT,817,2943.93,USD,ONLINE,REVERSED
4631,2024-03-06,NL,217,4672.87,USD,MOBILE,REVERSED
4632,2024-02-18,BE,985,2168.76,USD,BRANCH,PENDING
4633,2024-01-03,MA,717,533.35,GBP,ATM,PENDING
4634,2024-03-15,FR,87,4231.55,GBP,MOBILE,POSTED
4635,2024-01-11,FR,986,3793.83,GBP,BRANCH,REVERSED
4636,2024-02-27,DE,344,1961.55,USD,MOBILE,PENDING
4637,2024-02-11,FR,668,1694.19,GBP,MOBILE,POSTED
4638,2024-03-28,DE,393,2457.48,USD,BRANCH,REVERSED
4639,2024-03-28,ES,209,1421.15,EUR,BRANCH,REVERSED
4640,2024-03-22,MA,589,2586.1,EUR,BRANCH,PENDING
4641,2024-01-03,UK,800,2045.39,GBP,ONLINE,PENDING
4642,2024-02-13,US,46,679.44,GBP,BRANCH,POSTED
4643,2024-03-12,MA,73,2358.67,GBP,ONLINE,PENDING
4644,2024-02-27,DE,307,4794.87,EUR,BRANCH,POSTED
4645,2024-03-28,IT,551,1619.31,GBP,MOBILE,PENDING
4646,2024-01-23,MA,895,4154.78,GBP,ATM,REVERSED
4647,2024-02-22,IT,529,3234.48,GBP,ONLINE,REVERSED
4648,2024-02-22,BE,889,259.8,USD,ONLINE,PENDING
4649,2024-03-06,UK,226,95.71,EUR,ATM,POSTED
4650,2024-01-19,NL,562,2890.95,GBP,BRANCH,POSTED
4651,2024-03-19,IT,1,3795.7,GBP,BRANCH,POSTED
4652,2024-03-03,NL,358,2621.38,USD,ATM,POSTED
4653,2024-02-19,UK,424,734.26,EUR,MOBILE,POSTED
4654,2024-02-02,US,696,1407.01,GBP,BRANCH,PENDING
4655,2024-03-06,PT,386,3736.29,GBP,ONLINE,POSTED
4656,2024-01-14,BE,73,3371.65,EUR,ONLINE,POSTED
4657,2024-02-17,NL,695,2108.97,USD,ATM,PENDING
4658,2024-01-29,DE,907,2233.06,USD,BRANCH,PENDING
4659,2024-02-29,MA,177,3376.34,EUR,MOBILE,POSTED
4660,2024-02-20,NL,551,1566.5,EUR,MOBILE,PENDING
4661,2024-02-03,NL,989,3867.14,USD,BRANCH,REVERSED
4662,2024-02-06,IT,963,1427.01,GBP,BRANCH,POSTED
4663,2024-03-16,UK,868,952.1,GBP,MOBILE,PENDING
4664,2024-01-04,IT,487,1947.08,USD,MOBILE,PENDING
4665,2024-01-04,US,893,752.34,USD,MOBILE,PENDING
4666,2024-02-15,DE,315,2984.27,USD,ONLINE,PENDING
4667,2024-01-12,DE,324,3772.15,EUR,ONLINE,POSTED
4668,2024-03-20,PT,59,3944.04,GBP,ATM,REVERSED
4669,2024-02-05,FR,815,2045.8,USD,BRANCH,REVERSED
4670,2024-03-05,ES,247,3724.58,GBP,BRANCH,PENDING
4671,2024-02-01,BE,981,4002.65,GBP,MOBILE,PENDING
4672,2024-02-01,UK,976,902.29,EUR,ONLINE,PENDING
4673,2024-02-25,FR,646,3418.01,GBP,ATM,POSTED
4674,2024-02-03,NL,29,4277.48,GBP,ATM,POSTED
4675,2024-01-08,IT,834,1539.02,GBP,BRANCH,PENDING
4676,2024-01-10,DE,614,3447.48,GBP,MOBILE,PENDING
4677,2024-01-11,DE,560,509.91,USD,ONLINE,REVERSED
4678,2024-02-27,US,411,2132.5,USD,BRANCH,PENDING
4679,2024-02-27,MA,945,465.95,GBP,MOBILE,REVERSED
4680,2024-03-03,FR,287,3603.02,GBP,MOBILE,PENDING
4681,2024-03-26,MA,560,4427.31,GBP,ATM,REVERSED
4682,2024-02-17,ES,377,2021.18,GBP,BRANCH,POSTED
4683,2024-03-08,PT,69,1381.86,EUR,ONLINE,REVERSED
4684,2024-01-30,FR,747,903.22,GBP,ONLINE,PENDING
4685,2024-02-24,US,875,87.73,USD,MOBILE,REVERSED
4686,2024-01-31,PT,547,2112.23,EUR,ATM,PENDING
4687,2024-01-08,UK,68,1082.19,EUR,MOBILE,PENDING
4688,2024-01-05,US,496,1538.33,EUR,ONLINE,REVERSED
4689,2024-03-16,DE,259,2269.46,GBP,BRANCH,POSTED
4690,2024-02-03,NL,306,4323.86,EUR,ATM,POSTED
4691,2024-02-11,PT,268,1410.85,EUR,ONLINE,REVERSED
4692,2024-01-29,BE,492,3226.05,USD,ATM,REVERSED
4693,2024-03-28,MA,423,1551.16,USD,MOBILE,PENDING
4694,2024-01-13,IT,92,4846.9,USD,ATM,REVERSED
4695,2024-03-27,IT,8,707.63,GBP,BRANCH,POSTED
4696,2024-02-04,MA,790,1592.08,EUR,BRANCH,POSTED
4697,2024-03-20,BE,794,2690.28,GBP,ONLINE,REVERSED
4698,2024-01-16,NL,563,3011.98,USD,ATM,REVERSED
4699,2024-03-07,US,722,4431.08,EUR,ONLINE,REVERSED
4700,2024-02-18,UK,369,4038.45,EUR,MOBILE,PENDING
4701,2024-02-14,PT,182,1076.45,EUR,ATM,REVERSED
4702,2024-01-29,US,545,3811.26,GBP,ATM,REVERSED
4703,2024-01-06,FR,200,4802.63,EUR,BRANCH,PENDING
4704,2024-01-25,US,130,3518.18,EUR,BRANCH,POSTED
4705,2024-01-14,PT,897,1850.51,USD,ONLINE,POSTED
4706,2024-03-16,DE,177,317.51,USD,ONLINE,PENDING
4707,2024-01-25,US,92,4950.74,USD,MOBILE,POSTED
4708,2024-01-26,IT,85,1662.37,GBP,BRANCH,PENDING
4709,2024-01-26,FR,975,314.8,EUR,ATM,POSTED
4710,2024-01-08,US,303,52.3,USD,ATM,REVERSED
4711,2024-01-13,FR,631,4999.08,GBP,MOBILE,PENDING
4712,2024-03-19,BE,310,3318.56,USD,BRANCH,PENDING
4713,2024-02-22,MA,243,3746.81,USD,BRANCH,PENDING
4714,2024-01-16,BE,759,4868.79,GBP,ATM,POSTED
4715,2024-02-22,PT,878,4524.29,USD,BRANCH,POSTED
4716,2024-01-08,MA,314,3422.5,GBP,ATM,POSTED
4717,2024-02-23,DE,939,3474.18,USD,MOBILE,REVERSED
4718,2024-03-19,DE,17,295.31,GBP,ONLINE,POSTED
4719,2024-03-26,US,137,4000.51,EUR,MOBILE,REVERSED
4720,2024-01-19,MA,844,2517.79,EUR,ONLINE,REVERSED
4721,2024-01-11,NL,364,4639.43,USD,ONLINE,REVERSED
4722,2024-02-18,PT,582,3895.7,EUR,ATM,REVERSED
4723,2024-01-25,US,508,2865.1,GBP,ATM,REVERSED
4724,2024-01-01,FR,353,2843.95,EUR,BRANCH,PENDING
4725,2024-01-17,ES,564,3136.86,EUR,ONLINE,POSTED
4726,2024-01-19,FR,47,4800.86,GBP,MOBILE,PENDING
4727,2024-03-12,UK,630,2467.24,EUR,BRANCH,POSTED
4728,2024-03-12,NL,961,611.36,GBP,BRANCH,POSTED
4729,2024-02-07,UK,190,4504.94,EUR,BRANCH,REVERSED
4730,2024-03-06,FR,723,4648.81,GBP,MOBILE,POSTED
4731,2024-02-18,FR,294,2762.54,EUR,ONLINE,PENDING
4732,2024-01-02,MA,801,1793.7,USD,MOBILE,PENDING
4733,2024-02-27,MA,709,4898.67,USD,ATM,REVERSED
4734,2024-03-15,FR,263,4353.25,GBP,BRANCH,PENDING
4735,2024-02-20,US,209,177.35,USD,BRANCH,REVERSED
4736,2024-02-15,MA,824,673.55,GBP,MOBILE,REVERSED
4737,2024-03-06,BE,453,3640.3,USD,BRANCH,PENDING
4738,2024-03-30,PT,638,4148.11,EUR,ONLINE,PENDING
4739,2024-03-25,FR,426,3236.12,EUR,ATM,POSTED
4740,2024-01-13,IT,569,1911.57,USD,MOBILE,REVERSED
4741,2024-02-05,NL,924,4411.15,GBP,ATM,POSTED
4742,2024-03-06,FR,212,1647.03,GBP,BRANCH,REVERSED
4743,2024-03-16,UK,747,1230.21,EUR,BRANCH,PENDING
4744,2024-01-10,PT,728,3767.67,USD,MOBILE,REVERSED
4745,2024-01-07,UK,238,1538.82,EUR,ONLINE,REVERSED
4746,2024-02-15,DE,980,3677.35,USD,ONLINE,REVERSED
4747,2024-01-08,PT,339,3643.84,EUR,MOBILE,PENDING
4748,2024-01-02,BE,261,4322.79,GBP,MOBILE,REVERSED
4749,2024-03-08,MA,854,3998.58,USD,ONLINE,REVERSED
4750,2024-01-22,UK,792,3318.0,GBP,ONLINE,POSTED
4751,2024-03-08,ES,734,2683.07,EUR,ATM,REVERSED
4752,2024-01-28,ES,251,1868.21,EUR,MOBILE,REVERSED
4753,2024-03-06,UK,437,2676.35,USD,MOBILE,PENDING
4754,2024-02-22,NL,514,93.34,USD,BRANCH,PENDING
4755,2024-03-11,IT,491,4867.86,GBP,BRANCH,REVERSED
4756,2024-02-11,PT,486,1674.28,EUR,ONLINE,PENDING
4757,2024-03-22,IT,83,4688.2,USD,BRANCH,REVERSED
4758,2024-02-12,PT,643,794.04,GBP,MOBILE,PENDING
4759,2024-03-09,NL,988,1382.89,GBP,ATM,REVERSED
4760,2024-03-22,US,994,2633.29,GBP,ONLINE,PENDING
4761,2024-02-26,UK,778,602.38,GBP,ATM,REVERSED
4762,2024-03-20,NL,434,1286.6,EUR,BRANCH,REVERSED
4763,2024-02-22,UK,806,1592.15,USD,MOBILE,PENDING
4764,2024-01-15,PT,412,2203.56,GBP,MOBILE,POSTED
4765,2024-01-02,FR,579,4777.11,USD,ONLINE,POSTED
4766,2024-01-15,MA,803,959.16,EUR,ATM,REVERSED
4767,2024-02-11,PT,486,3261.39,EUR,ONLINE,PENDING
4768,2024-01-19,ES,536,1404.54,GBP,ONLINE,PENDING
4769,2024-03-25,PT,171,2398.51,USD,ATM,REVERSED
4770,2024-03-21,BE,784,1270.94,GBP,ATM,POSTED
4771,2024-03-22,BE,994,168.9,EUR,ONLINE,POSTED
4772,2024-02-08,BE,5,360.88,USD,ONLINE,PENDING
4773,2024-01-31,UK,813,4405.84,USD,MOBILE,REVERSED
4774,2024-03-03,DE,950,1730.26,USD,BRANCH,PENDING
4775,2024-01-03,UK,250,2929.27,USD,ATM,REVERSED
4776,2024-02-25,NL,876,1337.35,GBP,MOBILE,REVERSED
4777,2024-03-30,ES,507,681.03,GBP,BRANCH,REVERSED
4778,2024-01-27,MA,947,3484.12,USD,ATM,POSTED
4779,2024-03-17,ES,727,2654.05,USD,MOBILE,PENDING
4780,2024-03-21,ES,822,2507.06,GBP,ATM,POSTED
4781,2024-01-11,UK,993,1605.59,GBP,ONLINE,REVERSED
4782,2024-02-01,FR,689,2486.14,USD,BRANCH,REVERSED
4783,2024-01-18,DE,936,794.42,EUR,MOBILE,PENDING
4784,2024-01-28,PT,379,1988.93,GBP,BRANCH,PENDING
4785,2024-02-20,FR,456,2806.33,EUR,MOBILE,PENDING
4786,2024-01-11,PT,713,2848.02,EUR,ATM,PENDING
4787,2024-03-02,UK,379,343.54,GBP,BRANCH,PENDING
4788,2024-01-13,US,618,3903.98,USD,ONLINE,REVERSED
4789,2024-01-13,MA,939,1378.69,GBP,ONLINE,REVERSED
4790,2024-03-27,IT,529,3903.34,USD,MOBILE,PENDING
4791,2024-02-26,NL,444,1753.17,USD,ATM,PENDING
4792,2024-01-03,UK,333,1515.66,GBP,BRANCH,REVERSED
4793,2024-01-27,US,227,4919.97,USD,MOBILE,REVERSED
4794,2024-03-04,DE,344,4299.26,GBP,ONLINE,POSTED
4795,2024-01-01,PT,272,3838.64,EUR,MOBILE,PENDING
4796,2024-03-29,IT,305,4325.78,USD,ONLINE,PENDING
4797,2024-03-16,NL,477,625.82,EUR,ATM,POSTED
4798,2024-01-16,UK,658,1262.05,USD,ONLINE,PENDING
4799,2024-03-19,US,246,3316.4,GBP,BRANCH,REVERSED
4800,2024-03-09,NL,136,865.57,USD,MOBILE,REVERSED
4801,2024-02-13,MA,260,520.21,USD,BRANCH,REVERSED
4802,2024-03-22,NL,316,477.06,GBP,BRANCH,REVERSED
4803,2024-02-17,NL,219,3098.25,USD,ONLINE,POSTED
4804,2024-01-19,BE,375,4833.72,USD,ATM,REVERSED
4805,2024-03-15,UK,497,3734.44,USD,MOBILE,PENDING
4806,2024-03-05,DE,669,2044.51,EUR,ONLINE,REVERSED
4807,2024-02-03,DE,795,967.89,EUR,ONLINE,POSTED
4808,2024-03-24,US,454,10.4,EUR,MOBILE,POSTED
4809,2024-02-02,MA,826,2964.92,USD,ATM,PENDING
4810,2024-03-04,PT,500,3602.1,GBP,ONLINE,PENDING
4811,2024-01-16,BE,357,3568.51,GBP,BRANCH,POSTED
4812,2024-03-07,IT,511,4694.21,USD,MOBILE,POSTED
4813,2024-01-16,NL,26,955.63,USD,ATM,POSTED
4814,2024-01-10,NL,356,3079.26,EUR,ATM,POSTED
4815,2024-02-26,FR,962,1916.7,GBP,BRANCH,REVERSED
4816,2024-01-05,NL,556,2162.95,GBP,ONLINE,REVERSED
4817,2024-02-10,UK,696,490.24,GBP,ONLINE,POSTED
4818,2024-02-16,PT,829,3903.19,GBP,MOBILE,PENDING
4819,2024-02-21,IT,361,4991.07,USD,MOBILE,POSTED
4820,2024-02-17,UK,720,2636.41,USD,ATM,PENDING
4821,2024-01-08,NL,131,665.06,GBP,ONLINE,PENDING
4822,2024-01-11,IT,236,4004.43,EUR,ONLINE,REVERSED
4823,2024-01-01,DE,278,948.62,GBP,MOBILE,PENDING
4824,2024-01-22,NL,650,1549.47,GBP,ONLINE,PENDING
4825,2024-02-21,IT,321,2399.44,GBP,MOBILE,PENDING
4826,2024-01-09,US,532,4816.36,EUR,ATM,REVERSED
4827,2024-01-07,NL,689,3604.86,USD,MOBILE,PENDING
4828,2024-03-12,ES,399,4121.99,GBP,ONLINE,PENDING
4829,2024-01-24,MA,242,4484.74,USD,BRANCH,REVERSED
4830,2024-01-09,ES,907,2533.39,GBP,MOBILE,PENDING
4831,2024-03-15,DE,90,4051.43,GBP,ONLINE,POSTED
4832,2024-01-22,DE,270,3133.49,EUR,BRANCH,POSTED
4833,2024-02-18,DE,945,541.92,USD,ONLINE,PENDING
4834,2024-03-20,US,403,4883.75,USD,MOBILE,PENDING
4835,2024-03-21,US,386,4573.65,GBP,ONLINE,POSTED
4836,2024-02-17,UK,286,1432.76,EUR,ATM,REVERSED
4837,2024-01-13,BE,681,4250.16,GBP,BRANCH,POSTED
4838,2024-01-28,MA,943,2251.28,GBP,ATM,REVERSED
4839,2024-02-13,ES,59,1031.18,GBP,ATM,REVERSED
4840,2024-03-16,IT,455,4187.67,GBP,MOBILE,REVERSED
4841,2024-02-08,DE,549,3893.19,USD,MOBILE,POSTED
4842,2024-02-03,MA,686,673.76,EUR,ATM,PENDING
4843,2024-03-25,BE,249,992.43,USD,BRANCH,POSTED
4844,2024-01-13,DE,189,2215.14,GBP,ONLINE,PENDING
4845,2024-01-02,IT,1,2541.28,USD,BRANCH,PENDING
4846,2024-03-02,FR,749,2865.48,USD,MOBILE,PENDING
4847,2024-01-14,BE,242,3877.62,USD,ONLINE,REVERSED
4848,2024-03-18,UK,2,2416.43,GBP,MOBILE,REVERSED
4849,2024-01-09,MA,189,4792.35,USD,ONLINE,POSTED
4850,2024-02-06,BE,536,4227.93,USD,ATM,REVERSED
4851,2024-02-08,DE,513,1950.27,GBP,ONLINE,POSTED
4852,2024-01-29,ES,396,4224.91,GBP,BRANCH,PENDING
4853,2024-02-02,PT,439,2336.87,EUR,ATM,PENDING
4854,2024-01-05,UK,735,4531.13,EUR,ATM,PENDING
4855,2024-02-02,PT,33,4826.32,GBP,MOBILE,REVERSED
4856,2024-01-02,IT,305,654.31,GBP,ATM,REVERSED
4857,2024-03-17,NL,699,266.35,GBP,ATM,REVERSED
4858,2024-02-17,BE,587,500.11,USD,ONLINE,REVERSED
4859,2024-02-20,NL,977,54.86,USD,ONLINE,POSTED
4860,2024-02-12,IT,68,2992.21,GBP,MOBILE,REVERSED
4861,2024-01-18,UK,975,860.19,EUR,ONLINE,POSTED
4862,2024-01-15,MA,585,3675.12,EUR,MOBILE,PENDING
4863,2024-02-05,BE,10,708.68,GBP,ONLINE,POSTED
4864,2024-02-17,BE,236,3780.27,USD,ONLINE,REVERSED
4865,2024-03-20,DE,4,2041.86,USD,ONLINE,PENDING
4866,2024-01-11,NL,318,1691.02,USD,MOBILE,REVERSED
4867,2024-01-28,UK,125,130.97,EUR,ATM,PENDING
4868,2024-01-07,DE,154,4554.5,EUR,ONLINE,POSTED
4869,2024-03-14,UK,376,2566.62,GBP,MOBILE,REVERSED
4870,2024-03-15,FR,954,1103.51,GBP,MOBILE,POSTED
4871,2024-03-04,NL,83,4285.24,GBP,ATM,POSTED
4872,2024-01-05,UK,420,2502.08,EUR,BRANCH,POSTED
4873,2024-01-17,US,931,4664.36,USD,ATM,PENDING
4874,2024-01-12,MA,259,2704.81,EUR,BRANCH,POSTED
4875,2024-01-31,NL,394,2793.52,EUR,MOBILE,PENDING
4876,2024-02-28,NL,886,3336.49,EUR,ATM,PENDING
4877,2024-02-05,IT,317,1623.66,GBP,MOBILE,REVERSED
4878,2024-03-22,IT,862,401.06,USD,ONLINE,POSTED
4879,2024-01-30,IT,181,1321.72,USD,MOBILE,PENDING
4880,2024-03-04,US,889,1702.09,EUR,BRANCH,REVERSED
4881,2024-02-05,BE,879,216.9,USD,MOBILE,REVERSED
4882,2024-01-28,DE,554,464.56,USD,MOBILE,POSTED
4883,2024-02-13,US,166,2418.76,USD,BRANCH,REVERSED
4884,2024-02-08,NL,423,4159.94,EUR,ATM,POSTED
4885,2024-03-02,PT,484,1961.63,USD,BRANCH,PENDING
4886,2024-03-27,UK,428,1707.76,EUR,MOBILE,POSTED
4887,2024-01-22,MA,699,2883.5,USD,BRANCH,PENDING
4888,2024-03-28,FR,776,1016.88,EUR,BRANCH,REVERSED
4889,2024-02-18,BE,878,1745.03,USD,ATM,PENDING
4890,2024-02-18,PT,746,2987.7,GBP,MOBILE,POSTED
4891,2024-01-28,BE,135,4657.51,GBP,MOBILE,POSTED
4892,2024-03-20,NL,904,2204.1,USD,MOBILE,REVERSED
4893,2024-02-17,NL,41,3784.59,EUR,MOBILE,POSTED
4894,2024-02-18,IT,508,2342.71,EUR,MOBILE,POSTED
4895,2024-03-26,DE,56,4731.82,EUR,BRANCH,POSTED
4896,2024-01-17,BE,611,2097.8,EUR,ATM,PENDING
4897,2024-03-10,ES,294,1009.38,EUR,ONLINE,REVERSED
4898,2024-01-31,FR,806,716.34,GBP,ONLINE,PENDING
4899,2024-02-05,MA,23,3937.7,GBP,ATM,PENDING
4900,2024-03-13,US,724,1133.6,EUR,MOBILE,REVERSED
4901,2024-02-14,ES,195,1705.78,GBP,MOBILE,PENDING
4902,2024-01-18,PT,312,452.63,GBP,BRANCH,POSTED
4903,2024-03-02,FR,33,3927.56,USD,BRANCH,REVERSED
4904,2024-03-12,UK,294,2659.01,USD,ONLINE,POSTED
4905,2024-01-15,PT,646,3767.46,GBP,ATM,PENDING
4906,2024-01-22,UK,358,4815.46,EUR,ATM,PENDING
4907,2024-02-01,NL,420,3800.9,USD,ONLINE,PENDING
4908,2024-02-12,FR,491,2786.1,USD,MOBILE,REVERSED
4909,2024-02-20,FR,695,902.95,EUR,ONLINE,POSTED
4910,2024-01-16,IT,909,376.73,USD,ATM,POSTED
4911,2024-03-20,UK,573,2007.02,USD,ONLINE,REVERSED
4912,2024-03-14,ES,552,4055.74,GBP,MOBILE,POSTED
4913,2024-03-07,NL,207,4132.01,GBP,ATM,PENDING
4914,2024-01-21,US,581,1812.1,USD,ONLINE,REVERSED
4915,2024-01-15,NL,937,3333.0,USD,BRANCH,PENDING
4916,2024-01-15,MA,8,1173.04,EUR,ATM,PENDING
4917,2024-01-01,FR,331,393.83,EUR,ONLINE,REVERSED
4918,2024-03-03,US,346,3424.19,EUR,ATM,POSTED
4919,2024-03-28,ES,748,3516.84,EUR,ATM,REVERSED
4920,2024-03-03,UK,304,1833.5,USD,ATM,PENDING
4921,2024-02-05,BE,510,3097.95,GBP,ATM,POSTED
4922,2024-02-04,MA,425,658.91,USD,BRANCH,REVERSED
4923,2024-01-03,DE,364,856.42,GBP,MOBILE,PENDING
4924,2024-02-05,ES,845,254.95,GBP,MOBILE,POSTED
4925,2024-03-02,BE,930,3835.24,USD,ONLINE,POSTED
4926,2024-01-02,PT,990,1862.94,USD,ONLINE,POSTED
4927,2024-03-29,BE,221,1990.08,GBP,ATM,PENDING
4928,2024-01-07,DE,885,1298.82,USD,ONLINE,POSTED
4929,2024-01-18,MA,497,378.31,GBP,BRANCH,REVERSED
4930,2024-01-13,PT,649,2302.06,EUR,BRANCH,POSTED
4931,2024-01-14,PT,442,2482.26,USD,ONLINE,POSTED
4932,2024-03-20,ES,358,369.0,EUR,ATM,POSTED
4933,2024-03-12,ES,562,3619.39,USD,ONLINE,POSTED
4934,2024-01-30,ES,992,2825.95,EUR,BRANCH,REVERSED
4935,2024-03-23,IT,772,2383.61,USD,ONLINE,REVERSED
4936,2024-01-14,UK,548,4823.37,GBP,BRANCH,PENDING
4937,2024-01-16,DE,439,4211.75,GBP,MOBILE,POSTED
4938,2024-02-06,PT,168,4868.0,USD,BRANCH,PENDING
4939,2024-02-08,DE,810,4815.9,EUR,BRANCH,REVERSED
4940,2024-02-29,IT,596,2060.82,USD,ONLINE,PENDING
4941,2024-03-17,DE,529,4628.46,EUR,ATM,POSTED
4942,2024-02-08,PT,975,4883.68,USD,MOBILE,POSTED
4943,2024-03-23,MA,725,3947.23,USD,ONLINE,PENDING
4944,2024-02-08,IT,650,1529.28,GBP,BRANCH,PENDING
4945,2024-03-20,NL,531,2477.54,GBP,MOBILE,PENDING
4946,2024-03-01,DE,345,4520.11,GBP,BRANCH,POSTED
4947,2024-03-07,FR,854,784.3,GBP,ATM,POSTED
4948,2024-02-04,BE,662,94.8,USD,ONLINE,PENDING
4949,2024-03-01,PT,884,2094.39,EUR,ATM,REVERSED
4950,2024-01-07,PT,293,48.41,EUR,MOBILE,REVERSED
4951,2024-02-15,NL,233,2389.93,EUR,BRANCH,POSTED
4952,2024-02-21,MA,711,3896.25,GBP,ONLINE,POSTED
4953,2024-02-16,US,608,769.79,EUR,ONLINE,PENDING
4954,2024-03-17,IT,54,2977.57,EUR,BRANCH,REVERSED
4955,2024-01-08,DE,695,1661.11,USD,ONLINE,POSTED
4956,2024-01-15,NL,188,4098.14,USD,BRANCH,POSTED
4957,2024-02-03,NL,983,4331.55,USD,ATM,POSTED
4958,2024-03-22,DE,534,1330.21,GBP,ONLINE,POSTED
4959,2024-02-12,PT,540,4925.28,USD,MOBILE,PENDING
4960,2024-01-21,ES,589,2693.98,EUR,BRANCH,REVERSED
4961,2024-02-23,MA,933,3468.0,USD,ATM,PENDING
4962,2024-02-01,PT,20,3948.43,EUR,MOBILE,POSTED
4963,2024-02-08,NL,746,3897.08,USD,BRANCH,POSTED
4964,2024-01-06,IT,146,3025.96,EUR,ATM,REVERSED
4965,2024-03-22,FR,442,1503.77,USD,MOBILE,POSTED
4966,2024-03-23,US,308,729.1,GBP,MOBILE,POSTED
4967,2024-02-11,UK,266,3293.63,EUR,BRANCH,POSTED
4968,2024-03-23,IT,127,2003.36,USD,ONLINE,REVERSED
4969,2024-01-08,MA,453,4751.87,USD,ONLINE,REVERSED
4970,2024-01-26,US,978,1156.76,GBP,MOBILE,REVERSED
4971,2024-01-03,US,327,4268.5,GBP,ONLINE,REVERSED
4972,2024-02-14,ES,525,2344.58,GBP,ONLINE,PENDING
4973,2024-02-28,IT,254,4136.35,GBP,ATM,POSTED
4974,2024-02-01,FR,956,2407.53,USD,BRANCH,POSTED
4975,2024-03-21,IT,51,904.76,EUR,MOBILE,PENDING
4976,2024-01-13,ES,156,1466.31,USD,BRANCH,POSTED
4977,2024-03-22,PT,551,1872.17,GBP,MOBILE,POSTED
4978,2024-01-08,IT,235,1734.86,USD,ATM,PENDING
4979,2024-01-07,ES,254,4107.68,USD,ATM,POSTED
4980,2024-03-03,DE,374,4736.1,USD,MOBILE,POSTED
4981,2024-03-16,US,649,4988.34,EUR,BRANCH,POSTED
4982,2024-01-20,US,969,1705.1,USD,ATM,POSTED
4983,2024-03-16,PT,160,1857.31,USD,ATM,POSTED
4984,2024-02-11,IT,522,4004.12,EUR,MOBILE,REVERSED
4985,2024-01-10,PT,93,4222.56,GBP,BRANCH,POSTED
4986,2024-02-14,IT,746,3443.23,GBP,BRANCH,POSTED
4987,2024-03-19,NL,112,1666.57,USD,BRANCH,PENDING
4988,2024-03-04,DE,915,4659.17,USD,ONLINE,POSTED
4989,2024-03-06,ES,284,2048.49,EUR,MOBILE,POSTED
4990,2024-02-22,ES,865,4260.52,GBP,BRANCH,REVERSED
4991,2024-02-25,IT,323,657.99,EUR,MOBILE,PENDING
4992,2024-01-10,UK,42,1446.52,EUR,BRANCH,REVERSED
4993,2024-03-12,MA,512,4043.57,GBP,MOBILE,REVERSED
4994,2024-02-27,NL,898,387.65,EUR,ONLINE,REVERSED
4995,2024-02-24,FR,934,4666.42,EUR,ATM,POSTED
4996,2024-01-06,DE,938,1423.36,USD,ATM,POSTED
4997,2024-01-28,PT,152,2428.48,GBP,ATM,REVERSED
4998,2024-03-17,IT,39,1405.96,USD,ATM,PENDING
4999,2024-02-01,BE,535,570.29,GBP,MOBILE,REVERSED
