transaction_id,customer_id,transaction_date,amount,currency,transaction_type,channel,status
0,0,2024-01-04,4534.74,GBP,TRANSFER,ATM,POSTED
1,0,2024-01-18,4334.39,EUR,DEBIT,BRANCH,PENDING
2,0,2024-02-28,1634.9,USD,CREDIT,MOBILE,PENDING
3,240,2024-01-03,3745.37,EUR,CREDIT,ONLINE,REVERSED
4,0,2024-03-24,202.25,EUR,DEBIT,ONLINE,POSTED
5,0,2024-01-31,631.98,GBP,DEBIT,ONLINE,PENDING
6,0,2024-02-17,839.78,GBP,TRANSFER,ATM,POSTED
7,55,2024-03-15,129.37,USD,TRANSFER,MOBILE,PENDING
8,101,2024-01-10,2960.9,GBP,DEBIT,ATM,REVERSED
9,435,2024-03-28,3002.46,EUR,TRANSFER,ATM,PENDING
10,0,2024-03-25,1853.48,GBP,TRANSFER,BRANCH,POSTED
11,421,2024-03-03,528.59,USD,TRANSFER,MOBILE,REVERSED
12,0,2024-01-23,3669.24,GBP,CREDIT,MOBILE,PENDING
13,0,2024-03-16,1342.71,EUR,DEBIT,BRANCH,PENDING
14,0,2024-02-29,2849.68,GBP,CREDIT,BRANCH,POSTED
15,0,2024-02-11,910.02,EUR,CREDIT,BRANCH,PENDING
16,0,2024-03-17,3506.22,USD,TRANSFER,ATM,REVERSED
17,43,2024-01-31,3600.65,USD,TRANSFER,ONLINE,REVERSED
18,0,2024-03-03,2241.42,EUR,DEBIT,BRANCH,POSTED
19,0,2024-02-01,1531.72,GBP,CREDIT,MOBILE,REVERSED
20,0,2024-02-24,4983.16,GBP,CREDIT,BRANCH,REVERSED
21,0,2024-02-09,1257.77,EUR,TRANSFER,ONLINE,PENDING
22,0,2024-03-09,4754.44,GBP,DEBIT,ONLINE,POSTED
23,,2024-02-05,3623.2,GBP,TRANSFER,BRANCH,POSTED
24,151,2024-01-30,1805.04,USD,DEBIT,ONLINE,PENDING
25,0,2024-01-07,2767.24,GBP,DEBIT,MOBILE,POSTED
26,293,2024-02-06,2347.52,USD,CREDIT,ONLINE,POSTED
27,0,2024-03-02,571.32,EUR,CREDIT,MOBILE,POSTED
28,0,2024-03-28,268.99,EUR,TRANSFER,BRANCH,POSTED
29,60,2024-03-12,3822.45,GBP,TRANSFER,ONLINE,REVERSED
30,0,2024-02-26,1487.47,GBP,CREDIT,BRANCH,REVERSED
31,0,2024-03-19,4800.58,EUR,DEBIT,ONLINE,PENDING
32,0,2024-01-21,1200.09,GBP,DEBIT,ONLINE,POSTED
33,0,2024-03-29,2969.46,USD,DEBIT,ONLINE,PENDING
34,,2024-03-30,4298.17,EUR,TRANSFER,ONLINE,PENDING
35,320,2024-03-16,3306.25,EUR,CREDIT,ATM,REVERSED
36,0,2024-01-20,4542.15,EUR,DEBIT,ATM,POSTED
37,304,2024-03-13,4606.04,USD,DEBIT,MOBILE,REVERSED
38,0,2024-02-21,4713.44,GBP,TRANSFER,MOBILE,PENDING
39,0,2024-01-06,4447.23,GBP,CREDIT,BRANCH,POSTED
40,0,2024-03-27,4179.96,GBP,TRANSFER,ATM,REVERSED
41,295,2024-01-06,3815.78,EUR,CREDIT,MOBILE,PENDING
42,0,2024-03-15,2179.99,USD,DEBIT,MOBILE,PENDING
43,0,2024-02-11,3351.0,EUR,CREDIT,MOBILE,REVERSED
44,0,2024-03-25,4726.02,GBP,DEBIT,MOBILE,POSTED
45,0,2024-02-11,580.49,USD,TRANSFER,ATM,REVERSED
46,236,2024-02-22,271.97,GBP,CREDIT,MOBILE,REVERSED
47,0,2024-01-07,1018.59,GBP,DEBIT,BRANCH,PENDING
48,248,2024-01-16,145.32,GBP,TRANSFER,ONLINE,REVERSED
49,0,2024-03-11,69.36,USD,DEBIT,ONLINE,POSTED
50,0,2024-01-16,3238.9,EUR,CREDIT,BRANCH,REVERSED
51,,2024-02-23,4173.79,USD,DEBIT,MOBILE,REVERSED
52,0,2024-01-25,4609.42,GBP,TRANSFER,ONLINE,POSTED
53,0,2024-02-23,1700.04,GBP,CREDIT,ATM,PENDING
54,,2024-03-16,2900.04,GBP,CREDIT,ONLINE,PENDING
55,0,2024-02-14,1662.87,GBP,CREDIT,MOBILE,PENDING
56,357,2024-01-31,2859.42,EUR,CREDIT,ATM,PENDING
57,,2024-02-18,1931.01,GBP,TRANSFER,ONLINE,PENDING
58,64,2024-03-05,4826.8,USD,DEBIT,MOBILE,POSTED
59,0,2024-02-28,77.72,EUR,CREDIT,ONLINE,POSTED
60,0,2024-02-03,1693.47,GBP,CREDIT,ATM,PENDING
61,439,2024-03-09,1900.67,USD,TRANSFER,MOBILE,REVERSED
62,0,2024-01-09,1174.62,GBP,CREDIT,ONLINE,REVERSED
63,0,2024-01-13,3802.09,GBP,DEBIT,MOBILE,POSTED
64,0,2024-01-04,230.91,EUR,CREDIT,BRANCH,PENDING
65,0,2024-02-01,2656.3,GBP,TRANSFER,ONLINE,POSTED
66,0,2024-03-19,4354.33,GBP,TRANSFER,ONLINE,PENDING
67,73,2024-01-30,2306.29,USD,CREDIT,BRANCH,REVERSED
68,0,2024-02-29,4506.15,GBP,TRANSFER,ONLINE,POSTED
69,0,2024-02-14,4938.27,USD,TRANSFER,MOBILE,REVERSED
70,0,2024-02-08,996.89,USD,CREDIT,ATM,POSTED
71,0,2024-02-15,2874.48,GBP,CREDIT,ATM,REVERSED
72,0,2024-01-02,2830.08,GBP,TRANSFER,ATM,REVERSED
73,,2024-02-06,3878.93,EUR,TRANSFER,BRANCH,POSTED
74,0,2024-03-20,1253.88,GBP,TRANSFER,ONLINE,REVERSED
75,0,2024-03-21,3232.06,USD,CREDIT,ATM,REVERSED
76,0,2024-01-17,451.58,USD,CREDIT,MOBILE,POSTED
77,0,2024-03-10,4382.43,USD,TRANSFER,BRANCH,POSTED
78,0,2024-03-02,4836.95,USD,TRANSFER,BRANCH,POSTED
79,0,2024-01-10,704.64,EUR,TRANSFER,MOBILE,REVERSED
80,0,2024-02-20,70.58,GBP,DEBIT,MOBILE,PENDING
81,0,2024-03-27,1311.54,USD,TRANSFER,BRANCH,POSTED
82,0,2024-03-01,126.1,GBP,CREDIT,ONLINE,REVERSED
83,0,2024-02-29,4547.03,USD,TRANSFER,MOBILE,POSTED
84,0,2024-01-05,1522.52,USD,DEBIT,ATM,POSTED
85,69,2024-02-19,2268.77,GBP,TRANSFER,MOBILE,REVERSED
86,,2024-01-20,4427.18,GBP,DEBIT,MOBILE,REVERSED
87,0,2024-02-05,164.55,USD,DEBIT,MOBILE,PENDING
88,437,2024-02-16,497.67,GBP,CREDIT,BRANCH,POSTED
89,0,2024-01-25,4841.07,USD,DEBIT,ONLINE,REVERSED
90,0,2024-01-03,253.84,USD,DEBIT,ONLINE,REVERSED
91,0,2024-03-11,1036.58,EUR,DEBIT,BRANCH,POSTED
92,305,2024-01-01,1387.1,EUR,DEBIT,BRANCH,POSTED
93,0,2024-01-04,659.88,USD,DEBIT,BRANCH,POSTED
94,0,2024-01-07,634.67,USD,TRANSFER,ATM,REVERSED
95,0,2024-02-27,3890.31,GBP,TRANSFER,ATM,PENDING
96,0,2024-03-19,217.78,GBP,TRANSFER,BRANCH,PENDING
97,0,2024-01-04,305.07,USD,CREDIT,MOBILE,REVERSED
98,0,2024-02-26,368.38,EUR,CREDIT,ONLINE,POSTED
99,0,2024-03-20,3165.75,GBP,TRANSFER,BRANCH,PENDING
100,271,2024-02-07,2269.12,GBP,CREDIT,ATM,REVERSED
101,0,2024-03-24,3254.93,GBP,TRANSFER,ONLINE,PENDING
102,0,2024-01-30,2069.65,USD,CREDIT,MOBILE,REVERSED
103,0,2024-02-24,1563.31,USD,CREDIT,ONLINE,REVERSED
104,34,2024-01-12,4159.03,EUR,CREDIT,ATM,REVERSED
105,,2024-01-17,2782.3,GBP,TRANSFER,BRANCH,REVERSED
106,0,2024-02-15,4368.16,USD,TRANSFER,ATM,PENDING
107,0,2024-02-15,518.9,GBP,DEBIT,ONLINE,REVERSED
108,0,2024-01-14,1751.22,GBP,CREDIT,ATM,PENDING
109,0,2024-02-24,4225.93,GBP,TRANSFER,ATM,REVERSED
110,424,2024-03-29,1337.97,EUR,CREDIT,BRANCH,PENDING
111,0,2024-01-24,4349.44,GBP,TRANSFER,MOBILE,POSTED
112,0,2024-03-22,4859.08,EUR,TRANSFER,ONLINE,PENDING
113,0,2024-02-13,787.89,USD,TRANSFER,BRANCH,REVERSED
114,0,2024-01-07,778.74,GBP,DEBIT,ATM,PENDING
115,0,2024-02-24,2428.82,USD,CREDIT,BRANCH,POSTED
116,58,2024-02-14,2150.14,USD,TRANSFER,MOBILE,REVERSED
117,0,2024-01-06,1103.37,GBP,DEBIT,ATM,POSTED
118,0,2024-01-28,3836.98,USD,CREDIT,BRANCH,POSTED
119,0,2024-02-25,879.3,USD,TRANSFER,ONLINE,REVERSED
120,0,2024-03-26,4031.19,EUR,CREDIT,ATM,PENDING
121,0,2024-01-10,4310.69,GBP,CREDIT,MOBILE,REVERSED
122,0,2024-02-07,576.75,EUR,CREDIT,ONLINE,REVERSED
123,0,2024-03-29,4598.93,EUR,CREDIT,ATM,POSTED
124,0,2024-02-21,2620.29,USD,CREDIT,BRANCH,POSTED
125,0,2024-01-22,382.82,GBP,DEBIT,ONLINE,PENDING
126,0,2024-03-23,4075.37,EUR,DEBIT,ONLINE,PENDING
127,0,2024-03-18,765.2,GBP,DEBIT,ONLINE,REVERSED
128,0,2024-03-13,3799.63,USD,TRANSFER,BRANCH,REVERSED
129,0,2024-02-26,342.36,USD,TRANSFER,BRANCH,PENDING
130,0,2024-02-15,2537.18,USD,CREDIT,MOBILE,POSTED
131,0,2024-02-06,384.58,EUR,TRANSFER,MOBILE,PENDING
132,0,2024-01-06,2249.22,GBP,TRANSFER,ONLINE,PENDING
133,0,2024-03-05,755.15,EUR,CREDIT,ATM,PENDING
134,43,2024-03-05,3230.99,EUR,DEBIT,MOBILE,PENDING
135,0,2024-03-19,794.57,USD,CREDIT,MOBILE,PENDING
136,347,2024-03-17,262.78,GBP,TRANSFER,BRANCH,POSTED
137,0,2024-03-12,3392.22,USD,CREDIT,ONLINE,PENDING
138,0,2024-03-25,708.0,USD,CREDIT,MOBILE,POSTED
139,0,2024-01-11,1548.6,USD,TRANSFER,BRANCH,POSTED
140,0,2024-03-28,4562.33,EUR,TRANSFER,MOBILE,REVERSED
141,0,2024-02-16,1545.02,EUR,CREDIT,MOBILE,POSTED
142,0,2024-01-18,775.57,USD,DEBIT,ATM,REVERSED
143,0,2024-03-20,656.11,USD,DEBIT,ONLINE,POSTED
144,394,2024-03-20,4045.41,EUR,TRANSFER,MOBILE,POSTED
145,0,2024-03-27,3598.21,USD,TRANSFER,BRANCH,REVERSED
146,119,2024-03-09,1196.6,USD,DEBIT,BRANCH,REVERSED
147,225,2024-02-29,3847.42,USD,TRANSFER,MOBILE,POSTED
148,410,2024-03-18,692.85,USD,DEBIT,MOBILE,PENDING
149,0,2024-01-14,3557.29,GBP,DEBIT,BRANCH,POSTED
150,139,2024-02-27,4526.63,EUR,CREDIT,ATM,POSTED
151,452,2024-02-14,4652.43,USD,DEBIT,MOBILE,REVERSED
152,0,2024-02-19,4972.63,USD,DEBIT,ATM,PENDING
153,429,2024-03-24,1677.12,EUR,DEBIT,ATM,PENDING
154,241,2024-03-30,4155.72,GBP,CREDIT,MOBILE,REVERSED
155,0,2024-01-11,96.0,EUR,DEBIT,MOBILE,POSTED
156,121,2024-02-08,610.12,EUR,CREDIT,MOBILE,POSTED
157,0,2024-03-04,2984.1,EUR,TRANSFER,ONLINE,REVERSED
158,0,2024-02-24,8.82,USD,DEBIT,MOBILE,POSTED
159,0,2024-01-11,2617.9,USD,DEBIT,ATM,PENDING
160,22,2024-03-22,1935.02,USD,CREDIT,ATM,PENDING
161,176,2024-01-31,3664.97,GBP,DEBIT,BRANCH,POSTED
162,0,2024-03-10,1693.4,GBP,DEBIT,MOBILE,REVERSED
163,0,2024-01-24,4057.68,EUR,TRANSFER,MOBILE,POSTED
164,0,2024-01-06,3955.75,EUR,CREDIT,BRANCH,REVERSED
165,0,2024-03-10,2367.53,EUR,TRANSFER,ONLINE,PENDING
166,0,2024-01-07,4329.13,USD,CREDIT,ATM,PENDING
167,0,2024-02-21,3716.8,USD,CREDIT,ONLINE,PENDING
168,0,2024-02-17,4621.63,GBP,CREDIT,ATM,REVERSED
169,0,2024-02-25,3012.66,EUR,TRANSFER,BRANCH,PENDING
170,0,2024-02-11,3304.94,USD,CREDIT,MOBILE,POSTED
171,0,2024-02-14,2236.2,GBP,CREDIT,MOBILE,PENDING
172,0,2024-01-08,376.13,GBP,CREDIT,BRANCH,REVERSED
173,347,2024-01-21,4763.99,EUR,TRANSFER,MOBILE,POSTED
174,0,2024-01-31,3892.8,USD,CREDIT,MOBILE,REVERSED
175,0,2024-01-20,3395.63,USD,CREDIT,MOBILE,POSTED
176,0,2024-03-08,1835.38,USD,TRANSFER,BRANCH,POSTED
177,13,2024-01-24,2495.72,USD,TRANSFER,ATM,PENDING
178,360,2024-02-27,1073.64,GBP,CREDIT,MOBILE,POSTED
179,0,2024-01-10,2260.76,GBP,CREDIT,ATM,REVERSED
180,163,2024-03-26,1737.78,EUR,TRANSFER,BRANCH,PENDING
181,364,2024-03-30,3188.86,USD,TRANSFER,ONLINE,POSTED
182,405,2024-01-18,1184.44,USD,DEBIT,BRANCH,REVERSED
183,0,2024-02-29,4018.5,GBP,DEBIT,ATM,POSTED
184,0,2024-03-02,2628.95,USD,TRANSFER,ATM,POSTED
185,328,2024-01-10,2250.42,GBP,TRANSFER,BRANCH,POSTED
186,399,2024-03-11,3199.33,EUR,DEBIT,MOBILE,REVERSED
187,28,2024-01-16,2590.99,USD,DEBIT,ONLINE,PENDING
188,115,2024-02-14,4737.47,GBP,CREDIT,ATM,PENDING
189,0,2024-03-11,1372.98,GBP,CREDIT,ATM,REVERSED
190,0,2024-03-16,4708.09,EUR,DEBIT,BRANCH,REVERSED
191,0,2024-01-04,407.03,GBP,TRANSFER,BRANCH,REVERSED
192,0,2024-03-14,2083.52,GBP,DEBIT,MOBILE,REVERSED
193,0,2024-03-23,4783.29,USD,DEBIT,MOBILE,PENDING
194,0,2024-03-29,300.51,USD,CREDIT,MOBILE,PENDING
195,0,2024-03-18,719.2,GBP,CREDIT,BRANCH,PENDING
196,0,2024-02-17,2575.39,EUR,CREDIT,ONLINE,PENDING
197,0,2024-02-27,1240.35,EUR,DEBIT,BRANCH,PENDING
198,214,2024-02-01,4813.47,EUR,CREDIT,BRANCH,POSTED
199,255,2024-03-06,2334.61,USD,CREDIT,ATM,POSTED
200,258,2024-02-28,4833.47,EUR,TRANSFER,BRANCH,POSTED
201,0,2024-03-04,2988.0,GBP,TRANSFER,MOBILE,PENDING
202,0,2024-01-14,2155.21,USD,TRANSFER,BRANCH,PENDING
203,0,2024-02-21,256.74,GBP,DEBIT,BRANCH,REVERSED
204,0,2024-02-19,2521.77,GBP,CREDIT,ATM,POSTED
205,201,2024-02-17,3974.69,USD,TRANSFER,BRANCH,POSTED
206,0,2024-03-06,2007.53,EUR,DEBIT,ATM,POSTED
207,,2024-03-01,2597.14,EUR,TRANSFER,ONLINE,PENDING
208,163,2024-01-21,1965.38,GBP,TRANSFER,BRANCH,REVERSED
209,0,2024-03-06,2662.17,GBP,TRANSFER,BRANCH,PENDING
210,188,2024-02-12,3369.36,USD,TRANSFER,BRANCH,REVERSED
211,322,2024-01-04,2984.95,USD,TRANSFER,ONLINE,REVERSED
212,0,2024-03-02,853.39,GBP,TRANSFER,MOBILE,POSTED
213,124,2024-01-05,2863.28,GBP,DEBIT,ONLINE,POSTED
214,0,2024-02-23,758.0,GBP,DEBIT,MOBILE,REVERSED
215,471,2024-03-01,4364.22,GBP,TRANSFER,ATM,REVERSED
216,0,2024-01-27,2804.87,GBP,CREDIT,MOBILE,PENDING
217,235,2024-03-09,1712.29,USD,TRANSFER,BRANCH,REVERSED
218,0,2024-02-01,1395.75,USD,DEBIT,BRANCH,PENDING
219,,2024-03-29,3525.24,USD,CREDIT,BRANCH,REVERSED
220,407,2024-02-05,1439.66,GBP,TRANSFER,MOBILE,PENDING
221,488,2024-01-19,1452.97,USD,TRANSFER,ATM,PENDING
222,335,2024-02-02,3736.95,EUR,DEBIT,BRANCH,REVERSED
223,0,2024-01-18,547.02,GBP,TRANSFER,ONLINE,POSTED
224,0,2024-03-08,1129.13,EUR,DEBIT,ATM,PENDING
225,0,2024-03-01,503.62,EUR,DEBIT,ONLINE,PENDING
226,0,2024-03-01,2387.77,EUR,CREDIT,BRANCH,PENDING
227,0,2024-01-12,3261.84,EUR,TRANSFER,ATM,POSTED
228,0,2024-01-23,4669.68,EUR,CREDIT,MOBILE,POSTED
229,492,2024-02-07,4383.84,EUR,CREDIT,ATM,PENDING
230,0,2024-03-23,2716.96,USD,DEBIT,MOBILE,PENDING
231,0,2024-01-15,1654.09,GBP,CREDIT,BRANCH,REVERSED
232,0,2024-02-13,3954.05,GBP,TRANSFER,ONLINE,POSTED
233,0,2024-03-22,4485.32,USD,TRANSFER,BRANCH,POSTED
234,0,2024-01-13,924.72,EUR,CREDIT,BRANCH,POSTED
235,0,2024-02-19,1178.37,USD,CREDIT,BRANCH,REVERSED
236,,2024-01-02,1308.5,USD,TRANSFER,ONLINE,POSTED
237,0,2024-02-29,1534.72,USD,TRANSFER,BRANCH,REVERSED
238,0,2024-02-07,1838.35,EUR,DEBIT,ONLINE,PENDING
239,0,2024-03-18,1868.75,GBP,TRANSFER,MOBILE,REVERSED
240,422,2024-01-28,3809.54,GBP,TRANSFER,ATM,REVERSED
241,0,2024-02-16,391.44,GBP,DEBIT,ATM,REVERSED
242,103,2024-03-14,2683.76,EUR,CREDIT,MOBILE,POSTED
243,0,2024-03-15,2444.65,GBP,CREDIT,ATM,PENDING
244,0,2024-02-23,2284.54,EUR,TRANSFER,MOBILE,REVERSED
245,370,2024-01-03,1980.35,EUR,TRANSFER,ONLINE,REVERSED
246,0,2024-02-24,1723.3,EUR,TRANSFER,ATM,POSTED
247,241,2024-01-05,1436.17,EUR,DEBIT,MOBILE,PENDING
248,195,2024-02-27,4348.23,USD,CREDIT,ATM,REVERSED
249,447,2024-03-10,665.82,USD,DEBIT,ONLINE,REVERSED
250,0,2024-01-17,3639.56,EUR,DEBIT,ATM,PENDING
251,0,2024-03-10,2121.22,USD,DEBIT,ONLINE,PENDING
252,0,2024-02-05,943.21,GBP,DEBIT,ATM,REVERSED
253,0,2024-01-03,1204.09,EUR,DEBIT,ATM,PENDING
254,0,2024-01-07,1224.43,EUR,CREDIT,MOBILE,POSTED
255,0,2024-01-08,701.54,USD,DEBIT,BRANCH,REVERSED
256,0,2024-03-27,4092.09,EUR,CREDIT,ONLINE,REVERSED
257,0,2024-02-22,1503.2,EUR,TRANSFER,ONLINE,REVERSED
258,0,2024-03-12,2478.61,USD,TRANSFER,MOBILE,REVERSED
259,0,2024-02-23,2041.89,USD,CREDIT,ONLINE,REVERSED
260,0,2024-01-29,1504.38,GBP,DEBIT,MOBILE,POSTED
261,0,2024-02-23,2786.88,EUR,CREDIT,ONLINE,PENDING
262,0,2024-03-23,396.27,USD,CREDIT,ATM,REVERSED
263,,2024-01-25,258.63,USD,TRANSFER,ATM,POSTED
264,0,2024-03-16,3621.8,GBP,DEBIT,MOBILE,POSTED
265,170,2024-02-08,4785.14,EUR,DEBIT,ONLINE,REVERSED
266,0,2024-03-02,4572.29,GBP,TRANSFER,ONLINE,PENDING
267,282,2024-02-11,3877.79,USD,CREDIT,BRANCH,PENDING
268,0,2024-03-06,4414.18,USD,DEBIT,MOBILE,PENDING
269,189,2024-02-10,2070.24,GBP,DEBIT,ONLINE,POSTED
270,0,2024-03-15,2896.14,USD,CREDIT,ONLINE,POSTED
271,0,2024-02-18,2849.38,EUR,CREDIT,BRANCH,PENDING
272,250,2024-03-23,3698.23,USD,DEBIT,BRANCH,POSTED
273,0,2024-03-10,2442.09,GBP,TRANSFER,ATM,REVERSED
274,0,2024-01-10,4726.0,GBP,DEBIT,ATM,PENDING
275,0,2024-03-21,1157.94,GBP,DEBIT,ATM,POSTED
276,0,2024-02-17,303.19,GBP,TRANSFER,MOBILE,REVERSED
277,0,2024-01-01,2661.53,USD,DEBIT,ATM,REVERSED
278,,2024-03-09,4887.42,EUR,TRANSFER,MOBILE,POSTED
279,0,2024-01-13,2622.4,EUR,DEBIT,BRANCH,PENDING
280,0,2024-02-20,396.02,USD,CREDIT,ONLINE,REVERSED
281,0,2024-03-28,4140.48,EUR,TRANSFER,ATM,POSTED
282,0,2024-02-18,2763.95,EUR,TRANSFER,ATM,REVERSED
283,0,2024-03-04,4226.8,GBP,CREDIT,ATM,REVERSED
284,117,2024-01-28,4506.46,GBP,TRANSFER,MOBILE,PENDING
285,0,2024-01-10,3422.46,USD,TRANSFER,ATM,POSTED
286,161,2024-01-03,4807.38,GBP,DEBIT,MOBILE,POSTED
287,0,2024-03-13,1203.12,USD,TRANSFER,BRANCH,PENDING
288,71,2024-03-29,3621.09,GBP,TRANSFER,BRANCH,POSTED
289,0,2024-01-30,4193.53,USD,TRANSFER,MOBILE,PENDING
290,0,2024-02-04,3917.96,USD,CREDIT,ONLINE,PENDING
291,0,2024-02-18,2159.81,GBP,TRANSFER,MOBILE,POSTED
292,151,2024-02-01,3565.83,EUR,CREDIT,ONLINE,PENDING
293,,2024-03-22,772.23,USD,CREDIT,BRANCH,POSTED
294,0,2024-02-09,2224.23,USD,DEBIT,ONLINE,POSTED
295,0,2024-02-27,2785.37,GBP,CREDIT,ATM,POSTED
296,0,2024-03-11,466.23,GBP,CREDIT,MOBILE,POSTED
297,0,2024-02-19,3896.07,GBP,TRANSFER,ONLINE,REVERSED
298,0,2024-03-28,1904.28,EUR,CREDIT,BRANCH,PENDING
299,0,2024-01-09,836.87,USD,CREDIT,BRANCH,PENDING
300,184,2024-02-02,4721.17,GBP,TRANSFER,MOBILE,REVERSED
301,0,2024-02-28,535.75,USD,DEBIT,MOBILE,PENDING
302,194,2024-02-12,2201.67,USD,TRANSFER,ONLINE,PENDING
303,0,2024-03-29,1005.06,USD,DEBIT,MOBILE,PENDING
304,0,2024-03-29,3164.88,GBP,DEBIT,BRANCH,PENDING
305,0,2024-02-20,1825.71,GBP,DEBIT,ONLINE,REVERSED
306,13,2024-02-29,4714.93,EUR,CREDIT,BRANCH,REVERSED
307,0,2024-02-22,3365.22,EUR,TRANSFER,BRANCH,POSTED
308,0,2024-01-20,3576.47,USD,DEBIT,MOBILE,REVERSED
309,0,2024-02-21,2672.3,GBP,CREDIT,ATM,PENDING
310,,2024-03-09,2969.51,EUR,DEBIT,ONLINE,REVERSED
311,0,2024-01-22,3235.35,EUR,TRANSFER,MOBILE,PENDING
312,220,2024-01-14,53.73,USD,DEBIT,ONLINE,PENDING
313,0,2024-02-29,3861.94,GBP,TRANSFER,ONLINE,PENDING
314,247,2024-01-14,1477.87,EUR,DEBIT,ONLINE,PENDING
315,0,2024-02-28,3921.57,GBP,CREDIT,BRANCH,PENDING
316,0,2024-03-30,2262.78,EUR,CREDIT,ATM,REVERSED
317,0,2024-02-13,3240.2,GBP,DEBIT,ONLINE,REVERSED
318,0,2024-01-21,1655.62,USD,CREDIT,ONLINE,PENDING
319,0,2024-01-24,3202.75,USD,CREDIT,ATM,REVERSED
320,0,2024-01-26,2248.43,USD,CREDIT,ATM,REVERSED
321,0,2024-02-05,3761.88,EUR,TRANSFER,ATM,REVERSED
322,0,2024-02-11,986.17,EUR,CREDIT,MOBILE,REVERSED
323,160,2024-03-17,1943.81,USD,TRANSFER,ATM,PENDING
324,0,2024-02-28,3087.2,GBP,TRANSFER,BRANCH,REVERSED
325,0,2024-03-27,670.6,EUR,DEBIT,BRANCH,POSTED
326,0,2024-03-29,707.65,USD,CREDIT,ONLINE,REVERSED
327,0,2024-01-24,2433.86,GBP,TRANSFER,ONLINE,REVERSED
328,0,2024-02-06,702.34,USD,CREDIT,ATM,PENDING
329,248,2024-01-18,976.45,USD,TRANSFER,MOBILE,PENDING
330,0,2024-02-23,3551.0,USD,CREDIT,ONLINE,POSTED
331,0,2024-01-29,1461.16,USD,DEBIT,BRANCH,POSTED
332,289,2024-03-04,2749.08,EUR,TRANSFER,ATM,PENDING
333,421,2024-02-16,2710.67,EUR,TRANSFER,MOBILE,REVERSED
334,0,2024-02-24,512.98,GBP,DEBIT,BRANCH,POSTED
335,0,2024-02-14,4311.14,EUR,CREDIT,ATM,POSTED
336,0,2024-03-16,3445.98,GBP,TRANSFER,MOBILE,POSTED
337,0,2024-01-27,4067.84,EUR,TRANSFER,BRANCH,REVERSED
338,0,2024-03-09,842.72,GBP,CREDIT,BRANCH,REVERSED
339,0,2024-03-06,4927.46,GBP,DEBIT,ONLINE,PENDING
340,141,2024-03-24,635.31,EUR,DEBIT,ONLINE,REVERSED
341,0,2024-02-01,3807.61,GBP,CREDIT,MOBILE,POSTED
342,0,2024-02-04,3139.44,USD,CREDIT,ATM,REVERSED
343,393,2024-01-12,2014.85,GBP,CREDIT,BRANCH,PENDING
344,167,2024-03-15,13.36,GBP,DEBIT,MOBILE,REVERSED
345,0,2024-02-15,4250.68,GBP,CREDIT,ONLINE,PENDING
346,253,2024-02-04,1615.0,USD,CREDIT,ONLINE,REVERSED
347,403,2024-02-13,4470.88,EUR,DEBIT,ATM,REVERSED
348,235,2024-01-03,622.06,EUR,CREDIT,MOBILE,POSTED
349,219,2024-01-26,4978.47,EUR,TRANSFER,BRANCH,POSTED
350,448,2024-02-05,467.61,USD,CREDIT,ATM,PENDING
351,0,2024-03-24,828.46,USD,TRANSFER,BRANCH,REVERSED
352,0,2024-01-30,2146.73,EUR,TRANSFER,ATM,POSTED
353,0,2024-01-10,664.37,EUR,TRANSFER,MOBILE,POSTED
354,0,2024-02-13,4085.73,USD,TRANSFER,ONLINE,PENDING
355,0,2024-02-19,447.57,EUR,DEBIT,BRANCH,PENDING
356,70,2024-02-18,3867.53,EUR,TRANSFER,ONLINE,POSTED
357,0,2024-01-02,3051.99,EUR,CREDIT,BRANCH,REVERSED
358,0,2024-01-20,4599.55,GBP,TRANSFER,MOBILE,POSTED
359,0,2024-01-13,700.93,EUR,TRANSFER,MOBILE,PENDING
360,161,2024-01-18,1239.68,GBP,DEBIT,ONLINE,REVERSED
361,0,2024-03-18,1425.32,GBP,DEBIT,BRANCH,POSTED
362,0,2024-03-06,944.04,USD,CREDIT,ATM,POSTED
363,0,2024-01-15,1206.17,GBP,TRANSFER,ATM,REVERSED
364,6,2024-02-16,4669.69,EUR,CREDIT,MOBILE,PENDING
365,0,2024-01-23,3813.87,EUR,DEBIT,ATM,POSTED
366,0,2024-01-06,4612.97,USD,TRANSFER,BRANCH,REVERSED
367,,2024-02-23,2118.45,USD,DEBIT,ONLINE,PENDING
368,0,2024-01-11,2557.01,EUR,DEBIT,BRANCH,PENDING
369,0,2024-03-24,3405.6,EUR,CREDIT,MOBILE,REVERSED
370,122,2024-01-08,1223.15,USD,DEBIT,MOBILE,REVERSED
371,0,2024-02-09,3330.73,GBP,TRANSFER,ONLINE,POSTED
372,0,2024-01-18,3507.8,EUR,CREDIT,BRANCH,REVERSED
373,0,2024-02-03,835.65,EUR,TRANSFER,BRANCH,REVERSED
374,394,2024-01-04,1675.72,USD,CREDIT,ATM,PENDING
375,,2024-03-14,3138.04,USD,CREDIT,BRANCH,POSTED
376,0,2024-03-13,835.24,EUR,CREDIT,ATM,REVERSED
377,0,2024-01-15,1142.79,GBP,DEBIT,ATM,POSTED
378,0,2024-03-01,1820.52,EUR,DEBIT,ATM,REVERSED
379,365,2024-03-24,2097.43,USD,DEBIT,MOBILE,REVERSED
380,0,2024-01-10,2858.11,EUR,TRANSFER,ATM,POSTED
381,0,2024-03-07,4907.09,USD,DEBIT,MOBILE,PENDING
382,159,2024-02-11,432.84,USD,DEBIT,BRANCH,POSTED
383,0,2024-02-08,3698.14,EUR,CREDIT,BRANCH,REVERSED
384,395,2024-01-26,3662.58,GBP,DEBIT,ONLINE,POSTED
385,12,2024-01-30,2708.18,GBP,TRANSFER,ATM,PENDING
386,0,2024-03-25,1882.0,GBP,TRANSFER,BRANCH,POSTED
387,0,2024-01-31,2099.66,EUR,DEBIT,BRANCH,POSTED
388,0,2024-01-30,4486.54,GBP,CREDIT,BRANCH,PENDING
389,43,2024-03-15,478.79,EUR,TRANSFER,MOBILE,POSTED
390,0,2024-01-08,2175.48,EUR,DEBIT,BRANCH,PENDING
391,474,2024-02-20,3503.93,GBP,CREDIT,BRANCH,PENDING
392,0,2024-01-10,4717.83,EUR,TRANSFER,ATM,POSTED
393,0,2024-02-27,2330.81,USD,DEBIT,BRANCH,POSTED
394,0,2024-02-29,1325.77,EUR,DEBIT,ONLINE,REVERSED
395,0,2024-03-30,3016.91,EUR,CREDIT,ONLINE,POSTED
396,,2024-02-15,1981.83,EUR,TRANSFER,BRANCH,PENDING
397,89,2024-01-04,4760.53,USD,TRANSFER,ONLINE,POSTED
398,0,2024-01-18,608.14,EUR,DEBIT,ONLINE,POSTED
399,190,2024-03-28,3151.86,GBP,DEBIT,BRANCH,POSTED
400,0,2024-01-09,989.55,GBP,CREDIT,ONLINE,POSTED
401,424,2024-02-12,613.52,USD,DEBIT,ONLINE,REVERSED
402,0,2024-02-20,2481.14,USD,TRANSFER,MOBILE,POSTED
403,0,2024-01-24,1375.63,USD,DEBIT,ATM,REVERSED
404,0,2024-02-01,3236.74,USD,CREDIT,MOBILE,POSTED
405,0,2024-02-19,687.04,EUR,TRANSFER,ONLINE,REVERSED
406,278,2024-01-03,4947.03,GBP,CREDIT,MOBILE,REVERSED
407,176,2024-03-13,2512.46,USD,CREDIT,ONLINE,POSTED
408,0,2024-01-29,147.49,USD,DEBIT,MOBILE,REVERSED
409,0,2024-03-15,4998.03,EUR,DEBIT,ONLINE,REVERSED
410,0,2024-03-09,4081.61,GBP,DEBIT,ONLINE,REVERSED
411,408,2024-02-19,1774.67,EUR,DEBIT,ONLINE,REVERSED
412,0,2024-03-30,1794.56,GBP,DEBIT,BRANCH,REVERSED
413,0,2024-03-13,4741.89,USD,TRANSFER,BRANCH,POSTED
414,0,2024-01-12,281.78,GBP,DEBIT,ATM,REVERSED
415,0,2024-02-12,4589.56,EUR,DEBIT,BRANCH,REVERSED
416,0,2024-02-11,298.72,EUR,TRANSFER,ONLINE,POSTED
417,440,2024-02-16,4802.83,USD,TRANSFER,MOBILE,REVERSED
418,0,2024-02-08,1613.69,EUR,TRANSFER,MOBILE,REVERSED
419,332,2024-02-10,871.84,GBP,TRANSFER,BRANCH,POSTED
420,0,2024-01-23,1892.54,GBP,TRANSFER,BRANCH,POSTED
421,0,2024-01-01,4743.99,GBP,CREDIT,ATM,POSTED
422,0,2024-03-19,1105.26,GBP,DEBIT,MOBILE,POSTED
423,0,2024-01-10,1190.74,USD,DEBIT,ATM,REVERSED
424,0,2024-02-12,2233.7,USD,DEBIT,ONLINE,REVERSED
425,0,2024-02-02,3935.31,GBP,DEBIT,ATM,PENDING
426,0,2024-02-23,4845.54,USD,CREDIT,MOBILE,PENDING
427,0,2024-01-13,4144.21,GBP,TRANSFER,ONLINE,POSTED
428,0,2024-01-05,1475.25,USD,CREDIT,ATM,POSTED
429,0,2024-02-18,805.36,EUR,TRANSFER,ATM,PENDING
430,0,2024-03-19,4466.24,GBP,DEBIT,MOBILE,REVERSED
431,0,2024-02-25,786.36,EUR,CREDIT,ONLINE,POSTED
432,0,2024-03-11,3610.47,GBP,TRANSFER,BRANCH,REVERSED
433,0,2024-01-31,480.48,USD,TRANSFER,MOBILE,POSTED
434,0,2024-01-01,2138.6,USD,TRANSFER,MOBILE,POSTED
435,0,2024-01-27,854.99,USD,DEBIT,MOBILE,POSTED
436,0,2024-02-20,2355.25,GBP,CREDIT,ATM,REVERSED
437,0,2024-01-24,1855.73,USD,CREDIT,ONLINE,PENDING
438,0,2024-02-26,2325.82,EUR,CREDIT,ATM,POSTED
439,341,2024-01-13,429.45,USD,TRANSFER,MOBILE,REVERSED
440,0,2024-01-08,4204.15,GBP,CREDIT,MOBILE,REVERSED
441,243,2024-02-08,395.7,GBP,DEBIT,ONLINE,POSTED
442,229,2024-01-23,4745.36,EUR,DEBIT,ONLINE,POSTED
443,0,2024-01-11,4941.41,USD,DEBIT,ONLINE,REVERSED
444,0,2024-01-09,436.05,GBP,CREDIT,BRANCH,PENDING
445,0,2024-01-02,3932.97,GBP,TRANSFER,MOBILE,POSTED
446,0,2024-01-19,2833.4,GBP,DEBIT,ATM,REVERSED
447,402,2024-02-06,4337.51,USD,CREDIT,BRANCH,PENDING
448,0,2024-03-14,3045.2,EUR,DEBIT,BRANCH,PENDING
449,0,2024-03-18,3404.38,USD,DEBIT,MOBILE,PENDING
450,0,2024-01-07,3729.0,USD,CREDIT,ATM,PENDING
451,155,2024-02-09,1402.45,USD,TRANSFER,ATM,POSTED
452,0,2024-02-26,3870.38,USD,CREDIT,MOBILE,REVERSED
453,0,2024-01-25,2209.14,USD,TRANSFER,MOBILE,REVERSED
454,420,2024-01-08,2576.83,EUR,DEBIT,BRANCH,REVERSED
455,0,2024-01-18,3902.8,GBP,TRANSFER,ATM,POSTED
456,0,2024-01-26,4185.05,EUR,DEBIT,MOBILE,POSTED
457,360,2024-01-26,1370.61,USD,TRANSFER,MOBILE,REVERSED
458,348,2024-01-04,1210.45,USD,TRANSFER,MOBILE,POSTED
459,242,2024-03-16,2757.12,USD,DEBIT,BRANCH,REVERSED
460,46,2024-02-06,138.22,EUR,DEBIT,ONLINE,POSTED
461,0,2024-03-27,1034.45,GBP,CREDIT,ATM,REVERSED
462,0,2024-01-17,3237.21,GBP,DEBIT,ONLINE,PENDING
463,0,2024-02-09,3563.99,GBP,TRANSFER,BRANCH,PENDING
464,436,2024-02-14,2295.53,EUR,CREDIT,BRANCH,REVERSED
465,0,2024-03-20,1986.37,EUR,DEBIT,BRANCH,REVERSED
466,0,2024-03-18,1414.1,GBP,DEBIT,MOBILE,POSTED
467,0,2024-02-05,3203.33,USD,CREDIT,BRANCH,POSTED
468,0,2024-01-31,4498.54,GBP,CREDIT,BRANCH,REVERSED
469,0,2024-01-04,3277.35,USD,CREDIT,MOBILE,PENDING
470,0,2024-01-05,2915.54,GBP,DEBIT,BRANCH,REVERSED
471,,2024-03-28,2673.64,USD,TRANSFER,BRANCH,REVERSED
472,0,2024-01-22,4203.35,GBP,DEBIT,BRANCH,POSTED
473,0,2024-02-03,3626.21,GBP,DEBIT,BRANCH,REVERSED
474,0,2024-02-15,1117.42,USD,CREDIT,BRANCH,PENDING
475,0,2024-02-07,2319.34,EUR,CREDIT,ATM,REVERSED
476,0,2024-03-20,357.01,EUR,TRANSFER,ATM,REVERSED
477,0,2024-02-08,2066.12,EUR,DEBIT,ONLINE,PENDING
478,0,2024-03-13,4464.33,USD,DEBIT,BRANCH,REVERSED
479,0,2024-01-11,2438.42,GBP,DEBIT,BRANCH,REVERSED
480,0,2024-02-27,1368.37,EUR,TRANSFER,ONLINE,PENDING
481,399,2024-01-12,647.9,USD,TRANSFER,MOBILE,PENDING
482,0,2024-03-02,1917.2,EUR,TRANSFER,ONLINE,REVERSED
483,0,2024-01-02,4460.14,GBP,DEBIT,ATM,REVERSED
484,0,2024-02-01,1132.1,USD,CREDIT,ONLINE,POSTED
485,0,2024-03-16,1531.27,EUR,DEBIT,BRANCH,PENDING
486,0,2024-03-07,2982.25,USD,CREDIT,ONLINE,PENDING
487,250,2024-02-15,3750.83,EUR,CREDIT,ATM,POSTED
488,0,2024-01-17,1056.74,EUR,TRANSFER,ONLINE,POSTED
489,0,2024-03-24,3960.84,USD,TRANSFER,BRANCH,REVERSED
490,0,2024-03-17,4973.41,GBP,DEBIT,ATM,POSTED
491,0,2024-02-23,2222.13,EUR,TRANSFER,BRANCH,PENDING
492,,2024-01-27,3476.26,GBP,DEBIT,BRANCH,PENDING
493,0,2024-03-25,2602.03,GBP,TRANSFER,ONLINE,PENDING
494,53,2024-03-06,3594.11,EUR,CREDIT,ATM,POSTED
495,0,2024-03-18,999.55,USD,TRANSFER,ONLINE,PENDING
496,,2024-02-07,802.71,GBP,CREDIT,ONLINE,REVERSED
497,169,2024-01-31,14.69,GBP,DEBIT,ATM,REVERSED
498,0,2024-01-20,4747.28,GBP,DEBIT,ATM,PENDING
499,0,2024-02-28,4943.34,USD,CREDIT,MOBILE,POSTED
500,0,2024-01-23,4370.83,USD,CREDIT,BRANCH,PENDING
501,,2024-01-13,4256.38,EUR,DEBIT,ONLINE,REVERSED
502,0,2024-02-12,1788.28,USD,TRANSFER,BRANCH,REVERSED
503,0,2024-02-13,915.16,USD,CREDIT,MOBILE,PENDING
504,353,2024-03-02,3999.7,GBP,DEBIT,ATM,POSTED
505,0,2024-01-08,4907.86,EUR,DEBIT,MOBILE,REVERSED
506,0,2024-03-13,3392.29,EUR,TRANSFER,MOBILE,PENDING
507,0,2024-03-28,4399.87,GBP,DEBIT,MOBILE,PENDING
508,0,2024-02-22,2204.0,EUR,CREDIT,BRANCH,POSTED
509,,2024-03-27,2624.56,GBP,TRANSFER,ONLINE,REVERSED
510,265,2024-03-07,3441.52,GBP,DEBIT,MOBILE,REVERSED
511,,2024-03-02,1729.4,GBP,TRANSFER,MOBILE,POSTED
512,285,2024-03-19,273.78,GBP,DEBIT,MOBILE,PENDING
513,38,2024-03-03,1603.85,USD,CREDIT,ATM,REVERSED
514,0,2024-03-23,1893.81,EUR,DEBIT,MOBILE,PENDING
515,229,2024-01-12,4283.09,USD,CREDIT,ATM,PENDING
516,,2024-01-03,514.11,USD,DEBIT,ATM,POSTED
517,493,2024-03-20,3188.05,GBP,TRANSFER,ONLINE,REVERSED
518,0,2024-02-13,1817.35,EUR,DEBIT,MOBILE,PENDING
519,0,2024-03-20,3000.16,GBP,TRANSFER,BRANCH,REVERSED
520,0,2024-01-13,3796.84,EUR,DEBIT,BRANCH,PENDING
521,493,2024-02-07,2738.91,USD,TRANSFER,ATM,POSTED
522,252,2024-01-18,4109.37,GBP,TRANSFER,MOBILE,POSTED
523,0,2024-01-26,938.53,USD,DEBIT,MOBILE,POSTED
524,,2024-01-14,3785.99,EUR,TRANSFER,ATM,PENDING
525,0,2024-03-16,4781.0,EUR,CREDIT,ATM,REVERSED
526,,2024-03-11,4676.61,GBP,CREDIT,ONLINE,REVERSED
527,0,2024-01-17,518.67,GBP,TRANSFER,BRANCH,REVERSED
528,214,2024-03-18,4579.64,EUR,CREDIT,MOBILE,PENDING
529,231,2024-01-18,691.76,GBP,TRANSFER,BRANCH,REVERSED
530,0,2024-02-10,3559.66,GBP,TRANSFER,ONLINE,POSTED
531,0,2024-02-07,3433.37,GBP,DEBIT,ONLINE,REVERSED
532,0,2024-03-22,1612.58,EUR,CREDIT,MOBILE,REVERSED
533,0,2024-03-26,3550.91,GBP,TRANSFER,BRANCH,PENDING
534,267,2024-01-14,127.34,EUR,DEBIT,ATM,POSTED
535,0,2024-01-21,4917.68,GBP,CREDIT,ONLINE,POSTED
536,0,2024-02-07,1020.8,GBP,DEBIT,BRANCH,PENDING
537,0,2024-03-27,3697.72,EUR,TRANSFER,MOBILE,POSTED
538,0,2024-03-30,1438.91,GBP,DEBIT,MOBILE,PENDING
539,0,2024-03-28,1563.96,GBP,DEBIT,ATM,REVERSED
540,0,2024-03-20,4344.38,USD,DEBIT,BRANCH,REVERSED
541,0,2024-03-18,983.15,GBP,DEBIT,BRANCH,PENDING
542,0,2024-03-28,373.27,EUR,TRANSFER,ATM,PENDING
543,0,2024-02-05,2783.44,EUR,DEBIT,BRANCH,POSTED
544,0,2024-01-20,200.66,USD,TRANSFER,ATM,REVERSED
545,0,2024-03-25,1506.47,GBP,TRANSFER,BRANCH,POSTED
546,162,2024-03-08,1100.59,EUR,TRANSFER,ATM,REVERSED
547,0,2024-03-10,2685.64,EUR,CREDIT,ONLINE,POSTED
548,0,2024-02-12,1804.63,EUR,TRANSFER,MOBILE,REVERSED
549,332,2024-01-02,574.5,USD,CREDIT,ONLINE,REVERSED
550,0,2024-03-20,1219.89,EUR,TRANSFER,BRANCH,PENDING
551,483,2024-01-15,1929.99,GBP,TRANSFER,BRANCH,POSTED
552,420,2024-02-17,2572.03,GBP,CREDIT,MOBILE,POSTED
553,0,2024-03-24,963.37,GBP,DEBIT,ATM,POSTED
554,395,2024-03-09,2666.5,GBP,DEBIT,ONLINE,REVERSED
555,0,2024-01-28,4324.89,USD,DEBIT,ONLINE,REVERSED
556,449,2024-02-25,3233.16,EUR,TRANSFER,ONLINE,POSTED
557,0,2024-02-12,190.39,EUR,DEBIT,ONLINE,PENDING
558,0,2024-03-14,4108.27,USD,CREDIT,MOBILE,PENDING
559,0,2024-02-25,1582.7,USD,TRANSFER,ATM,REVERSED
560,0,2024-03-20,317.12,GBP,TRANSFER,ATM,REVERSED
561,183,2024-03-05,531.57,GBP,CREDIT,ATM,PENDING
562,224,2024-02-18,1976.17,GBP,DEBIT,MOBILE,POSTED
563,0,2024-01-18,3734.02,GBP,CREDIT,ONLINE,PENDING
564,0,2024-03-23,1866.28,EUR,TRANSFER,ONLINE,POSTED
565,0,2024-03-14,2983.68,GBP,TRANSFER,ATM,PENDING
566,0,2024-02-14,1059.47,GBP,TRANSFER,ONLINE,POSTED
567,0,2024-03-19,4173.91,EUR,DEBIT,ONLINE,REVERSED
568,436,2024-01-07,4257.09,GBP,CREDIT,ATM,PENDING
569,0,2024-02-02,491.91,GBP,TRANSFER,MOBILE,PENDING
570,0,2024-03-26,3277.71,EUR,CREDIT,ATM,POSTED
571,0,2024-02-27,1642.4,GBP,CREDIT,ONLINE,REVERSED
572,0,2024-02-10,4793.34,EUR,DEBIT,BRANCH,POSTED
573,364,2024-03-23,2181.18,USD,DEBIT,BRANCH,PENDING
574,0,2024-02-15,3874.06,USD,TRANSFER,ATM,POSTED
575,0,2024-01-11,4209.12,EUR,TRANSFER,ONLINE,PENDING
576,,2024-03-21,383.24,EUR,DEBIT,ATM,REVERSED
577,0,2024-03-16,1064.59,EUR,TRANSFER,BRANCH,REVERSED
578,276,2024-03-01,3269.89,EUR,CREDIT,MOBILE,POSTED
579,301,2024-02-07,670.27,GBP,TRANSFER,ATM,PENDING
580,0,2024-01-02,3313.73,GBP,TRANSFER,ONLINE,REVERSED
581,0,2024-01-21,896.55,GBP,TRANSFER,ONLINE,REVERSED
582,,2024-02-15,203.06,USD,DEBIT,ATM,PENDING
583,0,2024-01-06,3343.26,GBP,CREDIT,MOBILE,PENDING
584,451,2024-01-06,200.48,GBP,CREDIT,ATM,REVERSED
585,324,2024-02-05,4174.53,USD,TRANSFER,ONLINE,PENDING
586,0,2024-02-16,2938.81,EUR,TRANSFER,BRANCH,PENDING
587,114,2024-03-07,2029.81,USD,CREDIT,MOBILE,REVERSED
588,0,2024-01-18,2200.05,EUR,DEBIT,BRANCH,POSTED
589,0,2024-01-21,1811.75,GBP,DEBIT,ONLINE,PENDING
590,368,2024-01-15,2408.1,USD,CREDIT,ONLINE,REVERSED
591,0,2024-02-22,113.21,EUR,DEBIT,ONLINE,POSTED
592,0,2024-01-06,4454.1,EUR,DEBIT,ONLINE,PENDING
593,264,2024-02-21,2997.19,GBP,TRANSFER,ATM,REVERSED
594,,2024-02-06,4736.32,EUR,CREDIT,MOBILE,PENDING
595,0,2024-02-22,3004.59,GBP,DEBIT,BRANCH,POSTED
596,,2024-02-13,4611.84,GBP,TRANSFER,ATM,POSTED
597,0,2024-01-17,543.74,EUR,TRANSFER,MOBILE,POSTED
598,0,2024-01-23,2379.87,GBP,TRANSFER,ATM,REVERSED
599,0,2024-01-16,466.86,GBP,DEBIT,ATM,REVERSED
600,0,2024-03-07,2104.0,EUR,TRANSFER,MOBILE,POSTED
601,246,2024-02-18,1753.24,GBP,TRANSFER,ATM,PENDING
602,0,2024-03-02,3829.53,EUR,CREDIT,MOBILE,PENDING
603,0,2024-01-01,2890.36,EUR,TRANSFER,ATM,PENDING
604,0,2024-03-29,4021.63,USD,CREDIT,ATM,POSTED
605,0,2024-03-15,1268.91,GBP,CREDIT,BRANCH,REVERSED
606,0,2024-03-28,1987.87,EUR,CREDIT,MOBILE,POSTED
607,0,2024-03-12,2419.32,USD,TRANSFER,BRANCH,REVERSED
608,0,2024-01-18,4275.14,GBP,DEBIT,ONLINE,PENDING
609,486,2024-01-21,502.29,GBP,CREDIT,BRANCH,REVERSED
610,0,2024-03-28,3534.24,EUR,CREDIT,ATM,POSTED
611,241,2024-03-17,2177.45,EUR,CREDIT,ONLINE,PENDING
612,0,2024-01-05,3622.75,USD,TRANSFER,BRANCH,REVERSED
613,29,2024-01-23,3201.82,USD,DEBIT,ONLINE,REVERSED
614,265,2024-02-06,974.54,GBP,TRANSFER,ONLINE,REVERSED
615,0,2024-01-05,1799.34,GBP,DEBIT,ONLINE,POSTED
616,399,2024-02-21,1766.29,USD,CREDIT,ONLINE,REVERSED
617,0,2024-01-09,4595.97,GBP,CREDIT,BRANCH,PENDING
618,141,2024-01-29,3032.21,EUR,CREDIT,MOBILE,REVERSED
619,0,2024-01-23,2036.27,EUR,TRANSFER,ATM,REVERSED
620,0,2024-01-15,4014.91,USD,TRANSFER,BRANCH,REVERSED
621,0,2024-02-18,2816.28,EUR,CREDIT,MOBILE,REVERSED
622,0,2024-03-16,4310.25,USD,DEBIT,BRANCH,POSTED
623,0,2024-01-29,3384.89,EUR,CREDIT,MOBILE,PENDING
624,0,2024-01-02,3504.39,USD,DEBIT,BRANCH,POSTED
625,0,2024-02-13,381.07,EUR,CREDIT,BRANCH,PENDING
626,0,2024-03-14,1346.11,GBP,TRANSFER,ONLINE,PENDING
627,,2024-01-31,3677.41,USD,DEBIT,ONLINE,POSTED
628,428,2024-03-20,1780.78,EUR,DEBIT,ATM,REVERSED
629,252,2024-03-19,34.11,GBP,DEBIT,MOBILE,PENDING
630,0,2024-03-04,4490.71,GBP,CREDIT,MOBILE,POSTED
631,468,2024-03-06,1402.05,EUR,TRANSFER,ONLINE,POSTED
632,0,2024-02-24,2392.12,GBP,DEBIT,BRANCH,PENDING
633,397,2024-01-23,2286.52,EUR,TRANSFER,MOBILE,PENDING
634,0,2024-01-02,3370.84,USD,TRANSFER,ATM,PENDING
635,0,2024-02-03,936.58,USD,DEBIT,BRANCH,PENDING
636,175,2024-02-16,920.38,USD,DEBIT,MOBILE,REVERSED
637,186,2024-02-21,1398.87,EUR,TRANSFER,ONLINE,REVERSED
638,0,2024-01-13,3604.36,EUR,TRANSFER,MOBILE,PENDING
639,0,2024-01-20,2365.46,EUR,DEBIT,MOBILE,PENDING
640,0,2024-03-21,2585.52,GBP,CREDIT,MOBILE,PENDING
641,0,2024-03-13,239.5,EUR,TRANSFER,ONLINE,POSTED
642,0,2024-02-02,2383.22,GBP,DEBIT,MOBILE,REVERSED
643,0,2024-02-16,1802.17,GBP,CREDIT,BRANCH,POSTED
644,0,2024-02-14,4336.98,GBP,DEBIT,ONLINE,PENDING
645,0,2024-03-27,2552.71,GBP,CREDIT,ATM,PENDING
646,0,2024-02-29,3158.93,EUR,DEBIT,BRANCH,PENDING
647,0,2024-03-14,2024.46,EUR,DEBIT,ONLINE,PENDING
648,0,2024-02-10,3265.41,GBP,CREDIT,MOBILE,PENDING
649,399,2024-02-16,3739.73,GBP,CREDIT,MOBILE,POSTED
650,0,2024-01-03,626.07,EUR,TRANSFER,BRANCH,REVERSED
651,,2024-01-11,1053.65,USD,DEBIT,ATM,POSTED
652,242,2024-03-11,270.07,USD,TRANSFER,ATM,POSTED
653,0,2024-01-20,422.47,USD,CREDIT,ONLINE,POSTED
654,,2024-02-26,3132.78,EUR,TRANSFER,ONLINE,POSTED
655,0,2024-02-15,4301.98,USD,CREDIT,MOBILE,REVERSED
656,280,2024-02-26,676.44,GBP,TRANSFER,ONLINE,REVERSED
657,0,2024-03-21,3744.81,GBP,CREDIT,BRANCH,PENDING
658,0,2024-01-30,4023.73,USD,CREDIT,BRANCH,PENDING
659,0,2024-02-08,53.77,GBP,DEBIT,BRANCH,PENDING
660,0,2024-01-02,3439.16,USD,CREDIT,BRANCH,POSTED
661,408,2024-02-07,2985.42,EUR,TRANSFER,BRANCH,POSTED
662,0,2024-03-12,2186.09,EUR,DEBIT,MOBILE,PENDING
663,0,2024-01-11,2111.77,EUR,TRANSFER,BRANCH,PENDING
664,0,2024-03-09,4044.23,USD,DEBIT,ATM,POSTED
665,0,2024-01-15,3184.83,GBP,CREDIT,BRANCH,REVERSED
666,0,2024-01-25,1603.9,EUR,DEBIT,ATM,POSTED
667,144,2024-02-04,626.07,USD,TRANSFER,ATM,POSTED
668,0,2024-01-02,2468.4,USD,CREDIT,BRANCH,PENDING
669,237,2024-03-30,3957.33,USD,DEBIT,ONLINE,POSTED
670,0,2024-02-20,357.85,USD,DEBIT,ONLINE,PENDING
671,424,2024-01-02,610.69,GBP,DEBIT,MOBILE,PENDING
672,0,2024-01-05,996.7,GBP,DEBIT,ONLINE,PENDING
673,0,2024-02-09,4681.14,EUR,TRANSFER,ATM,REVERSED
674,266,2024-01-16,1267.31,GBP,CREDIT,ONLINE,PENDING
675,442,2024-03-26,1089.72,EUR,DEBIT,MOBILE,PENDING
676,0,2024-02-05,2923.9,USD,DEBIT,ATM,POSTED
677,0,2024-03-29,2376.88,GBP,DEBIT,BRANCH,POSTED
678,0,2024-03-04,457.92,GBP,CREDIT,ATM,POSTED
679,0,2024-01-20,3506.94,EUR,DEBIT,MOBILE,POSTED
680,0,2024-03-12,3943.02,USD,CREDIT,ONLINE,POSTED
681,0,2024-02-15,3622.27,USD,DEBIT,MOBILE,REVERSED
682,0,2024-02-07,2714.13,USD,DEBIT,ONLINE,REVERSED
683,0,2024-02-29,1377.35,GBP,TRANSFER,ONLINE,POSTED
684,0,2024-02-27,1479.07,USD,TRANSFER,BRANCH,PENDING
685,0,2024-03-22,2530.28,GBP,DEBIT,ATM,REVERSED
686,397,2024-03-20,1194.69,GBP,DEBIT,MOBILE,POSTED
687,0,2024-03-04,3828.9,EUR,TRANSFER,BRANCH,PENDING
688,0,2024-02-11,553.21,GBP,TRANSFER,ATM,POSTED
689,66,2024-01-23,4367.59,EUR,DEBIT,MOBILE,POSTED
690,0,2024-03-14,3209.12,USD,TRANSFER,MOBILE,REVERSED
691,0,2024-03-16,1280.44,USD,DEBIT,ATM,POSTED
692,106,2024-03-24,2457.54,EUR,CREDIT,ATM,PENDING
693,0,2024-02-23,4110.31,GBP,DEBIT,BRANCH,REVERSED
694,0,2024-01-10,4172.45,EUR,DEBIT,ATM,POSTED
695,,2024-03-09,1927.27,EUR,TRANSFER,ONLINE,REVERSED
696,0,2024-01-23,2792.56,GBP,CREDIT,ATM,REVERSED
697,0,2024-03-27,2294.14,GBP,CREDIT,ATM,POSTED
698,281,2024-02-21,2523.96,GBP,DEBIT,MOBILE,PENDING
699,281,2024-02-11,4224.43,USD,TRANSFER,MOBILE,REVERSED
700,0,2024-01-31,2816.16,EUR,CREDIT,BRANCH,PENDING
701,229,2024-02-20,1.98,EUR,CREDIT,ATM,REVERSED
702,0,2024-02-08,33.84,EUR,DEBIT,BRANCH,POSTED
703,482,2024-03-29,4111.86,GBP,TRANSFER,ONLINE,POSTED
704,0,2024-02-15,781.38,USD,CREDIT,ONLINE,POSTED
705,0,2024-02-08,460.43,USD,TRANSFER,ONLINE,REVERSED
706,0,2024-02-11,3964.73,EUR,CREDIT,ATM,REVERSED
707,0,2024-01-05,3654.22,GBP,CREDIT,ATM,POSTED
708,171,2024-02-14,4399.08,USD,CREDIT,ATM,POSTED
709,,2024-03-18,4643.34,GBP,TRANSFER,MOBILE,POSTED
710,0,2024-01-06,1597.26,GBP,DEBIT,BRANCH,REVERSED
711,0,2024-01-20,253.55,GBP,CREDIT,MOBILE,REVERSED
712,0,2024-01-12,1111.21,USD,CREDIT,ONLINE,POSTED
713,0,2024-03-01,2857.63,EUR,TRANSFER,MOBILE,PENDING
714,0,2024-03-05,2173.02,GBP,DEBIT,ONLINE,PENDING
715,0,2024-03-03,1977.2,GBP,DEBIT,ONLINE,POSTED
716,0,2024-02-25,1617.73,GBP,DEBIT,ATM,REVERSED
717,0,2024-02-16,1742.19,USD,CREDIT,ATM,PENDING
718,0,2024-02-14,3081.49,USD,TRANSFER,ONLINE,PENDING
719,0,2024-01-30,999.23,USD,DEBIT,ATM,POSTED
720,,2024-02-01,4744.76,EUR,CREDIT,ATM,PENDING
721,0,2024-01-15,1526.29,USD,DEBIT,BRANCH,POSTED
722,,2024-01-28,1019.8,GBP,CREDIT,MOBILE,REVERSED
723,,2024-01-19,3475.66,GBP,DEBIT,MOBILE,REVERSED
724,269,2024-01-06,1278.03,EUR,CREDIT,ONLINE,REVERSED
725,0,2024-01-07,2325.34,EUR,DEBIT,MOBILE,REVERSED
726,0,2024-03-25,1801.74,EUR,DEBIT,BRANCH,REVERSED
727,0,2024-02-18,2543.19,GBP,DEBIT,BRANCH,PENDING
728,272,2024-01-12,932.9,GBP,CREDIT,ATM,POSTED
729,0,2024-03-08,1525.33,USD,CREDIT,ONLINE,POSTED
730,0,2024-02-15,1777.54,USD,DEBIT,BRANCH,POSTED
731,0,2024-02-19,4452.12,EUR,TRANSFER,BRANCH,POSTED
732,0,2024-02-20,3285.0,EUR,TRANSFER,MOBILE,REVERSED
733,313,2024-03-21,3432.93,USD,DEBIT,ONLINE,PENDING
734,465,2024-03-18,1647.09,GBP,DEBIT,ONLINE,REVERSED
735,0,2024-03-10,3420.56,EUR,DEBIT,BRANCH,REVERSED
736,,2024-03-08,4547.9,USD,DEBIT,ONLINE,PENDING
737,0,2024-03-09,4743.06,EUR,DEBIT,BRANCH,POSTED
738,,2024-02-10,4400.78,USD,CREDIT,BRANCH,PENDING
739,,2024-03-22,4666.32,USD,DEBIT,ONLINE,POSTED
740,0,2024-01-04,3812.47,GBP,TRANSFER,BRANCH,REVERSED
741,0,2024-01-30,2982.21,EUR,TRANSFER,ATM,PENDING
742,0,2024-03-02,671.3,GBP,CREDIT,BRANCH,POSTED
743,251,2024-03-01,688.43,EUR,DEBIT,ATM,PENDING
744,7,2024-02-04,4751.04,EUR,TRANSFER,ONLINE,POSTED
745,0,2024-02-26,4335.78,USD,TRANSFER,BRANCH,PENDING
746,218,2024-02-21,3881.3,GBP,TRANSFER,MOBILE,REVERSED
747,0,2024-03-19,4695.76,GBP,TRANSFER,ATM,REVERSED
748,0,2024-02-28,4135.22,EUR,DEBIT,MOBILE,REVERSED
749,0,2024-02-19,2581.12,GBP,DEBIT,ONLINE,PENDING
750,0,2024-02-08,3868.61,USD,CREDIT,ONLINE,PENDING
751,0,2024-01-07,3450.07,EUR,CREDIT,MOBILE,POSTED
752,,2024-01-15,899.68,GBP,TRANSFER,ONLINE,PENDING
753,0,2024-02-27,125.54,USD,TRANSFER,ONLINE,PENDING
754,0,2024-02-11,3458.9,GBP,DEBIT,ATM,POSTED
755,0,2024-02-27,3170.73,EUR,TRANSFER,MOBILE,REVERSED
756,261,2024-03-19,4748.82,USD,TRANSFER,MOBILE,POSTED
757,467,2024-02-12,2827.89,GBP,DEBIT,ONLINE,POSTED
758,0,2024-01-07,2098.49,USD,TRANSFER,MOBILE,PENDING
759,0,2024-01-16,4492.81,EUR,DEBIT,BRANCH,POSTED
760,0,2024-03-04,2717.96,EUR,TRANSFER,MOBILE,POSTED
761,0,2024-03-25,2379.08,USD,CREDIT,ATM,REVERSED
762,0,2024-02-01,4410.96,USD,TRANSFER,ONLINE,POSTED
763,0,2024-01-08,3266.73,EUR,DEBIT,ATM,REVERSED
764,0,2024-03-18,1492.91,EUR,DEBIT,ATM,PENDING
765,82,2024-03-27,1422.62,GBP,TRANSFER,ONLINE,PENDING
766,,2024-02-16,4657.47,EUR,CREDIT,BRANCH,PENDING
767,419,2024-01-09,3792.45,GBP,DEBIT,BRANCH,PENDING
768,0,2024-03-29,4297.18,USD,TRANSFER,MOBILE,REVERSED
769,0,2024-01-27,3060.66,EUR,TRANSFER,ATM,PENDING
770,,2024-03-18,4669.52,GBP,CREDIT,MOBILE,REVERSED
771,132,2024-03-08,2876.14,GBP,CREDIT,ONLINE,REVERSED
772,0,2024-03-07,3646.19,USD,CREDIT,ONLINE,REVERSED
773,0,2024-02-07,4896.31,EUR,DEBIT,ATM,PENDING
774,0,2024-01-16,3687.6,EUR,TRANSFER,MOBILE,PENDING
775,0,2024-02-14,2802.52,GBP,DEBIT,ATM,REVERSED
776,0,2024-02-06,1272.83,EUR,CREDIT,BRANCH,REVERSED
777,0,2024-01-01,570.07,USD,CREDIT,MOBILE,REVERSED
778,0,2024-01-04,4160.38,EUR,CREDIT,BRANCH,REVERSED
779,0,2024-03-01,3986.47,GBP,DEBIT,MOBILE,POSTED
780,0,2024-03-09,4479.75,USD,CREDIT,ATM,REVERSED
781,0,2024-03-27,1578.2,GBP,DEBIT,ONLINE,REVERSED
782,0,2024-02-15,332.0,EUR,CREDIT,ATM,PENDING
783,320,2024-03-09,4212.19,GBP,TRANSFER,MOBILE,POSTED
784,0,2024-02-09,3526.63,USD,TRANSFER,ATM,PENDING
785,0,2024-03-04,4385.37,USD,CREDIT,BRANCH,POSTED
786,0,2024-01-23,562.04,EUR,DEBIT,ATM,PENDING
787,0,2024-03-02,4524.87,EUR,DEBIT,BRANCH,PENDING
788,,2024-03-08,1552.48,USD,DEBIT,ATM,REVERSED
789,0,2024-01-17,1026.73,EUR,CREDIT,MOBILE,REVERSED
790,59,2024-01-01,1555.6,EUR,TRANSFER,ATM,PENDING
791,0,2024-01-06,516.41,GBP,TRANSFER,BRANCH,POSTED
792,0,2024-02-09,3194.62,EUR,CREDIT,ONLINE,POSTED
793,0,2024-03-09,1596.43,USD,TRANSFER,ATM,PENDING
794,0,2024-02-05,573.19,GBP,TRANSFER,ATM,POSTED
795,0,2024-03-11,1593.11,EUR,TRANSFER,BRANCH,REVERSED
796,0,2024-01-10,1557.58,USD,TRANSFER,MOBILE,POSTED
797,0,2024-03-01,4516.56,EUR,DEBIT,MOBILE,POSTED
798,0,2024-02-20,895.74,GBP,TRANSFER,MOBILE,REVERSED
799,0,2024-02-12,4087.39,GBP,TRANSFER,ATM,PENDING
800,0,2024-01-12,4064.44,GBP,CREDIT,ATM,PENDING
801,0,2024-03-23,3551.37,USD,CREDIT,ONLINE,POSTED
802,0,2024-03-19,1291.01,USD,CREDIT,ONLINE,REVERSED
803,169,2024-02-11,2266.96,EUR,DEBIT,MOBILE,POSTED
804,0,2024-02-29,4228.99,USD,CREDIT,ONLINE,REVERSED
805,0,2024-01-14,1630.02,GBP,DEBIT,BRANCH,REVERSED
806,0,2024-03-16,2067.8,GBP,DEBIT,ONLINE,PENDING
807,0,2024-02-13,1041.98,GBP,TRANSFER,MOBILE,PENDING
808,0,2024-02-13,2723.09,EUR,DEBIT,ATM,REVERSED
809,293,2024-03-03,572.5,GBP,CREDIT,BRANCH,REVERSED
810,0,2024-02-26,881.69,USD,DEBIT,ATM,REVERSED
811,394,2024-02-18,1637.71,GBP,TRANSFER,ATM,POSTED
812,0,2024-01-18,4436.42,GBP,DEBIT,ONLINE,REVERSED
813,0,2024-03-09,1458.22,GBP,TRANSFER,MOBILE,POSTED
814,0,2024-02-10,1499.38,GBP,CREDIT,MOBILE,REVERSED
815,176,2024-01-12,2914.05,GBP,TRANSFER,MOBILE,POSTED
816,31,2024-02-17,4505.48,EUR,DEBIT,BRANCH,POSTED
817,443,2024-01-04,1176.97,GBP,TRANSFER,MOBILE,REVERSED
818,0,2024-02-18,2030.76,USD,TRANSFER,ONLINE,REVERSED
819,0,2024-01-18,941.95,USD,CREDIT,MOBILE,POSTED
820,0,2024-03-26,628.62,EUR,DEBIT,ATM,POSTED
821,,2024-03-03,3289.98,EUR,DEBIT,ONLINE,REVERSED
822,440,2024-02-28,4468.02,GBP,TRANSFER,MOBILE,REVERSED
823,0,2024-03-06,2121.2,USD,CREDIT,BRANCH,POSTED
824,0,2024-03-18,38.14,USD,TRANSFER,ONLINE,REVERSED
825,0,2024-02-22,4632.9,GBP,CREDIT,ATM,POSTED
826,0,2024-02-17,566.71,USD,TRANSFER,ATM,POSTED
827,,2024-03-08,4917.91,USD,CREDIT,ATM,REVERSED
828,45,2024-02-01,2362.79,GBP,TRANSFER,ATM,REVERSED
829,0,2024-03-15,1563.19,EUR,CREDIT,ATM,PENDING
830,0,2024-03-01,2870.25,USD,CREDIT,BRANCH,PENDING
831,0,2024-01-05,3475.56,GBP,TRANSFER,BRANCH,REVERSED
832,133,2024-01-08,3146.87,GBP,DEBIT,ATM,REVERSED
833,414,2024-03-20,137.46,USD,DEBIT,ONLINE,REVERSED
834,0,2024-02-05,1261.0,GBP,CREDIT,BRANCH,PENDING
835,0,2024-01-15,3019.5,GBP,TRANSFER,ONLINE,REVERSED
836,0,2024-01-23,1307.0,GBP,DEBIT,MOBILE,POSTED
837,441,2024-01-05,1714.9,EUR,DEBIT,ONLINE,PENDING
838,211,2024-02-19,1190.5,USD,TRANSFER,ONLINE,POSTED
839,0,2024-02-14,272.57,USD,DEBIT,ATM,POSTED
840,0,2024-03-01,1507.53,GBP,TRANSFER,ONLINE,PENDING
841,0,2024-02-19,2373.47,EUR,TRANSFER,MOBILE,POSTED
842,0,2024-02-27,1910.64,USD,TRANSFER,ATM,POSTED
843,326,2024-02-15,4780.96,USD,TRANSFER,BRANCH,PENDING
844,0,2024-01-13,1277.46,GBP,CREDIT,MOBILE,REVERSED
845,,2024-03-27,2944.03,EUR,TRANSFER,BRANCH,REVERSED
846,0,2024-01-24,1567.04,EUR,TRANSFER,ATM,POSTED
847,0,2024-01-13,2626.8,GBP,CREDIT,BRANCH,POSTED
848,,2024-02-02,966.2,EUR,TRANSFER,ATM,POSTED
849,336,2024-01-28,4752.49,GBP,DEBIT,ATM,POSTED
850,66,2024-02-18,3282.32,GBP,TRANSFER,ONLINE,POSTED
851,0,2024-02-02,1473.55,GBP,DEBIT,MOBILE,PENDING
852,354,2024-03-26,3849.63,USD,CREDIT,ONLINE,POSTED
853,0,2024-01-08,1914.61,USD,DEBIT,BRANCH,PENDING
854,0,2024-01-09,2459.12,EUR,TRANSFER,MOBILE,POSTED
855,0,2024-01-14,720.22,USD,DEBIT,ATM,PENDING
856,,2024-01-14,175.27,EUR,TRANSFER,BRANCH,PENDING
857,0,2024-03-04,745.12,GBP,DEBIT,ATM,REVERSED
858,0,2024-01-20,3500.58,USD,TRANSFER,ATM,REVERSED
859,,2024-03-03,2391.22,USD,TRANSFER,ATM,REVERSED
860,0,2024-02-19,4770.82,USD,DEBIT,BRANCH,PENDING
861,0,2024-02-21,276.92,GBP,DEBIT,BRANCH,REVERSED
862,174,2024-01-11,4206.07,USD,TRANSFER,ONLINE,POSTED
863,0,2024-02-19,3304.01,USD,TRANSFER,MOBILE,POSTED
864,0,2024-02-15,2433.03,GBP,CREDIT,ONLINE,POSTED
865,0,2024-01-04,3598.98,GBP,DEBIT,MOBILE,PENDING
866,0,2024-03-10,3217.39,USD,TRANSFER,MOBILE,POSTED
867,0,2024-01-08,1689.26,GBP,DEBIT,MOBILE,POSTED
868,0,2024-03-24,3336.91,USD,TRANSFER,ONLINE,REVERSED
869,0,2024-01-10,185.35,EUR,CREDIT,ATM,PENDING
870,316,2024-01-06,1214.17,GBP,DEBIT,ATM,POSTED
871,0,2024-02-09,4103.88,EUR,CREDIT,ONLINE,REVERSED
872,0,2024-01-14,571.78,GBP,TRANSFER,ONLINE,POSTED
873,218,2024-02-13,4057.79,GBP,TRANSFER,MOBILE,PENDING
874,0,2024-03-28,2880.26,EUR,CREDIT,ONLINE,POSTED
875,0,2024-02-12,317.05,USD,DEBIT,MOBILE,POSTED
876,0,2024-03-11,825.87,EUR,TRANSFER,ATM,POSTED
877,0,2024-03-21,3062.6,EUR,DEBIT,MOBILE,POSTED
878,0,2024-01-23,4630.76,GBP,TRANSFER,BRANCH,PENDING
879,0,2024-03-01,3462.1,EUR,DEBIT,BRANCH,REVERSED
880,0,2024-01-31,4690.51,GBP,TRANSFER,ATM,REVERSED
881,0,2024-03-04,3060.64,EUR,TRANSFER,BRANCH,PENDING
882,0,2024-03-12,1178.96,EUR,TRANSFER,ATM,REVERSED
883,0,2024-03-10,2538.2,USD,TRANSFER,ONLINE,PENDING
884,0,2024-01-15,3983.27,GBP,CREDIT,MOBILE,POSTED
885,0,2024-01-06,271.08,USD,CREDIT,ONLINE,PENDING
886,0,2024-03-19,4025.96,USD,DEBIT,ATM,REVERSED
887,0,2024-03-09,880.26,EUR,CREDIT,ATM,POSTED
888,369,2024-02-26,2963.94,USD,CREDIT,ONLINE,REVERSED
889,0,2024-02-11,1151.09,EUR,CREDIT,ONLINE,POSTED
890,0,2024-02-22,4349.56,USD,DEBIT,ATM,PENDING
891,0,2024-01-07,4452.55,EUR,DEBIT,MOBILE,POSTED
892,0,2024-01-18,2289.24,EUR,TRANSFER,BRANCH,PENDING
893,0,2024-01-17,161.44,GBP,DEBIT,BRANCH,POSTED
894,0,2024-02-29,2293.44,EUR,CREDIT,ONLINE,PENDING
895,0,2024-03-22,4763.85,EUR,TRANSFER,ONLINE,POSTED
896,0,2024-03-07,2446.58,EUR,TRANSFER,MOBILE,PENDING
897,0,2024-02-24,3681.16,EUR,DEBIT,BRANCH,PENDING
898,0,2024-03-16,4731.32,GBP,DEBIT,MOBILE,POSTED
899,0,2024-03-01,3667.65,GBP,DEBIT,MOBILE,REVERSED
900,0,2024-03-30,4106.64,USD,CREDIT,ONLINE,POSTED
901,0,2024-01-02,3466.11,USD,DEBIT,ONLINE,PENDING
902,0,2024-03-23,4994.76,EUR,CREDIT,BRANCH,POSTED
903,,2024-03-14,3736.69,EUR,CREDIT,MOBILE,POSTED
904,207,2024-01-24,3949.5,USD,TRANSFER,MOBILE,REVERSED
905,0,2024-03-21,354.42,GBP,CREDIT,ATM,PENDING
906,0,2024-02-04,3490.58,GBP,TRANSFER,ONLINE,REVERSED
907,0,2024-02-12,3679.07,EUR,TRANSFER,BRANCH,POSTED
908,0,2024-02-16,2327.3,EUR,CREDIT,BRANCH,POSTED
909,0,2024-01-09,2804.23,EUR,DEBIT,BRANCH,POSTED
910,0,2024-03-24,2392.99,GBP,TRANSFER,ONLINE,REVERSED
911,164,2024-02-15,4489.77,GBP,TRANSFER,MOBILE,PENDING
912,0,2024-02-17,1726.79,USD,TRANSFER,ATM,PENDING
913,,2024-03-27,4127.07,USD,CREDIT,BRANCH,REVERSED
914,414,2024-01-09,942.58,USD,DEBIT,ATM,PENDING
915,147,2024-01-10,547.72,USD,DEBIT,ONLINE,PENDING
916,0,2024-01-27,2603.92,GBP,DEBIT,BRANCH,PENDING
917,277,2024-01-17,2370.05,USD,CREDIT,ATM,PENDING
918,0,2024-01-03,4359.1,EUR,TRANSFER,BRANCH,PENDING
919,0,2024-03-24,3230.61,USD,CREDIT,MOBILE,PENDING
920,0,2024-01-17,4491.51,USD,DEBIT,BRANCH,POSTED
921,0,2024-02-06,3848.98,EUR,DEBIT,BRANCH,PENDING
922,0,2024-01-22,3093.53,EUR,TRANSFER,BRANCH,POSTED
923,429,2024-03-29,4523.65,EUR,DEBIT,ONLINE,POSTED
924,0,2024-02-10,2873.05,USD,CREDIT,BRANCH,POSTED
925,0,2024-01-05,3328.1,USD,DEBIT,BRANCH,PENDING
926,0,2024-01-21,2668.68,EUR,DEBIT,MOBILE,PENDING
927,485,2024-02-28,4639.13,EUR,DEBIT,BRANCH,REVERSED
928,,2024-03-01,4479.99,GBP,TRANSFER,ONLINE,REVERSED
929,,2024-02-26,1694.08,EUR,TRANSFER,MOBILE,POSTED
930,0,2024-03-11,585.26,EUR,CREDIT,ONLINE,PENDING
931,0,2024-02-11,276.11,GBP,DEBIT,ONLINE,PENDING
932,0,2024-01-11,2692.52,USD,TRANSFER,ATM,REVERSED
933,0,2024-03-03,1589.47,GBP,TRANSFER,ATM,REVERSED
934,0,2024-01-19,3580.1,USD,CREDIT,MOBILE,PENDING
935,0,2024-02-14,1757.42,USD,TRANSFER,ATM,POSTED
936,,2024-02-26,3707.9,USD,CREDIT,BRANCH,POSTED
937,496,2024-02-24,3643.3,USD,DEBIT,ATM,POSTED
938,0,2024-03-01,4941.92,GBP,CREDIT,ATM,REVERSED
939,45,2024-01-01,2047.89,USD,CREDIT,ONLINE,REVERSED
940,0,2024-03-13,3776.46,EUR,DEBIT,ONLINE,PENDING
941,0,2024-03-03,212.12,USD,TRANSFER,BRANCH,PENDING
942,0,2024-02-29,1123.38,EUR,DEBIT,BRANCH,PENDING
943,427,2024-03-22,2363.23,GBP,TRANSFER,BRANCH,PENDING
944,0,2024-03-29,3224.28,EUR,DEBIT,BRANCH,PENDING
945,34,2024-03-17,3728.08,GBP,CREDIT,MOBILE,PENDING
946,0,2024-03-01,4871.32,EUR,CREDIT,ATM,PENDING
947,0,2024-01-08,731.54,USD,TRANSFER,ONLINE,PENDING
948,0,2024-02-04,1806.46,GBP,CREDIT,ATM,PENDING
949,0,2024-03-22,4681.65,GBP,DEBIT,ONLINE,POSTED
950,0,2024-01-22,2719.02,USD,TRANSFER,BRANCH,PENDING
951,0,2024-03-29,1813.25,GBP,TRANSFER,BRANCH,POSTED
952,0,2024-03-07,1407.81,USD,CREDIT,BRANCH,POSTED
953,0,2024-01-20,2517.41,EUR,TRANSFER,ATM,PENDING
954,0,2024-01-10,583.71,EUR,DEBIT,MOBILE,PENDING
955,0,2024-02-16,695.93,USD,TRANSFER,BRANCH,POSTED
956,,2024-01-04,3722.56,EUR,DEBIT,ONLINE,REVERSED
957,0,2024-01-30,1537.83,EUR,DEBIT,ATM,PENDING
958,0,2024-01-15,389.6,USD,CREDIT,ATM,POSTED
959,0,2024-03-25,2567.88,EUR,CREDIT,ATM,PENDING
960,0,2024-02-08,3338.26,EUR,DEBIT,ONLINE,REVERSED
961,94,2024-03-26,1758.32,EUR,DEBIT,BRANCH,REVERSED
962,0,2024-01-21,4275.84,GBP,TRANSFER,ONLINE,REVERSED
963,0,2024-01-13,4098.11,EUR,TRANSFER,ONLINE,REVERSED
964,0,2024-02-06,859.7,GBP,DEBIT,ATM,POSTED
965,435,2024-03-01,1832.95,GBP,DEBIT,MOBILE,REVERSED
966,92,2024-02-15,4906.52,USD,DEBIT,ONLINE,PENDING
967,0,2024-02-10,618.95,EUR,TRANSFER,ONLINE,PENDING
968,360,2024-02-06,2786.1,EUR,DEBIT,BRANCH,PENDING
969,0,2024-02-06,2285.27,GBP,CREDIT,MOBILE,POSTED
970,0,2024-02-07,4924.83,USD,DEBIT,ATM,PENDING
971,188,2024-01-23,64.92,GBP,CREDIT,ATM,PENDING
972,0,2024-03-25,3382.92,EUR,DEBIT,MOBILE,PENDING
973,0,2024-01-14,3707.42,EUR,DEBIT,BRANCH,POSTED
974,0,2024-03-17,4220.3,USD,DEBIT,ONLINE,PENDING
975,,2024-02-05,3824.32,GBP,TRANSFER,BRANCH,REVERSED
976,182,2024-03-01,3333.72,USD,CREDIT,BRANCH,POSTED
977,55,2024-01-16,1254.2,USD,DEBIT,ONLINE,POSTED
978,0,2024-01-07,4151.73,USD,TRANSFER,ATM,POSTED
979,0,2024-03-27,1635.45,USD,TRANSFER,ATM,POSTED
980,0,2024-03-07,3838.09,USD,DEBIT,BRANCH,REVERSED
981,0,2024-03-05,1309.06,USD,TRANSFER,ATM,POSTED
982,450,2024-01-16,1918.77,USD,CREDIT,MOBILE,PENDING
983,0,2024-01-23,2783.78,USD,TRANSFER,ONLINE,PENDING
984,0,2024-02-09,3578.9,USD,DEBIT,MOBILE,REVERSED
985,0,2024-03-10,2861.48,USD,TRANSFER,ONLINE,REVERSED
986,0,2024-02-03,2473.96,USD,TRANSFER,BRANCH,PENDING
987,0,2024-01-04,2952.73,EUR,CREDIT,BRANCH,REVERSED
988,0,2024-03-21,1706.94,EUR,CREDIT,BRANCH,PENDING
989,0,2024-01-08,3306.54,EUR,DEBIT,BRANCH,REVERSED
990,0,2024-03-29,328.44,USD,DEBIT,BRANCH,POSTED
991,0,2024-02-11,187.85,GBP,CREDIT,MOBILE,PENDING
992,0,2024-03-01,2940.36,USD,CREDIT,MOBILE,PENDING
993,0,2024-03-03,501.18,GBP,DEBIT,BRANCH,PENDING
994,0,2024-03-26,1698.36,GBP,CREDIT,BRANCH,PENDING
995,0,2024-03-22,4236.82,EUR,TRANSFER,ONLINE,PENDING
996,0,2024-02-08,4981.14,USD,DEBIT,ATM,REVERSED
997,48,2024-03-16,1684.85,EUR,TRANSFER,MOBILE,PENDING
998,0,2024-01-10,3258.03,USD,TRANSFER,BRANCH,PENDING
999,0,2024-02-10,1001.18,USD,CREDIT,MOBILE,REVERSED
1000,92,2024-01-03,3139.59,GBP,DEBIT,MOBILE,POSTED
1001,0,2024-02-29,1340.41,GBP,TRANSFER,MOBILE,REVERSED
1002,,2024-01-08,2611.83,USD,CREDIT,ONLINE,POSTED
1003,0,2024-03-28,3827.88,USD,CREDIT,BRANCH,POSTED
1004,0,2024-02-22,1335.41,USD,TRANSFER,ONLINE,PENDING
1005,0,2024-01-31,2029.92,EUR,DEBIT,ONLINE,POSTED
1006,0,2024-02-09,2321.33,GBP,CREDIT,MOBILE,REVERSED
1007,103,2024-01-21,1364.29,EUR,CREDIT,BRANCH,REVERSED
1008,0,2024-03-23,4262.75,GBP,CREDIT,ATM,POSTED
1009,42,2024-02-10,3008.4,EUR,CREDIT,BRANCH,REVERSED
1010,0,2024-01-12,1985.08,GBP,DEBIT,ONLINE,POSTED
1011,0,2024-03-05,4664.74,GBP,TRANSFER,BRANCH,PENDING
1012,121,2024-03-17,612.26,USD,CREDIT,MOBILE,REVERSED
1013,,2024-02-24,1090.82,EUR,DEBIT,ONLINE,PENDING
1014,0,2024-02-02,4314.64,EUR,CREDIT,BRANCH,REVERSED
1015,162,2024-03-10,2119.48,GBP,DEBIT,BRANCH,POSTED
1016,0,2024-02-17,4107.01,EUR,TRANSFER,ATM,REVERSED
1017,0,2024-01-07,3453.72,GBP,DEBIT,BRANCH,REVERSED
1018,0,2024-03-22,4792.46,USD,TRANSFER,ATM,REVERSED
1019,439,2024-02-26,1942.97,USD,CREDIT,BRANCH,POSTED
1020,387,2024-01-31,1487.82,EUR,CREDIT,BRANCH,REVERSED
1021,0,2024-01-05,1370.91,EUR,CREDIT,MOBILE,REVERSED
1022,0,2024-02-12,3587.21,EUR,DEBIT,BRANCH,REVERSED
1023,0,2024-02-23,3010.98,GBP,TRANSFER,BRANCH,PENDING
1024,0,2024-01-07,3207.22,EUR,TRANSFER,MOBILE,REVERSED
1025,0,2024-02-21,1001.18,USD,CREDIT,ATM,POSTED
1026,0,2024-03-07,3568.11,GBP,DEBIT,MOBILE,PENDING
1027,0,2024-01-18,1304.14,GBP,TRANSFER,BRANCH,PENDING
1028,0,2024-02-23,1838.63,USD,CREDIT,ONLINE,POSTED
1029,472,2024-03-12,3235.89,GBP,DEBIT,ATM,PENDING
1030,0,2024-03-30,4259.3,EUR,CREDIT,MOBILE,REVERSED
1031,0,2024-01-12,4790.21,EUR,TRANSFER,ATM,POSTED
1032,,2024-02-25,3867.02,USD,TRANSFER,MOBILE,POSTED
1033,0,2024-01-27,953.53,USD,CREDIT,MOBILE,PENDING
1034,0,2024-01-27,3000.81,USD,TRANSFER,ONLINE,PENDING
1035,0,2024-01-19,144.84,USD,DEBIT,MOBILE,POSTED
1036,0,2024-03-28,3236.53,EUR,DEBIT,MOBILE,POSTED
1037,498,2024-03-29,1988.38,EUR,TRANSFER,MOBILE,REVERSED
1038,0,2024-03-17,1281.87,EUR,TRANSFER,ATM,POSTED
1039,0,2024-01-31,2355.19,USD,TRANSFER,ATM,POSTED
1040,0,2024-03-20,1905.31,USD,TRANSFER,BRANCH,POSTED
1041,286,2024-01-06,2902.85,USD,DEBIT,MOBILE,PENDING
1042,67,2024-01-12,1587.27,GBP,CREDIT,ONLINE,PENDING
1043,0,2024-01-06,4892.6,USD,CREDIT,BRANCH,PENDING
1044,0,2024-02-03,3065.04,USD,TRANSFER,BRANCH,PENDING
1045,161,2024-03-03,3818.61,EUR,TRANSFER,MOBILE,POSTED
1046,0,2024-01-07,1150.07,EUR,CREDIT,BRANCH,POSTED
1047,,2024-02-25,581.0,USD,DEBIT,MOBILE,PENDING
1048,287,2024-03-03,2289.34,EUR,TRANSFER,ONLINE,POSTED
1049,0,2024-01-27,4341.0,EUR,DEBIT,BRANCH,REVERSED
1050,299,2024-01-28,2918.15,EUR,TRANSFER,ONLINE,PENDING
1051,126,2024-03-04,3384.87,USD,DEBIT,BRANCH,REVERSED
1052,62,2024-02-20,1868.42,EUR,CREDIT,ONLINE,POSTED
1053,0,2024-03-25,2399.8,GBP,CREDIT,ATM,PENDING
1054,335,2024-03-20,4754.53,USD,TRANSFER,ONLINE,POSTED
1055,410,2024-03-23,1415.49,EUR,TRANSFER,ATM,REVERSED
1056,195,2024-01-12,1994.89,EUR,DEBIT,MOBILE,POSTED
1057,0,2024-01-27,815.54,USD,CREDIT,ONLINE,POSTED
1058,0,2024-02-25,3679.71,USD,TRANSFER,ONLINE,PENDING
1059,0,2024-02-17,2563.75,USD,CREDIT,MOBILE,PENDING
1060,0,2024-03-17,2115.93,USD,CREDIT,ONLINE,PENDING
1061,0,2024-01-12,203.15,USD,CREDIT,ONLINE,REVERSED
1062,0,2024-01-20,4653.41,GBP,TRANSFER,ATM,PENDING
1063,0,2024-01-11,4536.13,USD,CREDIT,ONLINE,POSTED
1064,0,2024-02-08,4207.85,GBP,CREDIT,BRANCH,REVERSED
1065,0,2024-01-10,4586.59,GBP,DEBIT,MOBILE,PENDING
1066,0,2024-03-25,3601.83,USD,CREDIT,BRANCH,REVERSED
1067,0,2024-03-05,82.33,GBP,TRANSFER,MOBILE,POSTED
1068,431,2024-02-20,227.25,USD,TRANSFER,BRANCH,PENDING
1069,0,2024-02-28,3787.01,USD,TRANSFER,BRANCH,PENDING
1070,446,2024-01-24,1056.13,EUR,TRANSFER,BRANCH,REVERSED
1071,0,2024-03-09,90.56,USD,DEBIT,ATM,POSTED
1072,0,2024-02-28,3459.34,GBP,TRANSFER,MOBILE,PENDING
1073,0,2024-03-19,1804.28,GBP,TRANSFER,MOBILE,PENDING
1074,0,2024-01-18,70.37,EUR,DEBIT,ONLINE,POSTED
1075,0,2024-03-24,726.63,EUR,CREDIT,ONLINE,POSTED
1076,0,2024-02-29,741.68,USD,DEBIT,ATM,POSTED
1077,378,2024-03-30,2226.88,USD,CREDIT,ATM,PENDING
1078,0,2024-01-26,1474.86,USD,DEBIT,BRANCH,POSTED
1079,0,2024-02-25,4897.46,USD,TRANSFER,BRANCH,POSTED
1080,0,2024-03-03,2567.27,GBP,TRANSFER,MOBILE,POSTED
1081,,2024-03-08,96.08,GBP,CREDIT,ATM,PENDING
1082,213,2024-03-01,585.59,GBP,TRANSFER,BRANCH,PENDING
1083,0,2024-01-03,807.51,GBP,DEBIT,MOBILE,PENDING
1084,0,2024-03-05,1099.29,GBP,CREDIT,MOBILE,POSTED
1085,370,2024-02-19,4799.06,GBP,TRANSFER,BRANCH,PENDING
1086,432,2024-01-21,3109.59,USD,TRANSFER,ATM,REVERSED
1087,0,2024-01-23,998.22,GBP,CREDIT,ATM,PENDING
1088,252,2024-02-08,1174.36,GBP,DEBIT,ATM,PENDING
1089,182,2024-03-27,793.87,GBP,DEBIT,ATM,PENDING
1090,0,2024-03-20,1134.22,GBP,DEBIT,MOBILE,PENDING
1091,401,2024-02-15,3847.1,GBP,CREDIT,ONLINE,REVERSED
1092,309,2024-03-26,521.61,EUR,CREDIT,MOBILE,POSTED
1093,400,2024-03-19,3048.67,EUR,TRANSFER,ATM,REVERSED
1094,0,2024-03-21,591.18,EUR,CREDIT,ONLINE,REVERSED
1095,0,2024-02-26,3810.06,USD,TRANSFER,ATM,POSTED
1096,0,2024-02-12,4095.98,EUR,DEBIT,MOBILE,PENDING
1097,3,2024-02-01,4174.23,USD,CREDIT,BRANCH,REVERSED
1098,0,2024-02-04,1862.81,USD,CREDIT,ONLINE,POSTED
1099,271,2024-02-23,3936.29,EUR,CREDIT,MOBILE,PENDING
1100,487,2024-03-07,3973.24,USD,DEBIT,MOBILE,POSTED
1101,367,2024-03-07,4718.27,EUR,CREDIT,BRANCH,PENDING
1102,84,2024-02-25,308.28,EUR,TRANSFER,ONLINE,REVERSED
1103,0,2024-03-21,4900.26,GBP,TRANSFER,BRANCH,PENDING
1104,0,2024-03-28,3504.25,USD,TRANSFER,BRANCH,PENDING
1105,0,2024-02-05,4501.14,GBP,DEBIT,MOBILE,PENDING
1106,0,2024-03-10,3122.17,GBP,TRANSFER,MOBILE,REVERSED
1107,0,2024-03-24,2023.12,EUR,CREDIT,ATM,POSTED
1108,0,2024-02-19,3625.77,GBP,DEBIT,BRANCH,POSTED
1109,0,2024-03-11,1561.95,USD,TRANSFER,ONLINE,POSTED
1110,0,2024-03-10,2962.93,EUR,CREDIT,MOBILE,REVERSED
1111,0,2024-01-08,4208.08,USD,TRANSFER,BRANCH,POSTED
1112,0,2024-03-24,4706.77,USD,CREDIT,ATM,PENDING
1113,0,2024-01-31,4027.13,GBP,TRANSFER,ONLINE,PENDING
1114,0,2024-03-26,3924.16,GBP,TRANSFER,ONLINE,REVERSED
1115,0,2024-02-01,527.03,GBP,TRANSFER,ONLINE,PENDING
1116,0,2024-01-19,3558.49,USD,DEBIT,ATM,POSTED
1117,0,2024-01-17,2381.79,USD,DEBIT,BRANCH,REVERSED
1118,0,2024-03-16,2795.28,USD,CREDIT,MOBILE,REVERSED
1119,0,2024-02-26,3445.4,USD,TRANSFER,MOBILE,POSTED
1120,0,2024-01-17,2424.34,USD,DEBIT,ATM,REVERSED
1121,0,2024-03-01,164.0,EUR,TRANSFER,BRANCH,POSTED
1122,0,2024-02-22,552.57,USD,TRANSFER,BRANCH,POSTED
1123,0,2024-01-16,1857.97,USD,CREDIT,BRANCH,PENDING
1124,0,2024-01-19,711.56,GBP,CREDIT,ATM,PENDING
1125,110,2024-01-24,4095.81,USD,DEBIT,ATM,REVERSED
1126,0,2024-01-06,2088.46,GBP,CREDIT,MOBILE,PENDING
1127,243,2024-03-18,664.92,EUR,TRANSFER,MOBILE,PENDING
1128,0,2024-01-20,4331.86,USD,DEBIT,MOBILE,PENDING
1129,0,2024-02-20,1695.65,EUR,TRANSFER,MOBILE,REVERSED
1130,0,2024-01-12,4329.9,GBP,DEBIT,BRANCH,REVERSED
1131,0,2024-03-23,2797.2,EUR,TRANSFER,ATM,REVERSED
1132,0,2024-03-01,2513.69,EUR,DEBIT,ONLINE,POSTED
1133,0,2024-01-27,1227.19,GBP,TRANSFER,MOBILE,POSTED
1134,310,2024-02-11,2009.59,EUR,CREDIT,ATM,PENDING
1135,0,2024-02-23,121.26,GBP,CREDIT,MOBILE,PENDING
1136,0,2024-01-13,2709.35,USD,DEBIT,ONLINE,PENDING
1137,78,2024-02-09,4760.87,GBP,DEBIT,ATM,REVERSED
1138,92,2024-01-04,3566.79,USD,CREDIT,ATM,PENDING
1139,0,2024-02-11,1290.41,EUR,DEBIT,ONLINE,POSTED
1140,300,2024-01-31,2465.4,GBP,CREDIT,ATM,PENDING
1141,0,2024-02-29,2766.05,EUR,CREDIT,ATM,PENDING
1142,0,2024-01-03,1346.53,GBP,TRANSFER,ATM,POSTED
1143,333,2024-01-17,1523.76,USD,CREDIT,ATM,REVERSED
1144,0,2024-01-19,1867.15,EUR,DEBIT,MOBILE,REVERSED
1145,0,2024-01-01,4063.41,GBP,CREDIT,ONLINE,POSTED
1146,0,2024-03-02,1367.24,USD,TRANSFER,MOBILE,PENDING
1147,108,2024-03-15,4203.58,USD,DEBIT,ONLINE,REVERSED
1148,0,2024-01-09,1503.89,USD,TRANSFER,ATM,POSTED
1149,,2024-02-05,4391.52,EUR,TRANSFER,BRANCH,REVERSED
1150,325,2024-02-03,4898.22,GBP,CREDIT,BRANCH,POSTED
1151,0,2024-02-11,1708.81,USD,TRANSFER,BRANCH,POSTED
1152,68,2024-03-23,4611.37,GBP,CREDIT,ATM,POSTED
1153,0,2024-02-22,2779.4,GBP,TRANSFER,MOBILE,PENDING
1154,0,2024-03-24,3256.68,GBP,DEBIT,MOBILE,REVERSED
1155,0,2024-02-18,4137.51,USD,CREDIT,ONLINE,REVERSED
1156,63,2024-02-29,1853.03,EUR,CREDIT,ATM,POSTED
1157,,2024-02-05,3403.09,GBP,CREDIT,ONLINE,POSTED
1158,320,2024-02-08,4042.26,EUR,DEBIT,MOBILE,PENDING
1159,0,2024-03-04,4522.63,GBP,TRANSFER,ONLINE,POSTED
1160,0,2024-03-22,1981.03,USD,TRANSFER,MOBILE,POSTED
1161,0,2024-03-25,3694.34,GBP,TRANSFER,ONLINE,POSTED
1162,0,2024-01-09,638.03,GBP,DEBIT,BRANCH,POSTED
1163,11,2024-03-29,3388.99,GBP,CREDIT,MOBILE,POSTED
1164,328,2024-03-27,4715.43,EUR,CREDIT,MOBILE,PENDING
1165,0,2024-03-28,2591.96,USD,CREDIT,ATM,REVERSED
1166,0,2024-02-05,4592.04,GBP,CREDIT,BRANCH,POSTED
1167,0,2024-02-12,409.96,GBP,DEBIT,ONLINE,REVERSED
1168,0,2024-01-10,4585.06,EUR,DEBIT,BRANCH,PENDING
1169,0,2024-03-21,484.53,USD,CREDIT,ATM,REVERSED
1170,478,2024-02-12,4202.7,EUR,DEBIT,MOBILE,POSTED
1171,426,2024-01-07,4108.35,GBP,DEBIT,ATM,REVERSED
1172,0,2024-01-13,3127.12,GBP,DEBIT,ATM,POSTED
1173,193,2024-02-10,4450.53,GBP,DEBIT,ONLINE,POSTED
1174,226,2024-01-08,1508.05,GBP,CREDIT,ATM,POSTED
1175,0,2024-03-12,261.96,USD,CREDIT,ATM,REVERSED
1176,119,2024-03-17,3937.59,GBP,DEBIT,MOBILE,PENDING
1177,0,2024-02-24,4399.81,GBP,DEBIT,BRANCH,REVERSED
1178,400,2024-01-04,2270.93,USD,TRANSFER,ONLINE,POSTED
1179,0,2024-03-17,3566.78,GBP,DEBIT,ONLINE,REVERSED
1180,0,2024-02-15,2105.61,GBP,TRANSFER,MOBILE,POSTED
1181,0,2024-01-06,303.4,USD,TRANSFER,MOBILE,REVERSED
1182,386,2024-02-15,1556.63,GBP,DEBIT,ONLINE,PENDING
1183,0,2024-02-13,1456.03,EUR,TRANSFER,ONLINE,POSTED
1184,0,2024-03-12,4293.65,USD,CREDIT,ONLINE,POSTED
1185,0,2024-01-26,3926.53,USD,DEBIT,MOBILE,REVERSED
1186,0,2024-02-29,2999.21,USD,TRANSFER,BRANCH,REVERSED
1187,0,2024-02-12,812.24,USD,DEBIT,MOBILE,POSTED
1188,327,2024-01-29,3466.41,USD,TRANSFER,ONLINE,POSTED
1189,0,2024-02-12,4036.55,USD,DEBIT,MOBILE,POSTED
1190,3,2024-02-16,50.45,USD,DEBIT,ATM,POSTED
1191,0,2024-01-25,3157.04,USD,DEBIT,ATM,POSTED
1192,0,2024-01-23,1095.51,USD,TRANSFER,ONLINE,PENDING
1193,125,2024-01-23,980.74,EUR,CREDIT,ATM,POSTED
1194,70,2024-02-18,3274.69,EUR,CREDIT,ONLINE,PENDING
1195,0,2024-02-17,4047.63,GBP,DEBIT,MOBILE,REVERSED
1196,0,2024-01-19,4413.73,EUR,DEBIT,ONLINE,REVERSED
1197,0,2024-02-17,1590.44,USD,TRANSFER,ONLINE,POSTED
1198,300,2024-01-25,4272.32,USD,DEBIT,BRANCH,POSTED
1199,0,2024-02-05,4364.38,GBP,TRANSFER,MOBILE,POSTED
1200,,2024-03-01,3955.2,GBP,DEBIT,ONLINE,REVERSED
1201,0,2024-03-23,3755.93,USD,CREDIT,MOBILE,POSTED
1202,0,2024-02-17,2627.85,USD,TRANSFER,MOBILE,PENDING
1203,0,2024-02-21,3190.89,GBP,TRANSFER,ATM,POSTED
1204,0,2024-01-26,2260.95,EUR,CREDIT,ONLINE,PENDING
1205,0,2024-02-18,2857.28,USD,CREDIT,ATM,POSTED
1206,151,2024-02-26,2594.58,EUR,TRANSFER,ATM,PENDING
1207,0,2024-02-13,2131.09,USD,CREDIT,MOBILE,PENDING
1208,162,2024-02-04,1912.47,EUR,CREDIT,ONLINE,PENDING
1209,0,2024-02-15,4507.48,USD,TRANSFER,ATM,PENDING
1210,50,2024-01-16,357.67,EUR,TRANSFER,ONLINE,PENDING
1211,0,2024-02-12,1250.87,GBP,TRANSFER,BRANCH,POSTED
1212,,2024-01-18,4992.03,GBP,TRANSFER,BRANCH,POSTED
1213,144,2024-02-14,3915.86,USD,CREDIT,ATM,PENDING
1214,0,2024-01-20,4327.47,EUR,DEBIT,ONLINE,PENDING
1215,0,2024-03-16,3930.09,USD,TRANSFER,MOBILE,PENDING
1216,160,2024-01-25,2144.54,GBP,CREDIT,ONLINE,PENDING
1217,0,2024-03-12,151.49,EUR,TRANSFER,ONLINE,PENDING
1218,4,2024-03-04,4052.2,USD,CREDIT,ONLINE,PENDING
1219,0,2024-02-21,3814.45,GBP,TRANSFER,BRANCH,PENDING
1220,0,2024-03-13,3927.0,EUR,DEBIT,BRANCH,REVERSED
1221,0,2024-03-18,4568.85,GBP,CREDIT,MOBILE,POSTED
1222,32,2024-03-09,1932.78,USD,DEBIT,BRANCH,REVERSED
1223,327,2024-02-08,467.11,EUR,TRANSFER,ONLINE,POSTED
1224,308,2024-03-03,135.17,EUR,DEBIT,MOBILE,PENDING
1225,0,2024-02-07,3298.19,EUR,CREDIT,ATM,PENDING
1226,0,2024-01-22,1634.53,USD,CREDIT,ONLINE,POSTED
1227,0,2024-02-23,2391.78,EUR,CREDIT,ONLINE,POSTED
1228,158,2024-02-25,4089.66,GBP,CREDIT,ONLINE,REVERSED
1229,0,2024-02-09,2937.87,GBP,TRANSFER,MOBILE,PENDING
1230,0,2024-01-19,2229.21,USD,TRANSFER,ONLINE,REVERSED
1231,0,2024-03-13,4396.32,USD,CREDIT,ATM,REVERSED
1232,0,2024-03-23,4405.09,USD,CREDIT,BRANCH,PENDING
1233,0,2024-01-23,2075.85,EUR,TRANSFER,MOBILE,PENDING
1234,0,2024-03-25,918.04,GBP,DEBIT,MOBILE,REVERSED
1235,122,2024-01-21,1369.61,GBP,TRANSFER,BRANCH,REVERSED
1236,357,2024-01-28,4543.77,USD,TRANSFER,ATM,PENDING
1237,0,2024-01-14,2522.47,USD,CREDIT,MOBILE,POSTED
1238,0,2024-03-05,224.13,EUR,DEBIT,MOBILE,PENDING
1239,0,2024-02-21,4279.01,USD,DEBIT,ATM,PENDING
1240,0,2024-01-18,1636.22,GBP,CREDIT,MOBILE,PENDING
1241,0,2024-03-11,3285.46,GBP,CREDIT,ONLINE,PENDING
1242,430,2024-01-21,853.77,EUR,TRANSFER,ATM,POSTED
1243,0,2024-03-09,3707.49,EUR,DEBIT,ATM,REVERSED
1244,0,2024-02-26,1791.08,EUR,TRANSFER,ATM,REVERSED
1245,0,2024-02-26,3484.02,GBP,TRANSFER,ATM,PENDING
1246,0,2024-02-26,263.02,EUR,DEBIT,MOBILE,POSTED
1247,191,2024-01-31,1000.73,EUR,CREDIT,ATM,POSTED
1248,0,2024-01-25,3400.12,EUR,DEBIT,ATM,REVERSED
1249,0,2024-01-22,221.02,GBP,DEBIT,BRANCH,PENDING
1250,0,2024-01-25,3123.74,GBP,CREDIT,MOBILE,POSTED
1251,0,2024-01-14,1783.53,EUR,DEBIT,MOBILE,REVERSED
1252,0,2024-02-19,1064.63,EUR,DEBIT,BRANCH,REVERSED
1253,0,2024-01-06,337.59,EUR,CREDIT,BRANCH,REVERSED
1254,0,2024-01-14,3562.94,GBP,DEBIT,BRANCH,POSTED
1255,0,2024-03-21,3481.88,GBP,TRANSFER,ONLINE,PENDING
1256,0,2024-03-29,1590.52,GBP,CREDIT,ATM,PENDING
1257,0,2024-03-15,2245.11,GBP,TRANSFER,ONLINE,REVERSED
1258,0,2024-01-02,1163.8,GBP,DEBIT,BRANCH,POSTED
1259,,2024-02-01,3099.21,EUR,DEBIT,BRANCH,PENDING
1260,0,2024-01-20,1879.36,GBP,DEBIT,ONLINE,REVERSED
1261,0,2024-02-26,3696.54,USD,DEBIT,BRANCH,PENDING
1262,0,2024-01-06,2604.84,USD,TRANSFER,BRANCH,POSTED
1263,0,2024-02-12,1714.3,EUR,TRANSFER,ATM,REVERSED
1264,410,2024-03-28,3481.69,EUR,TRANSFER,MOBILE,REVERSED
1265,0,2024-02-26,3149.28,EUR,CREDIT,ATM,POSTED
1266,0,2024-01-19,4691.43,EUR,DEBIT,ONLINE,REVERSED
1267,0,2024-01-27,1182.31,EUR,CREDIT,MOBILE,PENDING
1268,0,2024-01-26,1225.38,EUR,TRANSFER,ONLINE,PENDING
1269,0,2024-02-27,4838.66,EUR,CREDIT,MOBILE,POSTED
1270,184,2024-02-20,1889.21,USD,CREDIT,MOBILE,REVERSED
1271,0,2024-02-25,3801.86,USD,DEBIT,MOBILE,PENDING
1272,388,2024-02-08,2976.32,EUR,TRANSFER,ONLINE,PENDING
1273,0,2024-02-09,2268.56,USD,TRANSFER,MOBILE,POSTED
1274,0,2024-03-01,979.38,EUR,DEBIT,ATM,REVERSED
1275,,2024-02-17,2457.78,USD,CREDIT,BRANCH,PENDING
1276,0,2024-03-23,4937.62,EUR,CREDIT,ATM,POSTED
1277,0,2024-03-13,812.65,USD,CREDIT,BRANCH,REVERSED
1278,,2024-03-22,3442.76,GBP,DEBIT,MOBILE,PENDING
1279,,2024-02-01,2389.15,USD,TRANSFER,ATM,REVERSED
1280,0,2024-01-19,1307.39,USD,TRANSFER,ONLINE,PENDING
1281,0,2024-03-15,4758.94,EUR,DEBIT,ATM,POSTED
1282,0,2024-02-19,1988.94,GBP,DEBIT,ONLINE,PENDING
1283,0,2024-02-24,1265.1,USD,TRANSFER,MOBILE,REVERSED
1284,0,2024-02-22,3762.56,GBP,DEBIT,ATM,REVERSED
1285,0,2024-02-14,4071.33,USD,TRANSFER,ONLINE,REVERSED
1286,0,2024-02-09,33.1,EUR,CREDIT,ATM,POSTED
1287,0,2024-03-30,2089.78,USD,TRANSFER,BRANCH,REVERSED
1288,0,2024-01-23,1873.88,GBP,DEBIT,ONLINE,PENDING
1289,0,2024-01-15,2253.85,EUR,DEBIT,ONLINE,POSTED
1290,,2024-01-25,1297.5,USD,CREDIT,ATM,REVERSED
1291,0,2024-02-07,429.45,EUR,CREDIT,ATM,PENDING
1292,0,2024-01-31,2390.01,GBP,DEBIT,ATM,POSTED
1293,0,2024-01-01,3326.95,EUR,DEBIT,ONLINE,REVERSED
1294,192,2024-03-18,2600.85,USD,CREDIT,MOBILE,PENDING
1295,0,2024-02-13,1854.55,USD,CREDIT,ONLINE,PENDING
1296,0,2024-02-18,3054.43,USD,CREDIT,ATM,POSTED
1297,0,2024-03-30,2009.64,EUR,DEBIT,ATM,REVERSED
1298,0,2024-03-30,3757.45,EUR,CREDIT,MOBILE,REVERSED
1299,0,2024-03-01,2575.06,GBP,DEBIT,ATM,REVERSED
1300,416,2024-02-11,84.13,USD,DEBIT,BRANCH,REVERSED
1301,0,2024-03-18,2423.2,GBP,TRANSFER,ATM,PENDING
1302,0,2024-03-01,4934.37,GBP,DEBIT,MOBILE,PENDING
1303,0,2024-01-19,4349.42,GBP,TRANSFER,ATM,POSTED
1304,0,2024-01-12,1507.44,GBP,TRANSFER,MOBILE,POSTED
1305,488,2024-01-15,2411.36,GBP,DEBIT,ONLINE,POSTED
1306,0,2024-03-25,3499.85,EUR,CREDIT,ATM,POSTED
1307,167,2024-02-19,3831.78,EUR,TRANSFER,BRANCH,REVERSED
1308,0,2024-03-26,616.37,EUR,TRANSFER,MOBILE,POSTED
1309,170,2024-01-29,4658.97,GBP,DEBIT,BRANCH,PENDING
1310,380,2024-02-18,3269.94,GBP,CREDIT,ONLINE,POSTED
1311,0,2024-02-07,439.31,EUR,CREDIT,ONLINE,REVERSED
1312,293,2024-02-17,637.96,USD,CREDIT,ATM,PENDING
1313,0,2024-03-09,950.1,USD,CREDIT,BRANCH,PENDING
1314,478,2024-01-17,2599.24,GBP,TRANSFER,ONLINE,POSTED
1315,0,2024-03-09,4261.96,USD,DEBIT,BRANCH,POSTED
1316,0,2024-02-28,737.98,USD,DEBIT,ATM,REVERSED
1317,0,2024-03-05,4951.69,EUR,CREDIT,MOBILE,REVERSED
1318,253,2024-02-07,3521.0,USD,DEBIT,BRANCH,POSTED
1319,107,2024-01-29,3502.34,EUR,DEBIT,MOBILE,REVERSED
1320,0,2024-03-25,4561.97,EUR,DEBIT,MOBILE,PENDING
1321,0,2024-03-01,4951.58,USD,CREDIT,ATM,REVERSED
1322,,2024-02-06,3482.19,EUR,TRANSFER,MOBILE,POSTED
1323,0,2024-03-15,4329.41,EUR,TRANSFER,BRANCH,PENDING
1324,0,2024-03-14,688.67,GBP,CREDIT,BRANCH,POSTED
1325,0,2024-01-26,3676.86,EUR,CREDIT,ATM,REVERSED
1326,439,2024-01-19,1883.4,USD,TRANSFER,ONLINE,POSTED
1327,0,2024-03-01,898.98,EUR,DEBIT,BRANCH,REVERSED
1328,0,2024-01-20,3135.24,USD,DEBIT,ATM,POSTED
1329,0,2024-03-03,1514.15,GBP,DEBIT,MOBILE,REVERSED
1330,343,2024-03-25,448.97,USD,TRANSFER,MOBILE,PENDING
1331,0,2024-02-26,1837.25,EUR,DEBIT,ATM,POSTED
1332,0,2024-03-26,4542.48,EUR,DEBIT,MOBILE,PENDING
1333,0,2024-01-13,3971.92,EUR,CREDIT,MOBILE,REVERSED
1334,,2024-02-08,2857.54,EUR,CREDIT,ATM,REVERSED
1335,407,2024-03-09,925.26,GBP,DEBIT,MOBILE,REVERSED
1336,401,2024-03-08,2443.33,GBP,TRANSFER,ATM,POSTED
1337,459,2024-01-16,904.14,GBP,TRANSFER,ONLINE,POSTED
1338,0,2024-02-10,616.1,EUR,TRANSFER,ONLINE,REVERSED
1339,0,2024-03-12,1284.55,EUR,DEBIT,ATM,REVERSED
1340,0,2024-03-10,858.84,GBP,DEBIT,ONLINE,PENDING
1341,0,2024-03-07,4523.19,USD,TRANSFER,MOBILE,POSTED
1342,0,2024-03-29,1565.37,USD,TRANSFER,ONLINE,REVERSED
1343,0,2024-01-06,1186.26,EUR,DEBIT,BRANCH,POSTED
1344,308,2024-03-11,1080.98,USD,CREDIT,ONLINE,REVERSED
1345,0,2024-01-10,2749.69,USD,CREDIT,ONLINE,PENDING
1346,0,2024-02-02,3382.95,GBP,DEBIT,ONLINE,POSTED
1347,0,2024-02-04,4976.8,GBP,TRANSFER,ONLINE,REVERSED
1348,0,2024-03-25,3239.21,GBP,TRANSFER,ONLINE,PENDING
1349,161,2024-02-25,1895.33,GBP,DEBIT,ATM,PENDING
1350,0,2024-01-15,3420.21,USD,DEBIT,BRANCH,REVERSED
1351,0,2024-02-12,3890.58,EUR,DEBIT,BRANCH,POSTED
1352,0,2024-01-29,1893.78,EUR,DEBIT,ONLINE,REVERSED
1353,,2024-02-09,2944.55,USD,DEBIT,BRANCH,REVERSED
1354,0,2024-02-06,2758.16,GBP,DEBIT,ATM,POSTED
1355,0,2024-02-19,904.18,GBP,TRANSFER,MOBILE,PENDING
1356,0,2024-02-03,48.48,GBP,TRANSFER,ONLINE,REVERSED
1357,0,2024-02-18,2838.24,USD,DEBIT,BRANCH,REVERSED
1358,347,2024-03-18,2091.8,USD,DEBIT,MOBILE,PENDING
1359,257,2024-02-06,1379.84,USD,TRANSFER,ONLINE,PENDING
1360,0,2024-01-12,4737.33,USD,CREDIT,ATM,REVERSED
1361,0,2024-01-31,4724.39,EUR,TRANSFER,ATM,POSTED
1362,,2024-03-11,4648.02,EUR,CREDIT,ONLINE,PENDING
1363,0,2024-03-28,4989.77,GBP,TRANSFER,ATM,PENDING
1364,0,2024-01-25,4554.52,GBP,DEBIT,MOBILE,REVERSED
1365,0,2024-02-14,1221.89,GBP,TRANSFER,ATM,REVERSED
1366,0,2024-01-22,3372.94,GBP,DEBIT,ONLINE,POSTED
1367,0,2024-01-18,2568.91,EUR,CREDIT,MOBILE,PENDING
1368,0,2024-01-15,1690.46,GBP,DEBIT,ATM,PENDING
1369,0,2024-02-07,1324.49,EUR,TRANSFER,MOBILE,POSTED
1370,475,2024-03-23,2578.13,EUR,CREDIT,MOBILE,POSTED
1371,0,2024-03-19,2302.31,USD,CREDIT,ATM,POSTED
1372,0,2024-01-24,2010.94,EUR,DEBIT,MOBILE,PENDING
1373,0,2024-03-08,2572.08,EUR,CREDIT,ATM,PENDING
1374,0,2024-03-25,1251.42,USD,CREDIT,BRANCH,PENDING
1375,0,2024-01-24,2682.6,USD,DEBIT,MOBILE,REVERSED
1376,82,2024-01-18,1769.34,USD,DEBIT,BRANCH,REVERSED
1377,0,2024-01-25,1425.21,EUR,CREDIT,MOBILE,REVERSED
1378,0,2024-01-05,802.4,EUR,CREDIT,BRANCH,POSTED
1379,0,2024-03-11,2478.34,GBP,TRANSFER,ONLINE,PENDING
1380,399,2024-02-21,2509.79,GBP,CREDIT,ONLINE,POSTED
1381,405,2024-01-03,631.49,USD,TRANSFER,ATM,REVERSED
1382,0,2024-03-27,4149.35,USD,TRANSFER,ATM,PENDING
1383,0,2024-02-06,2430.16,USD,DEBIT,ONLINE,REVERSED
1384,0,2024-02-01,1406.41,EUR,CREDIT,ONLINE,REVERSED
1385,101,2024-03-01,3532.6,EUR,TRANSFER,ONLINE,POSTED
1386,302,2024-03-21,3172.75,EUR,DEBIT,ONLINE,PENDING
1387,0,2024-01-25,4645.56,USD,DEBIT,ONLINE,POSTED
1388,194,2024-02-22,2625.33,GBP,TRANSFER,ONLINE,POSTED
1389,0,2024-03-02,307.69,USD,TRANSFER,ATM,PENDING
1390,0,2024-02-16,1403.5,USD,TRANSFER,MOBILE,POSTED
1391,0,2024-01-07,909.58,EUR,DEBIT,BRANCH,POSTED
1392,0,2024-02-05,4542.5,EUR,CREDIT,ONLINE,PENDING
1393,186,2024-02-12,1522.48,EUR,TRANSFER,ATM,REVERSED
1394,0,2024-01-17,1656.73,GBP,CREDIT,BRANCH,POSTED
1395,0,2024-01-27,2922.05,EUR,DEBIT,ONLINE,REVERSED
1396,,2024-01-16,206.15,GBP,DEBIT,ONLINE,REVERSED
1397,0,2024-01-13,375.32,GBP,TRANSFER,BRANCH,PENDING
1398,,2024-01-26,2668.25,EUR,DEBIT,ONLINE,POSTED
1399,0,2024-02-02,4458.04,GBP,CREDIT,BRANCH,PENDING
1400,0,2024-01-16,4554.34,EUR,CREDIT,MOBILE,REVERSED
1401,257,2024-01-03,835.51,USD,TRANSFER,ONLINE,PENDING
1402,0,2024-03-13,304.91,GBP,DEBIT,MOBILE,PENDING
1403,0,2024-03-06,4857.72,EUR,CREDIT,MOBILE,REVERSED
1404,205,2024-03-18,1358.2,EUR,DEBIT,ONLINE,REVERSED
1405,0,2024-03-30,45.3,GBP,CREDIT,BRANCH,PENDING
1406,151,2024-02-04,2761.2,EUR,DEBIT,ATM,REVERSED
1407,0,2024-01-06,3198.44,USD,DEBIT,BRANCH,POSTED
1408,0,2024-02-01,4947.69,EUR,TRANSFER,ATM,POSTED
1409,0,2024-03-21,3026.19,USD,CREDIT,ATM,REVERSED
1410,135,2024-01-18,2042.31,GBP,CREDIT,BRANCH,POSTED
1411,0,2024-01-02,4119.83,EUR,TRANSFER,BRANCH,POSTED
1412,0,2024-01-03,2687.41,GBP,DEBIT,MOBILE,REVERSED
1413,0,2024-03-21,3171.89,GBP,DEBIT,MOBILE,POSTED
1414,0,2024-01-27,2908.74,USD,DEBIT,MOBILE,POSTED
1415,,2024-02-25,1843.83,USD,DEBIT,MOBILE,POSTED
1416,0,2024-01-23,945.11,USD,TRANSFER,ONLINE,REVERSED
1417,0,2024-02-09,815.43,EUR,CREDIT,ONLINE,POSTED
1418,0,2024-02-24,1227.02,GBP,CREDIT,ATM,REVERSED
1419,0,2024-01-02,3016.86,USD,CREDIT,ATM,POSTED
1420,390,2024-03-23,4673.45,EUR,DEBIT,ATM,PENDING
1421,0,2024-03-21,2998.59,EUR,DEBIT,BRANCH,REVERSED
1422,0,2024-01-18,2402.65,GBP,CREDIT,ONLINE,PENDING
1423,0,2024-01-20,1219.8,GBP,TRANSFER,BRANCH,REVERSED
1424,0,2024-01-03,4124.8,EUR,TRANSFER,BRANCH,POSTED
1425,0,2024-02-23,710.03,EUR,DEBIT,ONLINE,PENDING
1426,0,2024-02-15,3277.17,EUR,TRANSFER,MOBILE,REVERSED
1427,421,2024-01-15,2459.61,EUR,DEBIT,ATM,PENDING
1428,0,2024-03-19,1669.29,USD,DEBIT,ATM,REVERSED
1429,0,2024-02-24,2652.87,GBP,DEBIT,MOBILE,POSTED
1430,351,2024-02-08,3124.17,USD,CREDIT,ATM,PENDING
1431,338,2024-02-17,4664.48,GBP,DEBIT,ATM,POSTED
1432,75,2024-02-10,739.75,USD,TRANSFER,MOBILE,POSTED
1433,0,2024-02-24,4797.97,USD,DEBIT,ATM,PENDING
1434,93,2024-02-19,1763.69,USD,CREDIT,MOBILE,REVERSED
1435,308,2024-03-22,1667.99,GBP,DEBIT,MOBILE,PENDING
1436,0,2024-03-09,2669.32,GBP,TRANSFER,ONLINE,PENDING
1437,0,2024-02-23,2635.2,GBP,TRANSFER,ONLINE,REVERSED
1438,0,2024-02-16,15.33,EUR,CREDIT,MOBILE,POSTED
1439,30,2024-02-14,1804.93,EUR,CREDIT,MOBILE,POSTED
1440,282,2024-02-23,1213.24,EUR,DEBIT,ONLINE,POSTED
1441,360,2024-01-19,1887.93,EUR,TRANSFER,MOBILE,PENDING
1442,0,2024-01-14,3314.07,EUR,CREDIT,ONLINE,POSTED
1443,0,2024-01-19,395.89,EUR,DEBIT,MOBILE,POSTED
1444,240,2024-01-18,3740.79,GBP,CREDIT,MOBILE,PENDING
1445,,2024-02-26,3907.2,GBP,DEBIT,BRANCH,POSTED
1446,0,2024-03-23,161.56,EUR,TRANSFER,ONLINE,POSTED
1447,0,2024-02-24,3399.84,USD,TRANSFER,BRANCH,REVERSED
1448,0,2024-01-30,2118.93,EUR,CREDIT,ATM,REVERSED
1449,0,2024-01-17,3715.93,USD,TRANSFER,ATM,POSTED
1450,0,2024-03-12,3025.81,EUR,TRANSFER,MOBILE,PENDING
1451,0,2024-03-23,2026.09,USD,DEBIT,ATM,PENDING
1452,0,2024-01-25,1350.33,EUR,DEBIT,BRANCH,REVERSED
1453,171,2024-01-04,1198.41,EUR,TRANSFER,ATM,POSTED
1454,0,2024-01-02,3782.85,USD,DEBIT,ONLINE,REVERSED
1455,123,2024-02-04,426.11,GBP,TRANSFER,ATM,REVERSED
1456,247,2024-01-06,241.2,EUR,CREDIT,ATM,PENDING
1457,490,2024-02-20,2501.58,USD,CREDIT,BRANCH,POSTED
1458,,2024-01-13,1657.26,GBP,TRANSFER,ATM,REVERSED
1459,76,2024-01-04,2936.29,USD,CREDIT,ATM,PENDING
1460,0,2024-03-28,2316.07,GBP,DEBIT,ONLINE,POSTED
1461,334,2024-01-19,3844.36,EUR,TRANSFER,BRANCH,PENDING
1462,173,2024-02-07,1802.22,USD,DEBIT,MOBILE,POSTED
1463,0,2024-03-19,3034.78,EUR,TRANSFER,MOBILE,POSTED
1464,73,2024-02-09,2736.13,EUR,CREDIT,ATM,PENDING
1465,0,2024-02-07,808.2,USD,TRANSFER,BRANCH,PENDING
1466,0,2024-01-23,3553.56,USD,CREDIT,MOBILE,PENDING
1467,226,2024-03-24,4620.88,EUR,TRANSFER,MOBILE,POSTED
1468,0,2024-02-06,2005.3,GBP,TRANSFER,ONLINE,PENDING
1469,0,2024-03-20,4760.27,USD,DEBIT,MOBILE,REVERSED
1470,0,2024-03-28,214.34,GBP,DEBIT,ONLINE,REVERSED
1471,4,2024-01-20,4265.45,USD,CREDIT,ONLINE,REVERSED
1472,0,2024-01-10,1116.03,USD,TRANSFER,ATM,PENDING
1473,0,2024-03-23,2676.04,USD,DEBIT,ATM,POSTED
1474,,2024-02-20,3841.32,EUR,CREDIT,BRANCH,POSTED
1475,0,2024-03-18,2431.99,GBP,TRANSFER,MOBILE,POSTED
1476,0,2024-01-05,2725.86,USD,DEBIT,ONLINE,PENDING
1477,0,2024-03-17,3871.25,EUR,CREDIT,MOBILE,PENDING
1478,0,2024-01-28,4340.23,GBP,CREDIT,BRANCH,PENDING
1479,0,2024-01-11,709.55,USD,CREDIT,ATM,PENDING
1480,231,2024-02-23,2624.36,GBP,CREDIT,ONLINE,POSTED
1481,0,2024-02-24,1710.75,USD,DEBIT,ONLINE,PENDING
1482,246,2024-03-01,2678.0,EUR,TRANSFER,MOBILE,PENDING
1483,292,2024-02-19,4115.26,GBP,TRANSFER,ONLINE,POSTED
1484,,2024-03-15,3082.95,USD,TRANSFER,BRANCH,POSTED
1485,0,2024-02-28,4669.16,USD,CREDIT,ATM,REVERSED
1486,0,2024-03-07,3611.71,USD,DEBIT,MOBILE,REVERSED
1487,49,2024-01-05,1093.9,EUR,CREDIT,ONLINE,REVERSED
1488,0,2024-02-14,1049.61,EUR,TRANSFER,ATM,PENDING
1489,8,2024-02-08,4483.38,GBP,DEBIT,MOBILE,REVERSED
1490,211,2024-02-22,1759.29,GBP,CREDIT,BRANCH,POSTED
1491,234,2024-02-24,1866.23,GBP,TRANSFER,ONLINE,REVERSED
1492,0,2024-02-06,4225.61,GBP,TRANSFER,MOBILE,REVERSED
1493,0,2024-03-20,4689.57,EUR,DEBIT,ATM,POSTED
1494,0,2024-03-19,4662.55,EUR,CREDIT,ATM,REVERSED
1495,0,2024-03-15,4029.55,GBP,CREDIT,MOBILE,POSTED
1496,0,2024-02-28,2758.39,EUR,DEBIT,MOBILE,POSTED
1497,0,2024-02-29,2065.26,GBP,TRANSFER,MOBILE,POSTED
1498,400,2024-01-29,2538.3,USD,TRANSFER,BRANCH,PENDING
1499,407,2024-02-23,3366.83,EUR,CREDIT,ATM,POSTED
1500,0,2024-02-17,4204.01,GBP,TRANSFER,BRANCH,PENDING
1501,0,2024-03-14,4964.15,EUR,TRANSFER,MOBILE,POSTED
1502,0,2024-02-20,4142.92,GBP,CREDIT,ONLINE,REVERSED
1503,0,2024-01-23,2016.19,USD,TRANSFER,ONLINE,PENDING
1504,0,2024-01-17,2521.78,GBP,TRANSFER,MOBILE,REVERSED
1505,428,2024-03-11,796.11,USD,DEBIT,ATM,POSTED
1506,0,2024-01-02,3144.84,GBP,DEBIT,ATM,REVERSED
1507,,2024-01-11,2859.4,EUR,TRANSFER,ONLINE,PENDING
1508,0,2024-02-15,933.59,GBP,DEBIT,BRANCH,POSTED
1509,0,2024-02-01,3631.84,USD,CREDIT,ATM,PENDING
1510,0,2024-01-19,3137.56,GBP,TRANSFER,ATM,POSTED
1511,0,2024-03-17,614.3,EUR,CREDIT,BRANCH,POSTED
1512,0,2024-03-04,4223.27,EUR,CREDIT,ATM,PENDING
1513,211,2024-01-10,2433.1,GBP,DEBIT,ONLINE,REVERSED
1514,0,2024-02-10,3168.13,USD,DEBIT,ONLINE,PENDING
1515,0,2024-01-23,3298.67,GBP,TRANSFER,ATM,POSTED
1516,177,2024-03-02,4974.59,GBP,TRANSFER,ATM,POSTED
1517,0,2024-02-02,4632.99,EUR,TRANSFER,ATM,REVERSED
1518,0,2024-03-06,3805.04,EUR,CREDIT,ATM,POSTED
1519,0,2024-01-18,1099.59,GBP,TRANSFER,ONLINE,PENDING
1520,0,2024-01-26,4766.19,USD,TRANSFER,BRANCH,PENDING
1521,,2024-03-04,2180.87,USD,DEBIT,BRANCH,POSTED
1522,0,2024-02-05,4809.39,EUR,TRANSFER,BRANCH,POSTED
1523,488,2024-03-03,2167.92,USD,CREDIT,BRANCH,PENDING
1524,0,2024-03-18,1915.85,EUR,TRANSFER,BRANCH,PENDING
1525,419,2024-01-09,2247.57,EUR,TRANSFER,BRANCH,REVERSED
1526,0,2024-03-18,4133.61,GBP,TRANSFER,BRANCH,PENDING
1527,0,2024-01-24,4045.39,USD,DEBIT,BRANCH,POSTED
1528,0,2024-03-25,1858.93,EUR,CREDIT,ATM,POSTED
1529,0,2024-01-02,3584.3,EUR,CREDIT,BRANCH,POSTED
1530,0,2024-02-19,1418.79,EUR,TRANSFER,ONLINE,POSTED
1531,0,2024-03-18,4731.41,GBP,DEBIT,MOBILE,REVERSED
1532,162,2024-02-10,991.55,EUR,CREDIT,MOBILE,POSTED
1533,215,2024-01-16,621.34,EUR,TRANSFER,BRANCH,REVERSED
1534,0,2024-03-14,107.32,EUR,TRANSFER,ATM,PENDING
1535,0,2024-02-21,186.0,GBP,TRANSFER,ATM,PENDING
1536,0,2024-01-09,2350.0,USD,TRANSFER,BRANCH,PENDING
1537,0,2024-02-14,2002.32,GBP,CREDIT,MOBILE,REVERSED
1538,0,2024-02-08,3482.59,USD,CREDIT,ATM,PENDING
1539,52,2024-01-04,1120.85,EUR,DEBIT,ATM,PENDING
1540,370,2024-02-25,1132.48,EUR,DEBIT,BRANCH,REVERSED
1541,478,2024-03-29,4340.21,USD,DEBIT,ATM,POSTED
1542,38,2024-02-03,1647.32,GBP,CREDIT,BRANCH,REVERSED
1543,0,2024-01-18,2917.68,EUR,DEBIT,BRANCH,POSTED
1544,454,2024-02-22,3184.88,GBP,DEBIT,ONLINE,REVERSED
1545,0,2024-03-03,4881.77,USD,TRANSFER,MOBILE,POSTED
1546,0,2024-02-07,3557.2,USD,TRANSFER,ONLINE,REVERSED
1547,0,2024-01-27,3475.13,EUR,CREDIT,ATM,POSTED
1548,0,2024-01-28,2341.28,USD,DEBIT,MOBILE,POSTED
1549,0,2024-03-16,3808.25,GBP,CREDIT,BRANCH,REVERSED
1550,0,2024-01-20,4239.19,EUR,DEBIT,ONLINE,PENDING
1551,0,2024-02-27,4339.43,GBP,DEBIT,MOBILE,POSTED
1552,0,2024-02-24,821.82,USD,TRANSFER,ATM,POSTED
1553,0,2024-01-14,3725.38,EUR,DEBIT,MOBILE,POSTED
1554,0,2024-03-01,3309.77,USD,CREDIT,BRANCH,POSTED
1555,43,2024-02-15,2157.94,EUR,CREDIT,MOBILE,REVERSED
1556,0,2024-02-26,1363.67,EUR,DEBIT,MOBILE,REVERSED
1557,99,2024-02-07,948.06,EUR,TRANSFER,BRANCH,REVERSED
1558,0,2024-03-07,2168.39,GBP,DEBIT,ONLINE,POSTED
1559,0,2024-01-07,4475.4,GBP,CREDIT,ONLINE,POSTED
1560,0,2024-02-05,1133.1,GBP,TRANSFER,MOBILE,PENDING
1561,0,2024-01-29,3669.89,GBP,CREDIT,MOBILE,POSTED
1562,0,2024-01-27,1738.82,USD,TRANSFER,BRANCH,REVERSED
1563,0,2024-01-24,2516.7,GBP,TRANSFER,MOBILE,REVERSED
1564,0,2024-03-29,1193.86,USD,TRANSFER,ATM,POSTED
1565,0,2024-02-28,710.03,EUR,TRANSFER,MOBILE,PENDING
1566,0,2024-01-23,4871.88,EUR,DEBIT,ATM,REVERSED
1567,0,2024-03-01,2916.21,USD,DEBIT,MOBILE,POSTED
1568,0,2024-01-03,2836.77,USD,DEBIT,ONLINE,POSTED
1569,51,2024-02-08,4019.66,USD,CREDIT,MOBILE,REVERSED
1570,0,2024-03-10,1287.44,USD,CREDIT,BRANCH,PENDING
1571,0,2024-02-15,1506.37,USD,TRANSFER,MOBILE,POSTED
1572,0,2024-03-07,3641.35,EUR,DEBIT,MOBILE,POSTED
1573,0,2024-01-19,1786.61,EUR,DEBIT,MOBILE,PENDING
1574,0,2024-01-12,970.02,USD,TRANSFER,ATM,PENDING
1575,347,2024-03-10,4496.21,USD,TRANSFER,ONLINE,PENDING
1576,178,2024-02-12,1955.74,USD,CREDIT,BRANCH,POSTED
1577,0,2024-03-07,3509.48,GBP,DEBIT,MOBILE,PENDING
1578,0,2024-02-14,1442.75,EUR,CREDIT,ONLINE,PENDING
1579,0,2024-03-07,4833.39,GBP,TRANSFER,ONLINE,PENDING
1580,0,2024-01-09,3999.13,EUR,CREDIT,ATM,POSTED
1581,0,2024-03-16,618.06,USD,CREDIT,ATM,PENDING
1582,0,2024-01-01,250.46,EUR,CREDIT,BRANCH,REVERSED
1583,0,2024-03-12,776.03,EUR,TRANSFER,BRANCH,POSTED
1584,100,2024-02-25,2926.54,EUR,CREDIT,ONLINE,POSTED
1585,0,2024-02-15,1244.39,GBP,TRANSFER,MOBILE,PENDING
1586,0,2024-01-13,4465.28,USD,TRANSFER,BRANCH,POSTED
1587,0,2024-03-27,4379.79,GBP,DEBIT,ONLINE,PENDING
1588,0,2024-03-11,998.42,USD,DEBIT,BRANCH,REVERSED
1589,236,2024-03-10,917.68,USD,DEBIT,ONLINE,REVERSED
1590,0,2024-02-10,2519.57,GBP,TRANSFER,BRANCH,PENDING
1591,0,2024-02-29,2103.11,USD,CREDIT,ATM,REVERSED
1592,0,2024-02-23,443.06,EUR,TRANSFER,BRANCH,POSTED
1593,0,2024-02-17,637.25,GBP,TRANSFER,BRANCH,POSTED
1594,201,2024-01-17,2015.31,EUR,CREDIT,MOBILE,POSTED
1595,0,2024-02-04,4149.64,GBP,DEBIT,BRANCH,REVERSED
1596,0,2024-02-07,2827.65,GBP,CREDIT,ATM,POSTED
1597,,2024-03-27,2554.59,GBP,DEBIT,ONLINE,REVERSED
1598,0,2024-03-04,682.88,GBP,TRANSFER,ONLINE,PENDING
1599,0,2024-01-01,4028.28,GBP,TRANSFER,ONLINE,POSTED
1600,0,2024-01-20,3019.35,EUR,TRANSFER,ATM,POSTED
1601,0,2024-03-01,124.26,GBP,CREDIT,MOBILE,POSTED
1602,153,2024-02-21,2419.11,EUR,DEBIT,BRANCH,REVERSED
1603,0,2024-03-25,3086.18,USD,DEBIT,ATM,POSTED
1604,0,2024-03-25,1204.17,GBP,TRANSFER,ONLINE,PENDING
1605,0,2024-02-07,3338.01,GBP,CREDIT,BRANCH,REVERSED
1606,0,2024-02-19,3488.57,EUR,CREDIT,MOBILE,PENDING
1607,0,2024-02-06,2285.95,GBP,CREDIT,ATM,REVERSED
1608,0,2024-03-23,3252.46,GBP,TRANSFER,MOBILE,POSTED
1609,181,2024-01-18,2340.07,GBP,CREDIT,BRANCH,POSTED
1610,183,2024-03-05,4279.34,GBP,DEBIT,BRANCH,REVERSED
1611,0,2024-03-06,314.77,GBP,DEBIT,BRANCH,REVERSED
1612,,2024-02-13,2297.95,EUR,CREDIT,BRANCH,PENDING
1613,0,2024-03-23,2419.24,USD,TRANSFER,ONLINE,REVERSED
1614,,2024-03-05,3877.21,GBP,CREDIT,ONLINE,REVERSED
1615,0,2024-03-15,1741.13,GBP,CREDIT,ATM,POSTED
1616,0,2024-01-21,1159.29,GBP,DEBIT,MOBILE,REVERSED
1617,0,2024-01-30,4906.66,GBP,DEBIT,ATM,POSTED
1618,,2024-02-19,3779.31,USD,DEBIT,ATM,REVERSED
1619,0,2024-01-05,4234.16,EUR,CREDIT,BRANCH,REVERSED
1620,0,2024-01-04,4617.83,USD,DEBIT,MOBILE,PENDING
1621,0,2024-03-22,2869.32,EUR,DEBIT,BRANCH,PENDING
1622,0,2024-02-06,1128.26,GBP,DEBIT,MOBILE,REVERSED
1623,98,2024-01-12,2910.96,GBP,TRANSFER,ATM,POSTED
1624,0,2024-01-18,4466.56,USD,CREDIT,ATM,PENDING
1625,0,2024-03-23,2641.24,EUR,DEBIT,MOBILE,REVERSED
1626,0,2024-03-20,4498.88,EUR,DEBIT,MOBILE,PENDING
1627,0,2024-01-10,2846.19,EUR,TRANSFER,BRANCH,POSTED
1628,0,2024-01-30,258.34,GBP,CREDIT,ATM,POSTED
1629,148,2024-02-02,1952.74,USD,DEBIT,ONLINE,PENDING
1630,0,2024-03-14,1207.75,GBP,TRANSFER,BRANCH,PENDING
1631,0,2024-03-10,3487.89,EUR,TRANSFER,MOBILE,PENDING
1632,0,2024-01-05,1690.89,USD,DEBIT,BRANCH,POSTED
1633,0,2024-03-11,4084.0,USD,TRANSFER,ATM,POSTED
1634,0,2024-03-13,4521.72,GBP,DEBIT,BRANCH,POSTED
1635,306,2024-03-19,4646.89,GBP,CREDIT,ONLINE,PENDING
1636,,2024-01-14,178.96,GBP,DEBIT,BRANCH,PENDING
1637,0,2024-01-30,108.19,EUR,DEBIT,ONLINE,REVERSED
1638,0,2024-02-18,3410.02,GBP,DEBIT,MOBILE,POSTED
1639,0,2024-02-18,3477.51,USD,TRANSFER,MOBILE,REVERSED
1640,0,2024-02-26,590.84,GBP,CREDIT,BRANCH,POSTED
1641,0,2024-01-08,1191.61,EUR,TRANSFER,ATM,POSTED
1642,0,2024-03-09,2840.68,EUR,TRANSFER,ONLINE,POSTED
1643,0,2024-01-17,2193.34,USD,DEBIT,BRANCH,PENDING
1644,0,2024-02-01,4990.45,EUR,TRANSFER,MOBILE,PENDING
1645,0,2024-03-25,384.94,USD,TRANSFER,ONLINE,PENDING
1646,,2024-02-15,4488.3,EUR,CREDIT,BRANCH,PENDING
1647,149,2024-03-24,1221.78,USD,CREDIT,ATM,POSTED
1648,0,2024-02-22,3527.8,GBP,CREDIT,BRANCH,POSTED
1649,0,2024-01-18,4207.29,GBP,DEBIT,BRANCH,REVERSED
1650,0,2024-01-16,1862.58,EUR,DEBIT,ONLINE,REVERSED
1651,0,2024-02-28,4765.27,EUR,CREDIT,ATM,PENDING
1652,0,2024-02-19,1502.76,EUR,DEBIT,BRANCH,REVERSED
1653,0,2024-01-03,4314.0,USD,CREDIT,ATM,POSTED
1654,0,2024-01-24,3299.97,GBP,DEBIT,BRANCH,POSTED
1655,0,2024-02-14,4686.18,GBP,CREDIT,BRANCH,REVERSED
1656,0,2024-01-04,1705.38,GBP,CREDIT,MOBILE,REVERSED
1657,385,2024-01-08,4037.18,GBP,CREDIT,BRANCH,REVERSED
1658,0,2024-03-14,3596.38,GBP,CREDIT,ONLINE,PENDING
1659,0,2024-01-31,660.23,EUR,CREDIT,BRANCH,POSTED
1660,394,2024-03-10,1479.83,GBP,CREDIT,ATM,REVERSED
1661,0,2024-02-04,3296.49,GBP,TRANSFER,ATM,POSTED
1662,0,2024-03-25,1605.63,USD,DEBIT,MOBILE,PENDING
1663,0,2024-01-02,2332.73,USD,CREDIT,ONLINE,PENDING
1664,0,2024-01-11,1382.95,GBP,TRANSFER,BRANCH,POSTED
1665,0,2024-02-03,3830.12,USD,CREDIT,MOBILE,POSTED
1666,0,2024-01-23,735.36,GBP,TRANSFER,ATM,POSTED
1667,0,2024-01-05,922.09,GBP,CREDIT,BRANCH,POSTED
1668,0,2024-01-30,305.0,GBP,CREDIT,BRANCH,POSTED
1669,0,2024-02-15,2702.67,EUR,TRANSFER,ONLINE,PENDING
1670,0,2024-03-05,2219.62,GBP,DEBIT,ONLINE,POSTED
1671,0,2024-02-17,4145.86,GBP,CREDIT,ATM,REVERSED
1672,0,2024-02-06,716.25,USD,TRANSFER,BRANCH,PENDING
1673,459,2024-03-24,1874.2,USD,TRANSFER,ATM,POSTED
1674,0,2024-02-07,4651.61,GBP,DEBIT,ATM,REVERSED
1675,0,2024-02-10,2554.47,GBP,TRANSFER,BRANCH,POSTED
1676,0,2024-03-15,163.97,GBP,DEBIT,MOBILE,REVERSED
1677,0,2024-01-10,4793.17,EUR,TRANSFER,MOBILE,REVERSED
1678,,2024-03-08,3991.23,GBP,CREDIT,MOBILE,PENDING
1679,0,2024-03-14,1466.03,EUR,CREDIT,ONLINE,PENDING
1680,0,2024-02-10,3741.19,EUR,TRANSFER,ONLINE,PENDING
1681,,2024-02-22,1810.04,USD,TRANSFER,ATM,PENDING
1682,0,2024-03-18,1152.52,USD,DEBIT,ONLINE,REVERSED
1683,0,2024-02-22,3370.85,GBP,DEBIT,BRANCH,PENDING
1684,0,2024-01-16,408.45,USD,TRANSFER,ONLINE,REVERSED
1685,0,2024-01-26,4499.46,USD,DEBIT,ONLINE,POSTED
1686,0,2024-03-11,3557.2,USD,TRANSFER,ATM,POSTED
1687,426,2024-02-25,120.63,EUR,DEBIT,ONLINE,REVERSED
1688,470,2024-02-19,4521.4,USD,DEBIT,MOBILE,REVERSED
1689,0,2024-02-07,596.03,USD,TRANSFER,ATM,REVERSED
1690,0,2024-02-15,4749.65,USD,TRANSFER,MOBILE,REVERSED
1691,148,2024-03-02,3500.87,GBP,DEBIT,ATM,POSTED
1692,303,2024-03-16,1850.0,GBP,CREDIT,MOBILE,PENDING
1693,0,2024-03-06,3612.94,USD,DEBIT,ONLINE,PENDING
1694,0,2024-01-07,2821.09,GBP,TRANSFER,MOBILE,PENDING
1695,0,2024-02-10,3786.74,EUR,DEBIT,ONLINE,PENDING
1696,0,2024-03-14,4398.04,USD,DEBIT,BRANCH,PENDING
1697,0,2024-02-06,1369.97,USD,DEBIT,ONLINE,PENDING
1698,132,2024-03-18,3767.59,EUR,TRANSFER,BRANCH,POSTED
1699,0,2024-03-11,4194.11,EUR,DEBIT,ATM,REVERSED
1700,0,2024-01-25,34.32,EUR,CREDIT,ONLINE,PENDING
1701,292,2024-02-24,3660.72,GBP,DEBIT,MOBILE,PENDING
1702,366,2024-01-16,2222.58,USD,CREDIT,BRANCH,POSTED
1703,142,2024-03-26,583.2,USD,DEBIT,ONLINE,REVERSED
1704,0,2024-01-21,2535.79,USD,CREDIT,ATM,REVERSED
1705,0,2024-01-05,2167.45,GBP,TRANSFER,BRANCH,POSTED
1706,338,2024-03-21,179.15,GBP,TRANSFER,ATM,POSTED
1707,0,2024-02-18,4360.7,EUR,TRANSFER,ONLINE,PENDING
1708,0,2024-03-03,4069.53,GBP,CREDIT,BRANCH,POSTED
1709,0,2024-01-12,4754.21,GBP,TRANSFER,ONLINE,POSTED
1710,0,2024-03-03,2789.13,EUR,TRANSFER,ONLINE,POSTED
1711,0,2024-02-03,3067.28,GBP,TRANSFER,ONLINE,REVERSED
1712,0,2024-03-08,3285.05,EUR,CREDIT,ONLINE,PENDING
1713,0,2024-03-03,3983.93,USD,TRANSFER,BRANCH,REVERSED
1714,0,2024-01-13,1095.43,USD,CREDIT,MOBILE,PENDING
1715,0,2024-02-24,579.98,USD,CREDIT,ATM,PENDING
1716,0,2024-01-17,3868.64,USD,CREDIT,MOBILE,REVERSED
1717,0,2024-02-07,1340.35,EUR,CREDIT,ATM,REVERSED
1718,133,2024-03-27,1588.77,USD,CREDIT,MOBILE,PENDING
1719,0,2024-01-07,1342.32,GBP,DEBIT,BRANCH,REVERSED
1720,157,2024-02-27,2049.65,GBP,DEBIT,ONLINE,REVERSED
1721,0,2024-03-19,3054.15,EUR,TRANSFER,ATM,REVERSED
1722,0,2024-02-18,452.17,GBP,CREDIT,BRANCH,REVERSED
1723,0,2024-01-07,2593.73,USD,TRANSFER,ONLINE,POSTED
1724,202,2024-01-30,1451.65,EUR,CREDIT,BRANCH,PENDING
1725,0,2024-02-01,4700.13,EUR,DEBIT,ATM,REVERSED
1726,0,2024-03-03,212.38,USD,CREDIT,ATM,POSTED
1727,0,2024-03-29,1237.3,USD,TRANSFER,ATM,PENDING
1728,0,2024-01-17,4091.66,USD,DEBIT,ATM,POSTED
1729,0,2024-02-23,101.75,GBP,TRANSFER,ONLINE,POSTED
1730,,2024-02-20,972.23,GBP,CREDIT,BRANCH,PENDING
1731,0,2024-01-03,1511.47,USD,DEBIT,ATM,PENDING
1732,295,2024-03-01,1883.53,USD,DEBIT,ONLINE,PENDING
1733,0,2024-03-02,1422.83,GBP,TRANSFER,ONLINE,PENDING
1734,0,2024-03-04,3638.06,USD,TRANSFER,ATM,PENDING
1735,0,2024-01-04,1987.35,EUR,CREDIT,BRANCH,PENDING
1736,0,2024-03-23,1553.74,EUR,TRANSFER,ATM,POSTED
1737,0,2024-01-27,4324.27,USD,TRANSFER,ONLINE,POSTED
1738,0,2024-03-19,4190.51,GBP,TRANSFER,ONLINE,POSTED
1739,129,2024-02-22,1557.96,USD,DEBIT,ATM,PENDING
1740,0,2024-03-17,2033.26,EUR,CREDIT,ONLINE,REVERSED
1741,279,2024-03-04,1565.77,GBP,DEBIT,BRANCH,PENDING
1742,,2024-03-06,2774.48,GBP,TRANSFER,ATM,POSTED
1743,0,2024-01-10,1879.05,EUR,DEBIT,ATM,POSTED
1744,0,2024-01-15,196.27,USD,CREDIT,ONLINE,REVERSED
1745,249,2024-01-18,3745.22,GBP,CREDIT,MOBILE,POSTED
1746,0,2024-02-25,4978.73,GBP,TRANSFER,BRANCH,REVERSED
1747,0,2024-02-17,2819.49,EUR,DEBIT,BRANCH,REVERSED
1748,0,2024-03-19,4760.02,USD,TRANSFER,BRANCH,PENDING
1749,0,2024-02-12,4635.47,GBP,DEBIT,ONLINE,REVERSED
1750,,2024-03-01,50.1,USD,DEBIT,ONLINE,PENDING
1751,0,2024-01-01,1559.89,EUR,DEBIT,ATM,REVERSED
1752,0,2024-01-13,306.48,USD,TRANSFER,ONLINE,POSTED
1753,0,2024-03-12,4416.83,USD,TRANSFER,ATM,POSTED
1754,0,2024-02-24,2922.76,USD,CREDIT,MOBILE,PENDING
1755,0,2024-03-23,3297.18,EUR,TRANSFER,ONLINE,POSTED
1756,,2024-02-05,892.45,GBP,DEBIT,ONLINE,REVERSED
1757,0,2024-02-19,1651.47,GBP,TRANSFER,BRANCH,REVERSED
1758,342,2024-03-01,1047.32,EUR,DEBIT,ONLINE,POSTED
1759,314,2024-01-19,717.52,USD,DEBIT,BRANCH,POSTED
1760,26,2024-01-18,2559.01,USD,CREDIT,MOBILE,PENDING
1761,0,2024-01-16,1204.62,USD,CREDIT,MOBILE,REVERSED
1762,0,2024-02-09,4193.41,USD,TRANSFER,ATM,REVERSED
1763,489,2024-01-22,4727.5,USD,TRANSFER,ONLINE,PENDING
1764,0,2024-03-03,3475.8,USD,TRANSFER,ATM,REVERSED
1765,333,2024-02-14,890.88,USD,CREDIT,BRANCH,REVERSED
1766,0,2024-03-19,2799.41,EUR,CREDIT,BRANCH,POSTED
1767,5,2024-01-26,2210.96,GBP,DEBIT,ATM,REVERSED
1768,0,2024-01-13,4555.29,USD,TRANSFER,ATM,REVERSED
1769,0,2024-03-23,1375.48,USD,CREDIT,ATM,REVERSED
1770,,2024-02-05,3126.73,GBP,DEBIT,MOBILE,REVERSED
1771,0,2024-03-03,869.68,GBP,TRANSFER,ATM,POSTED
1772,0,2024-03-19,4471.43,EUR,TRANSFER,ONLINE,POSTED
1773,0,2024-01-16,281.18,GBP,TRANSFER,ATM,PENDING
1774,0,2024-03-10,1388.11,EUR,TRANSFER,ATM,PENDING
1775,434,2024-02-10,4488.78,EUR,TRANSFER,BRANCH,REVERSED
1776,0,2024-03-26,2016.46,GBP,TRANSFER,ATM,POSTED
1777,0,2024-03-05,738.42,USD,DEBIT,ONLINE,PENDING
1778,0,2024-03-18,994.22,GBP,CREDIT,ONLINE,REVERSED
1779,,2024-01-01,1556.51,GBP,CREDIT,ATM,PENDING
1780,0,2024-03-30,431.39,USD,DEBIT,ATM,POSTED
1781,0,2024-01-12,929.11,GBP,TRANSFER,ATM,POSTED
1782,111,2024-03-22,1873.27,EUR,TRANSFER,ONLINE,PENDING
1783,328,2024-01-25,3737.29,GBP,DEBIT,BRANCH,POSTED
1784,0,2024-02-06,890.84,EUR,TRANSFER,BRANCH,PENDING
1785,0,2024-01-25,1364.72,EUR,DEBIT,BRANCH,PENDING
1786,0,2024-02-03,462.97,USD,TRANSFER,BRANCH,PENDING
1787,267,2024-02-27,4147.67,GBP,DEBIT,ATM,REVERSED
1788,0,2024-03-09,2843.99,GBP,CREDIT,BRANCH,REVERSED
1789,407,2024-02-06,1038.03,GBP,TRANSFER,BRANCH,POSTED
1790,0,2024-01-27,1291.81,USD,CREDIT,ATM,POSTED
1791,0,2024-03-21,932.94,EUR,CREDIT,BRANCH,PENDING
1792,0,2024-03-25,2942.37,EUR,CREDIT,ATM,REVERSED
1793,0,2024-01-02,794.59,USD,CREDIT,BRANCH,REVERSED
1794,95,2024-02-15,1532.07,USD,TRANSFER,ONLINE,POSTED
1795,0,2024-03-19,2282.77,GBP,TRANSFER,MOBILE,REVERSED
1796,0,2024-02-01,1263.62,USD,TRANSFER,BRANCH,PENDING
1797,0,2024-02-08,201.6,EUR,TRANSFER,ATM,PENDING
1798,0,2024-02-04,4769.96,USD,TRANSFER,ATM,POSTED
1799,0,2024-02-08,4433.09,GBP,TRANSFER,ONLINE,REVERSED
1800,66,2024-03-25,1666.4,EUR,DEBIT,BRANCH,POSTED
1801,234,2024-02-20,827.55,EUR,TRANSFER,ONLINE,POSTED
1802,154,2024-02-09,402.8,EUR,DEBIT,MOBILE,POSTED
1803,,2024-01-20,3423.88,USD,DEBIT,MOBILE,POSTED
1804,0,2024-03-01,2749.6,USD,TRANSFER,ONLINE,PENDING
1805,0,2024-02-29,3531.41,EUR,CREDIT,ONLINE,PENDING
1806,68,2024-02-21,3866.53,USD,TRANSFER,MOBILE,REVERSED
1807,0,2024-01-10,1734.99,GBP,TRANSFER,ATM,POSTED
1808,91,2024-01-31,1846.29,USD,TRANSFER,ATM,REVERSED
1809,0,2024-02-20,4573.02,GBP,DEBIT,ONLINE,PENDING
1810,0,2024-01-28,1510.39,EUR,CREDIT,MOBILE,REVERSED
1811,0,2024-01-20,1425.54,USD,TRANSFER,MOBILE,POSTED
1812,0,2024-02-23,898.41,USD,TRANSFER,ATM,PENDING
1813,177,2024-03-28,3663.62,GBP,CREDIT,ATM,POSTED
1814,0,2024-03-14,2535.35,GBP,CREDIT,ATM,PENDING
1815,0,2024-03-26,2009.12,EUR,CREDIT,MOBILE,PENDING
1816,,2024-01-15,3018.58,USD,TRANSFER,BRANCH,PENDING
1817,,2024-03-09,4858.88,EUR,DEBIT,MOBILE,REVERSED
1818,445,2024-03-27,400.97,EUR,CREDIT,BRANCH,POSTED
1819,0,2024-03-19,3638.42,USD,CREDIT,ATM,PENDING
1820,0,2024-01-16,4339.62,USD,CREDIT,ATM,REVERSED
1821,0,2024-02-02,2129.09,GBP,CREDIT,ATM,REVERSED
1822,0,2024-02-07,1785.07,EUR,CREDIT,BRANCH,PENDING
1823,0,2024-03-17,559.3,GBP,DEBIT,MOBILE,POSTED
1824,0,2024-03-09,473.77,GBP,DEBIT,MOBILE,PENDING
1825,176,2024-02-28,3445.27,EUR,TRANSFER,MOBILE,POSTED
1826,0,2024-02-17,192.4,GBP,TRANSFER,ATM,PENDING
1827,0,2024-01-11,1689.53,GBP,TRANSFER,BRANCH,PENDING
1828,0,2024-01-24,4751.84,USD,TRANSFER,ATM,PENDING
1829,406,2024-01-25,2854.9,USD,TRANSFER,ONLINE,REVERSED
1830,191,2024-03-14,2365.12,USD,CREDIT,ONLINE,PENDING
1831,0,2024-01-06,3023.51,EUR,TRANSFER,BRANCH,PENDING
1832,0,2024-01-27,94.58,USD,TRANSFER,ONLINE,PENDING
1833,0,2024-03-17,3951.5,GBP,CREDIT,ATM,POSTED
1834,0,2024-02-11,1106.07,GBP,CREDIT,MOBILE,REVERSED
1835,0,2024-03-17,1644.43,USD,CREDIT,ATM,PENDING
1836,0,2024-02-14,4113.32,EUR,CREDIT,MOBILE,POSTED
1837,0,2024-01-22,3365.26,USD,CREDIT,ATM,REVERSED
1838,495,2024-01-11,3157.29,GBP,CREDIT,ATM,POSTED
1839,,2024-03-08,1846.59,USD,CREDIT,MOBILE,REVERSED
1840,0,2024-01-20,3124.69,EUR,TRANSFER,BRANCH,REVERSED
1841,0,2024-01-03,3757.19,USD,TRANSFER,MOBILE,POSTED
1842,0,2024-03-09,659.36,GBP,DEBIT,ATM,PENDING
1843,0,2024-01-15,2854.15,EUR,DEBIT,MOBILE,REVERSED
1844,0,2024-01-28,2091.48,GBP,CREDIT,BRANCH,PENDING
1845,0,2024-03-26,4423.9,GBP,TRANSFER,BRANCH,REVERSED
1846,0,2024-02-20,1126.27,USD,CREDIT,MOBILE,PENDING
1847,230,2024-01-21,4619.63,EUR,CREDIT,BRANCH,POSTED
1848,0,2024-02-12,3814.91,GBP,DEBIT,ATM,PENDING
1849,0,2024-02-23,4871.26,USD,DEBIT,ATM,REVERSED
1850,0,2024-03-19,3099.98,EUR,TRANSFER,MOBILE,POSTED
1851,0,2024-02-01,833.13,GBP,CREDIT,ATM,PENDING
1852,0,2024-03-17,4417.68,GBP,CREDIT,ONLINE,POSTED
1853,0,2024-01-31,876.88,GBP,DEBIT,BRANCH,POSTED
1854,0,2024-01-04,1035.83,USD,CREDIT,ONLINE,REVERSED
1855,0,2024-01-31,3983.97,USD,TRANSFER,ATM,REVERSED
1856,446,2024-01-21,1225.07,GBP,DEBIT,ATM,REVERSED
1857,0,2024-03-27,2032.33,GBP,CREDIT,MOBILE,POSTED
1858,490,2024-02-03,4416.9,GBP,DEBIT,ATM,PENDING
1859,0,2024-01-08,1465.52,USD,TRANSFER,ATM,PENDING
1860,0,2024-03-06,3146.71,USD,CREDIT,ATM,POSTED
1861,0,2024-02-03,3789.94,GBP,DEBIT,ONLINE,PENDING
1862,0,2024-02-13,710.61,EUR,CREDIT,ONLINE,PENDING
1863,0,2024-03-23,3468.89,USD,TRANSFER,MOBILE,POSTED
1864,175,2024-02-07,3446.28,USD,CREDIT,BRANCH,REVERSED
1865,0,2024-01-05,3806.85,EUR,TRANSFER,BRANCH,POSTED
1866,0,2024-02-17,2818.13,GBP,CREDIT,BRANCH,REVERSED
1867,0,2024-03-22,1524.4,GBP,CREDIT,BRANCH,POSTED
1868,,2024-03-29,643.64,GBP,CREDIT,MOBILE,PENDING
1869,0,2024-01-04,4254.74,GBP,CREDIT,ONLINE,REVERSED
1870,0,2024-02-16,3605.98,GBP,TRANSFER,MOBILE,PENDING
1871,0,2024-01-22,4862.04,GBP,DEBIT,BRANCH,REVERSED
1872,0,2024-03-03,3242.23,GBP,CREDIT,ONLINE,PENDING
1873,7,2024-03-26,4734.79,USD,DEBIT,BRANCH,POSTED
1874,0,2024-02-05,3043.6,GBP,DEBIT,ONLINE,PENDING
1875,0,2024-03-13,4563.6,EUR,TRANSFER,ONLINE,REVERSED
1876,0,2024-03-26,165.17,GBP,DEBIT,BRANCH,REVERSED
1877,0,2024-03-11,4808.32,GBP,TRANSFER,ATM,POSTED
1878,0,2024-03-07,1240.61,USD,TRANSFER,ONLINE,REVERSED
1879,439,2024-02-01,1142.47,GBP,CREDIT,ONLINE,POSTED
1880,136,2024-03-11,1388.11,GBP,DEBIT,ATM,POSTED
1881,0,2024-01-08,1039.45,EUR,TRANSFER,MOBILE,PENDING
1882,0,2024-01-07,1594.97,GBP,DEBIT,ONLINE,PENDING
1883,0,2024-01-11,2380.7,EUR,TRANSFER,ONLINE,REVERSED
1884,0,2024-03-13,49.0,USD,DEBIT,MOBILE,REVERSED
1885,0,2024-03-22,3072.45,USD,DEBIT,BRANCH,PENDING
1886,0,2024-03-04,3156.01,USD,TRANSFER,MOBILE,REVERSED
1887,0,2024-03-23,1498.89,GBP,DEBIT,BRANCH,PENDING
1888,0,2024-03-05,1544.71,USD,DEBIT,ONLINE,PENDING
1889,0,2024-03-06,2353.06,EUR,DEBIT,ATM,PENDING
1890,0,2024-01-13,4626.55,USD,CREDIT,ONLINE,POSTED
1891,390,2024-01-30,1066.87,GBP,CREDIT,BRANCH,REVERSED
1892,0,2024-03-28,1501.01,GBP,DEBIT,ONLINE,PENDING
1893,0,2024-02-20,3929.27,EUR,TRANSFER,ONLINE,PENDING
1894,242,2024-03-24,2976.55,USD,TRANSFER,BRANCH,POSTED
1895,241,2024-02-08,1854.58,USD,CREDIT,BRANCH,REVERSED
1896,0,2024-02-09,2127.06,USD,CREDIT,ATM,PENDING
1897,0,2024-02-22,1768.71,EUR,CREDIT,BRANCH,POSTED
1898,103,2024-01-27,3310.61,USD,CREDIT,BRANCH,POSTED
1899,0,2024-02-18,1629.1,GBP,TRANSFER,ONLINE,POSTED
1900,0,2024-02-26,4282.16,EUR,DEBIT,ONLINE,POSTED
1901,0,2024-03-02,4707.53,GBP,CREDIT,ATM,REVERSED
1902,0,2024-03-03,1249.98,GBP,TRANSFER,MOBILE,POSTED
1903,0,2024-03-22,1714.12,GBP,CREDIT,MOBILE,PENDING
1904,0,2024-01-18,4404.37,EUR,CREDIT,MOBILE,POSTED
1905,301,2024-02-08,2870.87,GBP,DEBIT,MOBILE,POSTED
1906,0,2024-03-10,3814.17,USD,TRANSFER,BRANCH,REVERSED
1907,0,2024-01-09,4353.76,GBP,TRANSFER,BRANCH,PENDING
1908,228,2024-01-28,921.52,USD,DEBIT,MOBILE,PENDING
1909,0,2024-03-27,4857.22,USD,CREDIT,ATM,POSTED
1910,0,2024-02-22,2137.23,USD,DEBIT,ATM,REVERSED
1911,0,2024-03-13,2186.6,EUR,TRANSFER,BRANCH,REVERSED
1912,0,2024-03-14,1669.43,EUR,TRANSFER,ATM,REVERSED
1913,0,2024-03-12,3903.16,GBP,DEBIT,ATM,REVERSED
1914,312,2024-03-24,4964.76,EUR,TRANSFER,MOBILE,PENDING
1915,0,2024-01-20,3252.57,EUR,DEBIT,BRANCH,PENDING
1916,0,2024-03-29,3697.55,USD,DEBIT,MOBILE,REVERSED
1917,0,2024-03-20,4141.28,EUR,DEBIT,ONLINE,PENDING
1918,0,2024-02-03,4278.02,GBP,TRANSFER,BRANCH,REVERSED
1919,0,2024-03-26,1002.46,GBP,CREDIT,ONLINE,POSTED
1920,105,2024-02-09,908.75,EUR,TRANSFER,ATM,POSTED
1921,0,2024-01-09,1637.98,USD,DEBIT,ONLINE,POSTED
1922,0,2024-02-24,4955.03,EUR,DEBIT,BRANCH,POSTED
1923,0,2024-02-26,616.43,USD,DEBIT,MOBILE,REVERSED
1924,106,2024-02-18,247.02,USD,CREDIT,ONLINE,POSTED
1925,302,2024-01-16,465.17,EUR,TRANSFER,ATM,POSTED
1926,61,2024-03-03,3703.47,USD,TRANSFER,BRANCH,PENDING
1927,0,2024-01-12,3999.16,USD,CREDIT,BRANCH,REVERSED
1928,0,2024-02-28,81.71,USD,CREDIT,MOBILE,POSTED
1929,0,2024-02-09,4182.84,USD,TRANSFER,BRANCH,POSTED
1930,43,2024-03-24,3218.27,USD,CREDIT,ATM,PENDING
1931,,2024-02-11,227.8,EUR,DEBIT,ATM,POSTED
1932,0,2024-01-18,3475.66,EUR,DEBIT,ONLINE,REVERSED
1933,0,2024-02-17,3088.16,EUR,CREDIT,ONLINE,POSTED
1934,494,2024-01-20,3710.09,GBP,DEBIT,BRANCH,POSTED
1935,15,2024-03-04,1021.18,USD,TRANSFER,BRANCH,PENDING
1936,0,2024-01-04,3916.56,USD,DEBIT,MOBILE,POSTED
1937,,2024-01-19,4567.97,EUR,TRANSFER,MOBILE,REVERSED
1938,,2024-01-22,791.7,EUR,CREDIT,ONLINE,POSTED
1939,0,2024-01-09,562.94,USD,CREDIT,MOBILE,REVERSED
1940,0,2024-03-18,4047.32,EUR,CREDIT,MOBILE,PENDING
1941,131,2024-01-17,1615.06,GBP,CREDIT,ATM,PENDING
1942,0,2024-03-14,982.24,EUR,TRANSFER,ONLINE,POSTED
1943,0,2024-01-11,3716.18,GBP,CREDIT,BRANCH,REVERSED
1944,0,2024-01-29,1254.1,GBP,TRANSFER,BRANCH,PENDING
1945,,2024-02-29,3342.11,GBP,TRANSFER,BRANCH,POSTED
1946,0,2024-02-17,3306.35,GBP,TRANSFER,ATM,REVERSED
1947,197,2024-03-21,241.04,EUR,DEBIT,ATM,POSTED
1948,0,2024-01-31,810.26,USD,DEBIT,MOBILE,PENDING
1949,96,2024-03-21,4347.76,GBP,CREDIT,MOBILE,POSTED
1950,0,2024-02-03,2729.85,EUR,TRANSFER,BRANCH,REVERSED
1951,473,2024-02-13,1686.94,EUR,CREDIT,BRANCH,PENDING
1952,233,2024-03-25,483.42,USD,TRANSFER,BRANCH,POSTED
1953,218,2024-03-23,128.04,GBP,DEBIT,ATM,POSTED
1954,424,2024-01-15,602.27,GBP,CREDIT,ONLINE,PENDING
1955,0,2024-02-25,2766.94,EUR,TRANSFER,ONLINE,PENDING
1956,453,2024-03-06,975.2,GBP,DEBIT,ATM,POSTED
1957,,2024-02-15,2628.35,EUR,TRANSFER,ATM,REVERSED
1958,0,2024-01-30,3468.78,GBP,DEBIT,BRANCH,POSTED
1959,0,2024-01-22,3174.9,GBP,DEBIT,ONLINE,REVERSED
1960,312,2024-02-24,4291.62,USD,DEBIT,MOBILE,PENDING
1961,0,2024-03-07,4860.07,USD,CREDIT,BRANCH,POSTED
1962,,2024-02-08,2.77,USD,TRANSFER,BRANCH,POSTED
1963,313,2024-03-17,4796.42,EUR,CREDIT,ONLINE,POSTED
1964,0,2024-01-21,3823.2,EUR,CREDIT,ONLINE,REVERSED
1965,0,2024-03-16,967.66,USD,DEBIT,ONLINE,PENDING
1966,0,2024-02-21,618.23,GBP,TRANSFER,ONLINE,POSTED
1967,0,2024-03-27,1378.08,USD,DEBIT,ATM,REVERSED
1968,0,2024-01-14,3858.52,GBP,CREDIT,ONLINE,REVERSED
1969,0,2024-01-16,2706.76,GBP,CREDIT,ONLINE,POSTED
1970,386,2024-02-13,4376.3,EUR,CREDIT,BRANCH,POSTED
1971,0,2024-02-24,2925.31,GBP,TRANSFER,MOBILE,PENDING
1972,0,2024-01-14,443.78,GBP,TRANSFER,BRANCH,POSTED
1973,340,2024-03-04,4183.71,USD,CREDIT,ATM,REVERSED
1974,0,2024-02-05,4211.78,GBP,CREDIT,BRANCH,REVERSED
1975,0,2024-02-23,3335.23,USD,CREDIT,ATM,POSTED
1976,0,2024-03-03,1214.48,USD,DEBIT,MOBILE,REVERSED
1977,0,2024-03-03,2803.79,GBP,CREDIT,MOBILE,POSTED
1978,0,2024-03-16,4191.19,GBP,DEBIT,ATM,POSTED
1979,122,2024-02-16,2901.03,GBP,TRANSFER,MOBILE,PENDING
1980,,2024-01-06,1737.17,USD,CREDIT,ATM,PENDING
1981,321,2024-02-25,3345.67,EUR,DEBIT,ONLINE,POSTED
1982,0,2024-02-12,494.92,USD,DEBIT,MOBILE,PENDING
1983,0,2024-03-28,1720.9,EUR,CREDIT,MOBILE,POSTED
1984,0,2024-03-30,4954.89,USD,DEBIT,ONLINE,REVERSED
1985,280,2024-03-23,1610.08,USD,CREDIT,ONLINE,PENDING
1986,170,2024-02-15,3082.4,GBP,DEBIT,BRANCH,PENDING
1987,0,2024-01-12,3197.62,USD,TRANSFER,MOBILE,REVERSED
1988,0,2024-02-18,1011.54,GBP,CREDIT,BRANCH,PENDING
1989,458,2024-02-16,3774.1,EUR,CREDIT,ATM,POSTED
1990,0,2024-02-09,4544.24,GBP,TRANSFER,BRANCH,REVERSED
1991,0,2024-02-20,3092.74,EUR,DEBIT,ATM,POSTED
1992,,2024-03-25,2023.78,USD,DEBIT,BRANCH,REVERSED
1993,0,2024-01-18,4606.37,EUR,TRANSFER,BRANCH,REVERSED
1994,0,2024-01-11,1619.86,EUR,CREDIT,ATM,POSTED
1995,0,2024-03-26,4963.39,EUR,CREDIT,ONLINE,REVERSED
1996,125,2024-01-29,2202.34,EUR,DEBIT,ATM,PENDING
1997,0,2024-01-03,4287.8,USD,CREDIT,MOBILE,REVERSED
1998,0,2024-03-13,962.0,EUR,TRANSFER,MOBILE,REVERSED
1999,0,2024-02-19,3734.22,GBP,CREDIT,BRANCH,PENDING
2000,0,2024-01-31,1601.45,USD,DEBIT,ONLINE,PENDING
2001,359,2024-02-01,3977.99,GBP,DEBIT,ATM,REVERSED
2002,,2024-03-09,1568.11,GBP,DEBIT,BRANCH,REVERSED
2003,,2024-03-11,4105.57,EUR,CREDIT,BRANCH,REVERSED
2004,235,2024-03-20,2189.92,GBP,CREDIT,ATM,POSTED
2005,0,2024-02-27,2795.42,EUR,CREDIT,MOBILE,REVERSED
2006,0,2024-03-28,1772.71,GBP,CREDIT,BRANCH,REVERSED
2007,0,2024-03-17,2454.56,GBP,DEBIT,MOBILE,POSTED
2008,0,2024-02-09,2692.44,GBP,CREDIT,BRANCH,POSTED
2009,0,2024-03-06,4731.39,EUR,TRANSFER,BRANCH,POSTED
2010,27,2024-02-15,2937.65,EUR,TRANSFER,ATM,REVERSED
2011,0,2024-01-21,3663.05,EUR,TRANSFER,ONLINE,POSTED
2012,0,2024-03-04,3643.61,USD,DEBIT,ATM,PENDING
2013,0,2024-03-28,1937.87,USD,CREDIT,MOBILE,POSTED
2014,93,2024-01-13,1556.67,EUR,TRANSFER,MOBILE,PENDING
2015,0,2024-01-24,1303.27,EUR,DEBIT,BRANCH,REVERSED
2016,0,2024-02-13,2259.19,EUR,TRANSFER,BRANCH,POSTED
2017,31,2024-03-12,296.67,USD,DEBIT,ONLINE,POSTED
2018,270,2024-01-02,24.3,USD,CREDIT,ATM,REVERSED
2019,0,2024-01-09,4778.6,EUR,TRANSFER,MOBILE,POSTED
2020,0,2024-02-14,485.73,GBP,DEBIT,BRANCH,REVERSED
2021,0,2024-02-26,3532.13,EUR,TRANSFER,ONLINE,PENDING
2022,0,2024-01-05,4676.53,EUR,CREDIT,BRANCH,POSTED
2023,0,2024-01-24,2950.94,EUR,DEBIT,MOBILE,POSTED
2024,0,2024-03-19,4600.08,USD,TRANSFER,MOBILE,PENDING
2025,342,2024-03-11,328.25,EUR,CREDIT,ONLINE,POSTED
2026,251,2024-01-25,3970.48,EUR,CREDIT,ATM,PENDING
2027,465,2024-03-25,3538.48,GBP,DEBIT,ATM,REVERSED
2028,0,2024-03-08,2815.42,GBP,TRANSFER,MOBILE,REVERSED
2029,0,2024-02-06,1602.26,USD,DEBIT,BRANCH,REVERSED
2030,0,2024-02-25,1885.96,USD,DEBIT,MOBILE,POSTED
2031,0,2024-03-02,3048.71,USD,CREDIT,BRANCH,REVERSED
2032,0,2024-03-08,4156.45,EUR,DEBIT,BRANCH,REVERSED
2033,,2024-03-14,2714.39,GBP,CREDIT,ATM,REVERSED
2034,0,2024-02-08,1925.12,USD,TRANSFER,ATM,REVERSED
2035,378,2024-03-06,2620.4,EUR,TRANSFER,BRANCH,REVERSED
2036,0,2024-01-28,494.16,EUR,DEBIT,BRANCH,POSTED
2037,,2024-03-04,1034.48,GBP,TRANSFER,ATM,POSTED
2038,105,2024-03-29,582.54,USD,DEBIT,ONLINE,REVERSED
2039,425,2024-02-12,4922.03,USD,DEBIT,BRANCH,PENDING
2040,0,2024-01-19,2994.16,GBP,TRANSFER,BRANCH,PENDING
2041,0,2024-03-21,1549.39,GBP,TRANSFER,BRANCH,PENDING
2042,0,2024-02-23,4117.95,USD,CREDIT,ONLINE,PENDING
2043,0,2024-01-02,3133.06,USD,DEBIT,MOBILE,POSTED
2044,0,2024-01-29,353.55,EUR,DEBIT,ONLINE,PENDING
2045,0,2024-03-09,1637.57,GBP,CREDIT,MOBILE,PENDING
2046,0,2024-02-06,4277.68,USD,DEBIT,ATM,PENDING
2047,452,2024-01-26,4751.1,GBP,CREDIT,ONLINE,POSTED
2048,0,2024-01-05,2345.32,EUR,DEBIT,ONLINE,POSTED
2049,94,2024-01-11,3812.94,EUR,DEBIT,MOBILE,REVERSED
2050,0,2024-01-19,2210.68,EUR,TRANSFER,ONLINE,POSTED
2051,,2024-01-06,2844.44,EUR,CREDIT,BRANCH,POSTED
2052,0,2024-01-26,4507.91,EUR,CREDIT,MOBILE,POSTED
2053,258,2024-01-09,1126.95,GBP,DEBIT,BRANCH,REVERSED
2054,,2024-01-04,4356.82,EUR,DEBIT,BRANCH,REVERSED
2055,0,2024-03-11,4820.92,EUR,DEBIT,ATM,PENDING
2056,0,2024-01-03,3093.31,EUR,TRANSFER,BRANCH,PENDING
2057,0,2024-01-14,3421.9,EUR,CREDIT,ATM,REVERSED
2058,0,2024-02-19,3843.71,EUR,DEBIT,ATM,REVERSED
2059,0,2024-01-03,3244.66,USD,TRANSFER,MOBILE,PENDING
2060,0,2024-02-19,2248.91,GBP,DEBIT,MOBILE,REVERSED
2061,0,2024-03-22,2275.47,EUR,CREDIT,BRANCH,POSTED
2062,0,2024-03-22,3655.16,USD,CREDIT,ONLINE,PENDING
2063,,2024-02-25,4027.45,EUR,DEBIT,MOBILE,PENDING
2064,,2024-03-10,4258.57,USD,DEBIT,BRANCH,POSTED
2065,215,2024-02-23,2303.45,USD,CREDIT,MOBILE,PENDING
2066,0,2024-02-11,3327.2,EUR,TRANSFER,ONLINE,POSTED
2067,0,2024-01-25,2842.36,GBP,TRANSFER,BRANCH,PENDING
2068,0,2024-02-22,1874.71,USD,DEBIT,MOBILE,POSTED
2069,0,2024-03-10,3261.53,USD,TRANSFER,MOBILE,POSTED
2070,0,2024-02-13,2758.91,EUR,TRANSFER,MOBILE,REVERSED
2071,0,2024-02-26,120.15,EUR,CREDIT,ONLINE,PENDING
2072,348,2024-03-13,3846.43,GBP,CREDIT,ONLINE,POSTED
2073,0,2024-02-29,1229.25,GBP,DEBIT,MOBILE,PENDING
2074,0,2024-03-19,2653.41,GBP,DEBIT,ATM,POSTED
2075,0,2024-01-02,4600.94,EUR,CREDIT,ATM,PENDING
2076,182,2024-01-26,3718.18,EUR,CREDIT,ATM,PENDING
2077,0,2024-02-10,2917.66,USD,CREDIT,BRANCH,REVERSED
2078,0,2024-02-08,508.4,GBP,DEBIT,ONLINE,POSTED
2079,0,2024-03-09,4551.25,USD,DEBIT,MOBILE,REVERSED
2080,353,2024-02-01,4880.65,GBP,DEBIT,MOBILE,POSTED
2081,69,2024-02-18,2364.59,USD,DEBIT,ATM,REVERSED
2082,0,2024-02-16,4654.78,GBP,TRANSFER,ONLINE,PENDING
2083,496,2024-03-03,4733.07,GBP,CREDIT,BRANCH,POSTED
2084,35,2024-01-23,675.58,USD,TRANSFER,MOBILE,POSTED
2085,0,2024-03-26,986.46,GBP,CREDIT,BRANCH,REVERSED
2086,402,2024-01-11,1774.2,USD,DEBIT,MOBILE,POSTED
2087,0,2024-02-02,960.92,USD,TRANSFER,ATM,PENDING
2088,0,2024-01-22,261.0,EUR,TRANSFER,BRANCH,PENDING
2089,0,2024-02-25,1688.25,USD,TRANSFER,MOBILE,REVERSED
2090,0,2024-03-11,157.84,GBP,DEBIT,ATM,PENDING
2091,0,2024-03-01,1900.7,EUR,TRANSFER,BRANCH,REVERSED
2092,0,2024-02-16,4015.93,USD,CREDIT,BRANCH,POSTED
2093,368,2024-02-03,2762.36,USD,CREDIT,BRANCH,POSTED
2094,470,2024-03-26,424.89,GBP,CREDIT,ATM,POSTED
2095,412,2024-01-14,1215.56,EUR,CREDIT,ATM,POSTED
2096,0,2024-01-31,3894.6,EUR,DEBIT,ATM,REVERSED
2097,445,2024-03-20,352.84,GBP,TRANSFER,MOBILE,REVERSED
2098,402,2024-03-26,530.06,EUR,DEBIT,ONLINE,POSTED
2099,474,2024-01-11,928.69,GBP,DEBIT,ATM,PENDING
2100,119,2024-01-27,250.94,EUR,CREDIT,BRANCH,REVERSED
2101,0,2024-03-01,4087.94,GBP,CREDIT,ONLINE,PENDING
2102,0,2024-03-27,2959.47,EUR,CREDIT,ONLINE,REVERSED
2103,0,2024-01-23,4870.98,USD,DEBIT,ONLINE,REVERSED
2104,0,2024-01-10,941.8,USD,DEBIT,ONLINE,PENDING
2105,0,2024-03-16,1484.3,USD,TRANSFER,BRANCH,POSTED
2106,0,2024-02-14,3677.48,GBP,DEBIT,BRANCH,PENDING
2107,33,2024-01-08,314.85,USD,TRANSFER,ATM,REVERSED
2108,220,2024-01-11,3370.5,GBP,CREDIT,ATM,REVERSED
2109,0,2024-02-10,2941.1,USD,TRANSFER,ATM,REVERSED
2110,0,2024-02-10,2254.48,GBP,CREDIT,BRANCH,PENDING
2111,0,2024-03-03,1568.06,GBP,DEBIT,ONLINE,REVERSED
2112,0,2024-03-29,1765.12,USD,CREDIT,BRANCH,PENDING
2113,0,2024-02-29,2261.43,EUR,TRANSFER,MOBILE,PENDING
2114,447,2024-01-18,3941.54,USD,TRANSFER,ONLINE,PENDING
2115,0,2024-02-25,3957.08,GBP,DEBIT,ONLINE,REVERSED
2116,111,2024-01-13,82.93,USD,DEBIT,BRANCH,PENDING
2117,0,2024-03-04,1961.77,USD,TRANSFER,BRANCH,POSTED
2118,0,2024-03-18,3618.92,USD,CREDIT,ONLINE,PENDING
2119,30,2024-02-15,4807.24,EUR,CREDIT,MOBILE,REVERSED
2120,0,2024-01-31,2594.29,USD,DEBIT,MOBILE,PENDING
2121,0,2024-02-09,3157.91,USD,TRANSFER,BRANCH,REVERSED
2122,0,2024-03-19,610.12,EUR,TRANSFER,BRANCH,PENDING
2123,,2024-03-29,4320.62,USD,TRANSFER,MOBILE,POSTED
2124,0,2024-02-17,2085.59,EUR,CREDIT,ONLINE,PENDING
2125,0,2024-03-01,3934.24,GBP,CREDIT,BRANCH,REVERSED
2126,0,2024-01-17,4827.4,GBP,TRANSFER,ONLINE,REVERSED
2127,0,2024-01-31,4066.8,EUR,CREDIT,MOBILE,POSTED
2128,0,2024-01-13,1921.33,EUR,TRANSFER,BRANCH,POSTED
2129,0,2024-02-29,3013.4,GBP,CREDIT,ATM,PENDING
2130,0,2024-01-25,3956.62,USD,TRANSFER,ONLINE,PENDING
2131,30,2024-03-01,1233.68,GBP,DEBIT,BRANCH,PENDING
2132,247,2024-03-12,731.45,USD,CREDIT,MOBILE,PENDING
2133,0,2024-03-09,1001.09,GBP,DEBIT,ATM,PENDING
2134,,2024-01-25,2617.99,GBP,CREDIT,ONLINE,PENDING
2135,0,2024-01-02,1491.59,EUR,DEBIT,BRANCH,POSTED
2136,0,2024-03-23,3812.11,EUR,CREDIT,MOBILE,POSTED
2137,0,2024-02-18,2776.77,GBP,CREDIT,BRANCH,POSTED
2138,233,2024-02-05,989.71,GBP,CREDIT,BRANCH,POSTED
2139,0,2024-02-11,4780.57,EUR,DEBIT,BRANCH,REVERSED
2140,0,2024-01-19,1577.03,GBP,CREDIT,ATM,REVERSED
2141,0,2024-02-11,1978.29,USD,TRANSFER,ATM,REVERSED
2142,0,2024-03-13,3782.7,EUR,TRANSFER,ATM,REVERSED
2143,,2024-01-17,2483.89,EUR,DEBIT,ONLINE,POSTED
2144,0,2024-01-31,460.21,USD,CREDIT,BRANCH,POSTED
2145,0,2024-01-09,2462.79,GBP,DEBIT,MOBILE,REVERSED
2146,355,2024-01-20,2740.94,EUR,DEBIT,MOBILE,POSTED
2147,0,2024-02-03,1137.75,EUR,TRANSFER,ATM,POSTED
2148,0,2024-03-30,1128.37,EUR,DEBIT,ONLINE,POSTED
2149,488,2024-01-18,2503.42,USD,CREDIT,MOBILE,POSTED
2150,0,2024-02-07,2461.64,GBP,TRANSFER,MOBILE,REVERSED
2151,0,2024-01-26,2948.75,EUR,DEBIT,MOBILE,POSTED
2152,0,2024-01-11,2908.33,USD,TRANSFER,ONLINE,PENDING
2153,0,2024-03-09,37.74,GBP,TRANSFER,BRANCH,PENDING
2154,0,2024-03-06,1942.71,EUR,TRANSFER,BRANCH,PENDING
2155,0,2024-02-03,1963.77,GBP,CREDIT,MOBILE,POSTED
2156,0,2024-03-24,3359.56,USD,DEBIT,ONLINE,POSTED
2157,0,2024-01-14,3714.32,EUR,DEBIT,BRANCH,REVERSED
2158,0,2024-03-16,4089.48,USD,CREDIT,ATM,REVERSED
2159,0,2024-03-13,4451.14,USD,DEBIT,ATM,PENDING
2160,0,2024-01-24,4301.93,EUR,CREDIT,MOBILE,REVERSED
2161,0,2024-02-20,3009.46,EUR,CREDIT,MOBILE,REVERSED
2162,0,2024-03-26,4286.94,EUR,DEBIT,ATM,POSTED
2163,317,2024-01-07,4285.97,USD,DEBIT,BRANCH,PENDING
2164,0,2024-03-13,4806.08,EUR,DEBIT,BRANCH,POSTED
2165,0,2024-02-24,3709.49,USD,DEBIT,BRANCH,PENDING
2166,0,2024-02-08,3852.45,EUR,CREDIT,ONLINE,PENDING
2167,0,2024-01-27,602.5,GBP,TRANSFER,ATM,PENDING
2168,0,2024-01-15,431.39,EUR,CREDIT,BRANCH,PENDING
2169,0,2024-03-13,2399.15,GBP,TRANSFER,ONLINE,POSTED
2170,0,2024-03-27,1887.75,EUR,CREDIT,MOBILE,PENDING
2171,0,2024-01-02,2884.23,EUR,TRANSFER,ATM,PENDING
2172,,2024-03-02,1014.29,USD,DEBIT,BRANCH,POSTED
2173,0,2024-02-27,4051.96,GBP,DEBIT,MOBILE,REVERSED
2174,250,2024-01-30,3578.13,GBP,DEBIT,BRANCH,PENDING
2175,0,2024-02-17,2281.83,USD,TRANSFER,ONLINE,PENDING
2176,0,2024-02-17,3631.27,GBP,DEBIT,BRANCH,REVERSED
2177,0,2024-02-22,870.64,USD,CREDIT,MOBILE,PENDING
2178,75,2024-03-27,3758.54,USD,TRANSFER,MOBILE,PENDING
2179,44,2024-03-18,1266.75,EUR,CREDIT,BRANCH,REVERSED
2180,0,2024-03-10,4309.14,EUR,DEBIT,BRANCH,REVERSED
2181,320,2024-01-19,2994.36,GBP,TRANSFER,ONLINE,REVERSED
2182,0,2024-01-27,4123.6,USD,DEBIT,MOBILE,POSTED
2183,278,2024-01-06,2598.32,GBP,DEBIT,BRANCH,REVERSED
2184,0,2024-01-22,3698.82,GBP,TRANSFER,BRANCH,PENDING
2185,0,2024-02-17,2742.71,USD,TRANSFER,MOBILE,POSTED
2186,0,2024-02-22,3439.32,EUR,DEBIT,MOBILE,POSTED
2187,458,2024-01-25,3581.29,GBP,DEBIT,MOBILE,POSTED
2188,355,2024-02-09,1209.92,USD,CREDIT,ONLINE,REVERSED
2189,0,2024-01-25,118.5,EUR,CREDIT,ATM,POSTED
2190,0,2024-03-28,357.61,USD,CREDIT,ATM,PENDING
2191,338,2024-02-21,53.83,GBP,CREDIT,BRANCH,PENDING
2192,0,2024-02-08,2143.19,GBP,CREDIT,ATM,REVERSED
2193,0,2024-01-05,2500.47,USD,DEBIT,BRANCH,REVERSED
2194,0,2024-02-19,3764.84,EUR,CREDIT,BRANCH,REVERSED
2195,0,2024-01-04,1900.46,USD,DEBIT,MOBILE,PENDING
2196,0,2024-01-11,1227.7,GBP,TRANSFER,ATM,PENDING
2197,0,2024-02-13,1207.65,USD,DEBIT,BRANCH,PENDING
2198,0,2024-02-27,1083.56,USD,DEBIT,ATM,REVERSED
2199,0,2024-03-27,3904.39,GBP,CREDIT,ATM,REVERSED
2200,0,2024-02-05,3485.96,USD,TRANSFER,ATM,PENDING
2201,0,2024-03-30,2584.16,EUR,CREDIT,BRANCH,POSTED
2202,0,2024-03-17,1657.75,EUR,TRANSFER,ONLINE,POSTED
2203,0,2024-03-03,1245.96,USD,TRANSFER,ONLINE,PENDING
2204,0,2024-01-24,1117.89,GBP,TRANSFER,MOBILE,POSTED
2205,,2024-03-30,4740.26,EUR,DEBIT,ONLINE,POSTED
2206,0,2024-03-18,2814.29,USD,CREDIT,BRANCH,REVERSED
2207,0,2024-03-08,4488.55,USD,TRANSFER,ATM,PENDING
2208,0,2024-02-05,2182.02,GBP,CREDIT,ATM,POSTED
2209,0,2024-03-26,1788.86,USD,TRANSFER,ONLINE,POSTED
2210,0,2024-01-21,432.8,EUR,TRANSFER,ONLINE,PENDING
2211,0,2024-03-10,1867.21,USD,CREDIT,ATM,REVERSED
2212,0,2024-02-22,580.13,EUR,DEBIT,ONLINE,POSTED
2213,0,2024-03-30,1954.16,USD,DEBIT,ATM,POSTED
2214,0,2024-02-04,2928.28,EUR,CREDIT,ONLINE,PENDING
2215,440,2024-03-02,4006.33,EUR,TRANSFER,MOBILE,PENDING
2216,0,2024-01-13,862.92,GBP,TRANSFER,ATM,POSTED
2217,0,2024-03-06,727.87,EUR,CREDIT,ATM,REVERSED
2218,0,2024-03-21,3767.32,GBP,CREDIT,ONLINE,PENDING
2219,0,2024-02-25,215.5,USD,CREDIT,ATM,POSTED
2220,0,2024-02-17,1954.49,GBP,DEBIT,ONLINE,PENDING
2221,0,2024-03-06,4443.83,GBP,TRANSFER,ONLINE,POSTED
2222,0,2024-02-06,2486.17,EUR,CREDIT,ATM,PENDING
2223,0,2024-01-11,3522.67,EUR,TRANSFER,ATM,PENDING
2224,0,2024-02-05,2323.07,USD,CREDIT,BRANCH,PENDING
2225,240,2024-03-06,2439.45,GBP,TRANSFER,ONLINE,PENDING
2226,0,2024-03-29,2448.89,USD,TRANSFER,ATM,PENDING
2227,0,2024-02-04,4373.88,GBP,TRANSFER,ONLINE,PENDING
2228,165,2024-01-31,2830.51,USD,CREDIT,ONLINE,PENDING
2229,0,2024-02-22,1393.33,GBP,CREDIT,ONLINE,REVERSED
2230,71,2024-03-29,1475.78,GBP,TRANSFER,BRANCH,REVERSED
2231,0,2024-02-11,1023.12,USD,TRANSFER,ONLINE,POSTED
2232,,2024-02-07,3193.34,EUR,TRANSFER,BRANCH,POSTED
2233,414,2024-03-04,1875.62,USD,CREDIT,BRANCH,REVERSED
2234,0,2024-02-13,732.55,GBP,DEBIT,BRANCH,POSTED
2235,416,2024-03-11,4919.35,EUR,DEBIT,ONLINE,PENDING
2236,232,2024-03-11,2918.33,USD,TRANSFER,MOBILE,POSTED
2237,0,2024-02-24,3140.94,USD,TRANSFER,ATM,PENDING
2238,0,2024-02-10,598.1,EUR,DEBIT,BRANCH,POSTED
2239,0,2024-01-09,1387.5,GBP,TRANSFER,BRANCH,POSTED
2240,473,2024-03-28,2116.9,EUR,TRANSFER,ATM,POSTED
2241,0,2024-03-20,3598.14,USD,CREDIT,ONLINE,POSTED
2242,0,2024-03-18,2853.51,USD,TRANSFER,BRANCH,POSTED
2243,0,2024-03-11,2921.02,EUR,DEBIT,MOBILE,POSTED
2244,0,2024-01-03,4772.41,EUR,TRANSFER,BRANCH,PENDING
2245,0,2024-02-01,4227.07,EUR,DEBIT,MOBILE,REVERSED
2246,0,2024-01-23,4588.21,USD,DEBIT,ATM,POSTED
2247,0,2024-02-25,2898.61,GBP,CREDIT,MOBILE,POSTED
2248,0,2024-01-11,2043.26,USD,CREDIT,ONLINE,REVERSED
2249,435,2024-03-19,3753.72,EUR,TRANSFER,BRANCH,POSTED
2250,251,2024-02-25,3948.15,GBP,CREDIT,BRANCH,POSTED
2251,0,2024-03-19,1940.12,USD,TRANSFER,ONLINE,PENDING
2252,0,2024-01-10,3005.17,GBP,TRANSFER,MOBILE,POSTED
2253,106,2024-01-28,1571.74,USD,CREDIT,ONLINE,REVERSED
2254,0,2024-01-30,1897.84,USD,DEBIT,ONLINE,REVERSED
2255,0,2024-02-27,3565.64,EUR,CREDIT,BRANCH,PENDING
2256,0,2024-03-03,2182.02,USD,CREDIT,ATM,PENDING
2257,0,2024-01-30,1346.34,USD,CREDIT,ONLINE,POSTED
2258,0,2024-03-15,3225.4,GBP,TRANSFER,ONLINE,POSTED
2259,186,2024-01-07,3803.79,EUR,TRANSFER,ONLINE,POSTED
2260,0,2024-03-11,251.28,EUR,TRANSFER,BRANCH,PENDING
2261,0,2024-01-19,4292.64,USD,DEBIT,ONLINE,PENDING
2262,0,2024-03-07,334.83,EUR,TRANSFER,ATM,REVERSED
2263,0,2024-01-23,1441.93,USD,CREDIT,ONLINE,POSTED
2264,0,2024-01-26,3013.57,EUR,DEBIT,ATM,PENDING
2265,91,2024-03-09,621.56,USD,TRANSFER,BRANCH,REVERSED
2266,0,2024-03-09,4660.82,EUR,DEBIT,BRANCH,POSTED
2267,262,2024-01-03,2505.06,EUR,CREDIT,ONLINE,POSTED
2268,0,2024-01-20,4232.84,EUR,TRANSFER,BRANCH,REVERSED
2269,236,2024-02-01,2275.27,GBP,DEBIT,ONLINE,POSTED
2270,0,2024-01-06,336.3,USD,DEBIT,ATM,PENDING
2271,0,2024-03-03,3387.95,USD,TRANSFER,MOBILE,REVERSED
2272,0,2024-03-23,4716.48,USD,TRANSFER,MOBILE,PENDING
2273,0,2024-02-22,835.31,USD,DEBIT,ATM,POSTED
2274,0,2024-02-17,4209.89,EUR,TRANSFER,MOBILE,PENDING
2275,0,2024-02-17,120.36,USD,DEBIT,ATM,POSTED
2276,0,2024-03-22,3751.99,USD,TRANSFER,ONLINE,REVERSED
2277,202,2024-02-01,712.43,EUR,CREDIT,BRANCH,PENDING
2278,0,2024-02-29,1858.46,EUR,CREDIT,ONLINE,PENDING
2279,125,2024-01-19,4485.3,EUR,CREDIT,BRANCH,POSTED
2280,0,2024-02-19,4435.35,USD,DEBIT,BRANCH,PENDING
2281,282,2024-03-02,203.58,USD,DEBIT,BRANCH,PENDING
2282,0,2024-03-05,830.56,EUR,DEBIT,BRANCH,POSTED
2283,0,2024-01-28,3153.74,USD,DEBIT,MOBILE,PENDING
2284,0,2024-03-19,2301.99,GBP,CREDIT,BRANCH,PENDING
2285,0,2024-03-07,2928.52,USD,CREDIT,MOBILE,REVERSED
2286,0,2024-03-11,3643.59,GBP,TRANSFER,ATM,POSTED
2287,193,2024-02-12,3303.42,USD,TRANSFER,BRANCH,POSTED
2288,0,2024-01-26,466.85,USD,CREDIT,MOBILE,POSTED
2289,0,2024-02-08,61.56,EUR,DEBIT,MOBILE,REVERSED
2290,0,2024-01-20,2135.13,GBP,CREDIT,ONLINE,POSTED
2291,83,2024-01-05,1328.27,USD,DEBIT,ONLINE,PENDING
2292,84,2024-03-27,2467.92,EUR,TRANSFER,MOBILE,PENDING
2293,0,2024-02-17,4253.12,USD,TRANSFER,BRANCH,REVERSED
2294,0,2024-03-08,778.84,GBP,TRANSFER,BRANCH,REVERSED
2295,125,2024-01-29,4074.84,USD,CREDIT,BRANCH,PENDING
2296,153,2024-03-04,4863.83,USD,DEBIT,BRANCH,PENDING
2297,0,2024-01-19,2775.52,EUR,DEBIT,MOBILE,POSTED
2298,357,2024-03-10,2529.71,USD,TRANSFER,MOBILE,PENDING
2299,0,2024-02-08,406.56,EUR,TRANSFER,MOBILE,REVERSED
2300,0,2024-02-10,4630.7,EUR,CREDIT,MOBILE,PENDING
2301,0,2024-03-01,4891.81,USD,CREDIT,ATM,PENDING
2302,0,2024-03-03,4639.25,USD,TRANSFER,ONLINE,PENDING
2303,0,2024-01-31,1433.05,GBP,DEBIT,BRANCH,POSTED
2304,0,2024-03-16,1884.86,EUR,DEBIT,ATM,POSTED
2305,4,2024-01-20,2702.31,USD,DEBIT,ONLINE,POSTED
2306,0,2024-01-23,164.39,USD,CREDIT,BRANCH,REVERSED
2307,0,2024-01-06,826.94,USD,CREDIT,ATM,POSTED
2308,42,2024-01-06,3072.2,EUR,DEBIT,MOBILE,PENDING
2309,0,2024-03-16,1457.85,GBP,DEBIT,BRANCH,POSTED
2310,0,2024-03-18,4262.12,EUR,TRANSFER,ATM,PENDING
2311,0,2024-03-29,1419.2,USD,CREDIT,ONLINE,REVERSED
2312,0,2024-02-27,1794.4,GBP,CREDIT,BRANCH,REVERSED
2313,,2024-02-21,2090.43,EUR,CREDIT,BRANCH,POSTED
2314,0,2024-01-20,3516.47,EUR,DEBIT,ATM,REVERSED
2315,75,2024-01-14,4991.13,EUR,DEBIT,ATM,PENDING
2316,352,2024-02-10,2896.77,GBP,CREDIT,MOBILE,PENDING
2317,0,2024-03-23,3341.68,GBP,TRANSFER,BRANCH,REVERSED
2318,0,2024-03-01,3281.25,USD,DEBIT,MOBILE,POSTED
2319,0,2024-01-07,157.87,USD,CREDIT,ONLINE,PENDING
2320,0,2024-02-20,3918.84,USD,CREDIT,ONLINE,PENDING
2321,,2024-02-24,3292.37,GBP,TRANSFER,ONLINE,POSTED
2322,84,2024-02-02,2079.59,USD,CREDIT,ONLINE,POSTED
2323,122,2024-03-06,3020.01,USD,DEBIT,ONLINE,PENDING
2324,0,2024-01-02,3158.06,GBP,CREDIT,BRANCH,PENDING
2325,0,2024-03-02,3858.07,GBP,DEBIT,ONLINE,POSTED
2326,0,2024-03-25,4289.01,GBP,TRANSFER,BRANCH,REVERSED
2327,0,2024-03-08,4968.16,GBP,TRANSFER,ONLINE,PENDING
2328,374,2024-01-06,2275.31,GBP,TRANSFER,BRANCH,REVERSED
2329,233,2024-01-06,1423.14,EUR,CREDIT,ATM,PENDING
2330,213,2024-02-29,4570.61,GBP,TRANSFER,ONLINE,PENDING
2331,114,2024-02-27,1324.24,GBP,DEBIT,ONLINE,REVERSED
2332,130,2024-02-20,1327.56,GBP,DEBIT,ATM,POSTED
2333,230,2024-01-31,1985.5,USD,DEBIT,ATM,PENDING
2334,0,2024-03-10,4699.64,EUR,TRANSFER,BRANCH,REVERSED
2335,0,2024-03-04,4944.35,EUR,TRANSFER,BRANCH,POSTED
2336,473,2024-02-19,2804.21,USD,DEBIT,ONLINE,POSTED
2337,0,2024-01-11,1644.55,EUR,CREDIT,ATM,POSTED
2338,0,2024-02-03,845.94,USD,TRANSFER,BRANCH,PENDING
2339,0,2024-02-24,1021.26,EUR,CREDIT,ATM,PENDING
2340,0,2024-03-10,3458.1,GBP,DEBIT,ATM,POSTED
2341,436,2024-01-01,4767.97,EUR,CREDIT,ONLINE,POSTED
2342,172,2024-01-16,2502.81,GBP,CREDIT,ATM,PENDING
2343,0,2024-02-05,3927.7,USD,DEBIT,BRANCH,POSTED
2344,0,2024-01-25,2726.98,USD,TRANSFER,ATM,REVERSED
2345,406,2024-01-12,4960.62,EUR,DEBIT,BRANCH,POSTED
2346,0,2024-03-29,2674.51,USD,TRANSFER,BRANCH,POSTED
2347,0,2024-02-19,3963.53,USD,DEBIT,MOBILE,POSTED
2348,0,2024-03-20,3187.81,GBP,TRANSFER,ATM,REVERSED
2349,0,2024-03-25,4669.05,USD,TRANSFER,MOBILE,PENDING
2350,0,2024-02-17,996.37,EUR,DEBIT,MOBILE,POSTED
2351,0,2024-02-15,86.59,GBP,CREDIT,BRANCH,PENDING
2352,,2024-01-01,4847.95,USD,DEBIT,ONLINE,POSTED
2353,0,2024-03-12,3830.86,GBP,DEBIT,MOBILE,PENDING
2354,0,2024-03-11,3629.79,USD,DEBIT,ATM,REVERSED
2355,0,2024-02-09,2685.87,USD,CREDIT,ATM,POSTED
2356,0,2024-02-08,3324.45,EUR,TRANSFER,BRANCH,PENDING
2357,143,2024-02-13,4248.84,EUR,TRANSFER,BRANCH,POSTED
2358,0,2024-02-08,2034.95,EUR,CREDIT,BRANCH,POSTED
2359,,2024-01-18,4657.12,GBP,TRANSFER,ATM,PENDING
2360,0,2024-02-03,3840.23,USD,DEBIT,ONLINE,REVERSED
2361,0,2024-01-11,1158.37,USD,CREDIT,ATM,REVERSED
2362,0,2024-03-14,4351.63,GBP,CREDIT,BRANCH,POSTED
2363,385,2024-01-06,1560.15,USD,DEBIT,BRANCH,PENDING
2364,,2024-01-18,344.67,GBP,DEBIT,ATM,PENDING
2365,0,2024-02-16,2030.54,EUR,CREDIT,ONLINE,REVERSED
2366,458,2024-02-01,410.96,EUR,DEBIT,ATM,REVERSED
2367,240,2024-01-28,3644.01,EUR,DEBIT,ONLINE,PENDING
2368,0,2024-03-07,4375.49,GBP,TRANSFER,ONLINE,PENDING
2369,0,2024-01-08,2149.19,GBP,TRANSFER,MOBILE,POSTED
2370,149,2024-02-14,681.92,GBP,CREDIT,BRANCH,PENDING
2371,0,2024-01-16,3534.81,USD,TRANSFER,MOBILE,POSTED
2372,207,2024-03-16,956.63,USD,TRANSFER,ONLINE,REVERSED
2373,0,2024-03-23,2901.44,GBP,DEBIT,ONLINE,REVERSED
2374,0,2024-02-01,3724.66,GBP,DEBIT,MOBILE,POSTED
2375,141,2024-01-15,2873.3,GBP,DEBIT,ATM,REVERSED
2376,0,2024-01-14,1707.44,USD,DEBIT,ONLINE,REVERSED
2377,0,2024-01-16,4344.14,USD,CREDIT,MOBILE,REVERSED
2378,0,2024-02-05,2217.62,EUR,TRANSFER,ONLINE,POSTED
2379,0,2024-01-25,4349.89,GBP,DEBIT,MOBILE,PENDING
2380,223,2024-01-07,1261.3,USD,CREDIT,ONLINE,POSTED
2381,426,2024-01-08,3741.87,GBP,CREDIT,ONLINE,PENDING
2382,0,2024-02-06,704.35,USD,DEBIT,MOBILE,POSTED
2383,0,2024-03-08,327.41,USD,CREDIT,BRANCH,REVERSED
2384,0,2024-01-26,3442.47,USD,CREDIT,MOBILE,PENDING
2385,0,2024-01-29,2191.21,EUR,DEBIT,ONLINE,REVERSED
2386,0,2024-01-29,4932.48,GBP,TRANSFER,ONLINE,POSTED
2387,0,2024-02-17,2610.62,GBP,DEBIT,BRANCH,REVERSED
2388,0,2024-02-09,3732.27,EUR,DEBIT,ATM,POSTED
2389,129,2024-02-01,3788.93,GBP,TRANSFER,ONLINE,REVERSED
2390,0,2024-03-08,17.85,EUR,CREDIT,MOBILE,REVERSED
2391,0,2024-03-02,967.9,EUR,TRANSFER,BRANCH,REVERSED
2392,128,2024-03-30,4023.16,GBP,DEBIT,MOBILE,REVERSED
2393,308,2024-03-13,2820.55,EUR,CREDIT,MOBILE,REVERSED
2394,0,2024-02-01,1624.25,USD,CREDIT,MOBILE,POSTED
2395,0,2024-03-04,1138.66,GBP,DEBIT,ATM,POSTED
2396,0,2024-01-18,1157.29,EUR,DEBIT,MOBILE,PENDING
2397,0,2024-01-10,513.97,GBP,CREDIT,ONLINE,POSTED
2398,,2024-01-28,1855.01,EUR,CREDIT,ATM,REVERSED
2399,0,2024-02-05,3215.45,USD,DEBIT,ATM,PENDING
2400,313,2024-01-16,468.46,USD,TRANSFER,ONLINE,POSTED
2401,0,2024-02-05,2705.83,GBP,TRANSFER,ATM,PENDING
2402,110,2024-02-22,4437.45,EUR,DEBIT,ONLINE,REVERSED
2403,0,2024-02-24,3482.2,USD,CREDIT,ONLINE,POSTED
2404,,2024-03-21,2858.95,GBP,CREDIT,ONLINE,POSTED
2405,119,2024-01-06,3662.47,EUR,DEBIT,ONLINE,POSTED
2406,0,2024-01-08,3308.64,EUR,TRANSFER,ONLINE,POSTED
2407,0,2024-01-27,1833.85,USD,TRANSFER,MOBILE,POSTED
2408,0,2024-01-21,2369.18,EUR,DEBIT,BRANCH,POSTED
2409,0,2024-03-28,4214.7,USD,DEBIT,ATM,POSTED
2410,0,2024-01-20,2075.85,USD,DEBIT,ONLINE,PENDING
2411,,2024-03-12,4419.26,GBP,TRANSFER,BRANCH,PENDING
2412,0,2024-03-17,2664.71,GBP,DEBIT,MOBILE,PENDING
2413,0,2024-02-26,1396.6,USD,TRANSFER,ONLINE,REVERSED
2414,427,2024-01-03,982.15,USD,CREDIT,MOBILE,POSTED
2415,59,2024-03-29,634.77,EUR,DEBIT,ATM,REVERSED
2416,0,2024-03-24,2903.73,GBP,DEBIT,ATM,REVERSED
2417,0,2024-01-30,3994.92,EUR,DEBIT,ATM,POSTED
2418,0,2024-01-11,1696.22,GBP,DEBIT,BRANCH,PENDING
2419,0,2024-01-18,4140.72,EUR,CREDIT,MOBILE,POSTED
2420,0,2024-01-29,3494.18,EUR,TRANSFER,ONLINE,REVERSED
2421,0,2024-02-24,3604.88,GBP,DEBIT,BRANCH,PENDING
2422,0,2024-02-05,4963.77,USD,DEBIT,ATM,POSTED
2423,396,2024-03-26,3454.73,GBP,DEBIT,ATM,PENDING
2424,0,2024-03-22,2929.62,EUR,TRANSFER,ONLINE,PENDING
2425,50,2024-02-26,3918.46,GBP,TRANSFER,BRANCH,POSTED
2426,383,2024-03-18,130.18,EUR,CREDIT,BRANCH,PENDING
2427,0,2024-03-05,3228.39,USD,CREDIT,ONLINE,POSTED
2428,0,2024-01-19,3002.14,GBP,TRANSFER,MOBILE,PENDING
2429,0,2024-01-10,753.74,USD,TRANSFER,ATM,PENDING
2430,0,2024-01-06,2536.21,USD,DEBIT,ATM,REVERSED
2431,0,2024-03-25,1307.17,EUR,CREDIT,BRANCH,REVERSED
2432,0,2024-02-16,3619.77,USD,TRANSFER,ONLINE,PENDING
2433,0,2024-01-16,1179.77,EUR,CREDIT,ONLINE,PENDING
2434,0,2024-01-07,1831.69,EUR,TRANSFER,MOBILE,REVERSED
2435,0,2024-01-06,3125.46,EUR,CREDIT,ONLINE,POSTED
2436,0,2024-03-19,2791.75,GBP,CREDIT,ATM,REVERSED
2437,487,2024-03-08,924.65,EUR,DEBIT,BRANCH,POSTED
2438,443,2024-02-20,1264.82,GBP,DEBIT,ATM,PENDING
2439,0,2024-02-03,4810.8,GBP,DEBIT,MOBILE,PENDING
2440,127,2024-03-07,970.09,GBP,DEBIT,ATM,PENDING
2441,0,2024-01-20,3365.33,EUR,TRANSFER,MOBILE,REVERSED
2442,0,2024-01-22,2609.1,GBP,TRANSFER,BRANCH,PENDING
2443,0,2024-01-03,1214.34,USD,TRANSFER,ONLINE,PENDING
2444,,2024-03-08,2155.01,EUR,CREDIT,BRANCH,POSTED
2445,0,2024-01-06,4110.36,USD,TRANSFER,MOBILE,POSTED
2446,0,2024-02-17,3788.53,EUR,DEBIT,MOBILE,POSTED
2447,,2024-02-17,1700.31,GBP,DEBIT,BRANCH,POSTED
2448,466,2024-01-03,3343.65,USD,CREDIT,BRANCH,PENDING
2449,441,2024-02-07,2565.39,GBP,TRANSFER,ATM,POSTED
2450,,2024-02-17,1207.98,GBP,TRANSFER,ONLINE,PENDING
2451,0,2024-01-18,2328.95,GBP,DEBIT,BRANCH,POSTED
2452,0,2024-03-22,288.56,USD,DEBIT,ONLINE,POSTED
2453,0,2024-02-15,972.45,GBP,CREDIT,BRANCH,REVERSED
2454,0,2024-01-29,4033.72,EUR,DEBIT,ATM,REVERSED
2455,0,2024-03-08,2332.78,EUR,TRANSFER,ATM,REVERSED
2456,123,2024-03-16,458.0,GBP,DEBIT,MOBILE,POSTED
2457,0,2024-03-23,1615.78,EUR,DEBIT,MOBILE,POSTED
2458,,2024-01-11,4590.73,GBP,TRANSFER,MOBILE,PENDING
2459,48,2024-02-29,4803.74,USD,TRANSFER,ATM,POSTED
2460,106,2024-01-04,4986.32,EUR,TRANSFER,ATM,PENDING
2461,57,2024-03-11,640.41,GBP,TRANSFER,ATM,POSTED
2462,0,2024-02-12,2361.89,GBP,CREDIT,BRANCH,REVERSED
2463,0,2024-03-17,599.39,GBP,CREDIT,ATM,REVERSED
2464,0,2024-02-20,1840.16,USD,DEBIT,ATM,POSTED
2465,0,2024-01-10,4042.76,GBP,TRANSFER,BRANCH,POSTED
2466,0,2024-01-29,1157.52,GBP,CREDIT,BRANCH,POSTED
2467,0,2024-02-22,974.33,GBP,DEBIT,ONLINE,REVERSED
2468,0,2024-01-19,368.43,USD,CREDIT,BRANCH,PENDING
2469,0,2024-01-12,1276.48,EUR,TRANSFER,BRANCH,POSTED
2470,0,2024-02-22,4703.4,EUR,CREDIT,ATM,PENDING
2471,0,2024-02-20,2143.92,GBP,DEBIT,ATM,POSTED
2472,,2024-02-24,3901.75,EUR,DEBIT,ONLINE,POSTED
2473,0,2024-01-27,1807.25,USD,TRANSFER,ATM,POSTED
2474,0,2024-03-28,2278.69,USD,TRANSFER,ONLINE,POSTED
2475,393,2024-01-28,1270.88,USD,CREDIT,ATM,PENDING
2476,0,2024-01-24,2181.77,EUR,CREDIT,MOBILE,PENDING
2477,329,2024-01-19,3106.27,GBP,CREDIT,BRANCH,REVERSED
2478,59,2024-01-31,1520.73,GBP,DEBIT,MOBILE,POSTED
2479,0,2024-01-31,2384.96,GBP,TRANSFER,ONLINE,PENDING
2480,0,2024-01-30,3226.03,GBP,TRANSFER,ATM,POSTED
2481,0,2024-02-17,2258.22,GBP,DEBIT,ATM,REVERSED
2482,0,2024-03-13,2904.64,EUR,CREDIT,BRANCH,REVERSED
2483,0,2024-01-03,3573.55,USD,CREDIT,ONLINE,PENDING
2484,361,2024-03-14,3119.25,GBP,CREDIT,MOBILE,REVERSED
2485,0,2024-03-11,3209.1,GBP,TRANSFER,MOBILE,POSTED
2486,151,2024-01-19,2676.79,USD,TRANSFER,MOBILE,REVERSED
2487,127,2024-01-19,1652.44,EUR,CREDIT,ATM,REVERSED
2488,291,2024-03-20,3961.7,EUR,DEBIT,ONLINE,POSTED
2489,0,2024-01-29,1472.86,EUR,CREDIT,MOBILE,REVERSED
2490,0,2024-01-08,2039.69,GBP,DEBIT,MOBILE,POSTED
2491,0,2024-01-16,2286.45,USD,DEBIT,MOBILE,POSTED
2492,,2024-02-09,2808.74,GBP,DEBIT,ONLINE,PENDING
2493,0,2024-03-18,4539.39,GBP,DEBIT,ONLINE,REVERSED
2494,387,2024-01-03,4180.02,USD,DEBIT,BRANCH,PENDING
2495,60,2024-01-19,4511.34,GBP,TRANSFER,MOBILE,PENDING
2496,0,2024-01-19,2031.75,USD,TRANSFER,ONLINE,PENDING
2497,0,2024-01-12,3918.22,USD,TRANSFER,MOBILE,PENDING
2498,0,2024-01-10,4617.38,EUR,DEBIT,MOBILE,PENDING
2499,0,2024-03-28,4411.55,EUR,TRANSFER,BRANCH,REVERSED
2500,0,2024-01-16,1260.4,EUR,CREDIT,MOBILE,REVERSED
2501,0,2024-03-16,3981.62,USD,TRANSFER,BRANCH,REVERSED
2502,437,2024-01-04,4162.82,EUR,CREDIT,ONLINE,POSTED
2503,0,2024-03-06,2171.81,USD,CREDIT,ATM,POSTED
2504,0,2024-02-19,2519.99,EUR,DEBIT,ONLINE,REVERSED
2505,0,2024-01-04,240.53,EUR,CREDIT,ATM,REVERSED
2506,0,2024-01-11,1465.88,GBP,DEBIT,BRANCH,POSTED
2507,0,2024-01-23,4314.63,GBP,DEBIT,MOBILE,REVERSED
2508,0,2024-01-19,252.45,USD,DEBIT,BRANCH,PENDING
2509,0,2024-03-04,2203.81,GBP,CREDIT,MOBILE,POSTED
2510,0,2024-02-27,4427.29,GBP,CREDIT,MOBILE,REVERSED
2511,0,2024-01-18,1723.41,GBP,DEBIT,MOBILE,REVERSED
2512,0,2024-03-01,4614.22,EUR,DEBIT,ATM,PENDING
2513,0,2024-03-08,3373.49,USD,DEBIT,ONLINE,POSTED
2514,0,2024-01-30,446.85,EUR,CREDIT,BRANCH,REVERSED
2515,103,2024-02-14,4579.18,USD,DEBIT,MOBILE,REVERSED
2516,237,2024-01-02,1025.38,EUR,TRANSFER,ATM,POSTED
2517,0,2024-01-01,1899.77,EUR,CREDIT,ONLINE,REVERSED
2518,162,2024-01-17,2339.17,GBP,TRANSFER,BRANCH,PENDING
2519,0,2024-01-28,2238.0,GBP,TRANSFER,BRANCH,PENDING
2520,0,2024-01-07,3630.21,EUR,TRANSFER,BRANCH,POSTED
2521,0,2024-02-20,1470.79,EUR,DEBIT,MOBILE,PENDING
2522,0,2024-01-07,1183.3,EUR,TRANSFER,BRANCH,POSTED
2523,0,2024-03-09,542.3,EUR,CREDIT,MOBILE,REVERSED
2524,0,2024-01-24,376.82,EUR,TRANSFER,ATM,PENDING
2525,301,2024-03-09,4136.79,EUR,TRANSFER,ONLINE,PENDING
2526,0,2024-02-23,858.93,GBP,CREDIT,MOBILE,REVERSED
2527,0,2024-02-26,1170.09,USD,DEBIT,ONLINE,POSTED
2528,90,2024-03-10,3407.98,USD,CREDIT,ATM,PENDING
2529,0,2024-02-27,4798.88,EUR,CREDIT,MOBILE,PENDING
2530,0,2024-01-16,2268.42,GBP,DEBIT,MOBILE,PENDING
2531,0,2024-02-21,2591.87,EUR,DEBIT,BRANCH,POSTED
2532,0,2024-01-19,422.68,EUR,DEBIT,ONLINE,REVERSED
2533,0,2024-03-27,796.93,USD,TRANSFER,BRANCH,POSTED
2534,276,2024-02-27,4685.36,GBP,CREDIT,MOBILE,REVERSED
2535,0,2024-01-10,2614.66,EUR,DEBIT,ONLINE,PENDING
2536,0,2024-02-28,3775.06,EUR,TRANSFER,BRANCH,POSTED
2537,0,2024-03-18,2709.75,GBP,DEBIT,ONLINE,POSTED
2538,19,2024-02-12,3992.13,GBP,TRANSFER,ONLINE,REVERSED
2539,221,2024-03-17,3584.04,USD,TRANSFER,BRANCH,REVERSED
2540,0,2024-03-18,1689.27,GBP,TRANSFER,ATM,REVERSED
2541,0,2024-02-14,2259.87,GBP,TRANSFER,MOBILE,POSTED
2542,0,2024-02-26,459.24,EUR,DEBIT,MOBILE,PENDING
2543,0,2024-01-26,2696.81,GBP,DEBIT,ATM,REVERSED
2544,0,2024-02-18,3901.46,GBP,DEBIT,MOBILE,PENDING
2545,0,2024-03-04,1922.99,EUR,TRANSFER,MOBILE,REVERSED
2546,0,2024-01-20,4185.39,EUR,CREDIT,ONLINE,PENDING
2547,19,2024-03-23,2661.17,GBP,TRANSFER,ATM,PENDING
2548,0,2024-03-28,3126.38,EUR,CREDIT,ATM,REVERSED
2549,0,2024-01-04,3318.19,USD,CREDIT,MOBILE,REVERSED
2550,0,2024-03-28,2283.72,EUR,DEBIT,ATM,POSTED
2551,0,2024-03-10,880.36,GBP,CREDIT,BRANCH,PENDING
2552,0,2024-03-08,1966.47,GBP,CREDIT,ONLINE,POSTED
2553,0,2024-03-19,1471.53,GBP,DEBIT,ONLINE,REVERSED
2554,0,2024-03-14,4233.87,USD,DEBIT,ONLINE,REVERSED
2555,472,2024-03-14,4672.75,USD,CREDIT,ONLINE,PENDING
2556,0,2024-03-28,4580.07,EUR,TRANSFER,BRANCH,REVERSED
2557,247,2024-01-23,4569.86,USD,CREDIT,ONLINE,REVERSED
2558,0,2024-03-16,1109.04,GBP,DEBIT,BRANCH,REVERSED
2559,0,2024-03-28,1850.89,EUR,TRANSFER,ATM,REVERSED
2560,,2024-02-17,1829.66,GBP,CREDIT,BRANCH,PENDING
2561,286,2024-02-11,79.15,USD,CREDIT,BRANCH,PENDING
2562,0,2024-01-25,1533.79,GBP,DEBIT,ATM,POSTED
2563,306,2024-03-02,824.91,EUR,TRANSFER,BRANCH,REVERSED
2564,0,2024-01-05,430.96,USD,DEBIT,MOBILE,PENDING
2565,0,2024-02-07,2268.93,USD,CREDIT,ONLINE,POSTED
2566,0,2024-01-23,1831.18,EUR,CREDIT,MOBILE,REVERSED
2567,268,2024-01-13,1191.51,USD,CREDIT,BRANCH,POSTED
2568,0,2024-03-20,1329.51,EUR,TRANSFER,ATM,PENDING
2569,405,2024-01-12,176.93,USD,DEBIT,MOBILE,PENDING
2570,0,2024-01-16,3480.7,GBP,CREDIT,ATM,REVERSED
2571,,2024-01-17,3789.07,EUR,CREDIT,BRANCH,POSTED
2572,0,2024-03-06,2634.39,USD,CREDIT,ONLINE,POSTED
2573,285,2024-02-24,2081.0,USD,TRANSFER,MOBILE,PENDING
2574,0,2024-02-05,1493.95,EUR,DEBIT,MOBILE,REVERSED
2575,0,2024-02-13,4915.79,GBP,CREDIT,BRANCH,REVERSED
2576,0,2024-02-16,3983.22,USD,TRANSFER,BRANCH,POSTED
2577,0,2024-02-08,4790.07,EUR,DEBIT,MOBILE,PENDING
2578,0,2024-01-01,4412.57,EUR,DEBIT,BRANCH,PENDING
2579,0,2024-03-16,3237.05,EUR,DEBIT,ONLINE,POSTED
2580,0,2024-01-15,3996.76,USD,DEBIT,ONLINE,POSTED
2581,0,2024-03-02,169.91,EUR,TRANSFER,MOBILE,REVERSED
2582,,2024-03-28,502.75,USD,CREDIT,MOBILE,PENDING
2583,0,2024-03-03,721.22,GBP,DEBIT,MOBILE,PENDING
2584,403,2024-02-26,3597.08,USD,TRANSFER,MOBILE,POSTED
2585,,2024-01-17,1832.1,GBP,TRANSFER,ONLINE,PENDING
2586,0,2024-01-09,2629.61,EUR,TRANSFER,ATM,REVERSED
2587,0,2024-01-09,632.35,GBP,DEBIT,ATM,REVERSED
2588,0,2024-01-12,295.86,GBP,DEBIT,ATM,REVERSED
2589,0,2024-02-03,2448.2,EUR,TRANSFER,MOBILE,PENDING
2590,0,2024-01-22,3834.91,USD,TRANSFER,ATM,REVERSED
2591,0,2024-01-24,4499.36,USD,CREDIT,BRANCH,PENDING
2592,,2024-02-16,2810.64,USD,CREDIT,ONLINE,PENDING
2593,0,2024-03-14,4710.75,USD,DEBIT,ATM,REVERSED
2594,437,2024-03-26,3709.76,USD,TRANSFER,ONLINE,REVERSED
2595,0,2024-01-07,2747.32,EUR,TRANSFER,MOBILE,POSTED
2596,0,2024-01-23,317.55,GBP,DEBIT,ONLINE,PENDING
2597,372,2024-01-28,4629.05,GBP,TRANSFER,ONLINE,POSTED
2598,0,2024-01-23,776.8,GBP,TRANSFER,ONLINE,REVERSED
2599,0,2024-01-22,4776.75,GBP,CREDIT,BRANCH,REVERSED
2600,38,2024-03-22,1516.69,GBP,TRANSFER,ONLINE,POSTED
2601,166,2024-03-24,1819.1,EUR,TRANSFER,ONLINE,PENDING
2602,0,2024-02-09,1334.62,EUR,CREDIT,MOBILE,REVERSED
2603,,2024-03-04,1095.11,USD,CREDIT,ONLINE,POSTED
2604,0,2024-02-03,4327.3,GBP,CREDIT,ATM,POSTED
2605,309,2024-03-15,2194.54,EUR,TRANSFER,ONLINE,PENDING
2606,0,2024-01-08,1656.22,GBP,TRANSFER,MOBILE,REVERSED
2607,368,2024-01-15,1071.97,GBP,CREDIT,ONLINE,REVERSED
2608,484,2024-03-07,1215.89,EUR,DEBIT,ATM,POSTED
2609,203,2024-01-07,2740.35,EUR,DEBIT,ATM,PENDING
2610,250,2024-03-18,4054.35,GBP,CREDIT,MOBILE,PENDING
2611,0,2024-03-29,3700.17,GBP,CREDIT,BRANCH,POSTED
2612,0,2024-03-09,1972.33,EUR,DEBIT,ONLINE,POSTED
2613,0,2024-02-08,1182.2,USD,TRANSFER,ATM,REVERSED
2614,293,2024-02-11,548.29,EUR,CREDIT,ONLINE,POSTED
2615,292,2024-01-12,115.18,EUR,TRANSFER,ONLINE,REVERSED
2616,383,2024-02-14,3320.38,EUR,CREDIT,ONLINE,PENDING
2617,0,2024-03-06,965.06,GBP,DEBIT,ATM,REVERSED
2618,0,2024-03-01,414.16,GBP,TRANSFER,MOBILE,POSTED
2619,0,2024-01-15,726.78,EUR,TRANSFER,ONLINE,REVERSED
2620,0,2024-01-27,787.87,GBP,TRANSFER,MOBILE,PENDING
2621,0,2024-03-25,699.04,EUR,TRANSFER,ATM,POSTED
2622,0,2024-02-21,523.42,EUR,DEBIT,ATM,REVERSED
2623,,2024-02-27,680.8,USD,TRANSFER,MOBILE,POSTED
2624,0,2024-03-20,3734.12,EUR,DEBIT,BRANCH,REVERSED
2625,0,2024-02-18,1687.23,GBP,DEBIT,ONLINE,PENDING
2626,0,2024-03-26,4056.48,GBP,DEBIT,ONLINE,PENDING
2627,0,2024-01-12,1422.97,GBP,TRANSFER,MOBILE,REVERSED
2628,0,2024-02-13,4299.36,GBP,TRANSFER,BRANCH,POSTED
2629,0,2024-02-06,1878.51,EUR,TRANSFER,ONLINE,REVERSED
2630,495,2024-02-14,3608.15,EUR,TRANSFER,ATM,POSTED
2631,,2024-03-13,2981.42,EUR,TRANSFER,MOBILE,POSTED
2632,117,2024-02-28,594.13,USD,DEBIT,MOBILE,PENDING
2633,0,2024-03-10,1834.09,USD,DEBIT,ONLINE,POSTED
2634,0,2024-01-10,4440.62,EUR,DEBIT,ONLINE,PENDING
2635,216,2024-01-16,1809.75,EUR,CREDIT,ONLINE,REVERSED
2636,0,2024-01-08,832.59,GBP,DEBIT,MOBILE,REVERSED
2637,,2024-01-11,2156.68,GBP,DEBIT,MOBILE,POSTED
2638,0,2024-02-06,2655.7,EUR,CREDIT,BRANCH,PENDING
2639,81,2024-03-28,3159.04,EUR,DEBIT,BRANCH,POSTED
2640,0,2024-01-16,85.28,USD,CREDIT,MOBILE,REVERSED
2641,327,2024-02-27,1843.46,USD,TRANSFER,ATM,PENDING
2642,0,2024-03-27,3892.12,USD,CREDIT,BRANCH,PENDING
2643,484,2024-02-01,1257.15,EUR,DEBIT,BRANCH,PENDING
2644,0,2024-01-15,221.57,EUR,DEBIT,ATM,POSTED
2645,0,2024-02-22,2769.66,EUR,CREDIT,MOBILE,PENDING
2646,46,2024-03-03,810.21,GBP,DEBIT,ATM,REVERSED
2647,0,2024-03-26,1831.85,EUR,DEBIT,ATM,REVERSED
2648,0,2024-02-13,3521.81,USD,DEBIT,ONLINE,REVERSED
2649,0,2024-02-27,509.23,EUR,CREDIT,ONLINE,PENDING
2650,0,2024-01-07,4065.17,USD,CREDIT,BRANCH,PENDING
2651,0,2024-02-21,875.73,GBP,DEBIT,ATM,POSTED
2652,0,2024-01-24,1745.32,GBP,TRANSFER,BRANCH,PENDING
2653,0,2024-02-24,2981.21,USD,DEBIT,ONLINE,POSTED
2654,0,2024-02-12,995.63,GBP,DEBIT,MOBILE,POSTED
2655,470,2024-02-26,4609.92,USD,CREDIT,MOBILE,POSTED
2656,0,2024-03-15,321.31,EUR,DEBIT,MOBILE,POSTED
2657,0,2024-02-04,2015.52,USD,DEBIT,BRANCH,PENDING
2658,0,2024-01-04,3775.73,EUR,DEBIT,MOBILE,REVERSED
2659,0,2024-02-29,622.49,USD,DEBIT,ATM,REVERSED
2660,0,2024-03-15,1180.52,GBP,DEBIT,BRANCH,REVERSED
2661,0,2024-02-01,3338.88,GBP,DEBIT,BRANCH,POSTED
2662,0,2024-03-19,3044.64,EUR,TRANSFER,BRANCH,REVERSED
2663,420,2024-03-04,4646.38,USD,TRANSFER,MOBILE,REVERSED
2664,0,2024-01-09,994.12,GBP,CREDIT,ATM,PENDING
2665,0,2024-03-12,3749.78,EUR,CREDIT,MOBILE,POSTED
2666,0,2024-03-03,1433.99,EUR,CREDIT,MOBILE,REVERSED
2667,0,2024-01-30,4154.75,USD,CREDIT,ONLINE,POSTED
2668,,2024-03-06,3348.99,GBP,CREDIT,ATM,REVERSED
2669,0,2024-01-02,335.91,USD,DEBIT,MOBILE,REVERSED
2670,0,2024-01-28,2336.88,GBP,CREDIT,ONLINE,POSTED
2671,0,2024-01-08,4205.3,GBP,TRANSFER,ATM,REVERSED
2672,321,2024-02-03,476.3,GBP,DEBIT,ONLINE,PENDING
2673,0,2024-03-19,2858.24,GBP,TRANSFER,MOBILE,POSTED
2674,42,2024-02-26,4812.63,GBP,TRANSFER,BRANCH,REVERSED
2675,0,2024-01-10,4852.57,USD,CREDIT,BRANCH,REVERSED
2676,0,2024-01-16,2257.01,USD,TRANSFER,ONLINE,REVERSED
2677,497,2024-03-05,1869.62,EUR,TRANSFER,ONLINE,POSTED
2678,132,2024-03-10,235.06,USD,CREDIT,MOBILE,REVERSED
2679,0,2024-01-24,4210.75,USD,TRANSFER,ATM,PENDING
2680,0,2024-01-12,3823.28,GBP,DEBIT,ONLINE,REVERSED
2681,345,2024-03-16,1352.81,EUR,TRANSFER,MOBILE,REVERSED
2682,77,2024-02-29,3631.3,USD,TRANSFER,MOBILE,REVERSED
2683,0,2024-02-04,216.63,USD,DEBIT,ATM,PENDING
2684,45,2024-03-15,2118.19,USD,CREDIT,ATM,PENDING
2685,328,2024-02-01,885.97,USD,TRANSFER,ONLINE,PENDING
2686,,2024-02-15,535.94,USD,TRANSFER,MOBILE,POSTED
2687,0,2024-01-06,4423.95,USD,TRANSFER,BRANCH,REVERSED
2688,0,2024-03-10,1244.03,USD,TRANSFER,MOBILE,POSTED
2689,0,2024-03-06,1562.66,EUR,CREDIT,ATM,POSTED
2690,0,2024-01-14,1930.29,EUR,CREDIT,ONLINE,REVERSED
2691,0,2024-03-10,2734.01,EUR,TRANSFER,ONLINE,PENDING
2692,0,2024-03-09,3483.74,EUR,TRANSFER,ATM,PENDING
2693,0,2024-02-03,1976.55,EUR,TRANSFER,MOBILE,REVERSED
2694,0,2024-02-24,111.25,EUR,DEBIT,BRANCH,POSTED
2695,0,2024-01-15,2932.9,GBP,DEBIT,BRANCH,REVERSED
2696,307,2024-03-22,4074.5,EUR,TRANSFER,MOBILE,POSTED
2697,0,2024-03-01,3598.85,EUR,CREDIT,ONLINE,POSTED
2698,0,2024-02-02,1606.77,GBP,DEBIT,MOBILE,PENDING
2699,358,2024-01-03,4550.14,USD,CREDIT,BRANCH,PENDING
2700,0,2024-01-16,3081.78,USD,CREDIT,ATM,POSTED
2701,0,2024-02-05,142.25,GBP,CREDIT,MOBILE,POSTED
2702,0,2024-03-02,4482.98,GBP,DEBIT,ONLINE,REVERSED
2703,0,2024-03-09,2866.6,GBP,TRANSFER,ATM,REVERSED
2704,0,2024-01-01,4331.63,USD,TRANSFER,ONLINE,POSTED
2705,0,2024-02-26,1355.08,GBP,DEBIT,ONLINE,PENDING
2706,0,2024-02-20,3133.32,USD,TRANSFER,MOBILE,REVERSED
2707,0,2024-03-20,4024.03,EUR,TRANSFER,MOBILE,REVERSED
2708,0,2024-02-26,1558.77,GBP,CREDIT,BRANCH,REVERSED
2709,46,2024-02-11,1702.08,USD,CREDIT,ATM,POSTED
2710,0,2024-01-18,3612.19,GBP,DEBIT,ATM,REVERSED
2711,184,2024-02-01,3485.26,USD,TRANSFER,ATM,PENDING
2712,0,2024-03-01,393.95,GBP,TRANSFER,ATM,POSTED
2713,275,2024-03-12,4037.71,EUR,CREDIT,BRANCH,POSTED
2714,0,2024-03-23,629.69,GBP,TRANSFER,BRANCH,PENDING
2715,0,2024-01-08,1895.54,EUR,DEBIT,ATM,REVERSED
2716,0,2024-03-14,1506.36,EUR,CREDIT,BRANCH,POSTED
2717,0,2024-02-18,4993.2,GBP,CREDIT,MOBILE,PENDING
2718,0,2024-01-07,1635.05,USD,CREDIT,ONLINE,POSTED
2719,476,2024-02-09,1574.42,USD,CREDIT,MOBILE,PENDING
2720,0,2024-01-04,2856.48,USD,CREDIT,ONLINE,POSTED
2721,412,2024-03-18,145.43,EUR,DEBIT,BRANCH,PENDING
2722,448,2024-02-18,3916.61,GBP,DEBIT,MOBILE,PENDING
2723,,2024-01-07,542.89,GBP,CREDIT,BRANCH,POSTED
2724,4,2024-03-29,4659.65,USD,DEBIT,ONLINE,POSTED
2725,0,2024-02-07,906.04,USD,CREDIT,MOBILE,REVERSED
2726,0,2024-02-09,2006.78,USD,TRANSFER,ATM,PENDING
2727,0,2024-01-11,885.21,GBP,DEBIT,ATM,PENDING
2728,436,2024-03-05,4076.61,USD,TRANSFER,MOBILE,POSTED
2729,0,2024-03-09,76.06,USD,TRANSFER,MOBILE,PENDING
2730,,2024-03-12,640.13,EUR,DEBIT,BRANCH,PENDING
2731,459,2024-01-02,4655.0,USD,CREDIT,ONLINE,REVERSED
2732,0,2024-02-03,4263.86,GBP,CREDIT,ATM,POSTED
2733,,2024-01-22,268.3,GBP,CREDIT,ONLINE,REVERSED
2734,245,2024-02-13,1140.65,USD,TRANSFER,MOBILE,REVERSED
2735,0,2024-03-11,1752.42,GBP,DEBIT,BRANCH,PENDING
2736,89,2024-02-09,640.46,GBP,TRANSFER,ONLINE,REVERSED
2737,0,2024-02-02,1810.78,USD,DEBIT,ATM,REVERSED
2738,130,2024-02-09,3264.45,USD,TRANSFER,MOBILE,PENDING
2739,,2024-01-26,4227.7,EUR,DEBIT,ONLINE,POSTED
2740,0,2024-02-27,1428.04,GBP,TRANSFER,MOBILE,REVERSED
2741,375,2024-01-11,2254.3,USD,DEBIT,ONLINE,REVERSED
2742,0,2024-03-23,3392.91,EUR,CREDIT,ONLINE,POSTED
2743,0,2024-03-12,2694.94,GBP,DEBIT,ATM,PENDING
2744,0,2024-01-02,3275.62,EUR,DEBIT,MOBILE,POSTED
2745,130,2024-02-12,3574.08,EUR,DEBIT,MOBILE,REVERSED
2746,117,2024-02-11,3596.21,GBP,DEBIT,BRANCH,REVERSED
2747,169,2024-01-30,4405.6,EUR,DEBIT,ATM,REVERSED
2748,0,2024-02-20,2203.27,GBP,CREDIT,ATM,PENDING
2749,0,2024-01-23,1394.99,USD,TRANSFER,BRANCH,PENDING
2750,0,2024-01-07,4129.43,EUR,TRANSFER,BRANCH,REVERSED
2751,0,2024-03-18,3098.09,USD,TRANSFER,ATM,POSTED
2752,0,2024-03-24,3778.5,GBP,TRANSFER,BRANCH,POSTED
2753,0,2024-01-16,736.27,USD,TRANSFER,BRANCH,REVERSED
2754,,2024-03-20,2839.92,USD,TRANSFER,ONLINE,REVERSED
2755,0,2024-02-09,4966.05,USD,CREDIT,ONLINE,PENDING
2756,0,2024-02-27,3405.44,USD,CREDIT,ONLINE,POSTED
2757,441,2024-03-17,2702.69,USD,TRANSFER,BRANCH,POSTED
2758,0,2024-01-27,4158.38,GBP,DEBIT,MOBILE,POSTED
2759,0,2024-01-31,2840.5,EUR,DEBIT,ATM,REVERSED
2760,0,2024-03-04,151.39,EUR,TRANSFER,ONLINE,POSTED
2761,0,2024-03-06,4620.84,GBP,TRANSFER,ONLINE,POSTED
2762,0,2024-01-06,4081.26,EUR,DEBIT,ONLINE,POSTED
2763,8,2024-01-09,3458.63,USD,CREDIT,MOBILE,PENDING
2764,0,2024-01-04,2540.11,GBP,TRANSFER,MOBILE,REVERSED
2765,0,2024-01-02,2739.16,USD,DEBIT,BRANCH,PENDING
2766,147,2024-01-08,4586.43,EUR,TRANSFER,BRANCH,PENDING
2767,0,2024-03-23,4717.08,GBP,TRANSFER,ATM,PENDING
2768,0,2024-03-11,3207.93,EUR,CREDIT,BRANCH,PENDING
2769,301,2024-02-10,4160.46,EUR,DEBIT,ATM,POSTED
2770,,2024-01-03,2285.76,USD,DEBIT,ATM,PENDING
2771,142,2024-02-12,4762.53,GBP,CREDIT,MOBILE,POSTED
2772,0,2024-03-29,231.34,USD,TRANSFER,MOBILE,PENDING
2773,0,2024-01-10,66.2,GBP,CREDIT,BRANCH,PENDING
2774,362,2024-01-12,3520.69,EUR,CREDIT,ATM,PENDING
2775,0,2024-01-13,1994.72,GBP,CREDIT,MOBILE,POSTED
2776,0,2024-01-02,1837.05,GBP,DEBIT,MOBILE,PENDING
2777,0,2024-02-07,2770.25,USD,TRANSFER,MOBILE,POSTED
2778,0,2024-02-28,3924.77,GBP,DEBIT,MOBILE,REVERSED
2779,0,2024-03-22,2829.2,USD,TRANSFER,MOBILE,REVERSED
2780,0,2024-01-04,1855.61,GBP,CREDIT,ONLINE,PENDING
2781,0,2024-01-10,2847.18,USD,DEBIT,ONLINE,POSTED
2782,0,2024-01-12,664.37,GBP,CREDIT,MOBILE,REVERSED
2783,0,2024-03-12,4155.35,EUR,CREDIT,ATM,PENDING
2784,283,2024-01-01,3805.5,GBP,CREDIT,ONLINE,POSTED
2785,184,2024-02-12,2552.97,EUR,CREDIT,MOBILE,PENDING
2786,0,2024-01-12,3355.15,EUR,CREDIT,BRANCH,PENDING
2787,0,2024-01-10,483.76,GBP,TRANSFER,ONLINE,PENDING
2788,0,2024-03-16,2014.66,EUR,CREDIT,BRANCH,POSTED
2789,0,2024-03-18,4715.18,USD,TRANSFER,ATM,PENDING
2790,0,2024-02-03,3605.31,USD,CREDIT,ONLINE,POSTED
2791,177,2024-03-28,1468.95,USD,DEBIT,BRANCH,PENDING
2792,64,2024-01-01,4224.76,EUR,DEBIT,BRANCH,PENDING
2793,363,2024-03-14,91.29,GBP,DEBIT,ATM,REVERSED
2794,0,2024-02-13,2050.63,EUR,CREDIT,ONLINE,POSTED
2795,142,2024-03-01,4959.41,GBP,DEBIT,BRANCH,REVERSED
2796,143,2024-01-01,293.0,USD,TRANSFER,ONLINE,POSTED
2797,0,2024-02-27,1202.61,EUR,CREDIT,ATM,PENDING
2798,277,2024-02-17,32.23,EUR,DEBIT,BRANCH,REVERSED
2799,0,2024-01-08,458.24,GBP,CREDIT,ATM,REVERSED
2800,0,2024-02-29,4429.66,EUR,TRANSFER,ATM,PENDING
2801,0,2024-01-11,3737.91,EUR,TRANSFER,BRANCH,POSTED
2802,441,2024-02-26,267.15,GBP,DEBIT,ONLINE,POSTED
2803,0,2024-01-10,4048.5,GBP,CREDIT,ATM,POSTED
2804,131,2024-03-30,4150.06,GBP,DEBIT,BRANCH,REVERSED
2805,,2024-03-30,1465.88,GBP,DEBIT,MOBILE,PENDING
2806,0,2024-03-14,1067.48,USD,CREDIT,ONLINE,REVERSED
2807,0,2024-03-01,3830.19,USD,TRANSFER,ATM,REVERSED
2808,263,2024-01-19,4887.04,EUR,CREDIT,ATM,POSTED
2809,371,2024-01-10,178.57,USD,DEBIT,ONLINE,PENDING
2810,339,2024-03-19,2017.01,GBP,DEBIT,ATM,PENDING
2811,109,2024-02-16,2189.81,GBP,DEBIT,BRANCH,POSTED
2812,0,2024-01-08,2028.75,USD,TRANSFER,MOBILE,POSTED
2813,,2024-02-27,969.59,GBP,DEBIT,BRANCH,PENDING
2814,257,2024-01-25,2736.27,EUR,CREDIT,ONLINE,PENDING
2815,408,2024-03-21,4845.27,USD,CREDIT,ONLINE,REVERSED
2816,0,2024-02-12,266.31,USD,CREDIT,ATM,PENDING
2817,0,2024-03-20,1678.48,EUR,CREDIT,MOBILE,POSTED
2818,0,2024-01-24,3646.2,EUR,TRANSFER,ATM,REVERSED
2819,461,2024-02-11,536.59,USD,TRANSFER,BRANCH,REVERSED
2820,0,2024-03-17,509.48,EUR,DEBIT,ATM,POSTED
2821,0,2024-03-05,4707.08,EUR,TRANSFER,ATM,POSTED
2822,0,2024-02-07,3521.09,USD,TRANSFER,MOBILE,POSTED
2823,0,2024-01-23,841.78,EUR,CREDIT,BRANCH,POSTED
2824,0,2024-02-04,3493.46,EUR,TRANSFER,ONLINE,POSTED
2825,341,2024-01-18,912.02,USD,TRANSFER,BRANCH,POSTED
2826,0,2024-02-23,3797.97,GBP,DEBIT,ATM,PENDING
2827,0,2024-01-28,4314.26,EUR,CREDIT,BRANCH,PENDING
2828,0,2024-03-20,1699.58,USD,CREDIT,ATM,PENDING
2829,0,2024-02-26,3521.22,EUR,CREDIT,ATM,PENDING
2830,,2024-03-16,3370.68,GBP,DEBIT,ONLINE,REVERSED
2831,33,2024-01-07,49.6,USD,CREDIT,ONLINE,PENDING
2832,6,2024-01-27,3450.46,GBP,DEBIT,ATM,PENDING
2833,0,2024-01-05,4391.56,USD,DEBIT,BRANCH,POSTED
2834,0,2024-02-08,3134.68,EUR,DEBIT,BRANCH,REVERSED
2835,0,2024-01-23,4799.26,USD,CREDIT,ONLINE,PENDING
2836,0,2024-02-13,733.39,USD,CREDIT,ATM,POSTED
2837,0,2024-03-03,2847.4,GBP,DEBIT,ATM,PENDING
2838,0,2024-03-11,294.89,GBP,CREDIT,MOBILE,PENDING
2839,0,2024-03-30,4477.3,USD,TRANSFER,BRANCH,REVERSED
2840,0,2024-01-28,3311.4,GBP,CREDIT,BRANCH,REVERSED
2841,0,2024-02-17,4309.58,EUR,DEBIT,MOBILE,PENDING
2842,0,2024-01-21,1671.54,EUR,DEBIT,ONLINE,REVERSED
2843,0,2024-01-02,365.32,EUR,CREDIT,BRANCH,PENDING
2844,0,2024-02-20,919.04,EUR,CREDIT,BRANCH,POSTED
2845,0,2024-03-21,934.66,GBP,TRANSFER,ONLINE,POSTED
2846,157,2024-02-12,4280.2,EUR,DEBIT,ATM,REVERSED
2847,0,2024-02-23,4194.81,EUR,CREDIT,ONLINE,POSTED
2848,0,2024-03-10,2779.37,USD,TRANSFER,BRANCH,POSTED
2849,0,2024-01-15,442.84,USD,CREDIT,ONLINE,POSTED
2850,0,2024-01-01,1408.67,GBP,CREDIT,MOBILE,PENDING
2851,288,2024-03-12,3949.98,GBP,CREDIT,BRANCH,REVERSED
2852,44,2024-01-22,2967.5,GBP,CREDIT,BRANCH,POSTED
2853,0,2024-01-30,4766.3,EUR,CREDIT,ONLINE,POSTED
2854,72,2024-02-28,1850.85,GBP,DEBIT,ATM,PENDING
2855,0,2024-02-29,4449.75,GBP,TRANSFER,ONLINE,POSTED
2856,58,2024-01-12,4005.96,EUR,DEBIT,ATM,POSTED
2857,0,2024-03-30,4787.22,EUR,TRANSFER,ONLINE,POSTED
2858,0,2024-03-08,3928.6,GBP,TRANSFER,MOBILE,REVERSED
2859,0,2024-02-16,2828.15,USD,DEBIT,ATM,REVERSED
2860,0,2024-03-09,1857.77,GBP,TRANSFER,ATM,REVERSED
2861,0,2024-02-10,2845.31,USD,TRANSFER,MOBILE,POSTED
2862,,2024-01-13,1909.22,GBP,DEBIT,ATM,PENDING
2863,245,2024-03-09,3828.17,GBP,TRANSFER,ONLINE,POSTED
2864,0,2024-02-18,3043.67,EUR,TRANSFER,MOBILE,POSTED
2865,141,2024-02-12,4807.26,USD,DEBIT,ATM,REVERSED
2866,0,2024-03-02,813.41,EUR,DEBIT,ONLINE,REVERSED
2867,0,2024-01-17,3126.74,EUR,DEBIT,ONLINE,POSTED
2868,0,2024-02-05,1394.44,USD,TRANSFER,ONLINE,REVERSED
2869,0,2024-03-08,3739.12,EUR,CREDIT,BRANCH,REVERSED
2870,0,2024-01-26,3505.8,GBP,DEBIT,ATM,POSTED
2871,0,2024-01-27,4893.4,USD,TRANSFER,ONLINE,POSTED
2872,66,2024-02-26,2490.64,EUR,TRANSFER,ATM,POSTED
2873,0,2024-01-25,208.1,EUR,TRANSFER,ATM,PENDING
2874,0,2024-01-07,2036.38,USD,DEBIT,ATM,REVERSED
2875,29,2024-02-14,3576.52,GBP,DEBIT,MOBILE,PENDING
2876,0,2024-02-20,4515.56,EUR,TRANSFER,ONLINE,POSTED
2877,350,2024-01-03,3259.15,GBP,DEBIT,MOBILE,REVERSED
2878,351,2024-01-10,2348.91,USD,TRANSFER,ATM,POSTED
2879,0,2024-03-08,1091.63,EUR,CREDIT,ONLINE,REVERSED
2880,0,2024-02-05,335.34,USD,CREDIT,ONLINE,POSTED
2881,0,2024-01-26,4694.49,USD,CREDIT,ATM,REVERSED
2882,0,2024-02-21,2786.34,USD,CREDIT,MOBILE,PENDING
2883,449,2024-01-06,1916.44,GBP,CREDIT,ONLINE,POSTED
2884,0,2024-02-20,1810.89,EUR,CREDIT,BRANCH,PENDING
2885,0,2024-01-05,2205.44,USD,CREDIT,ONLINE,REVERSED
2886,0,2024-01-25,3586.68,GBP,CREDIT,BRANCH,POSTED
2887,0,2024-03-18,1885.27,USD,DEBIT,ONLINE,POSTED
2888,0,2024-02-25,4410.44,EUR,DEBIT,BRANCH,POSTED
2889,0,2024-02-22,3327.66,GBP,CREDIT,BRANCH,PENDING
2890,0,2024-01-13,3396.21,GBP,TRANSFER,ATM,REVERSED
2891,,2024-03-17,4751.9,GBP,DEBIT,MOBILE,POSTED
2892,0,2024-02-09,4537.29,GBP,DEBIT,MOBILE,PENDING
2893,0,2024-03-12,1694.84,EUR,DEBIT,BRANCH,PENDING
2894,95,2024-02-16,3333.89,USD,TRANSFER,ONLINE,POSTED
2895,0,2024-01-26,4746.87,EUR,TRANSFER,ONLINE,POSTED
2896,0,2024-02-16,4241.85,GBP,CREDIT,MOBILE,POSTED
2897,0,2024-02-04,1849.6,USD,TRANSFER,MOBILE,REVERSED
2898,0,2024-02-04,2497.4,USD,CREDIT,BRANCH,REVERSED
2899,461,2024-03-22,1678.18,EUR,CREDIT,ONLINE,PENDING
2900,0,2024-03-01,4955.65,USD,CREDIT,MOBILE,REVERSED
2901,0,2024-03-05,1912.16,EUR,CREDIT,ONLINE,PENDING
2902,0,2024-01-23,1716.94,USD,DEBIT,ATM,REVERSED
2903,0,2024-03-20,4585.41,USD,TRANSFER,ATM,PENDING
2904,0,2024-02-21,2980.13,USD,CREDIT,MOBILE,PENDING
2905,0,2024-02-27,909.44,EUR,DEBIT,MOBILE,PENDING
2906,0,2024-02-17,3884.82,GBP,DEBIT,BRANCH,POSTED
2907,0,2024-02-06,264.14,GBP,CREDIT,ONLINE,POSTED
2908,80,2024-02-23,4083.07,USD,CREDIT,BRANCH,POSTED
2909,,2024-01-08,2264.57,USD,DEBIT,MOBILE,POSTED
2910,0,2024-03-28,4518.43,EUR,TRANSFER,ATM,PENDING
2911,420,2024-02-15,4598.84,EUR,DEBIT,ATM,PENDING
2912,,2024-02-27,462.8,GBP,CREDIT,BRANCH,POSTED
2913,0,2024-03-25,1397.52,EUR,CREDIT,MOBILE,PENDING
2914,0,2024-03-28,3252.78,GBP,CREDIT,ATM,POSTED
2915,0,2024-03-23,4824.4,GBP,TRANSFER,ATM,REVERSED
2916,0,2024-02-13,4376.69,EUR,DEBIT,MOBILE,PENDING
2917,0,2024-03-14,2150.44,GBP,CREDIT,MOBILE,POSTED
2918,0,2024-01-01,558.26,EUR,TRANSFER,ATM,REVERSED
2919,,2024-01-20,4068.54,GBP,DEBIT,ATM,PENDING
2920,0,2024-03-07,3291.77,EUR,DEBIT,ATM,POSTED
2921,0,2024-03-28,891.73,EUR,DEBIT,BRANCH,POSTED
2922,0,2024-03-25,4233.56,EUR,DEBIT,MOBILE,POSTED
2923,0,2024-01-30,4838.33,GBP,DEBIT,ONLINE,PENDING
2924,0,2024-03-21,3470.94,USD,DEBIT,ATM,POSTED
2925,0,2024-02-18,3112.55,USD,TRANSFER,ONLINE,REVERSED
2926,90,2024-01-04,3005.06,EUR,TRANSFER,MOBILE,POSTED
2927,0,2024-02-17,4831.83,USD,TRANSFER,ONLINE,POSTED
2928,0,2024-01-20,3200.04,USD,DEBIT,ONLINE,REVERSED
2929,0,2024-01-23,8.12,USD,CREDIT,ONLINE,PENDING
2930,0,2024-01-30,2116.71,EUR,TRANSFER,BRANCH,POSTED
2931,0,2024-01-12,4537.08,GBP,CREDIT,ATM,REVERSED
2932,0,2024-03-18,2489.67,EUR,TRANSFER,ONLINE,POSTED
2933,0,2024-01-13,71.78,EUR,DEBIT,MOBILE,POSTED
2934,0,2024-03-11,1112.08,GBP,TRANSFER,ONLINE,REVERSED
2935,0,2024-03-04,3331.44,GBP,CREDIT,BRANCH,REVERSED
2936,399,2024-02-21,2392.9,USD,CREDIT,BRANCH,POSTED
2937,0,2024-01-28,4910.78,EUR,DEBIT,ONLINE,REVERSED
2938,0,2024-03-22,531.55,GBP,CREDIT,BRANCH,POSTED
2939,0,2024-03-26,4290.46,GBP,DEBIT,ONLINE,POSTED
2940,,2024-02-15,2025.73,USD,DEBIT,BRANCH,POSTED
2941,0,2024-01-07,4501.19,EUR,TRANSFER,MOBILE,POSTED
2942,0,2024-03-23,574.59,EUR,CREDIT,MOBILE,REVERSED
2943,141,2024-01-14,4138.54,EUR,CREDIT,BRANCH,POSTED
2944,486,2024-02-09,3861.08,GBP,TRANSFER,BRANCH,POSTED
2945,0,2024-03-25,359.61,USD,DEBIT,MOBILE,REVERSED
2946,0,2024-02-06,3320.19,EUR,TRANSFER,MOBILE,REVERSED
2947,0,2024-01-09,1569.84,USD,CREDIT,ATM,PENDING
2948,0,2024-03-13,364.53,EUR,TRANSFER,ATM,PENDING
2949,0,2024-02-04,361.03,GBP,TRANSFER,BRANCH,PENDING
2950,0,2024-01-03,2848.31,GBP,DEBIT,MOBILE,REVERSED
2951,302,2024-02-11,2254.85,USD,CREDIT,ONLINE,POSTED
2952,0,2024-01-01,4056.21,EUR,CREDIT,ONLINE,PENDING
2953,341,2024-01-02,356.53,GBP,CREDIT,ATM,POSTED
2954,,2024-01-12,749.21,EUR,DEBIT,ONLINE,REVERSED
2955,0,2024-03-20,2018.26,GBP,TRANSFER,MOBILE,PENDING
2956,0,2024-03-07,2373.36,EUR,DEBIT,MOBILE,PENDING
2957,118,2024-01-11,3989.65,EUR,DEBIT,MOBILE,REVERSED
2958,0,2024-01-04,2302.45,USD,TRANSFER,MOBILE,REVERSED
2959,0,2024-02-15,1186.92,GBP,DEBIT,BRANCH,POSTED
2960,0,2024-01-12,3150.2,USD,CREDIT,BRANCH,POSTED
2961,0,2024-03-06,3360.9,GBP,TRANSFER,BRANCH,POSTED
2962,0,2024-01-19,229.36,EUR,TRANSFER,ATM,PENDING
2963,396,2024-02-14,2431.96,USD,CREDIT,BRANCH,REVERSED
2964,0,2024-02-06,2400.21,GBP,DEBIT,ATM,POSTED
2965,0,2024-03-12,2321.87,USD,CREDIT,MOBILE,PENDING
2966,0,2024-03-14,2239.68,USD,CREDIT,ATM,PENDING
2967,197,2024-02-14,2133.73,EUR,CREDIT,BRANCH,POSTED
2968,0,2024-02-01,1765.66,GBP,DEBIT,MOBILE,POSTED
2969,0,2024-02-19,4875.28,GBP,CREDIT,ONLINE,PENDING
2970,0,2024-01-15,4413.78,GBP,TRANSFER,BRANCH,POSTED
2971,0,2024-02-18,1114.48,EUR,DEBIT,BRANCH,REVERSED
2972,0,2024-01-02,897.05,USD,DEBIT,ONLINE,REVERSED
2973,0,2024-02-22,3372.43,USD,CREDIT,ONLINE,POSTED
2974,314,2024-02-07,4580.91,GBP,TRANSFER,BRANCH,REVERSED
2975,0,2024-02-06,2070.32,USD,DEBIT,BRANCH,PENDING
2976,447,2024-02-07,3726.9,USD,TRANSFER,BRANCH,POSTED
2977,156,2024-03-19,607.44,GBP,TRANSFER,ONLINE,REVERSED
2978,0,2024-02-03,1379.66,USD,CREDIT,ONLINE,REVERSED
2979,449,2024-02-22,1319.71,GBP,TRANSFER,ONLINE,POSTED
2980,0,2024-03-16,1641.61,USD,DEBIT,MOBILE,REVERSED
2981,294,2024-03-26,4088.04,GBP,TRANSFER,BRANCH,POSTED
2982,0,2024-01-14,4836.72,GBP,CREDIT,ONLINE,POSTED
2983,0,2024-01-15,4302.25,EUR,CREDIT,BRANCH,PENDING
2984,265,2024-02-14,964.39,GBP,TRANSFER,MOBILE,PENDING
2985,0,2024-03-15,660.43,EUR,DEBIT,ONLINE,POSTED
2986,0,2024-02-05,2833.86,USD,CREDIT,ATM,POSTED
2987,,2024-01-29,2833.3,EUR,DEBIT,BRANCH,POSTED
2988,0,2024-01-15,1021.0,USD,CREDIT,MOBILE,PENDING
2989,0,2024-03-17,1958.64,USD,TRANSFER,BRANCH,REVERSED
2990,0,2024-03-01,4819.25,GBP,CREDIT,ATM,REVERSED
2991,0,2024-01-09,1306.2,USD,TRANSFER,BRANCH,POSTED
2992,0,2024-02-11,1983.35,EUR,DEBIT,ATM,POSTED
2993,281,2024-02-17,241.24,EUR,CREDIT,ONLINE,POSTED
2994,80,2024-03-26,3704.57,EUR,DEBIT,ONLINE,PENDING
2995,0,2024-01-24,1326.35,EUR,TRANSFER,ATM,POSTED
2996,0,2024-03-25,2254.36,GBP,CREDIT,MOBILE,REVERSED
2997,16,2024-03-11,3957.56,GBP,CREDIT,ONLINE,REVERSED
2998,195,2024-03-15,4796.36,EUR,TRANSFER,ATM,REVERSED
2999,0,2024-03-03,2191.33,USD,DEBIT,MOBILE,PENDING
3000,0,2024-01-05,1511.19,USD,DEBIT,ONLINE,POSTED
3001,0,2024-02-16,4736.3,EUR,DEBIT,BRANCH,PENDING
3002,0,2024-01-24,2242.83,USD,TRANSFER,ONLINE,POSTED
3003,0,2024-03-07,4970.09,GBP,DEBIT,ATM,POSTED
3004,0,2024-02-12,2006.96,EUR,DEBIT,ONLINE,POSTED
3005,0,2024-01-29,987.15,USD,CREDIT,MOBILE,POSTED
3006,,2024-01-16,3351.97,USD,CREDIT,BRANCH,POSTED
3007,0,2024-02-24,710.83,USD,TRANSFER,BRANCH,PENDING
3008,0,2024-01-08,868.63,GBP,CREDIT,ONLINE,POSTED
3009,0,2024-01-23,4551.27,GBP,TRANSFER,BRANCH,PENDING
3010,0,2024-01-04,1084.71,GBP,DEBIT,ATM,POSTED
3011,0,2024-02-28,341.44,GBP,TRANSFER,ATM,POSTED
3012,0,2024-01-21,4788.1,GBP,DEBIT,BRANCH,POSTED
3013,29,2024-02-26,4071.81,GBP,CREDIT,BRANCH,REVERSED
3014,236,2024-01-14,4158.65,USD,TRANSFER,MOBILE,PENDING
3015,211,2024-01-14,3111.87,GBP,DEBIT,BRANCH,POSTED
3016,0,2024-03-22,2708.58,GBP,CREDIT,ONLINE,REVERSED
3017,0,2024-01-19,1698.05,EUR,DEBIT,ONLINE,PENDING
3018,0,2024-03-15,3909.92,USD,CREDIT,MOBILE,REVERSED
3019,0,2024-02-02,4574.38,GBP,TRANSFER,ONLINE,POSTED
3020,0,2024-03-21,938.94,GBP,DEBIT,ONLINE,POSTED
3021,0,2024-01-12,4896.65,EUR,TRANSFER,MOBILE,REVERSED
3022,0,2024-03-30,1733.93,GBP,TRANSFER,MOBILE,REVERSED
3023,0,2024-03-26,4581.74,EUR,CREDIT,ATM,PENDING
3024,0,2024-01-05,3989.89,EUR,TRANSFER,ONLINE,PENDING
3025,0,2024-03-20,3086.64,GBP,CREDIT,ONLINE,REVERSED
3026,0,2024-01-15,2470.46,EUR,DEBIT,ONLINE,PENDING
3027,383,2024-02-02,1249.62,GBP,CREDIT,ONLINE,POSTED
3028,0,2024-02-07,749.12,EUR,CREDIT,ONLINE,PENDING
3029,0,2024-03-28,4054.73,GBP,TRANSFER,MOBILE,POSTED
3030,378,2024-01-01,3462.09,EUR,DEBIT,BRANCH,PENDING
3031,0,2024-01-03,1524.36,GBP,CREDIT,BRANCH,POSTED
3032,0,2024-01-03,4022.39,EUR,CREDIT,MOBILE,REVERSED
3033,0,2024-01-10,3060.78,USD,DEBIT,MOBILE,PENDING
3034,0,2024-03-30,4518.96,USD,CREDIT,ONLINE,POSTED
3035,306,2024-02-10,2071.16,USD,DEBIT,MOBILE,PENDING
3036,0,2024-01-22,800.93,USD,TRANSFER,ONLINE,POSTED
3037,0,2024-02-21,1747.1,EUR,DEBIT,ONLINE,POSTED
3038,0,2024-03-14,3625.91,EUR,DEBIT,BRANCH,POSTED
3039,0,2024-02-22,1092.61,EUR,TRANSFER,BRANCH,PENDING
3040,358,2024-03-15,2011.71,USD,DEBIT,MOBILE,REVERSED
3041,,2024-01-20,3229.12,EUR,TRANSFER,BRANCH,REVERSED
3042,92,2024-01-06,2157.89,EUR,CREDIT,BRANCH,REVERSED
3043,0,2024-03-23,3344.45,USD,DEBIT,ONLINE,POSTED
3044,,2024-01-29,3273.85,EUR,DEBIT,BRANCH,REVERSED
3045,0,2024-01-29,3522.16,EUR,DEBIT,ATM,POSTED
3046,48,2024-01-23,3910.77,USD,TRANSFER,BRANCH,REVERSED
3047,0,2024-01-15,3556.43,GBP,DEBIT,MOBILE,REVERSED
3048,0,2024-03-04,4957.18,USD,DEBIT,ATM,REVERSED
3049,0,2024-02-11,1311.46,GBP,DEBIT,MOBILE,PENDING
3050,384,2024-01-18,4186.02,GBP,DEBIT,ATM,PENDING
3051,0,2024-03-05,4577.92,USD,CREDIT,MOBILE,POSTED
3052,266,2024-02-11,3879.92,USD,TRANSFER,MOBILE,PENDING
3053,204,2024-02-09,3875.58,EUR,TRANSFER,MOBILE,REVERSED
3054,0,2024-02-07,3292.86,EUR,TRANSFER,ONLINE,REVERSED
3055,414,2024-01-19,896.05,EUR,DEBIT,ATM,PENDING
3056,0,2024-01-06,1422.33,GBP,CREDIT,ONLINE,POSTED
3057,0,2024-03-03,4688.37,GBP,TRANSFER,ATM,POSTED
3058,0,2024-03-19,2233.12,USD,TRANSFER,BRANCH,REVERSED
3059,0,2024-01-13,3258.79,GBP,TRANSFER,ONLINE,POSTED
3060,,2024-01-03,286.01,USD,CREDIT,MOBILE,POSTED
3061,,2024-01-22,3531.45,EUR,DEBIT,BRANCH,POSTED
3062,,2024-03-10,1683.97,GBP,CREDIT,ONLINE,POSTED
3063,0,2024-03-21,233.02,EUR,CREDIT,ONLINE,REVERSED
3064,281,2024-01-01,4676.65,GBP,TRANSFER,ONLINE,PENDING
3065,315,2024-01-22,3300.26,GBP,TRANSFER,ATM,POSTED
3066,0,2024-03-09,3487.83,EUR,CREDIT,MOBILE,POSTED
3067,90,2024-03-12,4964.72,EUR,TRANSFER,MOBILE,REVERSED
3068,491,2024-01-27,1073.24,USD,CREDIT,ATM,REVERSED
3069,0,2024-01-15,4416.48,GBP,CREDIT,ONLINE,PENDING
3070,0,2024-02-01,2170.83,USD,DEBIT,ATM,POSTED
3071,0,2024-03-25,2529.7,EUR,DEBIT,ONLINE,REVERSED
3072,0,2024-01-13,3365.46,GBP,TRANSFER,ONLINE,PENDING
3073,236,2024-03-17,3641.89,EUR,TRANSFER,MOBILE,PENDING
3074,,2024-03-30,99.9,USD,CREDIT,MOBILE,POSTED
3075,0,2024-02-24,3777.83,GBP,CREDIT,ONLINE,POSTED
3076,0,2024-03-09,2613.71,GBP,CREDIT,ONLINE,POSTED
3077,0,2024-02-29,3033.89,USD,DEBIT,MOBILE,REVERSED
3078,0,2024-02-15,4849.71,USD,TRANSFER,ONLINE,REVERSED
3079,0,2024-02-14,3304.05,EUR,TRANSFER,ATM,REVERSED
3080,77,2024-03-30,1954.56,USD,TRANSFER,MOBILE,REVERSED
3081,0,2024-01-22,3058.57,USD,TRANSFER,ATM,POSTED
3082,0,2024-01-27,1540.93,GBP,TRANSFER,ONLINE,PENDING
3083,0,2024-03-18,1364.87,USD,TRANSFER,ATM,PENDING
3084,,2024-01-18,2897.08,GBP,DEBIT,MOBILE,PENDING
3085,0,2024-01-19,3824.4,USD,CREDIT,BRANCH,POSTED
3086,293,2024-03-20,1982.39,EUR,TRANSFER,ATM,REVERSED
3087,234,2024-02-09,3430.32,USD,CREDIT,BRANCH,REVERSED
3088,0,2024-03-14,1421.85,USD,DEBIT,ONLINE,REVERSED
3089,433,2024-02-08,563.61,USD,DEBIT,BRANCH,PENDING
3090,0,2024-03-21,1717.47,USD,TRANSFER,ATM,PENDING
3091,0,2024-03-15,2668.99,USD,CREDIT,BRANCH,POSTED
3092,85,2024-03-25,3200.41,USD,DEBIT,BRANCH,POSTED
3093,0,2024-01-05,820.97,EUR,CREDIT,ATM,PENDING
3094,0,2024-03-11,3009.54,EUR,DEBIT,ONLINE,PENDING
3095,0,2024-02-02,1793.49,EUR,DEBIT,ATM,REVERSED
3096,293,2024-03-12,950.58,GBP,DEBIT,BRANCH,PENDING
3097,0,2024-03-10,2755.78,GBP,TRANSFER,MOBILE,PENDING
3098,380,2024-01-14,2767.11,USD,DEBIT,ATM,POSTED
3099,228,2024-02-17,4576.08,EUR,DEBIT,ONLINE,POSTED
3100,0,2024-02-19,3799.1,USD,DEBIT,BRANCH,REVERSED
3101,0,2024-02-15,1937.63,EUR,TRANSFER,BRANCH,REVERSED
3102,0,2024-02-26,4893.76,GBP,CREDIT,MOBILE,PENDING
3103,0,2024-03-05,3806.09,GBP,DEBIT,ATM,REVERSED
3104,0,2024-02-23,4391.06,EUR,DEBIT,ATM,REVERSED
3105,218,2024-02-17,4442.89,EUR,DEBIT,ONLINE,PENDING
3106,155,2024-02-02,658.5,GBP,DEBIT,MOBILE,PENDING
3107,0,2024-02-13,4773.51,GBP,CREDIT,BRANCH,POSTED
3108,0,2024-01-05,1889.77,EUR,DEBIT,BRANCH,PENDING
3109,0,2024-02-25,4361.34,EUR,CREDIT,MOBILE,POSTED
3110,0,2024-01-24,625.3,EUR,CREDIT,ONLINE,POSTED
3111,331,2024-03-25,1475.18,EUR,CREDIT,MOBILE,PENDING
3112,0,2024-02-19,1518.57,USD,TRANSFER,BRANCH,PENDING
3113,0,2024-03-17,2185.93,EUR,DEBIT,ONLINE,REVERSED
3114,0,2024-01-01,2446.01,EUR,DEBIT,BRANCH,PENDING
3115,,2024-01-28,509.04,GBP,TRANSFER,ATM,POSTED
3116,,2024-02-20,639.5,EUR,DEBIT,ATM,REVERSED
3117,121,2024-03-22,716.79,USD,CREDIT,ONLINE,PENDING
3118,274,2024-03-23,2728.34,EUR,TRANSFER,BRANCH,REVERSED
3119,0,2024-03-27,1606.82,USD,DEBIT,ONLINE,REVERSED
3120,0,2024-01-22,3406.66,USD,DEBIT,BRANCH,POSTED
3121,0,2024-03-05,1639.13,USD,TRANSFER,ATM,PENDING
3122,0,2024-02-13,4581.27,GBP,TRANSFER,ATM,PENDING
3123,0,2024-01-12,1292.37,USD,CREDIT,BRANCH,PENDING
3124,0,2024-02-16,3193.5,USD,DEBIT,BRANCH,PENDING
3125,374,2024-02-07,561.56,USD,DEBIT,BRANCH,REVERSED
3126,0,2024-03-14,2297.85,USD,CREDIT,ONLINE,POSTED
3127,0,2024-03-03,2553.21,EUR,DEBIT,ONLINE,POSTED
3128,0,2024-02-23,416.65,EUR,TRANSFER,ONLINE,POSTED
3129,266,2024-03-17,4902.03,USD,DEBIT,MOBILE,REVERSED
3130,0,2024-01-23,4060.61,GBP,DEBIT,BRANCH,POSTED
3131,0,2024-03-01,982.3,USD,TRANSFER,MOBILE,POSTED
3132,0,2024-01-09,1567.99,EUR,CREDIT,BRANCH,PENDING
3133,0,2024-03-25,1064.32,USD,TRANSFER,ONLINE,PENDING
3134,401,2024-03-06,250.96,GBP,TRANSFER,ATM,PENDING
3135,0,2024-03-02,940.77,USD,CREDIT,MOBILE,POSTED
3136,,2024-02-26,3711.79,EUR,TRANSFER,MOBILE,REVERSED
3137,158,2024-01-29,1050.29,USD,DEBIT,BRANCH,PENDING
3138,0,2024-02-25,1310.7,USD,DEBIT,ATM,REVERSED
3139,0,2024-01-07,2661.8,GBP,CREDIT,MOBILE,POSTED
3140,0,2024-03-09,4529.7,GBP,TRANSFER,BRANCH,POSTED
3141,0,2024-01-11,2701.97,USD,TRANSFER,BRANCH,PENDING
3142,0,2024-02-07,1949.92,GBP,TRANSFER,BRANCH,REVERSED
3143,461,2024-03-26,3075.75,USD,TRANSFER,BRANCH,PENDING
3144,0,2024-02-17,4119.6,USD,CREDIT,BRANCH,REVERSED
3145,0,2024-03-07,3709.74,GBP,DEBIT,ONLINE,POSTED
3146,0,2024-03-15,2314.34,GBP,TRANSFER,ATM,POSTED
3147,0,2024-03-10,938.47,GBP,CREDIT,ATM,PENDING
3148,0,2024-02-12,3753.31,GBP,CREDIT,BRANCH,PENDING
3149,404,2024-02-04,3974.23,EUR,CREDIT,MOBILE,POSTED
3150,0,2024-02-20,4910.23,EUR,DEBIT,ONLINE,REVERSED
3151,0,2024-01-04,1050.39,GBP,CREDIT,MOBILE,REVERSED
3152,0,2024-01-11,2891.03,GBP,CREDIT,ATM,PENDING
3153,172,2024-03-14,57.77,EUR,TRANSFER,ONLINE,POSTED
3154,0,2024-03-14,235.92,USD,DEBIT,MOBILE,PENDING
3155,0,2024-01-29,4115.74,USD,DEBIT,BRANCH,REVERSED
3156,0,2024-01-03,3772.97,USD,TRANSFER,ATM,REVERSED
3157,0,2024-01-17,3367.0,EUR,TRANSFER,ATM,POSTED
3158,0,2024-03-15,400.02,EUR,TRANSFER,ONLINE,REVERSED
3159,157,2024-01-18,3231.95,USD,CREDIT,ATM,POSTED
3160,,2024-01-06,2870.26,GBP,TRANSFER,BRANCH,REVERSED
3161,438,2024-03-05,3586.18,EUR,CREDIT,BRANCH,POSTED
3162,153,2024-01-28,3573.45,EUR,CREDIT,ATM,PENDING
3163,407,2024-03-08,2481.45,USD,CREDIT,ONLINE,PENDING
3164,0,2024-03-29,1744.05,GBP,TRANSFER,MOBILE,REVERSED
3165,0,2024-02-15,1210.73,GBP,DEBIT,ATM,REVERSED
3166,0,2024-02-11,4877.16,USD,DEBIT,BRANCH,REVERSED
3167,230,2024-03-26,1232.3,GBP,CREDIT,MOBILE,PENDING
3168,0,2024-03-03,2840.93,USD,CREDIT,ATM,POSTED
3169,0,2024-02-01,1965.04,GBP,TRANSFER,ATM,REVERSED
3170,0,2024-03-06,4555.16,USD,CREDIT,ONLINE,PENDING
3171,0,2024-01-21,2723.97,USD,TRANSFER,MOBILE,PENDING
3172,0,2024-02-01,1475.63,GBP,DEBIT,MOBILE,PENDING
3173,0,2024-03-28,2061.63,EUR,DEBIT,MOBILE,PENDING
3174,0,2024-01-27,1674.48,GBP,CREDIT,MOBILE,PENDING
3175,0,2024-02-17,4816.71,EUR,DEBIT,ATM,POSTED
3176,0,2024-01-28,42.35,EUR,CREDIT,MOBILE,POSTED
3177,0,2024-03-06,4361.94,USD,TRANSFER,BRANCH,REVERSED
3178,0,2024-01-15,2644.81,GBP,DEBIT,BRANCH,POSTED
3179,294,2024-02-22,2876.09,EUR,CREDIT,MOBILE,PENDING
3180,0,2024-03-25,4301.48,GBP,TRANSFER,ATM,REVERSED
3181,0,2024-03-05,2683.37,USD,TRANSFER,MOBILE,PENDING
3182,386,2024-02-14,560.32,GBP,DEBIT,BRANCH,REVERSED
3183,,2024-02-28,679.79,USD,DEBIT,MOBILE,PENDING
3184,10,2024-03-23,4839.21,GBP,TRANSFER,ATM,POSTED
3185,429,2024-02-04,3878.52,EUR,DEBIT,BRANCH,POSTED
3186,0,2024-03-07,4505.83,GBP,CREDIT,ONLINE,REVERSED
3187,0,2024-03-24,3737.32,GBP,DEBIT,ONLINE,POSTED
3188,0,2024-03-01,2248.09,USD,DEBIT,ONLINE,REVERSED
3189,0,2024-01-02,3113.82,EUR,CREDIT,ONLINE,REVERSED
3190,447,2024-02-23,4846.65,EUR,TRANSFER,ONLINE,PENDING
3191,0,2024-02-03,3937.83,EUR,CREDIT,ATM,REVERSED
3192,441,2024-01-30,4472.3,GBP,DEBIT,BRANCH,PENDING
3193,0,2024-01-01,1343.39,USD,DEBIT,ATM,POSTED
3194,,2024-03-04,3447.65,GBP,CREDIT,ATM,REVERSED
3195,0,2024-02-04,1856.79,EUR,TRANSFER,ATM,POSTED
3196,0,2024-03-19,1548.52,GBP,DEBIT,ONLINE,PENDING
3197,0,2024-02-29,141.78,GBP,TRANSFER,MOBILE,POSTED
3198,,2024-02-02,4327.89,GBP,CREDIT,ONLINE,POSTED
3199,0,2024-01-11,4959.29,USD,DEBIT,ONLINE,PENDING
3200,0,2024-03-29,3228.79,EUR,DEBIT,MOBILE,POSTED
3201,0,2024-03-20,259.04,EUR,CREDIT,MOBILE,REVERSED
3202,0,2024-03-29,1908.03,EUR,CREDIT,ATM,POSTED
3203,0,2024-02-27,3472.6,EUR,DEBIT,ONLINE,POSTED
3204,0,2024-02-12,3897.38,EUR,CREDIT,MOBILE,REVERSED
3205,0,2024-03-14,1802.59,USD,TRANSFER,ATM,POSTED
3206,0,2024-03-01,3024.97,EUR,DEBIT,ATM,PENDING
3207,0,2024-02-12,4776.62,GBP,DEBIT,ATM,PENDING
3208,0,2024-02-29,448.29,EUR,TRANSFER,MOBILE,POSTED
3209,0,2024-01-14,1021.77,USD,TRANSFER,ATM,REVERSED
3210,0,2024-01-10,3275.77,USD,DEBIT,ONLINE,POSTED
3211,0,2024-02-02,1581.75,GBP,CREDIT,MOBILE,POSTED
3212,56,2024-03-13,836.75,EUR,CREDIT,ATM,PENDING
3213,0,2024-02-01,2035.9,EUR,DEBIT,BRANCH,PENDING
3214,476,2024-01-17,919.15,EUR,DEBIT,MOBILE,POSTED
3215,0,2024-01-24,1074.15,GBP,CREDIT,ATM,POSTED
3216,467,2024-03-26,3652.4,GBP,CREDIT,BRANCH,REVERSED
3217,408,2024-03-01,4416.63,USD,TRANSFER,ATM,POSTED
3218,0,2024-02-23,3208.12,USD,CREDIT,ATM,POSTED
3219,240,2024-02-22,395.44,USD,TRANSFER,BRANCH,REVERSED
3220,0,2024-03-27,670.55,USD,TRANSFER,BRANCH,REVERSED
3221,0,2024-01-15,1911.94,EUR,DEBIT,ATM,REVERSED
3222,0,2024-02-10,4775.46,GBP,TRANSFER,ATM,POSTED
3223,276,2024-02-21,4966.85,GBP,CREDIT,MOBILE,PENDING
3224,0,2024-02-24,3956.03,GBP,TRANSFER,MOBILE,POSTED
3225,0,2024-02-18,4995.64,EUR,TRANSFER,BRANCH,PENDING
3226,0,2024-01-04,2556.35,EUR,CREDIT,ATM,REVERSED
3227,0,2024-01-05,2453.99,GBP,TRANSFER,ONLINE,POSTED
3228,0,2024-01-06,252.71,GBP,TRANSFER,ONLINE,PENDING
3229,0,2024-03-21,640.16,EUR,CREDIT,ONLINE,PENDING
3230,0,2024-03-06,2185.79,USD,DEBIT,ONLINE,POSTED
3231,0,2024-03-08,2051.68,USD,CREDIT,ONLINE,POSTED
3232,,2024-01-02,841.69,EUR,DEBIT,MOBILE,REVERSED
3233,75,2024-01-02,1797.04,USD,DEBIT,ONLINE,POSTED
3234,0,2024-01-03,91.85,GBP,CREDIT,ONLINE,PENDING
3235,,2024-02-21,2267.73,GBP,DEBIT,ATM,POSTED
3236,0,2024-03-14,3840.82,GBP,DEBIT,ATM,PENDING
3237,0,2024-01-01,116.69,EUR,CREDIT,ONLINE,POSTED
3238,0,2024-03-04,1008.51,USD,TRANSFER,MOBILE,REVERSED
3239,,2024-01-06,1941.63,GBP,TRANSFER,BRANCH,PENDING
3240,0,2024-01-11,4714.07,GBP,CREDIT,MOBILE,PENDING
3241,0,2024-01-06,254.26,GBP,TRANSFER,BRANCH,REVERSED
3242,0,2024-02-25,594.58,EUR,TRANSFER,ONLINE,PENDING
3243,0,2024-01-13,2617.43,EUR,CREDIT,ATM,REVERSED
3244,0,2024-03-23,1847.53,USD,CREDIT,ONLINE,REVERSED
3245,158,2024-01-20,4863.92,EUR,TRANSFER,BRANCH,REVERSED
3246,0,2024-02-16,1018.06,EUR,CREDIT,MOBILE,PENDING
3247,0,2024-02-11,1875.93,GBP,TRANSFER,BRANCH,PENDING
3248,0,2024-02-04,4316.29,USD,CREDIT,ONLINE,REVERSED
3249,0,2024-01-08,2753.13,USD,TRANSFER,ATM,POSTED
3250,,2024-03-10,4551.34,GBP,TRANSFER,ONLINE,POSTED
3251,0,2024-03-06,2234.25,USD,DEBIT,ONLINE,PENDING
3252,0,2024-03-08,1733.91,EUR,CREDIT,BRANCH,REVERSED
3253,0,2024-01-18,2338.38,USD,TRANSFER,ONLINE,PENDING
3254,0,2024-01-29,1722.86,USD,DEBIT,ATM,PENDING
3255,0,2024-03-20,474.41,GBP,DEBIT,BRANCH,POSTED
3256,0,2024-03-28,2093.95,EUR,TRANSFER,ONLINE,REVERSED
3257,177,2024-03-13,90.48,GBP,CREDIT,ATM,POSTED
3258,0,2024-03-18,865.29,EUR,CREDIT,MOBILE,PENDING
3259,0,2024-01-11,639.81,EUR,TRANSFER,ONLINE,PENDING
3260,0,2024-01-12,3617.31,GBP,DEBIT,ONLINE,POSTED
3261,0,2024-03-21,2136.65,USD,DEBIT,ONLINE,POSTED
3262,0,2024-02-03,4732.57,GBP,CREDIT,ATM,PENDING
3263,,2024-02-25,3757.4,EUR,TRANSFER,BRANCH,PENDING
3264,0,2024-01-06,4853.25,USD,TRANSFER,ONLINE,POSTED
3265,214,2024-01-29,4260.8,USD,CREDIT,ATM,POSTED
3266,0,2024-02-12,1183.75,USD,CREDIT,ONLINE,REVERSED
3267,0,2024-01-20,1298.11,USD,TRANSFER,MOBILE,POSTED
3268,0,2024-02-22,2674.26,EUR,CREDIT,ATM,REVERSED
3269,0,2024-02-28,3341.22,EUR,CREDIT,MOBILE,POSTED
3270,0,2024-02-23,3518.26,USD,CREDIT,MOBILE,POSTED
3271,141,2024-01-10,4782.01,GBP,CREDIT,MOBILE,REVERSED
3272,0,2024-02-04,3950.74,USD,CREDIT,MOBILE,POSTED
3273,0,2024-03-15,301.39,EUR,CREDIT,ATM,POSTED
3274,0,2024-01-14,4031.58,USD,TRANSFER,MOBILE,PENDING
3275,64,2024-01-31,1566.72,USD,DEBIT,BRANCH,POSTED
3276,0,2024-02-23,4393.65,USD,TRANSFER,ONLINE,POSTED
3277,0,2024-02-13,3953.36,USD,CREDIT,BRANCH,POSTED
3278,0,2024-03-14,3928.49,EUR,CREDIT,BRANCH,PENDING
3279,0,2024-01-12,3832.31,EUR,TRANSFER,MOBILE,POSTED
3280,0,2024-01-11,2656.45,USD,DEBIT,ATM,REVERSED
3281,0,2024-02-09,1127.51,GBP,TRANSFER,BRANCH,REVERSED
3282,257,2024-01-23,3620.35,GBP,TRANSFER,BRANCH,REVERSED
3283,274,2024-01-03,4965.37,USD,CREDIT,ATM,PENDING
3284,418,2024-01-13,4964.82,EUR,DEBIT,ONLINE,PENDING
3285,0,2024-03-25,3749.01,EUR,TRANSFER,ONLINE,POSTED
3286,60,2024-02-21,255.74,GBP,TRANSFER,MOBILE,POSTED
3287,122,2024-03-04,712.25,GBP,TRANSFER,MOBILE,POSTED
3288,103,2024-01-21,313.35,GBP,DEBIT,ATM,REVERSED
3289,0,2024-03-16,3114.87,EUR,DEBIT,ATM,PENDING
3290,0,2024-01-02,1050.07,USD,DEBIT,ONLINE,POSTED
3291,254,2024-01-13,2948.88,USD,TRANSFER,MOBILE,POSTED
3292,53,2024-03-21,3788.59,EUR,CREDIT,ATM,REVERSED
3293,0,2024-01-13,2909.59,USD,TRANSFER,MOBILE,REVERSED
3294,0,2024-02-16,4606.4,GBP,DEBIT,ATM,POSTED
3295,174,2024-01-29,1689.15,EUR,TRANSFER,ATM,POSTED
3296,0,2024-01-22,2791.0,GBP,CREDIT,ATM,PENDING
3297,0,2024-02-29,2994.12,EUR,TRANSFER,ONLINE,PENDING
3298,0,2024-02-23,529.81,EUR,TRANSFER,ATM,REVERSED
3299,0,2024-01-20,649.76,EUR,TRANSFER,MOBILE,PENDING
3300,0,2024-01-16,2677.83,USD,CREDIT,ONLINE,POSTED
3301,0,2024-02-23,2798.73,EUR,DEBIT,ONLINE,PENDING
3302,0,2024-03-27,3614.25,GBP,CREDIT,BRANCH,PENDING
3303,256,2024-01-05,74.64,GBP,CREDIT,BRANCH,POSTED
3304,69,2024-01-28,4381.82,EUR,DEBIT,ATM,PENDING
3305,0,2024-02-19,3012.72,USD,TRANSFER,BRANCH,PENDING
3306,0,2024-03-26,2361.33,USD,CREDIT,BRANCH,POSTED
3307,0,2024-03-29,592.85,GBP,CREDIT,ONLINE,POSTED
3308,0,2024-01-15,4193.81,USD,DEBIT,MOBILE,POSTED
3309,0,2024-01-02,1088.71,USD,DEBIT,BRANCH,POSTED
3310,0,2024-01-28,3514.38,GBP,DEBIT,ONLINE,REVERSED
3311,0,2024-03-10,4276.54,GBP,DEBIT,ONLINE,POSTED
3312,0,2024-01-14,3693.21,GBP,DEBIT,ATM,PENDING
3313,23,2024-01-19,505.57,EUR,CREDIT,MOBILE,REVERSED
3314,0,2024-03-11,4945.82,GBP,CREDIT,MOBILE,REVERSED
3315,118,2024-03-26,4338.81,GBP,CREDIT,ONLINE,PENDING
3316,0,2024-01-12,16.7,EUR,DEBIT,BRANCH,PENDING
3317,0,2024-01-20,2453.43,GBP,CREDIT,ATM,PENDING
3318,0,2024-03-11,1685.46,GBP,DEBIT,ONLINE,REVERSED
3319,463,2024-02-27,4538.13,USD,DEBIT,ONLINE,POSTED
3320,0,2024-03-13,2489.25,EUR,CREDIT,BRANCH,PENDING
3321,0,2024-03-22,229.03,GBP,TRANSFER,MOBILE,POSTED
3322,0,2024-02-19,95.29,USD,CREDIT,MOBILE,REVERSED
3323,189,2024-02-05,2114.83,USD,CREDIT,ONLINE,POSTED
3324,0,2024-02-26,509.63,USD,DEBIT,ATM,REVERSED
3325,0,2024-02-16,1921.99,USD,TRANSFER,MOBILE,REVERSED
3326,385,2024-01-30,2406.29,GBP,DEBIT,ONLINE,POSTED
3327,0,2024-02-09,4893.52,GBP,DEBIT,ONLINE,PENDING
3328,0,2024-01-10,4202.84,GBP,CREDIT,MOBILE,REVERSED
3329,0,2024-01-07,810.83,EUR,CREDIT,BRANCH,PENDING
3330,0,2024-02-21,4906.34,USD,DEBIT,BRANCH,POSTED
3331,0,2024-02-24,1254.11,EUR,CREDIT,MOBILE,REVERSED
3332,0,2024-03-02,4728.03,GBP,DEBIT,BRANCH,POSTED
3333,,2024-02-21,2379.96,GBP,DEBIT,BRANCH,REVERSED
3334,0,2024-03-08,2156.76,GBP,CREDIT,ATM,PENDING
3335,355,2024-01-04,3986.86,GBP,TRANSFER,MOBILE,REVERSED
3336,0,2024-01-23,288.61,USD,CREDIT,ONLINE,PENDING
3337,0,2024-01-04,3436.83,GBP,DEBIT,MOBILE,POSTED
3338,0,2024-01-11,4785.01,USD,TRANSFER,MOBILE,PENDING
3339,397,2024-01-02,1572.04,GBP,TRANSFER,BRANCH,PENDING
3340,0,2024-03-01,2501.46,USD,CREDIT,BRANCH,PENDING
3341,0,2024-02-25,4252.84,GBP,TRANSFER,ATM,POSTED
3342,269,2024-02-03,736.67,EUR,CREDIT,ONLINE,PENDING
3343,,2024-01-17,2277.75,EUR,DEBIT,ATM,REVERSED
3344,0,2024-03-23,736.98,EUR,DEBIT,ATM,PENDING
3345,333,2024-03-03,2130.21,EUR,CREDIT,ATM,PENDING
3346,0,2024-02-07,788.92,GBP,CREDIT,ATM,PENDING
3347,0,2024-03-11,2021.34,GBP,DEBIT,ATM,PENDING
3348,0,2024-01-14,4177.89,GBP,DEBIT,ONLINE,REVERSED
3349,91,2024-01-24,148.91,EUR,TRANSFER,MOBILE,REVERSED
3350,7,2024-01-13,4984.42,USD,DEBIT,MOBILE,PENDING
3351,0,2024-01-10,303.69,GBP,DEBIT,ATM,PENDING
3352,0,2024-01-03,4608.03,EUR,CREDIT,ONLINE,PENDING
3353,20,2024-02-13,3426.57,EUR,CREDIT,ONLINE,POSTED
3354,0,2024-02-28,918.52,USD,CREDIT,ONLINE,POSTED
3355,225,2024-01-21,2816.44,USD,CREDIT,ONLINE,REVERSED
3356,0,2024-01-29,4789.56,EUR,TRANSFER,MOBILE,PENDING
3357,0,2024-01-21,4405.0,GBP,TRANSFER,BRANCH,POSTED
3358,0,2024-01-29,3691.06,EUR,DEBIT,MOBILE,REVERSED
3359,0,2024-03-04,901.73,EUR,DEBIT,ATM,PENDING
3360,0,2024-03-24,239.74,GBP,CREDIT,ATM,POSTED
3361,367,2024-02-23,2263.36,GBP,CREDIT,ONLINE,PENDING
3362,283,2024-03-23,1519.31,EUR,TRANSFER,MOBILE,PENDING
3363,0,2024-03-21,2932.33,EUR,CREDIT,ATM,REVERSED
3364,222,2024-02-08,4080.51,USD,TRANSFER,MOBILE,PENDING
3365,433,2024-01-03,849.06,GBP,DEBIT,ATM,REVERSED
3366,432,2024-01-22,2975.51,EUR,DEBIT,ATM,PENDING
3367,483,2024-02-08,4410.7,EUR,TRANSFER,ATM,PENDING
3368,0,2024-03-14,4569.43,GBP,DEBIT,ONLINE,POSTED
3369,0,2024-01-25,1237.08,EUR,DEBIT,ONLINE,POSTED
3370,0,2024-01-06,770.67,USD,TRANSFER,BRANCH,PENDING
3371,30,2024-01-15,3091.34,GBP,DEBIT,BRANCH,PENDING
3372,0,2024-03-28,4487.41,EUR,CREDIT,BRANCH,REVERSED
3373,319,2024-01-25,3775.51,EUR,DEBIT,ONLINE,PENDING
3374,201,2024-01-21,2960.89,EUR,DEBIT,ATM,PENDING
3375,0,2024-03-09,4999.11,EUR,DEBIT,ONLINE,PENDING
3376,46,2024-01-21,4398.64,EUR,CREDIT,BRANCH,REVERSED
3377,0,2024-03-19,3006.12,EUR,DEBIT,ATM,POSTED
3378,0,2024-03-04,2008.04,EUR,CREDIT,MOBILE,PENDING
3379,0,2024-02-05,801.11,EUR,CREDIT,ONLINE,REVERSED
3380,137,2024-03-23,465.44,EUR,CREDIT,BRANCH,REVERSED
3381,50,2024-03-16,663.06,USD,CREDIT,ATM,REVERSED
3382,0,2024-03-02,1862.51,GBP,CREDIT,ONLINE,PENDING
3383,140,2024-03-01,1593.19,GBP,TRANSFER,MOBILE,PENDING
3384,0,2024-01-19,3506.4,GBP,CREDIT,ATM,PENDING
3385,117,2024-01-04,23.54,GBP,DEBIT,BRANCH,PENDING
3386,138,2024-01-08,956.07,GBP,DEBIT,ATM,PENDING
3387,0,2024-02-12,1773.77,USD,DEBIT,BRANCH,POSTED
3388,,2024-01-18,502.74,GBP,DEBIT,BRANCH,POSTED
3389,0,2024-01-07,2587.61,USD,CREDIT,MOBILE,REVERSED
3390,0,2024-02-29,3027.72,EUR,CREDIT,BRANCH,POSTED
3391,0,2024-01-12,2509.09,EUR,TRANSFER,BRANCH,REVERSED
3392,164,2024-03-30,4658.92,EUR,TRANSFER,ONLINE,REVERSED
3393,3,2024-02-08,3858.53,USD,CREDIT,ATM,PENDING
3394,0,2024-02-18,4147.74,EUR,DEBIT,ONLINE,POSTED
3395,0,2024-03-12,2150.56,EUR,CREDIT,ATM,POSTED
3396,0,2024-03-10,3327.9,USD,CREDIT,ATM,REVERSED
3397,0,2024-03-05,3928.27,USD,TRANSFER,ONLINE,REVERSED
3398,0,2024-02-11,3497.65,GBP,CREDIT,ONLINE,PENDING
3399,9,2024-03-06,1331.36,USD,DEBIT,ONLINE,PENDING
3400,0,2024-01-28,4311.46,GBP,CREDIT,BRANCH,POSTED
3401,200,2024-01-22,2777.69,EUR,DEBIT,BRANCH,POSTED
3402,273,2024-01-24,1763.99,GBP,TRANSFER,MOBILE,POSTED
3403,153,2024-02-27,861.34,USD,DEBIT,BRANCH,POSTED
3404,0,2024-01-12,4255.56,EUR,DEBIT,ONLINE,PENDING
3405,0,2024-03-13,2867.41,GBP,DEBIT,ATM,REVERSED
3406,,2024-02-23,1972.7,GBP,CREDIT,ATM,POSTED
3407,0,2024-01-01,1312.12,USD,DEBIT,BRANCH,PENDING
3408,0,2024-01-09,2386.59,USD,TRANSFER,ATM,POSTED
3409,,2024-03-19,375.28,GBP,DEBIT,ONLINE,POSTED
3410,0,2024-01-26,2694.18,EUR,DEBIT,ONLINE,PENDING
3411,47,2024-01-12,4748.24,EUR,CREDIT,ATM,REVERSED
3412,0,2024-01-03,4658.89,EUR,CREDIT,MOBILE,REVERSED
3413,0,2024-02-21,1405.65,EUR,TRANSFER,MOBILE,POSTED
3414,0,2024-02-25,4351.67,USD,CREDIT,ONLINE,REVERSED
3415,0,2024-02-15,52.61,GBP,CREDIT,ONLINE,PENDING
3416,0,2024-02-04,2118.87,USD,CREDIT,ONLINE,POSTED
3417,0,2024-01-27,4915.21,EUR,CREDIT,ATM,POSTED
3418,0,2024-03-20,1295.62,GBP,DEBIT,MOBILE,PENDING
3419,0,2024-01-26,3577.37,USD,CREDIT,BRANCH,PENDING
3420,0,2024-01-26,2299.37,USD,CREDIT,MOBILE,REVERSED
3421,0,2024-02-23,4471.58,EUR,CREDIT,ONLINE,PENDING
3422,0,2024-01-24,3118.75,EUR,CREDIT,MOBILE,POSTED
3423,0,2024-02-13,501.33,GBP,CREDIT,ATM,POSTED
3424,253,2024-03-20,3077.86,EUR,DEBIT,BRANCH,REVERSED
3425,0,2024-01-22,1435.87,EUR,CREDIT,BRANCH,PENDING
3426,39,2024-03-04,841.92,USD,CREDIT,MOBILE,PENDING
3427,256,2024-02-19,2863.42,USD,TRANSFER,ATM,POSTED
3428,0,2024-02-07,3863.78,USD,TRANSFER,ONLINE,PENDING
3429,70,2024-02-23,2797.5,EUR,CREDIT,MOBILE,POSTED
3430,0,2024-02-25,3669.98,USD,DEBIT,ATM,POSTED
3431,0,2024-01-30,2504.8,USD,TRANSFER,BRANCH,PENDING
3432,,2024-02-04,872.73,USD,TRANSFER,BRANCH,POSTED
3433,0,2024-03-16,3017.43,EUR,TRANSFER,ONLINE,PENDING
3434,0,2024-02-03,3360.14,EUR,CREDIT,MOBILE,REVERSED
3435,0,2024-01-13,1468.71,USD,TRANSFER,BRANCH,PENDING
3436,0,2024-01-07,1981.5,USD,DEBIT,MOBILE,REVERSED
3437,179,2024-02-23,1282.78,USD,CREDIT,ONLINE,REVERSED
3438,386,2024-01-30,2021.26,EUR,CREDIT,BRANCH,REVERSED
3439,0,2024-02-17,4082.57,GBP,TRANSFER,ATM,POSTED
3440,0,2024-03-01,4622.59,EUR,TRANSFER,ATM,POSTED
3441,157,2024-02-12,206.01,USD,TRANSFER,MOBILE,POSTED
3442,0,2024-01-31,1817.34,USD,DEBIT,BRANCH,POSTED
3443,0,2024-02-01,2221.59,USD,TRANSFER,ONLINE,POSTED
3444,0,2024-03-02,3223.42,GBP,DEBIT,ATM,PENDING
3445,0,2024-01-16,2740.42,EUR,DEBIT,ONLINE,PENDING
3446,0,2024-03-01,4556.21,GBP,CREDIT,ATM,REVERSED
3447,0,2024-03-06,2261.16,GBP,TRANSFER,MOBILE,PENDING
3448,0,2024-02-12,3381.59,EUR,CREDIT,MOBILE,POSTED
3449,0,2024-01-27,1524.09,EUR,TRANSFER,MOBILE,PENDING
3450,0,2024-02-10,3994.3,GBP,CREDIT,ATM,REVERSED
3451,0,2024-03-14,691.11,EUR,TRANSFER,MOBILE,POSTED
3452,0,2024-03-12,2113.51,GBP,DEBIT,MOBILE,REVERSED
3453,,2024-01-04,2036.27,EUR,DEBIT,ATM,POSTED
3454,0,2024-01-21,2889.82,GBP,DEBIT,MOBILE,POSTED
3455,297,2024-03-15,887.38,GBP,TRANSFER,ATM,REVERSED
3456,417,2024-03-09,4652.51,USD,DEBIT,ONLINE,PENDING
3457,,2024-01-27,3863.3,EUR,CREDIT,ATM,PENDING
3458,,2024-01-01,2669.93,USD,TRANSFER,BRANCH,POSTED
3459,0,2024-02-07,789.52,EUR,TRANSFER,ONLINE,POSTED
3460,0,2024-01-31,4788.25,USD,TRANSFER,ATM,POSTED
3461,0,2024-03-13,3052.87,USD,CREDIT,ATM,PENDING
3462,0,2024-01-09,3085.03,GBP,CREDIT,ONLINE,POSTED
3463,0,2024-03-18,2652.98,USD,DEBIT,BRANCH,REVERSED
3464,415,2024-01-07,3487.18,GBP,TRANSFER,ATM,PENDING
3465,,2024-01-15,2072.01,GBP,DEBIT,MOBILE,REVERSED
3466,0,2024-03-23,1356.13,EUR,TRANSFER,ATM,PENDING
3467,270,2024-03-15,4318.62,EUR,DEBIT,MOBILE,REVERSED
3468,451,2024-03-15,4605.12,GBP,DEBIT,ATM,PENDING
3469,0,2024-02-27,3873.78,EUR,CREDIT,ATM,REVERSED
3470,211,2024-03-21,1492.42,USD,DEBIT,ONLINE,POSTED
3471,0,2024-03-10,158.2,GBP,DEBIT,MOBILE,POSTED
3472,0,2024-03-08,828.86,USD,TRANSFER,ONLINE,REVERSED
3473,151,2024-02-08,4212.39,USD,DEBIT,ATM,PENDING
3474,0,2024-03-05,3299.2,USD,TRANSFER,ONLINE,REVERSED
3475,0,2024-03-21,1378.77,EUR,CREDIT,ATM,PENDING
3476,350,2024-01-15,3596.44,USD,DEBIT,ONLINE,PENDING
3477,0,2024-01-17,78.76,EUR,TRANSFER,ONLINE,POSTED
3478,0,2024-01-16,2281.99,GBP,DEBIT,MOBILE,POSTED
3479,0,2024-02-03,1403.77,EUR,CREDIT,MOBILE,REVERSED
3480,0,2024-03-23,1266.16,GBP,TRANSFER,MOBILE,POSTED
3481,0,2024-01-02,3679.19,USD,TRANSFER,ONLINE,PENDING
3482,0,2024-02-17,1075.53,GBP,DEBIT,ATM,POSTED
3483,234,2024-02-16,1243.97,EUR,TRANSFER,BRANCH,REVERSED
3484,0,2024-01-08,1250.38,USD,TRANSFER,MOBILE,POSTED
3485,0,2024-02-07,1212.17,USD,DEBIT,BRANCH,POSTED
3486,0,2024-01-29,3492.31,USD,CREDIT,ATM,REVERSED
3487,0,2024-02-26,3949.07,USD,TRANSFER,ATM,POSTED
3488,423,2024-03-30,1360.61,GBP,TRANSFER,ONLINE,POSTED
3489,0,2024-03-13,2259.4,USD,DEBIT,BRANCH,PENDING
3490,204,2024-02-22,762.2,EUR,DEBIT,ONLINE,PENDING
3491,0,2024-02-21,4034.18,GBP,TRANSFER,MOBILE,PENDING
3492,0,2024-01-17,1864.79,USD,TRANSFER,MOBILE,REVERSED
3493,69,2024-01-07,4756.63,EUR,TRANSFER,MOBILE,POSTED
3494,0,2024-02-22,2818.81,EUR,DEBIT,MOBILE,PENDING
3495,0,2024-02-28,4743.19,GBP,TRANSFER,MOBILE,POSTED
3496,0,2024-02-14,1885.4,GBP,TRANSFER,ONLINE,REVERSED
3497,308,2024-03-11,1240.49,USD,TRANSFER,MOBILE,PENDING
3498,0,2024-02-29,3550.87,USD,TRANSFER,ONLINE,PENDING
3499,222,2024-01-02,1506.24,EUR,CREDIT,ONLINE,POSTED
3500,0,2024-02-02,4476.17,EUR,DEBIT,BRANCH,POSTED
3501,0,2024-01-25,4880.27,GBP,DEBIT,ONLINE,POSTED
3502,0,2024-01-04,23.09,EUR,CREDIT,BRANCH,POSTED
3503,0,2024-03-25,3492.28,USD,DEBIT,ATM,PENDING
3504,,2024-03-25,1134.92,EUR,CREDIT,ATM,POSTED
3505,0,2024-01-03,1021.42,GBP,CREDIT,BRANCH,POSTED
3506,431,2024-03-10,2350.92,EUR,TRANSFER,MOBILE,REVERSED
3507,0,2024-03-26,1919.34,EUR,TRANSFER,ONLINE,PENDING
3508,168,2024-03-20,4848.14,GBP,DEBIT,ATM,REVERSED
3509,0,2024-02-13,4158.42,EUR,TRANSFER,MOBILE,PENDING
3510,0,2024-01-14,3112.3,USD,TRANSFER,MOBILE,POSTED
3511,291,2024-03-10,4606.16,EUR,TRANSFER,BRANCH,PENDING
3512,0,2024-01-01,426.79,GBP,CREDIT,ONLINE,REVERSED
3513,229,2024-03-19,2043.05,EUR,TRANSFER,MOBILE,REVERSED
3514,0,2024-03-02,765.52,GBP,TRANSFER,BRANCH,POSTED
3515,0,2024-02-09,2454.27,EUR,TRANSFER,ONLINE,PENDING
3516,0,2024-01-10,3283.59,USD,TRANSFER,BRANCH,PENDING
3517,0,2024-01-07,2481.51,USD,DEBIT,ONLINE,POSTED
3518,0,2024-02-14,311.49,USD,DEBIT,ONLINE,POSTED
3519,0,2024-02-12,4166.8,GBP,TRANSFER,ATM,REVERSED
3520,0,2024-03-02,967.69,USD,DEBIT,ONLINE,PENDING
3521,,2024-02-07,4259.07,USD,CREDIT,MOBILE,PENDING
3522,0,2024-01-01,3898.87,USD,CREDIT,ATM,PENDING
3523,,2024-03-09,2080.5,EUR,DEBIT,BRANCH,POSTED
3524,453,2024-01-01,3459.45,USD,CREDIT,BRANCH,POSTED
3525,311,2024-01-10,3932.35,GBP,DEBIT,BRANCH,POSTED
3526,0,2024-01-31,4805.11,EUR,TRANSFER,BRANCH,POSTED
3527,0,2024-02-19,963.74,USD,DEBIT,ATM,REVERSED
3528,260,2024-01-01,1722.22,GBP,TRANSFER,ATM,REVERSED
3529,,2024-01-13,1605.48,USD,CREDIT,BRANCH,REVERSED
3530,200,2024-03-26,1829.36,GBP,TRANSFER,ATM,PENDING
3531,0,2024-03-03,4106.47,EUR,DEBIT,BRANCH,POSTED
3532,0,2024-01-02,3584.41,USD,CREDIT,ATM,REVERSED
3533,0,2024-01-03,4972.31,EUR,TRANSFER,ONLINE,POSTED
3534,0,2024-03-10,121.64,EUR,TRANSFER,MOBILE,PENDING
3535,392,2024-01-06,1193.5,USD,TRANSFER,MOBILE,REVERSED
3536,321,2024-03-29,3718.97,GBP,CREDIT,ATM,POSTED
3537,0,2024-01-21,3040.79,USD,DEBIT,MOBILE,PENDING
3538,0,2024-03-17,1034.03,EUR,TRANSFER,ONLINE,PENDING
3539,,2024-01-17,1001.24,EUR,TRANSFER,MOBILE,PENDING
3540,0,2024-01-03,2516.18,GBP,DEBIT,MOBILE,PENDING
3541,0,2024-03-18,2792.39,EUR,TRANSFER,ONLINE,POSTED
3542,366,2024-01-16,2997.83,GBP,DEBIT,BRANCH,POSTED
3543,0,2024-01-26,3404.07,EUR,CREDIT,MOBILE,POSTED
3544,0,2024-03-09,1379.11,USD,TRANSFER,ATM,PENDING
3545,0,2024-02-21,1205.6,GBP,DEBIT,ATM,REVERSED
3546,0,2024-01-05,1477.05,USD,TRANSFER,ONLINE,POSTED
3547,0,2024-01-29,3003.5,USD,TRANSFER,ATM,PENDING
3548,0,2024-02-04,1817.43,USD,CREDIT,MOBILE,REVERSED
3549,0,2024-01-08,4317.85,GBP,TRANSFER,ONLINE,REVERSED
3550,40,2024-02-26,3753.82,USD,CREDIT,ATM,REVERSED
3551,0,2024-02-01,2883.32,USD,CREDIT,MOBILE,PENDING
3552,0,2024-02-22,899.83,USD,TRANSFER,MOBILE,POSTED
3553,0,2024-01-02,690.2,USD,DEBIT,BRANCH,POSTED
3554,0,2024-03-03,4064.96,USD,DEBIT,ONLINE,PENDING
3555,0,2024-01-07,1653.89,EUR,CREDIT,ONLINE,POSTED
3556,0,2024-01-31,2170.43,EUR,CREDIT,ATM,POSTED
3557,,2024-03-23,439.56,GBP,CREDIT,BRANCH,POSTED
3558,0,2024-03-16,604.29,EUR,TRANSFER,ATM,REVERSED
3559,0,2024-01-22,294.45,GBP,DEBIT,ATM,POSTED
3560,0,2024-01-03,3041.94,USD,DEBIT,ONLINE,PENDING
3561,291,2024-02-29,3480.87,USD,DEBIT,ATM,REVERSED
3562,0,2024-01-24,4845.91,EUR,DEBIT,MOBILE,POSTED
3563,0,2024-02-29,1744.74,USD,CREDIT,BRANCH,PENDING
3564,322,2024-03-16,4759.14,EUR,CREDIT,BRANCH,REVERSED
3565,0,2024-03-18,1408.3,USD,CREDIT,ONLINE,REVERSED
3566,0,2024-03-12,82.43,GBP,DEBIT,MOBILE,PENDING
3567,0,2024-03-08,1057.6,USD,CREDIT,MOBILE,PENDING
3568,0,2024-01-22,2985.99,GBP,CREDIT,ONLINE,POSTED
3569,0,2024-03-04,262.61,GBP,CREDIT,MOBILE,POSTED
3570,0,2024-02-22,513.64,USD,DEBIT,BRANCH,REVERSED
3571,0,2024-02-27,53.41,USD,TRANSFER,ONLINE,PENDING
3572,207,2024-01-03,656.28,USD,DEBIT,BRANCH,REVERSED
3573,0,2024-01-10,1872.92,EUR,TRANSFER,ATM,POSTED
3574,0,2024-03-27,3629.45,EUR,CREDIT,MOBILE,POSTED
3575,0,2024-01-07,1734.96,USD,TRANSFER,ATM,PENDING
3576,0,2024-02-02,1511.81,EUR,DEBIT,BRANCH,PENDING
3577,0,2024-02-03,284.02,USD,CREDIT,BRANCH,POSTED
3578,0,2024-02-10,3472.29,USD,TRANSFER,ATM,PENDING
3579,,2024-01-16,2863.77,GBP,DEBIT,MOBILE,PENDING
3580,479,2024-02-08,4238.21,USD,TRANSFER,ONLINE,PENDING
3581,0,2024-01-16,2769.09,EUR,CREDIT,MOBILE,PENDING
3582,0,2024-03-12,2300.57,GBP,DEBIT,BRANCH,REVERSED
3583,0,2024-01-24,4852.88,GBP,TRANSFER,MOBILE,PENDING
3584,45,2024-03-10,1327.53,EUR,TRANSFER,ATM,REVERSED
3585,0,2024-01-04,3017.75,USD,CREDIT,ONLINE,POSTED
3586,0,2024-01-19,3451.33,GBP,TRANSFER,MOBILE,POSTED
3587,68,2024-01-27,2828.05,USD,CREDIT,BRANCH,POSTED
3588,0,2024-03-12,4607.88,USD,DEBIT,ONLINE,PENDING
3589,458,2024-02-28,1880.93,GBP,TRANSFER,ONLINE,PENDING
3590,0,2024-03-01,4592.31,GBP,TRANSFER,ONLINE,POSTED
3591,,2024-02-13,3258.88,EUR,DEBIT,ONLINE,REVERSED
3592,0,2024-03-14,470.51,GBP,DEBIT,ATM,PENDING
3593,0,2024-01-30,3805.97,EUR,TRANSFER,BRANCH,PENDING
3594,0,2024-02-08,2473.73,EUR,TRANSFER,ONLINE,REVERSED
3595,0,2024-03-27,2416.87,USD,DEBIT,BRANCH,PENDING
3596,0,2024-01-17,4483.6,EUR,CREDIT,BRANCH,PENDING
3597,0,2024-03-18,3112.06,EUR,TRANSFER,ONLINE,POSTED
3598,0,2024-02-20,3943.22,EUR,DEBIT,ONLINE,POSTED
3599,221,2024-03-21,3623.81,EUR,DEBIT,MOBILE,PENDING
3600,0,2024-01-28,1019.56,EUR,CREDIT,ATM,PENDING
3601,0,2024-02-08,3650.84,EUR,CREDIT,ATM,POSTED
3602,0,2024-01-07,1190.96,EUR,CREDIT,BRANCH,POSTED
3603,0,2024-02-08,677.22,USD,DEBIT,ATM,REVERSED
3604,0,2024-02-08,3639.89,EUR,CREDIT,BRANCH,POSTED
3605,0,2024-02-25,2366.74,USD,TRANSFER,ONLINE,PENDING
3606,0,2024-01-18,1856.88,EUR,CREDIT,ONLINE,POSTED
3607,125,2024-02-21,955.36,GBP,TRANSFER,BRANCH,REVERSED
3608,414,2024-02-21,4415.31,USD,CREDIT,ATM,PENDING
3609,0,2024-02-04,1575.99,USD,TRANSFER,ONLINE,POSTED
3610,0,2024-01-28,4904.72,GBP,TRANSFER,MOBILE,REVERSED
3611,0,2024-03-10,3540.63,GBP,DEBIT,BRANCH,REVERSED
3612,259,2024-02-24,172.87,GBP,TRANSFER,BRANCH,PENDING
3613,0,2024-02-06,2986.48,GBP,DEBIT,ONLINE,PENDING
3614,223,2024-02-07,1083.17,EUR,TRANSFER,ONLINE,REVERSED
3615,0,2024-02-18,508.04,EUR,DEBIT,ATM,REVERSED
3616,53,2024-02-12,3079.97,GBP,CREDIT,ONLINE,PENDING
3617,0,2024-03-30,367.1,GBP,CREDIT,MOBILE,REVERSED
3618,0,2024-01-21,688.22,EUR,TRANSFER,BRANCH,PENDING
3619,0,2024-03-22,808.92,USD,TRANSFER,MOBILE,REVERSED
3620,0,2024-03-03,322.01,GBP,TRANSFER,ONLINE,POSTED
3621,0,2024-03-08,3215.16,GBP,CREDIT,ATM,PENDING
3622,0,2024-02-07,337.9,GBP,DEBIT,MOBILE,REVERSED
3623,0,2024-01-26,3489.84,USD,TRANSFER,BRANCH,PENDING
3624,0,2024-03-14,2997.69,USD,CREDIT,ATM,REVERSED
3625,0,2024-02-24,3433.81,GBP,CREDIT,MOBILE,POSTED
3626,277,2024-01-31,4855.36,GBP,CREDIT,ONLINE,POSTED
3627,0,2024-01-16,254.43,GBP,DEBIT,ONLINE,PENDING
3628,0,2024-02-21,662.91,EUR,CREDIT,BRANCH,PENDING
3629,375,2024-02-27,3422.23,USD,CREDIT,BRANCH,PENDING
3630,0,2024-03-07,4735.16,USD,CREDIT,BRANCH,PENDING
3631,0,2024-01-23,1274.57,USD,CREDIT,ATM,POSTED
3632,0,2024-03-08,2232.61,GBP,CREDIT,ONLINE,PENDING
3633,0,2024-02-15,357.38,USD,CREDIT,BRANCH,PENDING
3634,0,2024-01-23,4458.98,USD,CREDIT,ATM,REVERSED
3635,0,2024-03-01,4664.83,EUR,DEBIT,ONLINE,POSTED
3636,0,2024-03-09,4990.56,EUR,TRANSFER,ONLINE,PENDING
3637,444,2024-01-06,3651.22,USD,DEBIT,ONLINE,PENDING
3638,0,2024-03-20,1492.2,USD,DEBIT,ONLINE,REVERSED
3639,0,2024-01-08,867.62,GBP,CREDIT,ATM,REVERSED
3640,0,2024-03-09,1117.47,GBP,CREDIT,ATM,POSTED
3641,0,2024-03-15,61.57,USD,TRANSFER,ATM,REVERSED
3642,0,2024-03-03,4340.16,GBP,CREDIT,ONLINE,PENDING
3643,0,2024-01-20,2776.64,EUR,DEBIT,BRANCH,PENDING
3644,0,2024-03-08,66.9,USD,DEBIT,MOBILE,POSTED
3645,0,2024-02-18,3759.21,USD,CREDIT,ATM,REVERSED
3646,0,2024-03-22,3196.15,EUR,TRANSFER,BRANCH,REVERSED
3647,0,2024-02-13,2922.81,GBP,TRANSFER,ATM,POSTED
3648,0,2024-02-25,6.45,GBP,TRANSFER,BRANCH,PENDING
3649,0,2024-01-06,4007.35,EUR,CREDIT,ONLINE,PENDING
3650,0,2024-03-19,4207.82,EUR,CREDIT,ONLINE,PENDING
3651,0,2024-01-30,482.75,GBP,CREDIT,MOBILE,PENDING
3652,0,2024-02-25,2301.92,GBP,CREDIT,ATM,REVERSED
3653,0,2024-03-06,4496.87,GBP,CREDIT,ONLINE,POSTED
3654,0,2024-03-07,3773.32,EUR,TRANSFER,BRANCH,REVERSED
3655,0,2024-02-20,3481.96,USD,DEBIT,MOBILE,POSTED
3656,0,2024-01-29,842.41,USD,DEBIT,BRANCH,REVERSED
3657,0,2024-03-20,3783.96,EUR,CREDIT,MOBILE,PENDING
3658,0,2024-03-07,1049.73,USD,DEBIT,ATM,PENDING
3659,0,2024-03-16,1068.97,GBP,TRANSFER,ATM,PENDING
3660,0,2024-03-08,4616.69,EUR,CREDIT,ONLINE,PENDING
3661,453,2024-02-18,4116.82,USD,TRANSFER,BRANCH,PENDING
3662,0,2024-03-16,4180.04,USD,DEBIT,ONLINE,POSTED
3663,0,2024-01-19,1101.1,USD,DEBIT,MOBILE,REVERSED
3664,0,2024-03-15,135.85,EUR,DEBIT,ONLINE,PENDING
3665,0,2024-03-14,284.01,GBP,CREDIT,BRANCH,PENDING
3666,365,2024-03-10,3138.81,USD,DEBIT,BRANCH,PENDING
3667,297,2024-02-11,3516.63,EUR,TRANSFER,MOBILE,PENDING
3668,0,2024-02-10,1013.42,GBP,DEBIT,ATM,PENDING
3669,,2024-02-29,2571.43,USD,TRANSFER,ATM,PENDING
3670,0,2024-01-08,2789.57,USD,CREDIT,MOBILE,POSTED
3671,0,2024-03-11,1051.28,USD,TRANSFER,MOBILE,PENDING
3672,0,2024-01-03,4306.36,EUR,TRANSFER,MOBILE,PENDING
3673,0,2024-01-31,2968.8,GBP,DEBIT,ONLINE,POSTED
3674,402,2024-03-26,3013.53,GBP,CREDIT,ATM,REVERSED
3675,279,2024-01-13,774.28,GBP,TRANSFER,MOBILE,REVERSED
3676,50,2024-03-06,3835.31,EUR,TRANSFER,MOBILE,POSTED
3677,198,2024-03-17,184.2,EUR,DEBIT,MOBILE,REVERSED
3678,0,2024-03-02,3896.9,GBP,TRANSFER,ONLINE,PENDING
3679,0,2024-01-30,1120.29,GBP,TRANSFER,MOBILE,REVERSED
3680,0,2024-02-28,4606.68,EUR,TRANSFER,BRANCH,POSTED
3681,0,2024-02-11,2301.75,GBP,CREDIT,ONLINE,POSTED
3682,0,2024-03-29,2231.01,USD,CREDIT,ONLINE,REVERSED
3683,0,2024-01-22,4199.48,GBP,DEBIT,ATM,PENDING
3684,0,2024-03-21,214.5,USD,CREDIT,ATM,PENDING
3685,0,2024-01-12,2624.46,GBP,TRANSFER,ONLINE,REVERSED
3686,0,2024-02-05,1317.77,USD,CREDIT,ONLINE,POSTED
3687,159,2024-01-09,1543.54,USD,DEBIT,ATM,POSTED
3688,331,2024-02-11,4254.31,EUR,CREDIT,MOBILE,POSTED
3689,0,2024-02-20,4095.86,GBP,TRANSFER,ATM,REVERSED
3690,0,2024-03-22,2190.12,USD,TRANSFER,MOBILE,REVERSED
3691,0,2024-01-19,1161.37,USD,TRANSFER,BRANCH,PENDING
3692,0,2024-02-07,1317.76,USD,TRANSFER,BRANCH,POSTED
3693,118,2024-02-24,3628.42,USD,CREDIT,ATM,POSTED
3694,0,2024-01-18,3066.17,USD,DEBIT,MOBILE,REVERSED
3695,0,2024-01-16,1775.98,USD,CREDIT,MOBILE,REVERSED
3696,307,2024-03-26,737.36,USD,DEBIT,ATM,REVERSED
3697,0,2024-03-12,3870.34,EUR,TRANSFER,ATM,POSTED
3698,0,2024-01-12,1657.8,USD,TRANSFER,BRANCH,REVERSED
3699,0,2024-01-30,1133.97,USD,DEBIT,MOBILE,REVERSED
3700,0,2024-03-11,1735.45,GBP,CREDIT,ONLINE,REVERSED
3701,0,2024-02-19,120.81,USD,DEBIT,BRANCH,PENDING
3702,433,2024-03-01,3545.39,USD,DEBIT,ATM,PENDING
3703,,2024-03-14,1784.33,USD,TRANSFER,ATM,REVERSED
3704,0,2024-03-19,575.41,EUR,CREDIT,ATM,PENDING
3705,0,2024-01-21,4487.9,EUR,TRANSFER,ATM,PENDING
3706,0,2024-01-10,3228.01,USD,DEBIT,ONLINE,PENDING
3707,341,2024-03-02,1933.63,EUR,TRANSFER,BRANCH,REVERSED
3708,0,2024-03-03,4054.5,USD,DEBIT,ONLINE,REVERSED
3709,440,2024-01-17,2680.54,USD,TRANSFER,ONLINE,POSTED
3710,14,2024-01-20,2124.34,GBP,CREDIT,ATM,REVERSED
3711,,2024-03-15,1922.97,EUR,DEBIT,ONLINE,PENDING
3712,0,2024-02-28,616.45,GBP,CREDIT,MOBILE,PENDING
3713,0,2024-01-10,8.48,USD,TRANSFER,MOBILE,POSTED
3714,0,2024-01-05,673.0,EUR,DEBIT,ONLINE,PENDING
3715,0,2024-03-10,199.05,EUR,TRANSFER,MOBILE,PENDING
3716,0,2024-02-23,2441.62,GBP,TRANSFER,ATM,POSTED
3717,0,2024-02-27,3071.73,USD,DEBIT,BRANCH,PENDING
3718,61,2024-02-05,1469.53,GBP,DEBIT,ONLINE,POSTED
3719,179,2024-01-09,2290.15,USD,CREDIT,MOBILE,PENDING
3720,0,2024-02-18,4067.97,EUR,TRANSFER,MOBILE,POSTED
3721,0,2024-01-17,1898.67,EUR,TRANSFER,BRANCH,REVERSED
3722,195,2024-03-19,3168.89,USD,TRANSFER,ONLINE,REVERSED
3723,0,2024-03-28,2193.92,USD,DEBIT,BRANCH,REVERSED
3724,0,2024-01-28,4636.54,GBP,CREDIT,ATM,POSTED
3725,,2024-02-12,1717.03,GBP,TRANSFER,ONLINE,PENDING
3726,473,2024-03-28,1279.83,GBP,CREDIT,MOBILE,POSTED
3727,0,2024-03-09,1144.24,EUR,CREDIT,MOBILE,POSTED
3728,33,2024-02-02,4625.83,USD,CREDIT,ATM,PENDING
3729,0,2024-02-07,2901.72,EUR,DEBIT,BRANCH,POSTED
3730,0,2024-03-30,3908.56,USD,TRANSFER,MOBILE,REVERSED
3731,109,2024-01-09,670.93,GBP,DEBIT,BRANCH,POSTED
3732,0,2024-02-06,1220.06,USD,TRANSFER,MOBILE,PENDING
3733,0,2024-01-25,259.79,GBP,CREDIT,ATM,POSTED
3734,0,2024-03-30,2680.03,EUR,DEBIT,BRANCH,POSTED
3735,0,2024-02-11,461.4,EUR,CREDIT,ONLINE,PENDING
3736,0,2024-02-22,854.98,EUR,DEBIT,MOBILE,REVERSED
3737,0,2024-02-28,487.49,GBP,TRANSFER,MOBILE,REVERSED
3738,0,2024-02-24,1506.66,USD,CREDIT,ATM,PENDING
3739,0,2024-03-24,4189.43,EUR,CREDIT,ONLINE,POSTED
3740,369,2024-01-10,1862.07,USD,DEBIT,ONLINE,POSTED
3741,0,2024-01-07,924.25,EUR,DEBIT,MOBILE,PENDING
3742,353,2024-02-12,4549.86,EUR,TRANSFER,BRANCH,POSTED
3743,0,2024-01-13,480.09,EUR,DEBIT,MOBILE,PENDING
3744,0,2024-01-14,1575.87,USD,CREDIT,ONLINE,POSTED
3745,0,2024-02-21,2122.65,EUR,DEBIT,ONLINE,POSTED
3746,0,2024-01-18,1390.1,EUR,CREDIT,ONLINE,REVERSED
3747,0,2024-03-26,881.33,USD,CREDIT,ONLINE,REVERSED
3748,0,2024-03-25,3696.06,EUR,DEBIT,ATM,POSTED
3749,0,2024-02-09,1046.17,GBP,DEBIT,ONLINE,POSTED
3750,0,2024-02-16,908.5,USD,DEBIT,ONLINE,POSTED
3751,0,2024-03-17,1271.56,USD,TRANSFER,BRANCH,PENDING
3752,0,2024-02-08,929.17,USD,CREDIT,BRANCH,REVERSED
3753,0,2024-01-01,867.14,GBP,TRANSFER,MOBILE,PENDING
3754,0,2024-01-23,3727.37,GBP,TRANSFER,BRANCH,POSTED
3755,0,2024-02-28,3183.65,USD,TRANSFER,ONLINE,PENDING
3756,0,2024-03-11,3185.24,USD,DEBIT,MOBILE,POSTED
3757,0,2024-01-12,1673.71,EUR,CREDIT,MOBILE,PENDING
3758,288,2024-01-09,1338.29,USD,DEBIT,BRANCH,POSTED
3759,261,2024-01-08,3098.32,USD,CREDIT,BRANCH,POSTED
3760,0,2024-02-17,1096.66,USD,TRANSFER,BRANCH,POSTED
3761,0,2024-02-26,3887.5,USD,CREDIT,MOBILE,REVERSED
3762,0,2024-01-30,1690.98,GBP,TRANSFER,MOBILE,POSTED
3763,450,2024-03-14,2757.67,USD,TRANSFER,ONLINE,POSTED
3764,0,2024-02-19,2469.78,GBP,DEBIT,BRANCH,POSTED
3765,0,2024-01-11,784.11,USD,TRANSFER,MOBILE,POSTED
3766,,2024-03-11,4656.17,USD,CREDIT,ONLINE,REVERSED
3767,0,2024-03-11,1643.29,GBP,CREDIT,ONLINE,REVERSED
3768,0,2024-02-22,3924.18,USD,TRANSFER,ONLINE,PENDING
3769,0,2024-03-16,3194.94,GBP,TRANSFER,ATM,PENDING
3770,0,2024-01-29,3369.38,GBP,DEBIT,ATM,PENDING
3771,263,2024-03-24,984.47,USD,DEBIT,ATM,POSTED
3772,0,2024-01-27,2370.45,USD,DEBIT,MOBILE,REVERSED
3773,0,2024-01-01,4714.98,USD,TRANSFER,MOBILE,PENDING
3774,462,2024-01-03,2780.1,EUR,CREDIT,BRANCH,REVERSED
3775,0,2024-01-17,4896.08,USD,CREDIT,ONLINE,REVERSED
3776,400,2024-02-26,1984.91,USD,TRANSFER,BRANCH,POSTED
3777,,2024-03-22,823.07,GBP,CREDIT,BRANCH,PENDING
3778,0,2024-01-25,2989.64,USD,DEBIT,BRANCH,POSTED
3779,0,2024-03-14,1312.06,GBP,DEBIT,ATM,POSTED
3780,0,2024-03-30,4555.3,GBP,CREDIT,MOBILE,POSTED
3781,0,2024-02-27,4947.88,EUR,CREDIT,ONLINE,POSTED
3782,0,2024-03-17,555.58,EUR,CREDIT,ATM,POSTED
3783,0,2024-03-14,138.67,USD,TRANSFER,ONLINE,REVERSED
3784,0,2024-03-15,170.4,EUR,DEBIT,ONLINE,POSTED
3785,0,2024-02-04,1078.01,GBP,CREDIT,MOBILE,REVERSED
3786,489,2024-03-28,1368.89,EUR,CREDIT,ATM,REVERSED
3787,0,2024-03-29,1327.25,GBP,DEBIT,ATM,PENDING
3788,0,2024-01-28,189.45,USD,TRANSFER,ATM,POSTED
3789,0,2024-02-06,2892.13,GBP,TRANSFER,ATM,POSTED
3790,0,2024-02-09,3281.13,EUR,DEBIT,ONLINE,REVERSED
3791,0,2024-02-23,4266.23,EUR,CREDIT,ATM,REVERSED
3792,448,2024-03-20,3011.51,EUR,CREDIT,ONLINE,POSTED
3793,394,2024-01-26,1289.83,GBP,CREDIT,BRANCH,REVERSED
3794,0,2024-01-20,4982.07,EUR,CREDIT,ONLINE,POSTED
3795,0,2024-03-30,2390.8,GBP,DEBIT,MOBILE,REVERSED
3796,0,2024-03-10,1911.41,EUR,CREDIT,MOBILE,POSTED
3797,452,2024-01-12,3953.79,EUR,DEBIT,ONLINE,REVERSED
3798,0,2024-03-28,1547.88,EUR,DEBIT,BRANCH,PENDING
3799,0,2024-01-01,808.7,GBP,TRANSFER,ATM,PENDING
3800,0,2024-01-17,4202.07,USD,TRANSFER,BRANCH,PENDING
3801,0,2024-03-03,4669.5,EUR,TRANSFER,ONLINE,PENDING
3802,0,2024-03-06,1843.14,USD,CREDIT,MOBILE,POSTED
3803,0,2024-01-31,2770.98,EUR,DEBIT,MOBILE,PENDING
3804,0,2024-01-15,3288.45,USD,DEBIT,BRANCH,POSTED
3805,0,2024-01-20,595.73,USD,DEBIT,ATM,REVERSED
3806,0,2024-02-12,1089.76,EUR,CREDIT,MOBILE,REVERSED
3807,0,2024-01-09,2033.19,USD,CREDIT,BRANCH,POSTED
3808,89,2024-03-24,2484.74,USD,DEBIT,ATM,POSTED
3809,0,2024-02-06,2433.31,EUR,TRANSFER,MOBILE,REVERSED
3810,0,2024-03-19,1380.31,GBP,CREDIT,MOBILE,PENDING
3811,0,2024-03-05,2851.5,GBP,DEBIT,ATM,POSTED
3812,0,2024-03-16,4952.05,GBP,TRANSFER,BRANCH,PENDING
3813,0,2024-03-25,4585.16,EUR,CREDIT,BRANCH,REVERSED
3814,0,2024-01-19,4258.84,EUR,CREDIT,ATM,PENDING
3815,0,2024-02-21,667.21,GBP,CREDIT,MOBILE,PENDING
3816,0,2024-02-18,4369.95,USD,DEBIT,ATM,POSTED
3817,0,2024-03-24,4604.99,EUR,DEBIT,ATM,PENDING
3818,0,2024-02-23,4305.87,USD,DEBIT,MOBILE,POSTED
3819,1,2024-03-22,4902.35,USD,CREDIT,ATM,REVERSED
3820,0,2024-01-13,2429.82,GBP,DEBIT,ATM,PENDING
3821,0,2024-01-25,2508.01,EUR,DEBIT,BRANCH,REVERSED
3822,0,2024-01-30,714.98,EUR,DEBIT,ONLINE,REVERSED
3823,0,2024-01-02,2680.71,USD,CREDIT,ONLINE,REVERSED
3824,0,2024-03-18,2955.69,USD,DEBIT,ATM,PENDING
3825,0,2024-03-11,1340.61,GBP,DEBIT,ONLINE,PENDING
3826,52,2024-01-15,4680.13,USD,TRANSFER,ATM,PENDING
3827,0,2024-02-26,4638.3,EUR,TRANSFER,ONLINE,POSTED
3828,223,2024-02-07,589.18,GBP,TRANSFER,BRANCH,PENDING
3829,0,2024-01-06,2994.38,USD,TRANSFER,ONLINE,POSTED
3830,0,2024-03-10,86.95,EUR,DEBIT,BRANCH,POSTED
3831,0,2024-02-12,1213.68,EUR,TRANSFER,BRANCH,POSTED
3832,261,2024-01-13,4649.24,USD,CREDIT,MOBILE,REVERSED
3833,0,2024-02-28,1439.9,GBP,DEBIT,ATM,POSTED
3834,0,2024-03-06,3371.0,GBP,DEBIT,ATM,PENDING
3835,0,2024-02-14,2489.11,GBP,TRANSFER,ATM,REVERSED
3836,237,2024-03-12,2926.33,EUR,TRANSFER,ONLINE,POSTED
3837,0,2024-03-25,3103.2,GBP,CREDIT,BRANCH,POSTED
3838,206,2024-03-17,2878.97,USD,CREDIT,BRANCH,PENDING
3839,401,2024-02-17,2962.19,USD,TRANSFER,ATM,REVERSED
3840,95,2024-03-14,4474.07,EUR,CREDIT,MOBILE,REVERSED
3841,0,2024-03-29,1490.89,EUR,TRANSFER,MOBILE,POSTED
3842,0,2024-01-07,1943.15,USD,CREDIT,ONLINE,POSTED
3843,0,2024-02-04,1856.9,EUR,DEBIT,MOBILE,PENDING
3844,0,2024-02-23,467.07,EUR,CREDIT,ATM,PENDING
3845,0,2024-03-11,293.87,USD,DEBIT,ATM,REVERSED
3846,0,2024-03-02,3614.71,GBP,TRANSFER,ONLINE,REVERSED
3847,0,2024-02-20,1479.51,USD,CREDIT,MOBILE,POSTED
3848,0,2024-01-02,2657.99,GBP,DEBIT,ONLINE,REVERSED
3849,0,2024-02-02,871.37,USD,TRANSFER,ATM,POSTED
3850,0,2024-02-28,3547.48,USD,DEBIT,BRANCH,PENDING
3851,0,2024-02-20,3002.16,USD,TRANSFER,BRANCH,PENDING
3852,0,2024-03-15,4640.9,USD,DEBIT,MOBILE,REVERSED
3853,7,2024-01-21,1388.47,USD,CREDIT,ATM,POSTED
3854,109,2024-01-29,3286.14,GBP,CREDIT,BRANCH,PENDING
3855,0,2024-01-29,4241.77,USD,TRANSFER,ONLINE,REVERSED
3856,0,2024-01-06,1398.39,EUR,TRANSFER,MOBILE,PENDING
3857,0,2024-03-29,3086.57,EUR,CREDIT,ONLINE,POSTED
3858,0,2024-01-21,3001.59,EUR,DEBIT,BRANCH,POSTED
3859,0,2024-03-10,4638.13,EUR,DEBIT,BRANCH,REVERSED
3860,0,2024-01-23,4499.34,USD,TRANSFER,ONLINE,PENDING
3861,427,2024-01-01,1981.68,EUR,CREDIT,ATM,POSTED
3862,0,2024-01-30,2932.26,GBP,DEBIT,BRANCH,REVERSED
3863,420,2024-02-15,38.94,EUR,DEBIT,MOBILE,POSTED
3864,0,2024-01-07,532.11,EUR,TRANSFER,ONLINE,POSTED
3865,0,2024-01-29,2447.56,USD,DEBIT,ATM,POSTED
3866,0,2024-01-03,919.85,GBP,TRANSFER,BRANCH,PENDING
3867,0,2024-01-19,921.85,USD,CREDIT,BRANCH,REVERSED
3868,0,2024-03-06,3700.07,USD,TRANSFER,BRANCH,POSTED
3869,,2024-03-15,4987.51,EUR,DEBIT,ATM,PENDING
3870,176,2024-01-28,684.45,EUR,DEBIT,MOBILE,REVERSED
3871,0,2024-02-29,4580.33,GBP,DEBIT,BRANCH,PENDING
3872,0,2024-02-26,3669.85,EUR,CREDIT,ATM,REVERSED
3873,0,2024-02-07,4724.96,USD,DEBIT,ATM,POSTED
3874,0,2024-03-04,2140.11,USD,TRANSFER,MOBILE,PENDING
3875,0,2024-01-23,3294.51,GBP,CREDIT,ATM,POSTED
3876,0,2024-03-14,801.44,EUR,TRANSFER,BRANCH,PENDING
3877,0,2024-02-22,3311.24,GBP,TRANSFER,ATM,POSTED
3878,0,2024-01-09,3376.19,USD,CREDIT,MOBILE,POSTED
3879,0,2024-03-02,3163.42,EUR,CREDIT,ONLINE,POSTED
3880,0,2024-03-28,2431.99,GBP,CREDIT,ONLINE,POSTED
3881,193,2024-03-22,2584.57,USD,TRANSFER,BRANCH,PENDING
3882,0,2024-03-04,419.86,USD,DEBIT,BRANCH,POSTED
3883,0,2024-01-04,4694.86,EUR,CREDIT,BRANCH,POSTED
3884,0,2024-03-09,2823.43,GBP,DEBIT,ONLINE,REVERSED
3885,0,2024-01-27,716.86,USD,CREDIT,MOBILE,PENDING
3886,0,2024-01-17,4854.52,GBP,TRANSFER,BRANCH,POSTED
3887,0,2024-03-11,1009.33,GBP,CREDIT,MOBILE,PENDING
3888,0,2024-02-13,4477.69,GBP,DEBIT,ATM,POSTED
3889,0,2024-02-05,3336.83,EUR,CREDIT,BRANCH,POSTED
3890,,2024-02-20,1464.89,USD,CREDIT,ONLINE,PENDING
3891,0,2024-01-19,2439.77,USD,CREDIT,BRANCH,POSTED
3892,465,2024-02-01,2445.56,USD,TRANSFER,MOBILE,PENDING
3893,197,2024-03-19,2346.84,USD,CREDIT,MOBILE,REVERSED
3894,0,2024-02-24,799.55,USD,TRANSFER,BRANCH,REVERSED
3895,0,2024-01-16,109.38,USD,TRANSFER,ONLINE,PENDING
3896,0,2024-02-22,2893.39,GBP,CREDIT,BRANCH,PENDING
3897,0,2024-02-12,4293.88,EUR,TRANSFER,ATM,PENDING
3898,384,2024-02-27,4379.2,GBP,CREDIT,ONLINE,REVERSED
3899,378,2024-02-10,3511.06,GBP,CREDIT,ONLINE,PENDING
3900,0,2024-02-04,4332.5,EUR,DEBIT,ATM,PENDING
3901,0,2024-03-25,1856.87,EUR,DEBIT,ONLINE,POSTED
3902,0,2024-03-04,2307.88,GBP,TRANSFER,ATM,PENDING
3903,497,2024-03-04,3615.47,USD,DEBIT,BRANCH,POSTED
3904,149,2024-03-30,3277.54,USD,DEBIT,ONLINE,POSTED
3905,0,2024-03-08,670.64,USD,CREDIT,ONLINE,POSTED
3906,0,2024-03-23,3655.95,EUR,TRANSFER,ATM,REVERSED
3907,0,2024-02-04,1583.96,GBP,CREDIT,MOBILE,PENDING
3908,227,2024-01-02,1977.73,USD,TRANSFER,ONLINE,REVERSED
3909,0,2024-03-07,2132.27,EUR,DEBIT,ATM,POSTED
3910,422,2024-01-20,136.31,EUR,TRANSFER,BRANCH,REVERSED
3911,64,2024-02-19,4085.72,GBP,DEBIT,ONLINE,POSTED
3912,0,2024-02-27,3378.8,USD,DEBIT,ONLINE,REVERSED
3913,0,2024-02-21,2494.33,GBP,TRANSFER,ATM,REVERSED
3914,0,2024-01-02,4259.25,GBP,TRANSFER,BRANCH,REVERSED
3915,456,2024-02-25,4383.66,GBP,DEBIT,ATM,REVERSED
3916,469,2024-02-23,1400.38,GBP,DEBIT,ATM,POSTED
3917,0,2024-03-20,1848.59,EUR,TRANSFER,ONLINE,PENDING
3918,0,2024-03-24,4845.65,EUR,DEBIT,ATM,PENDING
3919,0,2024-01-15,2376.49,GBP,TRANSFER,ATM,REVERSED
3920,110,2024-03-08,3669.01,GBP,TRANSFER,ATM,PENDING
3921,0,2024-01-09,307.19,EUR,CREDIT,ONLINE,POSTED
3922,0,2024-02-19,4468.23,USD,DEBIT,ONLINE,PENDING
3923,0,2024-03-22,3273.0,USD,TRANSFER,ONLINE,PENDING
3924,0,2024-02-10,1761.97,EUR,DEBIT,ATM,REVERSED
3925,0,2024-01-14,4610.95,GBP,CREDIT,MOBILE,PENDING
3926,0,2024-03-03,4204.13,USD,TRANSFER,BRANCH,POSTED
3927,0,2024-03-18,186.97,USD,TRANSFER,ATM,PENDING
3928,269,2024-03-29,2794.21,GBP,DEBIT,MOBILE,REVERSED
3929,0,2024-01-12,534.41,GBP,CREDIT,MOBILE,REVERSED
3930,57,2024-01-11,2844.18,USD,CREDIT,MOBILE,PENDING
3931,0,2024-03-07,1010.62,EUR,DEBIT,MOBILE,POSTED
3932,0,2024-01-06,3597.37,EUR,CREDIT,ONLINE,PENDING
3933,0,2024-02-15,3218.48,EUR,TRANSFER,BRANCH,PENDING
3934,0,2024-01-20,2727.62,EUR,CREDIT,ONLINE,POSTED
3935,0,2024-03-16,3852.55,GBP,DEBIT,BRANCH,POSTED
3936,0,2024-03-25,710.99,USD,TRANSFER,MOBILE,PENDING
3937,0,2024-01-09,3406.92,GBP,CREDIT,MOBILE,PENDING
3938,0,2024-03-18,4345.17,EUR,DEBIT,ATM,POSTED
3939,174,2024-01-27,788.79,USD,DEBIT,MOBILE,PENDING
3940,0,2024-03-12,4055.78,EUR,CREDIT,BRANCH,POSTED
3941,0,2024-01-08,823.87,EUR,TRANSFER,BRANCH,PENDING
3942,0,2024-01-31,23.09,GBP,CREDIT,ONLINE,POSTED
3943,0,2024-03-13,4619.36,EUR,TRANSFER,ATM,REVERSED
3944,0,2024-01-29,2778.29,GBP,DEBIT,MOBILE,PENDING
3945,0,2024-01-15,605.23,GBP,CREDIT,ONLINE,PENDING
3946,0,2024-03-02,3262.71,USD,DEBIT,ATM,REVERSED
3947,0,2024-02-26,4537.09,EUR,DEBIT,ATM,POSTED
3948,,2024-02-05,704.92,USD,TRANSFER,BRANCH,PENDING
3949,0,2024-03-27,4821.6,USD,TRANSFER,MOBILE,REVERSED
3950,0,2024-03-01,470.58,GBP,TRANSFER,MOBILE,POSTED
3951,0,2024-03-15,3154.85,EUR,CREDIT,BRANCH,REVERSED
3952,0,2024-02-14,3859.63,USD,CREDIT,MOBILE,PENDING
3953,0,2024-03-19,3617.42,USD,TRANSFER,ONLINE,POSTED
3954,0,2024-02-04,81.37,GBP,TRANSFER,BRANCH,POSTED
3955,0,2024-02-06,4724.94,GBP,CREDIT,BRANCH,POSTED
3956,319,2024-01-26,4785.98,EUR,DEBIT,ATM,REVERSED
3957,0,2024-02-03,1220.14,GBP,TRANSFER,ATM,PENDING
3958,0,2024-03-29,1423.29,GBP,DEBIT,MOBILE,POSTED
3959,171,2024-03-04,3943.17,GBP,DEBIT,ATM,PENDING
3960,0,2024-03-30,481.82,EUR,CREDIT,ONLINE,PENDING
3961,0,2024-03-05,164.45,USD,CREDIT,ONLINE,REVERSED
3962,0,2024-02-29,4548.77,GBP,CREDIT,ONLINE,POSTED
3963,0,2024-03-05,2502.47,EUR,CREDIT,MOBILE,POSTED
3964,0,2024-01-14,1419.16,USD,CREDIT,ATM,PENDING
3965,0,2024-03-05,4620.71,GBP,CREDIT,BRANCH,REVERSED
3966,415,2024-01-20,115.71,EUR,DEBIT,MOBILE,REVERSED
3967,0,2024-03-25,2038.93,USD,DEBIT,ONLINE,PENDING
3968,0,2024-02-12,1320.08,GBP,DEBIT,MOBILE,REVERSED
3969,0,2024-01-01,197.95,EUR,TRANSFER,ONLINE,POSTED
3970,0,2024-03-26,249.1,USD,TRANSFER,MOBILE,POSTED
3971,0,2024-03-16,121.41,USD,CREDIT,ONLINE,POSTED
3972,0,2024-01-15,2003.82,GBP,DEBIT,ATM,REVERSED
3973,0,2024-01-26,4941.77,USD,CREDIT,ONLINE,PENDING
3974,0,2024-01-26,4059.31,EUR,DEBIT,ATM,REVERSED
3975,0,2024-01-07,2632.09,GBP,TRANSFER,ONLINE,POSTED
3976,0,2024-03-07,570.68,EUR,CREDIT,ATM,POSTED
3977,0,2024-01-30,1680.28,USD,DEBIT,BRANCH,REVERSED
3978,307,2024-01-24,3125.34,EUR,TRANSFER,ONLINE,POSTED
3979,361,2024-01-29,3167.15,USD,CREDIT,ATM,POSTED
3980,201,2024-01-22,2669.41,GBP,DEBIT,ATM,POSTED
3981,345,2024-03-22,2146.02,EUR,CREDIT,BRANCH,PENDING
3982,131,2024-02-28,4234.17,USD,TRANSFER,ONLINE,POSTED
3983,441,2024-01-12,182.64,USD,TRANSFER,ONLINE,REVERSED
3984,125,2024-01-02,4310.23,USD,CREDIT,ONLINE,REVERSED
3985,0,2024-03-05,1451.79,EUR,DEBIT,ATM,REVERSED
3986,0,2024-03-26,2111.53,EUR,CREDIT,MOBILE,REVERSED
3987,331,2024-01-04,3787.58,EUR,CREDIT,MOBILE,PENDING
3988,0,2024-01-13,2545.93,USD,CREDIT,ONLINE,REVERSED
3989,0,2024-01-28,2046.43,EUR,CREDIT,BRANCH,POSTED
3990,0,2024-03-24,1983.16,GBP,DEBIT,MOBILE,PENDING
3991,0,2024-01-21,921.19,USD,CREDIT,MOBILE,REVERSED
3992,263,2024-01-02,2849.81,GBP,DEBIT,MOBILE,REVERSED
3993,0,2024-02-20,4947.56,USD,DEBIT,ONLINE,REVERSED
3994,308,2024-03-27,4460.06,GBP,TRANSFER,ATM,PENDING
3995,0,2024-03-15,1209.95,USD,TRANSFER,ATM,POSTED
3996,0,2024-03-20,2383.63,USD,DEBIT,MOBILE,PENDING
3997,428,2024-03-04,1901.53,EUR,TRANSFER,ONLINE,REVERSED
3998,0,2024-03-09,124.16,EUR,DEBIT,BRANCH,POSTED
3999,55,2024-02-19,1648.98,GBP,TRANSFER,ONLINE,REVERSED
4000,0,2024-01-18,2951.57,USD,CREDIT,BRANCH,POSTED
4001,0,2024-02-26,402.31,EUR,CREDIT,MOBILE,POSTED
4002,0,2024-03-24,1805.94,EUR,DEBIT,ONLINE,PENDING
4003,0,2024-03-22,905.55,USD,TRANSFER,MOBILE,PENDING
4004,0,2024-01-07,3132.67,GBP,DEBIT,ONLINE,REVERSED
4005,0,2024-01-16,509.28,EUR,CREDIT,ATM,POSTED
4006,0,2024-02-20,4178.23,EUR,CREDIT,BRANCH,POSTED
4007,0,2024-01-03,2008.1,GBP,TRANSFER,BRANCH,POSTED
4008,82,2024-01-30,4255.06,USD,TRANSFER,ONLINE,POSTED
4009,0,2024-01-03,1922.82,EUR,DEBIT,MOBILE,REVERSED
4010,0,2024-01-18,4062.12,EUR,CREDIT,MOBILE,POSTED
4011,0,2024-03-14,2256.71,EUR,CREDIT,BRANCH,POSTED
4012,0,2024-02-11,2474.6,GBP,DEBIT,BRANCH,PENDING
4013,0,2024-03-25,4805.19,USD,CREDIT,MOBILE,PENDING
4014,0,2024-02-18,2714.21,USD,DEBIT,BRANCH,REVERSED
4015,0,2024-02-17,1095.13,USD,TRANSFER,ATM,PENDING
4016,0,2024-02-24,4481.72,GBP,TRANSFER,MOBILE,PENDING
4017,263,2024-01-26,3331.62,USD,TRANSFER,ONLINE,PENDING
4018,0,2024-01-30,3307.09,USD,TRANSFER,MOBILE,REVERSED
4019,0,2024-02-23,4160.79,EUR,CREDIT,MOBILE,PENDING
4020,0,2024-01-31,772.13,GBP,CREDIT,MOBILE,PENDING
4021,0,2024-01-01,4621.63,GBP,CREDIT,ONLINE,POSTED
4022,333,2024-02-22,3857.5,GBP,TRANSFER,ONLINE,REVERSED
4023,128,2024-02-08,1220.03,GBP,CREDIT,BRANCH,REVERSED
4024,0,2024-01-04,3816.03,USD,CREDIT,ATM,PENDING
4025,16,2024-03-17,875.17,USD,CREDIT,MOBILE,POSTED
4026,,2024-01-02,256.63,EUR,CREDIT,ONLINE,REVERSED
4027,290,2024-01-06,3485.02,USD,DEBIT,MOBILE,POSTED
4028,302,2024-02-10,1348.94,USD,TRANSFER,ATM,POSTED
4029,0,2024-01-04,318.11,EUR,CREDIT,BRANCH,POSTED
4030,0,2024-03-27,664.14,GBP,TRANSFER,ATM,PENDING
4031,11,2024-03-25,925.77,GBP,DEBIT,BRANCH,POSTED
4032,0,2024-01-09,697.21,USD,TRANSFER,BRANCH,REVERSED
4033,0,2024-03-28,1163.47,EUR,CREDIT,BRANCH,POSTED
4034,0,2024-01-13,559.26,EUR,TRANSFER,BRANCH,REVERSED
4035,0,2024-01-22,2006.12,EUR,CREDIT,BRANCH,POSTED
4036,0,2024-03-27,1902.14,EUR,TRANSFER,BRANCH,POSTED
4037,0,2024-03-08,1818.02,EUR,TRANSFER,ONLINE,REVERSED
4038,,2024-02-14,1743.46,USD,DEBIT,BRANCH,REVERSED
4039,20,2024-03-18,4119.16,GBP,DEBIT,ONLINE,PENDING
4040,0,2024-03-02,3328.15,USD,CREDIT,BRANCH,PENDING
4041,112,2024-03-29,2269.32,EUR,CREDIT,ONLINE,PENDING
4042,0,2024-01-14,2079.25,EUR,DEBIT,MOBILE,PENDING
4043,0,2024-01-18,4229.43,GBP,CREDIT,MOBILE,PENDING
4044,368,2024-01-22,3805.49,USD,DEBIT,ONLINE,PENDING
4045,0,2024-02-02,2629.07,GBP,TRANSFER,MOBILE,PENDING
4046,0,2024-03-16,3107.56,EUR,CREDIT,ONLINE,POSTED
4047,0,2024-02-25,1203.25,EUR,TRANSFER,BRANCH,POSTED
4048,0,2024-03-04,4705.18,USD,CREDIT,ATM,REVERSED
4049,0,2024-03-19,4107.71,GBP,DEBIT,ONLINE,REVERSED
4050,,2024-02-23,2204.13,GBP,DEBIT,ONLINE,POSTED
4051,0,2024-01-30,4139.1,GBP,TRANSFER,ATM,PENDING
4052,0,2024-01-12,3288.2,GBP,DEBIT,ATM,POSTED
4053,0,2024-02-01,2004.29,USD,DEBIT,ONLINE,REVERSED
4054,0,2024-01-31,536.23,USD,DEBIT,MOBILE,PENDING
4055,226,2024-02-18,2333.32,GBP,TRANSFER,ATM,POSTED
4056,,2024-02-07,2952.76,GBP,CREDIT,BRANCH,POSTED
4057,266,2024-01-26,3234.84,EUR,CREDIT,BRANCH,POSTED
4058,43,2024-01-05,3428.69,EUR,TRANSFER,MOBILE,PENDING
4059,0,2024-03-23,536.91,EUR,CREDIT,ONLINE,REVERSED
4060,0,2024-03-27,4680.7,GBP,DEBIT,MOBILE,PENDING
4061,465,2024-02-27,1068.93,EUR,TRANSFER,ATM,PENDING
4062,0,2024-03-19,417.82,EUR,TRANSFER,MOBILE,POSTED
4063,79,2024-01-21,490.65,GBP,DEBIT,MOBILE,REVERSED
4064,402,2024-02-11,2213.83,GBP,CREDIT,MOBILE,PENDING
4065,0,2024-01-04,1795.57,GBP,TRANSFER,MOBILE,PENDING
4066,0,2024-03-23,1460.8,GBP,TRANSFER,ATM,PENDING
4067,28,2024-02-02,1371.55,EUR,DEBIT,ONLINE,POSTED
4068,0,2024-03-23,1887.04,GBP,DEBIT,MOBILE,REVERSED
4069,0,2024-01-28,3724.14,USD,TRANSFER,BRANCH,POSTED
4070,0,2024-02-10,2515.49,USD,CREDIT,ATM,POSTED
4071,0,2024-01-07,1361.73,GBP,TRANSFER,ONLINE,PENDING
4072,0,2024-03-29,2296.73,USD,CREDIT,ATM,REVERSED
4073,,2024-01-19,1201.23,USD,TRANSFER,ATM,POSTED
4074,0,2024-02-01,4150.69,GBP,DEBIT,MOBILE,POSTED
4075,0,2024-02-10,501.54,EUR,CREDIT,MOBILE,POSTED
4076,0,2024-02-09,799.26,EUR,DEBIT,ONLINE,REVERSED
4077,0,2024-01-22,1808.95,EUR,DEBIT,ATM,REVERSED
4078,,2024-03-28,3656.29,GBP,CREDIT,ATM,REVERSED
4079,210,2024-01-29,2077.26,EUR,DEBIT,ATM,REVERSED
4080,245,2024-02-01,3691.66,GBP,DEBIT,MOBILE,REVERSED
4081,0,2024-02-09,3240.43,USD,CREDIT,ONLINE,POSTED
4082,0,2024-02-15,647.88,USD,TRANSFER,ATM,POSTED
4083,467,2024-01-02,2284.3,USD,DEBIT,BRANCH,REVERSED
4084,0,2024-01-04,3972.48,GBP,TRANSFER,BRANCH,POSTED
4085,0,2024-02-28,33.09,USD,DEBIT,ATM,REVERSED
4086,318,2024-02-03,3992.94,USD,CREDIT,BRANCH,PENDING
4087,0,2024-03-01,709.7,USD,CREDIT,BRANCH,PENDING
4088,307,2024-01-24,2268.14,USD,DEBIT,ONLINE,PENDING
4089,0,2024-03-28,4054.59,GBP,TRANSFER,MOBILE,POSTED
4090,123,2024-03-15,1772.52,EUR,DEBIT,MOBILE,PENDING
4091,225,2024-03-10,1094.57,EUR,CREDIT,BRANCH,PENDING
4092,0,2024-01-13,978.79,GBP,CREDIT,BRANCH,POSTED
4093,0,2024-01-18,1087.86,GBP,TRANSFER,BRANCH,REVERSED
4094,0,2024-01-09,1510.33,USD,CREDIT,ONLINE,PENDING
4095,0,2024-01-28,5.24,GBP,DEBIT,ATM,PENDING
4096,0,2024-01-13,3421.3,EUR,TRANSFER,ATM,PENDING
4097,0,2024-03-06,1134.59,GBP,CREDIT,MOBILE,POSTED
4098,212,2024-02-03,2396.51,USD,CREDIT,BRANCH,PENDING
4099,0,2024-03-13,1938.11,GBP,CREDIT,ATM,POSTED
4100,0,2024-03-12,3897.27,EUR,DEBIT,ATM,PENDING
4101,0,2024-03-03,3414.87,GBP,DEBIT,MOBILE,REVERSED
4102,0,2024-01-11,3827.77,GBP,DEBIT,ONLINE,REVERSED
4103,304,2024-01-15,3306.94,EUR,CREDIT,ATM,PENDING
4104,0,2024-01-29,1401.52,EUR,CREDIT,ATM,PENDING
4105,,2024-03-28,726.62,EUR,DEBIT,MOBILE,POSTED
4106,0,2024-01-21,1404.55,EUR,TRANSFER,ONLINE,POSTED
4107,0,2024-01-15,2232.3,GBP,CREDIT,ATM,PENDING
4108,0,2024-02-27,2629.58,GBP,TRANSFER,BRANCH,REVERSED
4109,0,2024-02-06,2908.59,USD,TRANSFER,ATM,PENDING
4110,0,2024-01-18,533.17,EUR,DEBIT,BRANCH,REVERSED
4111,404,2024-02-12,4939.24,USD,TRANSFER,ATM,REVERSED
4112,0,2024-03-25,510.93,EUR,CREDIT,ATM,PENDING
4113,0,2024-03-28,4270.93,GBP,CREDIT,MOBILE,POSTED
4114,0,2024-02-22,1001.38,EUR,DEBIT,MOBILE,PENDING
4115,229,2024-01-23,3724.49,USD,DEBIT,MOBILE,REVERSED
4116,0,2024-02-22,1090.38,GBP,TRANSFER,ATM,POSTED
4117,0,2024-01-28,2628.25,GBP,TRANSFER,ATM,PENDING
4118,0,2024-01-22,3488.8,EUR,DEBIT,ATM,PENDING
4119,0,2024-03-04,1740.95,GBP,TRANSFER,ONLINE,POSTED
4120,0,2024-03-29,973.16,EUR,DEBIT,ATM,PENDING
4121,0,2024-03-08,1647.79,GBP,DEBIT,ATM,PENDING
4122,0,2024-01-08,1214.12,GBP,DEBIT,BRANCH,REVERSED
4123,0,2024-03-07,3882.85,GBP,DEBIT,BRANCH,REVERSED
4124,0,2024-01-31,3400.73,GBP,TRANSFER,ATM,POSTED
4125,0,2024-02-05,4995.95,EUR,TRANSFER,ONLINE,POSTED
4126,397,2024-02-13,530.1,USD,DEBIT,ONLINE,PENDING
4127,0,2024-01-09,3147.12,USD,CREDIT,MOBILE,POSTED
4128,54,2024-01-24,3533.64,USD,DEBIT,ATM,REVERSED
4129,0,2024-01-30,2857.67,USD,CREDIT,BRANCH,POSTED
4130,370,2024-03-12,1259.19,EUR,DEBIT,BRANCH,PENDING
4131,0,2024-01-07,3015.94,EUR,CREDIT,MOBILE,REVERSED
4132,0,2024-02-13,3876.08,GBP,DEBIT,MOBILE,REVERSED
4133,0,2024-02-16,4409.76,GBP,TRANSFER,MOBILE,POSTED
4134,0,2024-01-05,2812.45,GBP,TRANSFER,ONLINE,REVERSED
4135,0,2024-03-02,3180.62,EUR,CREDIT,ATM,PENDING
4136,0,2024-01-09,333.65,EUR,DEBIT,MOBILE,POSTED
4137,231,2024-01-04,2391.62,EUR,DEBIT,MOBILE,REVERSED
4138,0,2024-02-07,4873.13,GBP,DEBIT,BRANCH,POSTED
4139,0,2024-03-23,854.51,USD,DEBIT,ONLINE,POSTED
4140,0,2024-02-01,924.95,EUR,CREDIT,BRANCH,PENDING
4141,48,2024-03-10,500.29,USD,CREDIT,BRANCH,POSTED
4142,0,2024-03-11,4363.2,USD,DEBIT,ATM,POSTED
4143,0,2024-02-01,4042.74,USD,DEBIT,BRANCH,PENDING
4144,0,2024-03-30,4472.33,EUR,DEBIT,MOBILE,REVERSED
4145,0,2024-02-13,2083.23,USD,DEBIT,BRANCH,POSTED
4146,0,2024-02-14,962.84,GBP,TRANSFER,ATM,POSTED
4147,0,2024-02-10,1555.92,GBP,DEBIT,BRANCH,PENDING
4148,350,2024-03-22,3118.32,GBP,DEBIT,MOBILE,POSTED
4149,0,2024-01-10,136.78,EUR,CREDIT,MOBILE,PENDING
4150,0,2024-01-24,3747.0,GBP,DEBIT,ATM,REVERSED
4151,123,2024-03-02,1911.77,USD,CREDIT,MOBILE,REVERSED
4152,0,2024-01-22,2849.67,EUR,DEBIT,MOBILE,POSTED
4153,0,2024-01-12,4173.99,GBP,TRANSFER,ONLINE,REVERSED
4154,0,2024-03-20,3965.45,USD,DEBIT,BRANCH,REVERSED
4155,0,2024-01-20,1470.99,USD,CREDIT,ONLINE,REVERSED
4156,,2024-02-04,2051.15,EUR,CREDIT,ONLINE,POSTED
4157,0,2024-03-01,1855.26,GBP,TRANSFER,MOBILE,PENDING
4158,130,2024-01-05,2539.14,USD,CREDIT,ONLINE,PENDING
4159,0,2024-03-12,883.8,GBP,DEBIT,BRANCH,PENDING
4160,0,2024-02-04,1021.81,EUR,TRANSFER,BRANCH,POSTED
4161,436,2024-03-12,3168.37,GBP,TRANSFER,BRANCH,REVERSED
4162,0,2024-03-02,4217.8,EUR,DEBIT,MOBILE,REVERSED
4163,216,2024-02-06,1634.47,USD,TRANSFER,ATM,PENDING
4164,0,2024-01-06,1293.81,EUR,TRANSFER,ONLINE,POSTED
4165,0,2024-03-16,3991.05,USD,CREDIT,ONLINE,REVERSED
4166,0,2024-02-28,1062.12,USD,CREDIT,MOBILE,REVERSED
4167,0,2024-02-25,2149.07,GBP,TRANSFER,BRANCH,PENDING
4168,0,2024-03-30,533.35,GBP,TRANSFER,ATM,PENDING
4169,0,2024-01-11,4231.55,GBP,CREDIT,ATM,POSTED
4170,0,2024-01-28,3992.31,USD,TRANSFER,MOBILE,POSTED
4171,0,2024-03-02,4146.52,USD,CREDIT,BRANCH,POSTED
4172,0,2024-01-10,2714.55,GBP,CREDIT,ATM,REVERSED
4173,0,2024-03-03,3311.27,USD,TRANSFER,ONLINE,POSTED
4174,0,2024-01-27,4848.31,USD,TRANSFER,MOBILE,REVERSED
4175,0,2024-01-03,4414.83,USD,CREDIT,ATM,REVERSED
4176,0,2024-02-22,2043.23,GBP,TRANSFER,ONLINE,PENDING
4177,0,2024-01-06,679.44,GBP,TRANSFER,BRANCH,POSTED
4178,222,2024-01-10,2358.67,GBP,TRANSFER,ONLINE,PENDING
4179,63,2024-02-08,4794.87,EUR,CREDIT,ATM,REVERSED
4180,275,2024-02-11,4356.6,USD,CREDIT,ONLINE,PENDING
4181,154,2024-03-06,4963.59,EUR,TRANSFER,MOBILE,POSTED
4182,0,2024-02-06,2865.28,GBP,CREDIT,ATM,REVERSED
4183,0,2024-02-11,2561.23,EUR,DEBIT,ATM,POSTED
4184,435,2024-01-19,2196.94,GBP,CREDIT,BRANCH,POSTED
4185,312,2024-03-24,1042.77,USD,TRANSFER,BRANCH,POSTED
4186,462,2024-03-03,2298.87,GBP,CREDIT,MOBILE,POSTED
4187,198,2024-02-11,2075.35,EUR,DEBIT,MOBILE,POSTED
4188,0,2024-03-28,1407.01,GBP,TRANSFER,BRANCH,PENDING
4189,0,2024-03-17,1888.22,GBP,TRANSFER,ONLINE,POSTED
4190,0,2024-01-10,3371.65,EUR,DEBIT,ONLINE,PENDING
4191,0,2024-02-23,444.8,GBP,TRANSFER,ATM,PENDING
4192,429,2024-01-16,4429.66,USD,CREDIT,BRANCH,PENDING
4193,0,2024-02-24,866.12,USD,DEBIT,MOBILE,POSTED
4194,227,2024-03-09,1566.5,EUR,TRANSFER,MOBILE,PENDING
4195,0,2024-03-04,4830.98,USD,TRANSFER,BRANCH,REVERSED
4196,0,2024-01-31,4704.8,GBP,TRANSFER,BRANCH,POSTED
4197,0,2024-01-25,2231.18,USD,CREDIT,ATM,POSTED
4198,0,2024-02-29,2100.04,USD,CREDIT,ATM,PENDING
4199,11,2024-03-02,2106.83,USD,DEBIT,BRANCH,REVERSED
4200,0,2024-01-26,1490.94,EUR,CREDIT,MOBILE,POSTED
4201,0,2024-01-27,297.92,GBP,DEBIT,ATM,REVERSED
4202,,2024-03-14,4255.68,GBP,DEBIT,MOBILE,PENDING
4203,0,2024-03-05,750.93,GBP,CREDIT,BRANCH,PENDING
4204,0,2024-02-12,3273.82,USD,CREDIT,ONLINE,PENDING
4205,467,2024-01-26,4324.73,EUR,CREDIT,MOBILE,POSTED
4206,0,2024-03-26,3813.7,EUR,CREDIT,MOBILE,POSTED
4207,292,2024-01-11,351.63,GBP,DEBIT,BRANCH,REVERSED
4208,340,2024-02-16,4122.53,EUR,DEBIT,MOBILE,PENDING
4209,44,2024-03-11,509.91,USD,TRANSFER,ONLINE,REVERSED
4210,403,2024-02-05,2009.56,EUR,CREDIT,BRANCH,PENDING
4211,0,2024-01-12,2554.12,GBP,CREDIT,MOBILE,REVERSED
4212,0,2024-02-29,3665.66,USD,CREDIT,MOBILE,REVERSED
4213,362,2024-03-19,80.1,USD,TRANSFER,ONLINE,PENDING
4214,0,2024-03-17,2931.25,EUR,TRANSFER,ATM,PENDING
4215,,2024-03-30,1164.12,EUR,DEBIT,ONLINE,REVERSED
4216,,2024-03-04,2114.64,USD,DEBIT,BRANCH,PENDING
4217,348,2024-01-31,3116.09,USD,DEBIT,ONLINE,POSTED
4218,0,2024-02-15,337.1,EUR,TRANSFER,MOBILE,PENDING
4219,0,2024-03-03,1538.33,EUR,DEBIT,ATM,PENDING
4220,0,2024-03-05,1698.58,USD,CREDIT,BRANCH,PENDING
4221,1,2024-01-25,1637.24,USD,CREDIT,ATM,POSTED
4222,382,2024-03-27,833.25,GBP,DEBIT,MOBILE,REVERSED
4223,0,2024-02-15,4960.57,GBP,TRANSFER,MOBILE,PENDING
4224,0,2024-03-04,2395.85,EUR,DEBIT,ATM,POSTED
4225,39,2024-03-05,3371.91,EUR,DEBIT,BRANCH,REVERSED
4226,0,2024-02-04,4503.61,USD,CREDIT,ATM,PENDING
4227,0,2024-03-20,4678.39,GBP,CREDIT,ONLINE,REVERSED
4228,0,2024-03-11,3011.98,USD,TRANSFER,ATM,REVERSED
4229,0,2024-03-27,3968.47,EUR,DEBIT,MOBILE,PENDING
4230,0,2024-03-07,4197.68,EUR,CREDIT,MOBILE,PENDING
4231,91,2024-01-28,2690.65,EUR,TRANSFER,ONLINE,PENDING
4232,0,2024-03-14,459.41,GBP,DEBIT,ATM,POSTED
4233,33,2024-02-03,4330.88,EUR,CREDIT,ONLINE,REVERSED
4234,0,2024-01-23,1559.47,EUR,DEBIT,BRANCH,REVERSED
4235,0,2024-01-31,4890.4,EUR,TRANSFER,ATM,POSTED
4236,0,2024-02-10,774.53,EUR,CREDIT,ATM,POSTED
4237,0,2024-02-21,441.52,EUR,DEBIT,BRANCH,REVERSED
4238,0,2024-01-26,4245.03,EUR,CREDIT,ONLINE,POSTED
4239,0,2024-02-09,1484.87,USD,CREDIT,ATM,REVERSED
4240,,2024-01-07,3083.58,GBP,CREDIT,BRANCH,REVERSED
4241,0,2024-03-25,3840.5,USD,CREDIT,MOBILE,REVERSED
4242,221,2024-01-31,3746.81,USD,CREDIT,BRANCH,POSTED
4243,379,2024-01-24,2988.58,EUR,DEBIT,MOBILE,REVERSED
4244,306,2024-02-04,1706.87,EUR,CREDIT,BRANCH,REVERSED
4245,0,2024-03-20,4586.89,EUR,DEBIT,MOBILE,POSTED
4246,383,2024-02-18,4911.03,USD,TRANSFER,ATM,POSTED
4247,0,2024-03-30,3633.82,GBP,DEBIT,ONLINE,REVERSED
4248,0,2024-01-16,2023.08,EUR,CREDIT,ONLINE,POSTED
4249,0,2024-03-22,4052.95,USD,TRANSFER,MOBILE,POSTED
4250,0,2024-02-18,4178.45,GBP,CREDIT,ONLINE,POSTED
4251,0,2024-03-21,1355.68,GBP,TRANSFER,ATM,REVERSED
4252,0,2024-02-14,2843.95,EUR,TRANSFER,BRANCH,PENDING
4253,0,2024-01-17,2756.79,USD,DEBIT,ONLINE,POSTED
4254,0,2024-01-06,4800.86,GBP,CREDIT,BRANCH,REVERSED
4255,0,2024-03-04,3675.35,USD,DEBIT,MOBILE,POSTED
4256,0,2024-02-14,442.77,USD,DEBIT,ATM,PENDING
4257,0,2024-03-06,4423.04,GBP,DEBIT,ONLINE,REVERSED
4258,204,2024-01-03,4030.26,EUR,CREDIT,ATM,POSTED
4259,425,2024-01-24,1311.47,USD,CREDIT,BRANCH,PENDING
4260,0,2024-02-21,3463.26,GBP,CREDIT,ATM,REVERSED
4261,0,2024-02-02,4353.25,GBP,TRANSFER,BRANCH,PENDING
4262,0,2024-03-29,1298.67,EUR,DEBIT,MOBILE,PENDING
4263,0,2024-02-15,2157.64,EUR,DEBIT,MOBILE,REVERSED
4264,0,2024-03-06,2214.54,USD,CREDIT,MOBILE,REVERSED
4265,314,2024-03-20,4148.11,EUR,DEBIT,MOBILE,REVERSED
4266,213,2024-03-23,640.76,EUR,TRANSFER,ATM,POSTED
4267,409,2024-01-25,2780.51,EUR,CREDIT,MOBILE,REVERSED
4268,0,2024-02-27,4512.85,EUR,TRANSFER,ATM,POSTED
4269,0,2024-01-27,1647.03,GBP,TRANSFER,BRANCH,REVERSED
4270,0,2024-02-11,3649.53,GBP,DEBIT,BRANCH,PENDING
4271,0,2024-01-16,1298.82,GBP,TRANSFER,ATM,PENDING
4272,0,2024-02-26,641.6,EUR,TRANSFER,BRANCH,POSTED
4273,209,2024-03-01,1076.05,EUR,TRANSFER,BRANCH,REVERSED
4274,0,2024-03-25,3651.04,USD,DEBIT,BRANCH,REVERSED
4275,206,2024-03-21,2644.07,USD,CREDIT,MOBILE,REVERSED
4276,0,2024-03-16,4454.7,USD,TRANSFER,ONLINE,POSTED
4277,0,2024-01-22,3584.8,EUR,DEBIT,ONLINE,POSTED
4278,0,2024-01-27,209.63,GBP,TRANSFER,BRANCH,PENDING
4279,0,2024-02-08,3407.86,USD,CREDIT,MOBILE,REVERSED
4280,0,2024-01-03,3054.45,USD,CREDIT,BRANCH,REVERSED
4281,0,2024-02-04,3670.6,GBP,CREDIT,MOBILE,PENDING
4282,0,2024-01-30,1787.71,EUR,DEBIT,MOBILE,PENDING
4283,350,2024-02-12,2998.9,EUR,TRANSFER,MOBILE,PENDING
4284,0,2024-02-28,4826.87,EUR,TRANSFER,ATM,REVERSED
4285,0,2024-03-08,1929.47,EUR,CREDIT,MOBILE,PENDING
4286,429,2024-03-24,589.96,GBP,TRANSFER,MOBILE,PENDING
4287,0,2024-01-29,1341.84,USD,CREDIT,BRANCH,POSTED
4288,398,2024-03-23,2179.72,EUR,TRANSFER,MOBILE,PENDING
4289,0,2024-02-24,1188.68,GBP,DEBIT,ATM,REVERSED
4290,179,2024-03-05,4091.06,EUR,DEBIT,MOBILE,POSTED
4291,43,2024-02-11,2878.46,GBP,TRANSFER,ONLINE,POSTED
4292,74,2024-01-17,2622.1,GBP,TRANSFER,ONLINE,PENDING
4293,307,2024-01-22,2398.51,USD,TRANSFER,ATM,REVERSED
4294,0,2024-02-02,2180.03,GBP,DEBIT,ATM,REVERSED
4295,497,2024-01-05,1373.7,EUR,DEBIT,BRANCH,REVERSED
4296,0,2024-02-12,4352.46,USD,TRANSFER,ONLINE,PENDING
4297,269,2024-02-21,2001.83,GBP,CREDIT,ATM,PENDING
4298,0,2024-02-04,2084.73,EUR,CREDIT,ONLINE,REVERSED
4299,0,2024-02-20,205.47,USD,CREDIT,BRANCH,REVERSED
4300,206,2024-03-22,3502.88,USD,DEBIT,ATM,REVERSED
4301,0,2024-01-27,1976.04,GBP,CREDIT,ATM,POSTED
4302,0,2024-01-20,3553.28,USD,CREDIT,MOBILE,REVERSED
4303,0,2024-03-28,768.67,GBP,CREDIT,ATM,POSTED
4304,450,2024-02-15,4849.28,GBP,TRANSFER,ONLINE,REVERSED
4305,0,2024-01-03,3368.21,USD,CREDIT,BRANCH,REVERSED
4306,0,2024-01-21,1932.0,USD,CREDIT,ONLINE,REVERSED
4307,0,2024-03-02,3207.1,USD,CREDIT,MOBILE,POSTED
4308,0,2024-03-19,3884.03,EUR,CREDIT,BRANCH,POSTED
4309,0,2024-03-13,3485.14,EUR,TRANSFER,ATM,PENDING
4310,0,2024-02-17,343.54,GBP,TRANSFER,BRANCH,PENDING
4311,0,2024-02-09,3020.47,EUR,CREDIT,ONLINE,REVERSED
4312,0,2024-02-05,3099.94,EUR,TRANSFER,ONLINE,REVERSED
4313,172,2024-03-25,2852.25,USD,CREDIT,MOBILE,PENDING
4314,0,2024-02-10,2912.16,EUR,CREDIT,ATM,PENDING
4315,0,2024-03-19,1317.36,GBP,DEBIT,BRANCH,POSTED
4316,221,2024-03-09,2354.28,USD,DEBIT,BRANCH,PENDING
4317,89,2024-01-19,3629.89,GBP,CREDIT,ATM,PENDING
4318,0,2024-03-29,1205.71,EUR,CREDIT,ONLINE,PENDING
4319,0,2024-02-29,625.82,EUR,TRANSFER,ATM,POSTED
4320,0,2024-02-12,3217.6,USD,CREDIT,ONLINE,PENDING
4321,0,2024-02-03,1202.72,EUR,TRANSFER,BRANCH,REVERSED
4322,0,2024-01-18,865.57,USD,CREDIT,BRANCH,PENDING
4323,0,2024-01-29,1713.7,GBP,TRANSFER,MOBILE,PENDING
4324,0,2024-03-09,1644.67,GBP,CREDIT,MOBILE,POSTED
4325,0,2024-02-10,759.09,EUR,TRANSFER,BRANCH,PENDING
4326,0,2024-01-03,4170.12,GBP,TRANSFER,BRANCH,PENDING
4327,,2024-02-08,4164.49,USD,TRANSFER,ATM,REVERSED
4328,0,2024-01-06,777.76,GBP,CREDIT,ATM,POSTED
4329,0,2024-01-31,1067.81,GBP,TRANSFER,BRANCH,PENDING
4330,0,2024-01-03,2325.61,USD,CREDIT,MOBILE,REVERSED
4331,,2024-02-02,3647.94,USD,TRANSFER,MOBILE,REVERSED
4332,420,2024-03-29,1228.54,USD,DEBIT,BRANCH,REVERSED
4333,0,2024-02-13,4973.48,GBP,TRANSFER,ONLINE,PENDING
4334,190,2024-02-21,186.36,USD,DEBIT,ONLINE,REVERSED
4335,51,2024-01-03,390.09,USD,TRANSFER,ATM,REVERSED
4336,388,2024-01-14,2192.21,EUR,CREDIT,MOBILE,REVERSED
4337,138,2024-03-14,168.18,GBP,CREDIT,ONLINE,REVERSED
4338,0,2024-03-28,490.24,GBP,DEBIT,ATM,REVERSED
4339,296,2024-01-31,3323.25,GBP,CREDIT,MOBILE,PENDING
4340,0,2024-02-15,4991.07,USD,CREDIT,ONLINE,PENDING
4341,407,2024-02-15,3516.45,GBP,CREDIT,ATM,PENDING
4342,0,2024-01-17,665.06,GBP,DEBIT,BRANCH,POSTED
4343,118,2024-02-14,4101.54,EUR,TRANSFER,ATM,POSTED
4344,0,2024-01-07,3018.4,USD,DEBIT,MOBILE,REVERSED
4345,0,2024-03-19,1134.33,USD,TRANSFER,ONLINE,PENDING
4346,0,2024-03-13,2070.82,EUR,TRANSFER,BRANCH,REVERSED
4347,100,2024-03-26,56.01,EUR,CREDIT,ONLINE,PENDING
4348,223,2024-02-16,2804.04,EUR,CREDIT,ATM,REVERSED
4349,0,2024-02-13,908.19,GBP,CREDIT,ONLINE,REVERSED
4350,0,2024-03-16,4729.93,GBP,DEBIT,ONLINE,REVERSED
4351,267,2024-02-19,2146.39,GBP,DEBIT,ATM,POSTED
4352,0,2024-01-26,3984.02,EUR,DEBIT,BRANCH,REVERSED
4353,0,2024-02-11,4333.82,USD,DEBIT,ATM,REVERSED
4354,0,2024-03-23,2733.22,EUR,CREDIT,BRANCH,PENDING
4355,388,2024-02-10,2258.07,USD,TRANSFER,BRANCH,PENDING
4356,358,2024-01-28,905.14,GBP,CREDIT,BRANCH,PENDING
4357,56,2024-03-07,488.68,GBP,TRANSFER,BRANCH,POSTED
4358,0,2024-02-27,938.71,EUR,TRANSFER,BRANCH,POSTED
4359,0,2024-03-11,4127.82,GBP,TRANSFER,ATM,REVERSED
4360,0,2024-02-26,4187.67,GBP,CREDIT,BRANCH,POSTED
4361,0,2024-02-05,4309.91,EUR,CREDIT,MOBILE,REVERSED
4362,0,2024-01-04,4730.65,USD,TRANSFER,ONLINE,POSTED
4363,0,2024-02-04,4873.91,EUR,DEBIT,ONLINE,PENDING
4364,0,2024-01-27,4557.18,EUR,DEBIT,ATM,REVERSED
4365,0,2024-02-20,4600.75,USD,CREDIT,ATM,REVERSED
4366,0,2024-02-23,3307.34,USD,CREDIT,ATM,REVERSED
4367,0,2024-02-29,1886.71,GBP,TRANSFER,BRANCH,POSTED
4368,0,2024-03-24,2414.42,EUR,TRANSFER,MOBILE,POSTED
4369,255,2024-01-19,209.94,GBP,TRANSFER,MOBILE,REVERSED
4370,0,2024-02-08,515.79,USD,TRANSFER,ONLINE,POSTED
4371,0,2024-03-26,810.01,USD,TRANSFER,BRANCH,PENDING
4372,0,2024-02-24,2336.87,EUR,TRANSFER,ATM,PENDING
4373,0,2024-03-28,3763.9,GBP,TRANSFER,ATM,PENDING
4374,128,2024-03-13,166.92,GBP,TRANSFER,MOBILE,REVERSED
4375,0,2024-02-08,654.31,GBP,DEBIT,MOBILE,REVERSED
4376,0,2024-03-11,346.69,USD,TRANSFER,ATM,POSTED
4377,0,2024-03-10,711.87,USD,CREDIT,ATM,PENDING
4378,0,2024-01-16,4803.67,EUR,DEBIT,ONLINE,REVERSED
4379,373,2024-01-18,3905.01,USD,DEBIT,MOBILE,POSTED
4380,0,2024-01-15,2117.79,GBP,DEBIT,MOBILE,PENDING
4381,263,2024-01-02,708.68,GBP,DEBIT,ONLINE,PENDING
4382,0,2024-03-05,4137.95,EUR,TRANSFER,ATM,POSTED
4383,0,2024-02-27,1197.33,USD,DEBIT,MOBILE,PENDING
4384,0,2024-02-02,1887.53,EUR,TRANSFER,BRANCH,POSTED
4385,0,2024-01-21,3672.29,USD,DEBIT,ATM,POSTED
4386,125,2024-01-25,434.82,USD,CREDIT,MOBILE,REVERSED
4387,0,2024-01-29,1695.03,GBP,CREDIT,ATM,PENDING
4388,41,2024-03-03,3496.6,EUR,DEBIT,BRANCH,PENDING
4389,0,2024-01-08,4466.37,USD,DEBIT,ONLINE,PENDING
4390,357,2024-02-18,25.06,EUR,CREDIT,BRANCH,REVERSED
4391,389,2024-03-22,3156.35,GBP,CREDIT,ONLINE,POSTED
4392,0,2024-03-12,1295.08,GBP,CREDIT,MOBILE,PENDING
4393,0,2024-03-26,2178.48,EUR,DEBIT,MOBILE,PENDING
4394,0,2024-02-11,4708.77,GBP,TRANSFER,MOBILE,REVERSED
4395,0,2024-01-30,4213.95,GBP,CREDIT,ONLINE,POSTED
4396,0,2024-01-23,1321.72,USD,TRANSFER,MOBILE,PENDING
4397,255,2024-02-03,4972.73,USD,DEBIT,ATM,PENDING
4398,0,2024-03-09,4294.07,GBP,CREDIT,MOBILE,REVERSED
4399,431,2024-01-15,2707.47,USD,CREDIT,ATM,PENDING
4400,83,2024-03-02,258.27,GBP,TRANSFER,BRANCH,REVERSED
4401,,2024-02-08,4013.93,USD,DEBIT,ATM,POSTED
4402,0,2024-03-14,2363.81,USD,CREDIT,BRANCH,PENDING
4403,0,2024-02-14,2092.22,USD,DEBIT,MOBILE,POSTED
4404,0,2024-03-28,2883.5,USD,TRANSFER,BRANCH,PENDING
4405,348,2024-01-04,3791.3,GBP,DEBIT,BRANCH,REVERSED
4406,0,2024-02-14,3708.47,EUR,CREDIT,MOBILE,REVERSED
4407,0,2024-03-17,910.8,GBP,TRANSFER,MOBILE,POSTED
4408,0,2024-01-17,4657.51,GBP,CREDIT,ATM,REVERSED
4409,226,2024-02-26,4451.96,USD,TRANSFER,BRANCH,PENDING
4410,0,2024-03-24,1026.4,GBP,CREDIT,ONLINE,PENDING
4411,0,2024-02-29,2946.71,GBP,CREDIT,ATM,REVERSED
4412,28,2024-02-26,3796.69,USD,DEBIT,ONLINE,REVERSED
4413,0,2024-01-23,937.97,EUR,CREDIT,ONLINE,PENDING
4414,0,2024-01-30,963.77,EUR,DEBIT,ONLINE,POSTED
4415,0,2024-01-30,1261.9,USD,DEBIT,MOBILE,REVERSED
4416,427,2024-02-18,2830.43,USD,TRANSFER,ONLINE,REVERSED
4417,204,2024-03-19,1719.61,EUR,DEBIT,BRANCH,PENDING
4418,0,2024-02-20,1616.27,EUR,TRANSFER,BRANCH,POSTED
4419,0,2024-02-13,1212.96,GBP,DEBIT,ATM,PENDING
4420,135,2024-02-02,2655.78,GBP,CREDIT,BRANCH,REVERSED
4421,0,2024-02-13,1227.8,EUR,TRANSFER,ATM,PENDING
4422,0,2024-02-14,4815.46,EUR,TRANSFER,ATM,PENDING
4423,0,2024-02-26,2051.58,USD,DEBIT,BRANCH,PENDING
4424,245,2024-03-12,4298.34,USD,TRANSFER,MOBILE,REVERSED
4425,0,2024-03-27,902.95,EUR,TRANSFER,ONLINE,POSTED
4426,0,2024-01-10,4585.35,EUR,DEBIT,BRANCH,REVERSED
4427,0,2024-02-23,4612.6,GBP,TRANSFER,ONLINE,REVERSED
4428,289,2024-03-08,3883.9,EUR,TRANSFER,MOBILE,POSTED
4429,358,2024-01-10,1258.74,EUR,CREDIT,BRANCH,PENDING
4430,0,2024-01-15,2369.97,GBP,TRANSFER,MOBILE,PENDING
4431,0,2024-02-24,42.7,EUR,DEBIT,ATM,PENDING
4432,0,2024-02-11,393.83,EUR,DEBIT,MOBILE,PENDING
4433,0,2024-01-11,751.16,EUR,DEBIT,ONLINE,REVERSED
4434,,2024-01-01,412.26,USD,CREDIT,BRANCH,PENDING
4435,34,2024-02-20,1377.86,USD,TRANSFER,ONLINE,REVERSED
4436,34,2024-01-08,4342.35,USD,CREDIT,MOBILE,POSTED
4437,163,2024-03-24,3698.87,EUR,CREDIT,ONLINE,PENDING
4438,0,2024-03-14,2237.14,USD,DEBIT,ATM,POSTED
4439,203,2024-01-08,2406.93,USD,CREDIT,ONLINE,POSTED
4440,0,2024-02-17,2538.94,USD,DEBIT,ONLINE,REVERSED
4441,0,2024-02-20,2675.01,GBP,DEBIT,MOBILE,POSTED
4442,442,2024-02-03,1678.53,GBP,DEBIT,ONLINE,POSTED
4443,0,2024-01-10,1340.19,GBP,TRANSFER,BRANCH,REVERSED
4444,,2024-03-20,3171.7,EUR,DEBIT,BRANCH,POSTED
4445,,2024-03-13,2162.0,GBP,CREDIT,ONLINE,POSTED
4446,0,2024-02-14,369.0,EUR,DEBIT,ATM,REVERSED
4447,0,2024-02-15,632.51,EUR,TRANSFER,ONLINE,REVERSED
4448,0,2024-01-01,4156.87,GBP,TRANSFER,ONLINE,PENDING
4449,0,2024-03-05,808.47,EUR,CREDIT,BRANCH,PENDING
4450,39,2024-02-24,4211.75,GBP,TRANSFER,MOBILE,POSTED
4451,0,2024-01-22,4868.0,USD,CREDIT,MOBILE,PENDING
4452,0,2024-01-15,4974.6,USD,DEBIT,BRANCH,REVERSED
4453,423,2024-01-31,2914.54,EUR,CREDIT,ONLINE,PENDING
4454,0,2024-03-07,4628.46,EUR,TRANSFER,ATM,POSTED
4455,0,2024-03-14,4762.4,USD,TRANSFER,MOBILE,POSTED
4456,330,2024-02-25,3541.69,USD,CREDIT,ONLINE,PENDING
4457,0,2024-03-22,1529.28,GBP,CREDIT,BRANCH,REVERSED
4458,265,2024-03-04,824.79,USD,CREDIT,MOBILE,POSTED
4459,0,2024-02-21,3763.66,USD,DEBIT,ATM,POSTED
4460,0,2024-03-14,235.33,EUR,CREDIT,ATM,REVERSED
4461,0,2024-02-07,2355.03,USD,DEBIT,ATM,REVERSED
4462,0,2024-02-06,48.41,EUR,CREDIT,BRANCH,PENDING
4463,0,2024-02-23,638.1,EUR,CREDIT,MOBILE,REVERSED
4464,355,2024-01-18,630.33,USD,TRANSFER,ONLINE,POSTED
4465,0,2024-03-17,1155.41,GBP,DEBIT,BRANCH,REVERSED
4466,467,2024-01-13,3394.17,EUR,CREDIT,ONLINE,POSTED
4467,58,2024-02-28,922.55,EUR,CREDIT,BRANCH,POSTED
4468,0,2024-02-12,2106.1,EUR,DEBIT,ATM,REVERSED
4469,0,2024-03-19,3986.13,EUR,CREDIT,BRANCH,PENDING
4470,83,2024-01-21,2876.47,GBP,DEBIT,BRANCH,REVERSED
4471,0,2024-02-23,4558.06,USD,CREDIT,ATM,PENDING
4472,0,2024-03-17,100.38,EUR,DEBIT,MOBILE,POSTED
4473,,2024-02-29,3643.24,EUR,CREDIT,BRANCH,POSTED
4474,0,2024-01-26,717.1,GBP,DEBIT,ATM,REVERSED
4475,28,2024-02-25,1503.77,USD,CREDIT,ATM,REVERSED
4476,0,2024-01-19,2258.6,USD,DEBIT,BRANCH,PENDING
4477,0,2024-01-07,3572.28,USD,DEBIT,ONLINE,POSTED
4478,0,2024-03-04,2993.86,GBP,TRANSFER,ATM,REVERSED
4479,0,2024-02-16,4057.31,USD,TRANSFER,ONLINE,REVERSED
4480,0,2024-01-30,3419.87,USD,TRANSFER,ATM,PENDING
4481,0,2024-01-28,3696.97,GBP,TRANSFER,ONLINE,REVERSED
4482,0,2024-03-06,2344.58,GBP,DEBIT,BRANCH,PENDING
4483,0,2024-03-06,493.94,EUR,DEBIT,ATM,PENDING
4484,0,2024-02-13,1243.51,GBP,DEBIT,ATM,POSTED
4485,216,2024-02-09,508.25,EUR,DEBIT,BRANCH,PENDING
4486,11,2024-03-22,2850.71,USD,DEBIT,MOBILE,POSTED
4487,0,2024-01-30,1734.86,USD,DEBIT,MOBILE,POSTED
4488,0,2024-01-17,1633.94,EUR,CREDIT,ATM,PENDING
4489,166,2024-03-09,4296.14,EUR,TRANSFER,BRANCH,REVERSED
4490,26,2024-02-04,760.28,GBP,TRANSFER,BRANCH,PENDING
4491,0,2024-01-10,394.4,GBP,DEBIT,BRANCH,PENDING
4492,67,2024-02-11,1163.62,EUR,CREDIT,ATM,REVERSED
4493,0,2024-02-01,4111.66,GBP,CREDIT,ATM,PENDING
4494,,2024-01-29,3646.4,USD,TRANSFER,BRANCH,POSTED
4495,0,2024-03-01,551.27,GBP,CREDIT,BRANCH,PENDING
4496,0,2024-01-16,4470.79,USD,CREDIT,ONLINE,POSTED
4497,323,2024-03-24,658.17,USD,CREDIT,ONLINE,POSTED
4498,220,2024-01-16,3725.16,EUR,DEBIT,BRANCH,REVERSED
4499,0,2024-02-10,657.99,EUR,CREDIT,MOBILE,POSTED
4500,0,2024-02-07,770.06,USD,TRANSFER,MOBILE,REVERSED
4501,341,2024-03-24,2100.71,USD,CREDIT,ATM,PENDING
4502,0,2024-01-28,3463.96,USD,DEBIT,ATM,REVERSED
4503,19,2024-01-14,221.61,USD,CREDIT,ATM,POSTED
4504,,2024-03-17,744.85,GBP,TRANSFER,ATM,REVERSED
4505,0,2024-01-05,1405.96,USD,TRANSFER,ATM,PENDING
4506,284,2024-03-07,570.29,GBP,CREDIT,BRANCH,POSTED
4507,0,2024-03-28,1766.75,USD,TRANSFER,ATM,PENDING
4508,0,2024-03-25,2956.47,USD,CREDIT,ONLINE,PENDING
4509,0,2024-03-08,172.34,USD,DEBIT,MOBILE,POSTED
4510,370,2024-03-22,4917.6,EUR,TRANSFER,BRANCH,PENDING
4511,0,2024-01-25,2291.05,USD,CREDIT,BRANCH,POSTED
4512,0,2024-01-29,3636.03,GBP,DEBIT,ONLINE,POSTED
4513,309,2024-02-26,4761.55,GBP,TRANSFER,BRANCH,POSTED
4514,0,2024-02-14,4884.74,GBP,TRANSFER,ONLINE,PENDING
4515,0,2024-01-11,1301.8,USD,CREDIT,ATM,PENDING
4516,0,2024-03-06,3616.37,USD,CREDIT,ATM,REVERSED
4517,0,2024-03-03,4466.18,EUR,CREDIT,BRANCH,PENDING
4518,0,2024-02-14,3344.51,USD,CREDIT,ONLINE,PENDING
4519,0,2024-01-12,2519.4,GBP,TRANSFER,MOBILE,POSTED
4520,0,2024-01-19,82.27,EUR,DEBIT,BRANCH,REVERSED
4521,177,2024-02-24,1657.05,EUR,DEBIT,MOBILE,REVERSED
4522,0,2024-01-31,93.12,EUR,DEBIT,MOBILE,PENDING
4523,0,2024-03-02,542.22,EUR,CREDIT,ATM,PENDING
4524,0,2024-03-02,3366.82,EUR,DEBIT,ONLINE,PENDING
4525,0,2024-01-18,4769.73,USD,CREDIT,BRANCH,POSTED
4526,0,2024-02-13,1479.64,EUR,TRANSFER,ATM,REVERSED
4527,0,2024-03-11,4214.81,GBP,CREDIT,MOBILE,REVERSED
4528,0,2024-03-07,2550.5,EUR,CREDIT,MOBILE,POSTED
4529,0,2024-01-02,1011.79,USD,DEBIT,ONLINE,REVERSED
4530,0,2024-01-04,2901.74,USD,DEBIT,BRANCH,POSTED
4531,0,2024-03-20,4684.26,EUR,CREDIT,BRANCH,POSTED
4532,0,2024-03-13,2832.4,GBP,CREDIT,BRANCH,PENDING
4533,0,2024-02-19,763.87,GBP,CREDIT,ONLINE,PENDING
4534,0,2024-03-18,3992.44,EUR,DEBIT,BRANCH,POSTED
4535,0,2024-02-11,3159.55,EUR,DEBIT,ONLINE,POSTED
4536,0,2024-01-17,1123.05,USD,DEBIT,BRANCH,PENDING
4537,,2024-02-27,4265.72,EUR,DEBIT,BRANCH,POSTED
4538,0,2024-03-07,2819.75,EUR,CREDIT,ATM,REVERSED
4539,84,2024-03-05,4412.93,EUR,CREDIT,ATM,PENDING
4540,0,2024-01-06,3548.48,EUR,DEBIT,ONLINE,REVERSED
4541,0,2024-03-08,2767.07,USD,CREDIT,ATM,REVERSED
4542,0,2024-01-25,2082.0,USD,DEBIT,MOBILE,PENDING
4543,0,2024-03-11,4051.76,USD,CREDIT,BRANCH,POSTED
4544,0,2024-01-21,3996.42,USD,TRANSFER,ONLINE,PENDING
4545,0,2024-02-20,957.77,EUR,DEBIT,MOBILE,POSTED
4546,0,2024-02-08,1835.59,EUR,DEBIT,ATM,REVERSED
4547,0,2024-01-20,1901.91,USD,TRANSFER,ATM,PENDING
4548,309,2024-02-01,3348.01,USD,DEBIT,MOBILE,POSTED
4549,0,2024-02-28,4653.47,EUR,TRANSFER,ATM,POSTED
4550,411,2024-03-19,626.85,USD,CREDIT,ONLINE,PENDING
4551,,2024-02-22,2801.43,GBP,DEBIT,BRANCH,POSTED
4552,112,2024-02-03,393.38,EUR,DEBIT,ATM,REVERSED
4553,0,2024-03-12,3167.81,USD,DEBIT,BRANCH,POSTED
4554,0,2024-01-30,783.71,GBP,DEBIT,MOBILE,REVERSED
4555,0,2024-02-09,1559.78,EUR,TRANSFER,BRANCH,PENDING
4556,0,2024-02-05,3962.13,USD,CREDIT,ATM,PENDING
4557,0,2024-03-05,2294.4,EUR,DEBIT,ATM,POSTED
4558,0,2024-02-15,3814.87,USD,CREDIT,BRANCH,PENDING
4559,0,2024-01-20,2289.17,GBP,CREDIT,BRANCH,POSTED
4560,0,2024-02-04,137.58,EUR,CREDIT,BRANCH,PENDING
4561,0,2024-03-15,3067.57,GBP,CREDIT,ATM,REVERSED
4562,126,2024-03-18,533.61,EUR,CREDIT,BRANCH,POSTED
4563,0,2024-03-21,2023.2,USD,DEBIT,ATM,PENDING
4564,0,2024-01-22,2133.71,USD,CREDIT,ONLINE,POSTED
4565,,2024-03-12,228.32,USD,CREDIT,ONLINE,POSTED
4566,0,2024-01-05,406.99,GBP,TRANSFER,MOBILE,REVERSED
4567,0,2024-02-22,3934.24,EUR,CREDIT,ONLINE,PENDING
4568,0,2024-02-06,107.57,USD,CREDIT,BRANCH,REVERSED
4569,0,2024-03-17,1502.27,GBP,CREDIT,BRANCH,REVERSED
4570,0,2024-01-09,2337.02,GBP,DEBIT,MOBILE,POSTED
4571,0,2024-01-07,4606.84,USD,CREDIT,ATM,POSTED
4572,0,2024-01-29,3269.56,USD,TRANSFER,BRANCH,REVERSED
4573,0,2024-01-26,4079.55,EUR,CREDIT,ATM,POSTED
4574,37,2024-02-26,533.98,GBP,CREDIT,ATM,POSTED
4575,0,2024-01-04,851.94,EUR,CREDIT,BRANCH,PENDING
4576,0,2024-02-15,1671.6,GBP,CREDIT,MOBILE,PENDING
4577,0,2024-01-30,3328.25,GBP,CREDIT,MOBILE,REVERSED
4578,191,2024-01-21,1144.83,EUR,CREDIT,ATM,POSTED
4579,,2024-02-16,1219.77,EUR,DEBIT,BRANCH,REVERSED
4580,0,2024-03-15,2918.45,USD,TRANSFER,MOBILE,PENDING
4581,0,2024-02-19,3588.45,GBP,TRANSFER,MOBILE,REVERSED
4582,120,2024-01-14,4972.25,EUR,TRANSFER,BRANCH,PENDING
4583,0,2024-01-20,1365.96,USD,TRANSFER,ONLINE,POSTED
4584,415,2024-03-12,4113.59,GBP,CREDIT,BRANCH,REVERSED
4585,0,2024-03-20,768.02,USD,TRANSFER,MOBILE,REVERSED
4586,0,2024-01-12,1304.61,EUR,DEBIT,BRANCH,REVERSED
4587,0,2024-01-16,4472.84,USD,TRANSFER,MOBILE,PENDING
4588,220,2024-01-01,1827.09,GBP,TRANSFER,ATM,PENDING
4589,422,2024-02-10,2313.08,EUR,DEBIT,ATM,PENDING
4590,0,2024-01-04,1966.61,GBP,TRANSFER,ONLINE,PENDING
4591,201,2024-02-08,2003.82,GBP,TRANSFER,MOBILE,POSTED
4592,0,2024-02-07,3313.45,GBP,TRANSFER,BRANCH,PENDING
4593,0,2024-01-30,2996.9,EUR,CREDIT,ONLINE,PENDING
4594,0,2024-01-13,3621.77,USD,CREDIT,ONLINE,PENDING
4595,0,2024-03-18,4168.92,GBP,DEBIT,BRANCH,POSTED
4596,0,2024-01-23,1947.76,EUR,DEBIT,ATM,REVERSED
4597,0,2024-01-15,3336.44,GBP,DEBIT,ATM,PENDING
4598,0,2024-02-23,353.0,GBP,CREDIT,ONLINE,REVERSED
4599,0,2024-02-02,4839.75,GBP,TRANSFER,ATM,POSTED
4600,437,2024-01-30,7.04,GBP,TRANSFER,ONLINE,REVERSED
4601,271,2024-02-08,3330.38,USD,TRANSFER,ATM,REVERSED
4602,0,2024-03-12,4263.63,USD,DEBIT,ONLINE,REVERSED
4603,37,2024-01-08,1319.22,USD,TRANSFER,ATM,PENDING
4604,0,2024-02-29,4743.49,EUR,TRANSFER,MOBILE,PENDING
4605,371,2024-02-23,351.97,EUR,DEBIT,ATM,REVERSED
4606,0,2024-01-18,105.94,EUR,DEBIT,MOBILE,PENDING
4607,0,2024-02-19,316.59,GBP,TRANSFER,ONLINE,POSTED
4608,0,2024-02-22,1309.73,EUR,TRANSFER,MOBILE,REVERSED
4609,0,2024-03-05,947.18,GBP,TRANSFER,ATM,PENDING
4610,222,2024-02-05,75.74,EUR,DEBIT,ONLINE,REVERSED
4611,0,2024-03-14,3671.13,GBP,DEBIT,BRANCH,POSTED
4612,273,2024-01-20,4427.67,GBP,CREDIT,MOBILE,POSTED
4613,0,2024-03-18,1202.76,GBP,CREDIT,BRANCH,POSTED
4614,160,2024-01-24,4535.08,USD,CREDIT,BRANCH,PENDING
4615,0,2024-02-05,3800.84,EUR,TRANSFER,MOBILE,REVERSED
4616,,2024-02-25,2536.97,EUR,DEBIT,BRANCH,POSTED
4617,0,2024-02-24,1288.26,GBP,TRANSFER,ATM,PENDING
4618,0,2024-03-02,426.78,USD,CREDIT,BRANCH,REVERSED
4619,0,2024-03-29,279.88,GBP,CREDIT,ONLINE,PENDING
4620,0,2024-03-19,261.6,USD,TRANSFER,ATM,REVERSED
4621,0,2024-02-04,4772.69,EUR,CREDIT,ONLINE,POSTED
4622,0,2024-02-20,1976.95,EUR,DEBIT,ONLINE,POSTED
4623,0,2024-02-08,363.23,EUR,DEBIT,BRANCH,PENDING
4624,0,2024-03-16,2839.3,USD,CREDIT,ONLINE,REVERSED
4625,0,2024-03-14,978.63,USD,CREDIT,BRANCH,PENDING
4626,0,2024-03-23,4080.8,USD,TRANSFER,MOBILE,PENDING
4627,0,2024-01-10,322.89,GBP,DEBIT,MOBILE,PENDING
4628,0,2024-03-08,2129.06,USD,CREDIT,MOBILE,PENDING
4629,0,2024-01-21,1824.47,GBP,CREDIT,ONLINE,POSTED
4630,0,2024-01-02,2715.66,USD,CREDIT,ONLINE,POSTED
4631,,2024-03-06,3497.43,GBP,DEBIT,BRANCH,REVERSED
4632,0,2024-03-06,2332.22,EUR,DEBIT,ATM,PENDING
4633,0,2024-03-07,2624.3,EUR,DEBIT,MOBILE,POSTED
4634,,2024-02-15,3812.72,USD,TRANSFER,BRANCH,POSTED
4635,0,2024-03-01,669.54,EUR,TRANSFER,MOBILE,POSTED
4636,0,2024-01-18,2724.31,USD,TRANSFER,ATM,PENDING
4637,0,2024-01-21,2450.79,GBP,CREDIT,ONLINE,REVERSED
4638,0,2024-01-09,785.89,GBP,TRANSFER,BRANCH,PENDING
4639,0,2024-03-28,3547.16,EUR,CREDIT,ATM,POSTED
4640,0,2024-03-20,1518.57,GBP,CREDIT,ONLINE,POSTED
4641,0,2024-01-23,1040.75,EUR,DEBIT,ONLINE,PENDING
4642,0,2024-02-27,674.07,EUR,CREDIT,ATM,POSTED
4643,,2024-03-08,1155.34,GBP,DEBIT,BRANCH,REVERSED
4644,0,2024-03-22,1374.02,USD,CREDIT,ONLINE,REVERSED
4645,0,2024-02-25,3837.83,EUR,TRANSFER,ATM,REVERSED
4646,0,2024-02-23,3547.61,EUR,DEBIT,MOBILE,PENDING
4647,0,2024-03-12,2356.76,GBP,CREDIT,ATM,POSTED
4648,0,2024-01-01,1271.94,USD,CREDIT,ATM,POSTED
4649,0,2024-02-25,1955.43,GBP,CREDIT,ATM,POSTED
4650,0,2024-02-06,1451.46,GBP,CREDIT,ATM,POSTED
4651,0,2024-03-24,475.82,USD,CREDIT,ONLINE,REVERSED
4652,425,2024-03-29,850.61,EUR,TRANSFER,ONLINE,PENDING
4653,0,2024-02-15,31.35,EUR,TRANSFER,MOBILE,REVERSED
4654,0,2024-02-23,494.48,GBP,DEBIT,ATM,PENDING
4655,362,2024-02-12,1863.02,GBP,DEBIT,ONLINE,POSTED
4656,0,2024-03-11,4677.31,USD,TRANSFER,ONLINE,PENDING
4657,0,2024-03-22,1521.5,USD,CREDIT,ATM,REVERSED
4658,156,2024-03-04,4975.3,EUR,CREDIT,ONLINE,REVERSED
4659,0,2024-01-14,435.61,USD,DEBIT,BRANCH,PENDING
4660,0,2024-02-25,4174.29,USD,CREDIT,ONLINE,PENDING
4661,0,2024-01-11,4915.89,USD,TRANSFER,ATM,POSTED
4662,0,2024-02-15,4011.91,GBP,TRANSFER,ATM,REVERSED
4663,241,2024-01-16,4184.01,USD,DEBIT,BRANCH,POSTED
4664,0,2024-01-29,1840.51,GBP,CREDIT,BRANCH,REVERSED
4665,,2024-03-17,4396.53,EUR,CREDIT,BRANCH,REVERSED
4666,0,2024-02-11,2225.14,GBP,TRANSFER,ATM,POSTED
4667,0,2024-02-27,4947.21,GBP,DEBIT,ATM,REVERSED
4668,0,2024-02-12,2339.21,EUR,CREDIT,BRANCH,PENDING
4669,349,2024-01-14,439.73,USD,DEBIT,BRANCH,REVERSED
4670,0,2024-01-05,3990.16,EUR,CREDIT,ONLINE,POSTED
4671,0,2024-01-27,1007.89,GBP,TRANSFER,MOBILE,POSTED
4672,0,2024-03-06,979.59,USD,CREDIT,ATM,POSTED
4673,0,2024-03-22,2889.26,GBP,TRANSFER,ONLINE,POSTED
4674,0,2024-03-04,1404.54,EUR,TRANSFER,ATM,REVERSED
4675,0,2024-03-14,3021.89,GBP,CREDIT,ONLINE,PENDING
4676,0,2024-02-12,3479.96,EUR,DEBIT,ONLINE,REVERSED
4677,0,2024-03-10,4409.76,GBP,CREDIT,ONLINE,REVERSED
4678,0,2024-03-23,4816.21,GBP,TRANSFER,MOBILE,REVERSED
4679,0,2024-03-10,3865.07,USD,DEBIT,MOBILE,PENDING
4680,0,2024-01-07,3559.11,GBP,DEBIT,ATM,PENDING
4681,0,2024-03-16,1423.55,GBP,TRANSFER,BRANCH,PENDING
4682,0,2024-03-28,4503.37,GBP,CREDIT,BRANCH,PENDING
4683,0,2024-01-06,2260.05,GBP,DEBIT,MOBILE,POSTED
4684,0,2024-02-13,1424.76,EUR,CREDIT,MOBILE,PENDING
4685,55,2024-03-29,1955.6,GBP,CREDIT,ONLINE,PENDING
4686,0,2024-03-06,1047.28,GBP,TRANSFER,BRANCH,REVERSED
4687,0,2024-03-13,3704.12,USD,TRANSFER,MOBILE,PENDING
4688,0,2024-02-10,2252.75,EUR,TRANSFER,MOBILE,PENDING
4689,0,2024-03-11,361.14,USD,TRANSFER,BRANCH,POSTED
4690,346,2024-01-05,2444.54,GBP,DEBIT,ATM,PENDING
4691,0,2024-01-13,4032.05,USD,CREDIT,MOBILE,POSTED
4692,351,2024-03-22,4299.54,USD,TRANSFER,ATM,REVERSED
4693,0,2024-03-03,2539.8,EUR,CREDIT,ONLINE,POSTED
4694,0,2024-03-05,1608.41,EUR,DEBIT,ONLINE,PENDING
4695,0,2024-03-18,1701.0,GBP,CREDIT,ATM,REVERSED
4696,0,2024-01-12,3825.13,EUR,TRANSFER,MOBILE,PENDING
4697,0,2024-02-28,1190.23,GBP,TRANSFER,BRANCH,POSTED
4698,0,2024-02-27,780.22,GBP,TRANSFER,ATM,POSTED
4699,0,2024-01-17,1229.09,USD,CREDIT,ATM,PENDING
4700,0,2024-03-19,1649.37,EUR,TRANSFER,ONLINE,REVERSED
4701,0,2024-02-17,1724.04,USD,DEBIT,ONLINE,POSTED
4702,0,2024-01-15,2351.85,EUR,DEBIT,MOBILE,PENDING
4703,0,2024-02-16,2818.44,USD,CREDIT,ATM,POSTED
4704,0,2024-03-13,1247.16,GBP,TRANSFER,ATM,REVERSED
4705,0,2024-03-27,3662.36,EUR,CREDIT,BRANCH,POSTED
4706,0,2024-02-21,517.74,EUR,DEBIT,ONLINE,REVERSED
4707,0,2024-03-24,3550.71,EUR,CREDIT,MOBILE,PENDING
4708,0,2024-03-12,3475.18,EUR,TRANSFER,ATM,PENDING
4709,0,2024-02-11,4056.58,USD,TRANSFER,BRANCH,POSTED
4710,0,2024-02-22,1062.02,USD,CREDIT,ATM,PENDING
4711,0,2024-03-09,3028.97,GBP,CREDIT,ONLINE,POSTED
4712,0,2024-03-03,2050.3,EUR,TRANSFER,ATM,PENDING
4713,0,2024-02-22,177.79,GBP,DEBIT,ONLINE,PENDING
4714,0,2024-03-25,4915.27,EUR,CREDIT,ATM,POSTED
4715,94,2024-01-20,311.28,USD,CREDIT,BRANCH,REVERSED
4716,0,2024-01-14,2290.1,GBP,DEBIT,MOBILE,REVERSED
4717,236,2024-01-04,4588.52,EUR,CREDIT,ATM,POSTED
4718,0,2024-01-27,2920.51,EUR,CREDIT,BRANCH,REVERSED
4719,0,2024-02-25,2996.06,EUR,DEBIT,MOBILE,POSTED
4720,,2024-03-11,3245.62,GBP,DEBIT,ONLINE,REVERSED
4721,,2024-01-10,3703.42,EUR,TRANSFER,MOBILE,REVERSED
4722,0,2024-01-15,13.22,USD,DEBIT,ATM,PENDING
4723,0,2024-01-23,4598.3,EUR,DEBIT,ONLINE,POSTED
4724,0,2024-03-24,2317.04,GBP,CREDIT,ONLINE,PENDING
4725,161,2024-02-06,3102.59,USD,CREDIT,MOBILE,POSTED
4726,477,2024-01-19,311.64,EUR,DEBIT,ONLINE,REVERSED
4727,0,2024-03-29,3736.71,EUR,DEBIT,ONLINE,PENDING
4728,283,2024-01-07,4507.78,USD,CREDIT,MOBILE,PENDING
4729,0,2024-02-11,687.63,USD,CREDIT,MOBILE,POSTED
4730,213,2024-03-29,4109.76,GBP,CREDIT,BRANCH,PENDING
4731,0,2024-03-21,1286.09,USD,DEBIT,BRANCH,PENDING
4732,0,2024-03-11,2329.42,USD,CREDIT,MOBILE,REVERSED
4733,133,2024-01-02,2208.15,GBP,TRANSFER,BRANCH,PENDING
4734,0,2024-02-29,2291.28,EUR,CREDIT,ATM,POSTED
4735,263,2024-03-05,3033.71,EUR,TRANSFER,BRANCH,POSTED
4736,0,2024-01-08,3978.03,EUR,TRANSFER,ONLINE,PENDING
4737,0,2024-01-10,3537.51,USD,CREDIT,ATM,PENDING
4738,0,2024-02-13,980.18,USD,DEBIT,MOBILE,POSTED
4739,0,2024-02-20,2714.2,EUR,DEBIT,ATM,REVERSED
4740,328,2024-02-21,1890.62,USD,TRANSFER,BRANCH,REVERSED
4741,0,2024-02-29,2913.58,EUR,DEBIT,ONLINE,PENDING
4742,0,2024-03-28,1805.46,USD,TRANSFER,BRANCH,POSTED
4743,405,2024-01-03,424.62,GBP,DEBIT,BRANCH,REVERSED
4744,0,2024-02-26,14.81,GBP,DEBIT,MOBILE,POSTED
4745,0,2024-03-28,2002.53,EUR,CREDIT,ONLINE,POSTED
4746,0,2024-03-24,518.2,EUR,CREDIT,BRANCH,POSTED
4747,0,2024-01-29,2123.82,GBP,TRANSFER,BRANCH,REVERSED
4748,0,2024-02-18,2265.61,EUR,TRANSFER,BRANCH,PENDING
4749,0,2024-01-07,1638.29,EUR,DEBIT,ATM,REVERSED
4750,26,2024-03-27,2345.44,EUR,CREDIT,BRANCH,POSTED
4751,,2024-01-02,1861.75,EUR,CREDIT,BRANCH,REVERSED
4752,0,2024-03-28,3813.24,GBP,DEBIT,ONLINE,POSTED
4753,0,2024-03-27,861.57,USD,CREDIT,MOBILE,PENDING
4754,0,2024-03-27,3464.4,GBP,CREDIT,ONLINE,REVERSED
4755,0,2024-03-17,4335.47,USD,TRANSFER,BRANCH,PENDING
4756,85,2024-02-14,757.59,GBP,TRANSFER,BRANCH,REVERSED
4757,0,2024-01-08,1407.12,USD,CREDIT,ATM,PENDING
4758,108,2024-02-26,1459.31,GBP,CREDIT,ATM,POSTED
4759,0,2024-03-19,3836.98,USD,CREDIT,MOBILE,REVERSED
4760,0,2024-03-28,3040.02,USD,TRANSFER,ATM,REVERSED
4761,0,2024-02-18,3835.85,EUR,TRANSFER,BRANCH,PENDING
4762,0,2024-01-12,4041.86,USD,CREDIT,ATM,PENDING
4763,0,2024-03-19,3618.21,GBP,TRANSFER,ATM,PENDING
4764,0,2024-03-19,175.27,EUR,DEBIT,BRANCH,REVERSED
4765,0,2024-02-06,3672.62,GBP,CREDIT,MOBILE,PENDING
4766,0,2024-01-04,2825.12,GBP,TRANSFER,MOBILE,POSTED
4767,0,2024-02-17,3824.5,USD,DEBIT,MOBILE,REVERSED
4768,0,2024-01-13,4506.91,EUR,TRANSFER,ATM,REVERSED
4769,0,2024-03-29,4308.15,GBP,CREDIT,MOBILE,REVERSED
4770,0,2024-03-06,3048.83,GBP,TRANSFER,BRANCH,REVERSED
4771,0,2024-01-22,382.79,USD,TRANSFER,MOBILE,POSTED
4772,0,2024-01-27,262.52,GBP,CREDIT,ONLINE,REVERSED
4773,0,2024-03-09,42.56,EUR,DEBIT,ONLINE,REVERSED
4774,135,2024-01-20,1731.48,USD,TRANSFER,ONLINE,POSTED
4775,0,2024-02-12,1483.24,EUR,TRANSFER,MOBILE,REVERSED
4776,367,2024-03-19,705.39,EUR,CREDIT,MOBILE,REVERSED
4777,0,2024-03-10,1400.92,USD,CREDIT,ATM,PENDING
4778,0,2024-02-01,4677.44,EUR,CREDIT,BRANCH,REVERSED
4779,0,2024-01-24,403.94,USD,DEBIT,MOBILE,POSTED
4780,0,2024-03-09,238.05,USD,CREDIT,ONLINE,REVERSED
4781,92,2024-02-24,2230.63,USD,TRANSFER,MOBILE,REVERSED
4782,268,2024-02-29,4703.6,USD,CREDIT,BRANCH,PENDING
4783,0,2024-02-27,3792.7,EUR,DEBIT,BRANCH,POSTED
4784,0,2024-03-19,4631.1,EUR,TRANSFER,ONLINE,PENDING
4785,469,2024-01-01,3456.59,GBP,CREDIT,ONLINE,REVERSED
4786,0,2024-03-25,4955.24,GBP,TRANSFER,ONLINE,PENDING
4787,0,2024-02-01,2580.15,EUR,DEBIT,ONLINE,PENDING
4788,270,2024-02-06,3938.34,USD,TRANSFER,ONLINE,PENDING
4789,,2024-03-26,1748.01,EUR,DEBIT,BRANCH,PENDING
4790,0,2024-02-21,681.38,EUR,TRANSFER,ONLINE,POSTED
4791,415,2024-02-29,142.09,USD,CREDIT,BRANCH,REVERSED
4792,0,2024-02-10,4839.03,EUR,CREDIT,ATM,POSTED
4793,,2024-02-27,3178.69,USD,DEBIT,ONLINE,POSTED
4794,0,2024-02-26,4801.15,EUR,TRANSFER,MOBILE,POSTED
4795,0,2024-03-22,3243.85,USD,CREDIT,MOBILE,PENDING
4796,0,2024-01-09,3999.2,EUR,DEBIT,ATM,POSTED
4797,0,2024-01-02,2458.22,EUR,TRANSFER,MOBILE,REVERSED
4798,24,2024-02-20,2081.57,USD,TRANSFER,BRANCH,PENDING
4799,0,2024-03-06,1657.31,USD,CREDIT,ONLINE,PENDING
4800,0,2024-02-07,400.44,EUR,DEBIT,ONLINE,PENDING
4801,0,2024-01-22,4574.44,GBP,TRANSFER,MOBILE,PENDING
4802,0,2024-02-10,4171.07,GBP,CREDIT,MOBILE,REVERSED
4803,310,2024-03-08,3806.14,EUR,TRANSFER,ONLINE,REVERSED
4804,146,2024-02-27,4417.26,USD,DEBIT,ATM,POSTED
4805,0,2024-01-29,4198.84,EUR,TRANSFER,MOBILE,POSTED
4806,386,2024-01-22,1048.83,EUR,DEBIT,ONLINE,PENDING
4807,267,2024-02-25,4900.83,EUR,CREDIT,MOBILE,REVERSED
4808,0,2024-02-24,4723.76,GBP,TRANSFER,BRANCH,POSTED
4809,0,2024-03-08,2314.38,USD,DEBIT,ONLINE,POSTED
4810,0,2024-03-02,2244.73,EUR,CREDIT,MOBILE,POSTED
4811,3,2024-02-22,910.8,GBP,DEBIT,ONLINE,PENDING
4812,0,2024-02-14,4066.52,GBP,TRANSFER,BRANCH,PENDING
4813,0,2024-02-24,868.25,GBP,DEBIT,MOBILE,PENDING
4814,0,2024-01-05,280.62,USD,DEBIT,BRANCH,REVERSED
4815,0,2024-03-15,2349.61,EUR,DEBIT,MOBILE,POSTED
4816,,2024-03-26,4124.75,EUR,TRANSFER,BRANCH,PENDING
4817,11,2024-02-09,3546.22,USD,DEBIT,ONLINE,PENDING
4818,0,2024-02-07,4541.3,GBP,TRANSFER,ONLINE,REVERSED
4819,456,2024-02-28,3246.55,USD,DEBIT,ATM,PENDING
4820,0,2024-03-12,2687.65,EUR,CREDIT,MOBILE,REVERSED
4821,146,2024-02-21,4347.36,USD,DEBIT,MOBILE,PENDING
4822,0,2024-01-02,1485.8,USD,TRANSFER,BRANCH,REVERSED
4823,0,2024-03-04,3730.81,EUR,DEBIT,ONLINE,REVERSED
4824,493,2024-03-29,816.01,GBP,TRANSFER,BRANCH,PENDING
4825,0,2024-03-29,2189.08,EUR,TRANSFER,MOBILE,POSTED
4826,0,2024-03-19,1309.59,USD,TRANSFER,BRANCH,POSTED
4827,0,2024-01-05,2441.46,EUR,TRANSFER,BRANCH,POSTED
4828,0,2024-01-17,4720.33,EUR,DEBIT,ONLINE,REVERSED
4829,0,2024-03-29,587.52,GBP,TRANSFER,MOBILE,POSTED
4830,192,2024-01-19,2721.96,EUR,CREDIT,MOBILE,REVERSED
4831,0,2024-02-11,4455.57,GBP,DEBIT,ATM,REVERSED
4832,0,2024-01-15,1830.51,EUR,DEBIT,MOBILE,PENDING
4833,101,2024-02-11,2019.1,EUR,DEBIT,MOBILE,PENDING
4834,0,2024-02-28,355.32,USD,CREDIT,BRANCH,REVERSED
4835,0,2024-03-20,1841.09,GBP,TRANSFER,BRANCH,PENDING
4836,174,2024-03-13,1716.96,GBP,CREDIT,BRANCH,POSTED
4837,165,2024-03-24,1200.71,GBP,CREDIT,ONLINE,REVERSED
4838,,2024-01-11,2216.11,USD,TRANSFER,BRANCH,PENDING
4839,286,2024-01-29,3121.7,EUR,TRANSFER,BRANCH,POSTED
4840,,2024-03-25,4484.53,EUR,DEBIT,MOBILE,REVERSED
4841,330,2024-03-05,820.96,EUR,CREDIT,BRANCH,POSTED
4842,312,2024-03-21,3549.12,EUR,CREDIT,BRANCH,PENDING
4843,0,2024-02-07,1599.03,EUR,DEBIT,ATM,REVERSED
4844,0,2024-03-21,1929.2,GBP,CREDIT,MOBILE,POSTED
4845,0,2024-03-11,708.34,EUR,DEBIT,BRANCH,REVERSED
4846,88,2024-01-12,3929.08,GBP,CREDIT,BRANCH,POSTED
4847,,2024-01-23,2914.16,USD,DEBIT,BRANCH,REVERSED
4848,402,2024-01-03,2879.8,EUR,DEBIT,ATM,REVERSED
4849,185,2024-03-25,824.67,USD,TRANSFER,BRANCH,REVERSED
4850,0,2024-01-04,1412.28,USD,TRANSFER,BRANCH,POSTED
4851,0,2024-03-24,1184.1,EUR,CREDIT,BRANCH,PENDING
4852,0,2024-03-11,4500.32,EUR,DEBIT,ONLINE,PENDING
4853,,2024-01-30,1310.67,GBP,TRANSFER,BRANCH,PENDING
4854,0,2024-01-28,3004.53,GBP,TRANSFER,MOBILE,REVERSED
4855,0,2024-02-29,2138.17,USD,DEBIT,ONLINE,PENDING
4856,0,2024-01-17,580.76,EUR,DEBIT,ATM,POSTED
4857,0,2024-03-30,3539.04,GBP,DEBIT,ONLINE,POSTED
4858,0,2024-03-16,4296.63,GBP,DEBIT,ONLINE,REVERSED
4859,0,2024-03-18,254.65,GBP,TRANSFER,ATM,REVERSED
4860,0,2024-02-22,1510.79,USD,DEBIT,ONLINE,POSTED
4861,55,2024-03-27,2879.0,GBP,DEBIT,ONLINE,POSTED
4862,0,2024-01-25,1605.35,GBP,TRANSFER,ONLINE,POSTED
4863,0,2024-01-20,1168.29,USD,TRANSFER,MOBILE,PENDING
4864,0,2024-02-08,4869.02,GBP,TRANSFER,ATM,PENDING
4865,0,2024-03-24,1089.06,GBP,TRANSFER,ATM,REVERSED
4866,0,2024-03-05,3966.12,USD,CREDIT,ATM,PENDING
4867,15,2024-01-15,1196.65,EUR,DEBIT,ATM,POSTED
4868,0,2024-02-03,2962.58,USD,DEBIT,MOBILE,POSTED
4869,0,2024-03-07,2374.27,USD,CREDIT,ATM,REVERSED
4870,0,2024-02-14,3755.89,EUR,CREDIT,MOBILE,POSTED
4871,0,2024-02-18,3779.76,EUR,DEBIT,MOBILE,POSTED
4872,339,2024-03-04,4798.45,GBP,TRANSFER,ATM,POSTED
4873,0,2024-03-26,3722.02,EUR,CREDIT,MOBILE,POSTED
4874,388,2024-03-14,3060.65,EUR,DEBIT,MOBILE,PENDING
4875,11,2024-01-02,1727.5,GBP,CREDIT,MOBILE,REVERSED
4876,495,2024-02-20,1986.67,GBP,DEBIT,ONLINE,POSTED
4877,0,2024-02-29,297.27,USD,DEBIT,BRANCH,REVERSED
4878,400,2024-01-04,2900.41,EUR,CREDIT,ATM,REVERSED
4879,0,2024-02-01,913.85,USD,DEBIT,ATM,PENDING
4880,0,2024-03-09,3891.8,USD,CREDIT,ONLINE,REVERSED
4881,87,2024-02-01,2341.13,GBP,TRANSFER,ATM,REVERSED
4882,0,2024-01-19,2623.47,USD,TRANSFER,ONLINE,REVERSED
4883,0,2024-02-13,3713.73,USD,CREDIT,ATM,POSTED
4884,0,2024-01-15,4470.93,USD,DEBIT,ONLINE,PENDING
4885,0,2024-01-22,3891.65,EUR,CREDIT,MOBILE,REVERSED
4886,0,2024-01-27,2739.47,USD,DEBIT,MOBILE,REVERSED
4887,98,2024-01-19,4764.28,GBP,DEBIT,ATM,PENDING
4888,0,2024-02-22,1277.43,USD,TRANSFER,BRANCH,PENDING
4889,0,2024-02-05,2586.79,GBP,CREDIT,BRANCH,POSTED
4890,0,2024-03-03,3833.85,EUR,DEBIT,MOBILE,POSTED
4891,0,2024-02-12,1726.69,EUR,TRANSFER,MOBILE,PENDING
4892,0,2024-01-16,1301.48,GBP,CREDIT,ATM,REVERSED
4893,0,2024-02-04,1266.05,EUR,CREDIT,MOBILE,POSTED
4894,0,2024-02-09,3556.99,GBP,CREDIT,ATM,POSTED
4895,0,2024-02-18,592.2,USD,CREDIT,ATM,POSTED
4896,38,2024-01-12,2582.47,EUR,CREDIT,ATM,PENDING
4897,0,2024-03-21,1348.8,USD,CREDIT,ONLINE,REVERSED
4898,0,2024-02-01,1899.49,USD,DEBIT,MOBILE,PENDING
4899,0,2024-02-04,4034.97,EUR,CREDIT,BRANCH,REVERSED
4900,0,2024-02-05,4959.41,GBP,CREDIT,MOBILE,PENDING
4901,0,2024-01-30,4962.39,EUR,DEBIT,MOBILE,REVERSED
4902,77,2024-03-04,3877.41,EUR,TRANSFER,MOBILE,REVERSED
4903,0,2024-02-04,3435.26,GBP,DEBIT,MOBILE,REVERSED
4904,106,2024-02-19,3989.41,EUR,TRANSFER,BRANCH,REVERSED
4905,28,2024-03-15,1624.9,GBP,TRANSFER,MOBILE,POSTED
4906,299,2024-01-25,1293.93,GBP,TRANSFER,ATM,PENDING
4907,0,2024-02-16,166.7,EUR,DEBIT,ONLINE,PENDING
4908,404,2024-02-03,4280.81,EUR,DEBIT,BRANCH,REVERSED
4909,0,2024-03-12,1360.78,GBP,CREDIT,MOBILE,POSTED
4910,0,2024-02-23,864.43,USD,TRANSFER,BRANCH,REVERSED
4911,0,2024-02-12,4381.49,EUR,CREDIT,ONLINE,REVERSED
4912,130,2024-02-06,3065.67,USD,CREDIT,BRANCH,PENDING
4913,0,2024-01-11,4904.88,GBP,CREDIT,BRANCH,PENDING
4914,0,2024-02-13,843.61,EUR,DEBIT,ATM,PENDING
4915,380,2024-01-09,3242.16,USD,DEBIT,BRANCH,PENDING
4916,0,2024-03-25,3916.0,GBP,CREDIT,ONLINE,POSTED
4917,0,2024-01-16,4080.76,GBP,DEBIT,ONLINE,POSTED
4918,0,2024-03-06,3030.59,GBP,DEBIT,ATM,POSTED
4919,0,2024-01-02,2326.15,EUR,DEBIT,BRANCH,REVERSED
4920,0,2024-02-27,2025.77,EUR,TRANSFER,ONLINE,POSTED
4921,447,2024-03-13,1509.38,USD,DEBIT,BRANCH,POSTED
4922,0,2024-03-22,4239.19,EUR,CREDIT,BRANCH,POSTED
4923,454,2024-03-10,1010.76,EUR,CREDIT,ONLINE,REVERSED
4924,0,2024-03-01,3565.0,USD,TRANSFER,MOBILE,REVERSED
4925,63,2024-03-25,1041.39,EUR,CREDIT,BRANCH,PENDING
4926,0,2024-02-28,4752.98,USD,DEBIT,ATM,PENDING
4927,0,2024-01-17,4417.77,GBP,DEBIT,MOBILE,POSTED
4928,0,2024-03-07,3952.19,USD,DEBIT,ATM,PENDING
4929,,2024-01-16,580.85,USD,DEBIT,ATM,PENDING
4930,131,2024-02-02,1909.74,GBP,DEBIT,ATM,REVERSED
4931,123,2024-01-08,3791.48,USD,CREDIT,BRANCH,POSTED
4932,,2024-02-08,4365.94,USD,DEBIT,BRANCH,REVERSED
4933,0,2024-03-04,4999.94,GBP,CREDIT,BRANCH,REVERSED
4934,0,2024-03-04,2293.0,EUR,CREDIT,ATM,REVERSED
4935,0,2024-02-01,863.74,EUR,DEBIT,ATM,REVERSED
4936,,2024-03-12,4141.73,GBP,DEBIT,ONLINE,PENDING
4937,0,2024-03-15,302.95,USD,TRANSFER,MOBILE,PENDING
4938,,2024-01-19,2706.17,USD,TRANSFER,ONLINE,REVERSED
4939,424,2024-03-14,3233.29,USD,CREDIT,ATM,PENDING
4940,0,2024-03-26,2648.5,EUR,TRANSFER,ATM,POSTED
4941,0,2024-03-01,49.12,GBP,TRANSFER,ATM,PENDING
4942,0,2024-02-01,2437.6,EUR,TRANSFER,MOBILE,REVERSED
4943,,2024-02-25,3757.55,GBP,DEBIT,ONLINE,POSTED
4944,0,2024-01-05,2853.62,GBP,DEBIT,BRANCH,REVERSED
4945,0,2024-01-20,3362.26,GBP,CREDIT,MOBILE,REVERSED
4946,0,2024-02-26,4326.29,GBP,DEBIT,MOBILE,PENDING
4947,0,2024-03-01,3992.42,GBP,CREDIT,BRANCH,PENDING
4948,0,2024-01-18,2135.93,USD,CREDIT,BRANCH,POSTED
4949,261,2024-01-21,2511.22,USD,TRANSFER,BRANCH,PENDING
4950,0,2024-02-14,18.46,EUR,DEBIT,BRANCH,PENDING
4951,386,2024-01-20,305.99,USD,DEBIT,MOBILE,REVERSED
4952,115,2024-01-08,1084.32,GBP,CREDIT,BRANCH,PENDING
4953,0,2024-02-17,4762.28,EUR,DEBIT,ATM,REVERSED
4954,388,2024-01-05,4995.47,USD,CREDIT,ATM,REVERSED
4955,0,2024-02-12,433.62,GBP,CREDIT,ONLINE,REVERSED
4956,0,2024-02-29,1999.16,USD,CREDIT,ATM,POSTED
4957,0,2024-03-12,1001.33,GBP,TRANSFER,ATM,POSTED
4958,,2024-02-15,4202.97,EUR,CREDIT,MOBILE,REVERSED
4959,99,2024-01-18,2463.34,EUR,DEBIT,BRANCH,POSTED
4960,0,2024-02-15,3486.06,EUR,TRANSFER,ONLINE,PENDING
4961,0,2024-01-29,2486.96,EUR,DEBIT,BRANCH,REVERSED
4962,0,2024-01-05,1166.16,EUR,TRANSFER,MOBILE,REVERSED
4963,0,2024-01-07,35.52,GBP,TRANSFER,BRANCH,POSTED
4964,0,2024-02-02,4678.09,EUR,DEBIT,MOBILE,POSTED
4965,0,2024-01-25,1166.87,EUR,TRANSFER,ATM,REVERSED
4966,0,2024-03-06,1053.5,USD,CREDIT,MOBILE,REVERSED
4967,42,2024-01-17,1800.88,USD,TRANSFER,ATM,PENDING
4968,0,2024-02-26,506.04,GBP,TRANSFER,BRANCH,REVERSED
4969,0,2024-03-02,4747.44,GBP,TRANSFER,MOBILE,REVERSED
4970,0,2024-03-24,3139.54,USD,CREDIT,BRANCH,PENDING
4971,0,2024-03-29,721.25,USD,CREDIT,ONLINE,PENDING
4972,0,2024-01-21,2175.95,EUR,CREDIT,ONLINE,REVERSED
4973,0,2024-02-27,991.9,GBP,CREDIT,BRANCH,REVERSED
4974,0,2024-01-17,2631.34,GBP,DEBIT,ATM,POSTED
4975,0,2024-03-19,4550.98,USD,TRANSFER,ONLINE,REVERSED
4976,0,2024-03-29,1862.1,EUR,DEBIT,ATM,REVERSED
4977,0,2024-03-15,4121.55,USD,CREDIT,BRANCH,POSTED
4978,0,2024-01-04,639.71,EUR,CREDIT,MOBILE,PENDING
4979,377,2024-03-24,2620.52,GBP,TRANSFER,ATM,PENDING
4980,0,2024-01-29,4952.34,USD,CREDIT,MOBILE,POSTED
4981,424,2024-03-13,2885.45,GBP,CREDIT,ONLINE,POSTED
4982,0,2024-02-15,3621.07,EUR,TRANSFER,ATM,POSTED
4983,0,2024-01-24,1552.79,USD,CREDIT,ONLINE,POSTED
4984,0,2024-02-15,2830.33,USD,DEBIT,MOBILE,PENDING
4985,0,2024-03-27,4928.95,EUR,TRANSFER,BRANCH,REVERSED
4986,0,2024-03-17,1445.86,EUR,TRANSFER,BRANCH,PENDING
4987,146,2024-02-23,1812.11,GBP,TRANSFER,BRANCH,POSTED
4988,0,2024-01-08,2568.22,EUR,DEBIT,ATM,POSTED
4989,,2024-01-12,79.49,EUR,TRANSFER,MOBILE,POSTED
4990,0,2024-02-18,1108.02,GBP,DEBIT,BRANCH,REVERSED
4991,0,2024-02-29,1025.23,GBP,DEBIT,ONLINE,REVERSED
4992,0,2024-03-05,2260.64,GBP,DEBIT,ATM,PENDING
4993,0,2024-01-01,3984.94,GBP,DEBIT,ATM,REVERSED
4994,0,2024-03-11,2597.47,USD,TRANSFER,ATM,REVERSED
4995,0,2024-01-20,2067.34,USD,CREDIT,ONLINE,REVERSED
4996,0,2024-02-15,3070.57,GBP,CREDIT,ATM,PENDING
4997,407,2024-01-08,3934.67,GBP,TRANSFER,ATM,REVERSED
4998,0,2024-01-13,4592.37,USD,TRANSFER,BRANCH,REVERSED
4999,55,2024-01-02,1428.54,USD,DEBIT,BRANCH,PENDING
