transaction_id,transaction_date,country,customer_id,account_id,amount,currency,transaction_type,channel,status
0,2024-01-21,DE,12,759,1375.87,EUR,DEBIT,ATM,REVERSED
1,2024-01-24,BE,44,604,2110.19,EUR,DEBIT,ONLINE,POSTED
2,2024-01-17,PT,13,574,994.99,GBP,TRANSFER,MOBILE,POSTED
3,2024-01-15,PT,142,6,3794.28,EUR,TRANSFER,MOBILE,PENDING
4,2024-01-09,ES,110,781,1683.64,EUR,CREDIT,ATM,PENDING
5,2024-01-28,UK,309,270,4035.83,GBP,CREDIT,ATM,PENDING
6,2024-01-03,BE,150,643,3092.98,USD,TRANSFER,ONLINE,REVERSED
7,2024-01-03,FR,338,233,3865.57,EUR,DEBIT,ATM,PENDING
8,2024-01-09,NL,325,373,814.11,USD,DEBIT,BRANCH,REVERSED
9,2024-01-30,DE,311,650,856.52,GBP,DEBIT,ONLINE,PENDING
10,2024-01-13,US,473,655,3441.12,EUR,TRANSFER,BRANCH,POSTED
11,2024-01-08,FR,412,323,2006.42,EUR,DEBIT,BRANCH,POSTED
12,2024-01-21,NL,202,658,2294.8,USD,DEBIT,ONLINE,REVERSED
13,2024-01-18,BE,134,764,2923.35,GBP,CREDIT,BRANCH,POSTED
14,2024-01-05,BE,252,93,3779.16,EUR,DEBIT,ONLINE,REVERSED
15,2024-01-14,PT,32,394,1908.71,USD,TRANSFER,BRANCH,REVERSED
16,2024-01-28,FR,348,738,573.64,GBP,CREDIT,BRANCH,POSTED
17,2024-01-10,MA,80,464,17.22,GBP,TRANSFER,BRANCH,REVERSED
18,2024-01-25,ES,259,108,4352.72,USD,TRANSFER,ONLINE,POSTED
19,2024-01-12,ES,276,797,4612.25,EUR,TRANSFER,BRANCH,PENDING
20,2024-01-01,DE,475,371,4393.73,USD,DEBIT,ATM,POSTED
21,2024-01-29,PT,484,80,429.18,USD,DEBIT,ONLINE,POSTED
22,2024-01-22,NL,484,562,826.47,GBP,TRANSFER,MOBILE,POSTED
23,2024-01-30,BE,386,747,3449.65,GBP,CREDIT,MOBILE,REVERSED
24,2024-01-21,UK,224,529,2257.98,EUR,DEBIT,ATM,PENDING
25,2024-01-01,PT,283,235,2942.61,EUR,DEBIT,ATM,POSTED
26,2024-01-03,FR,440,338,355.22,EUR,CREDIT,MOBILE,POSTED
27,2024-01-18,ES,370,584,2881.48,EUR,CREDIT,MOBILE,POSTED
28,2024-01-04,DE,337,441,1772.13,USD,CREDIT,ATM,REVERSED
29,2024-01-21,DE,31,412,3641.34,EUR,DEBIT,ONLINE,POSTED
30,2024-01-18,NL,71,432,918.26,USD,DEBIT,ATM,PENDING
31,2024-01-26,BE,50,51,3261.07,GBP,DEBIT,ATM,POSTED
32,2024-01-06,MA,248,492,1069.52,USD,DEBIT,ONLINE,PENDING
33,2024-01-01,MA,135,465,1426.96,GBP,TRANSFER,MOBILE,POSTED
34,2024-01-07,US,111,59,2896.32,GBP,DEBIT,BRANCH,POSTED
35,2024-01-02,PT,244,514,4597.02,GBP,DEBIT,ATM,REVERSED
36,2024-01-03,ES,35,609,340.74,EUR,CREDIT,ATM,REVERSED
37,2024-01-08,PT,304,40,3097.29,USD,TRANSFER,BRANCH,PENDING
38,2024-01-07,UK,122,271,1979.53,GBP,TRANSFER,BRANCH,PENDING
39,2024-01-11,DE,4,469,3106.18,GBP,DEBIT,ATM,REVERSED
40,2024-01-07,BE,135,135,4666.36,EUR,DEBIT,BRANCH,PENDING
41,2024-01-06,NL,426,556,3518.0,GBP,TRANSFER,ATM,REVERSED
42,2024-01-27,BE,153,679,518.83,EUR,CREDIT,ATM,POSTED
43,2024-01-24,BE,79,278,1409.5,EUR,TRANSFER,BRANCH,POSTED
44,2024-01-22,US,258,500,1256.36,EUR,DEBIT,MOBILE,PENDING
45,2024-01-02,FR,170,789,654.97,USD,DEBIT,MOBILE,REVERSED
46,2024-01-23,MA,287,9,560.26,GBP,DEBIT,ATM,PENDING
47,2024-01-19,BE,75,440,638.1,USD,CREDIT,ATM,PENDING
48,2024-01-07,IT,341,105,1769.04,GBP,CREDIT,ONLINE,POSTED
49,2024-01-28,ES,499,181,4407.2,EUR,DEBIT,BRANCH,PENDING
50,2024-01-26,IT,136,163,3937.09,EUR,CREDIT,ATM,PENDING
51,2024-01-08,IT,418,471,1748.94,EUR,DEBIT,ATM,REVERSED
52,2024-01-07,MA,168,285,4321.9,USD,CREDIT,MOBILE,REVERSED
53,2024-01-27,BE,169,28,577.59,USD,DEBIT,BRANCH,POSTED
54,2024-01-04,PT,222,353,3643.0,USD,CREDIT,ATM,PENDING
55,2024-01-29,PT,97,260,222.89,USD,DEBIT,ONLINE,PENDING
56,2024-01-14,DE,485,680,4603.93,GBP,CREDIT,ATM,REVERSED
57,2024-01-29,US,259,316,3334.8,USD,CREDIT,BRANCH,REVERSED
58,2024-01-05,IT,215,680,4701.88,GBP,TRANSFER,ONLINE,REVERSED
59,2024-01-19,US,207,561,4168.79,USD,CREDIT,ONLINE,PENDING
60,2024-01-26,PT,310,670,1611.92,USD,CREDIT,ONLINE,REVERSED
61,2024-01-16,ES,337,86,1419.65,GBP,TRANSFER,BRANCH,POSTED
62,2024-01-27,IT,344,317,1123.98,EUR,DEBIT,ATM,POSTED
63,2024-01-08,NL,312,786,365.07,USD,TRANSFER,ONLINE,REVERSED
64,2024-01-23,MA,253,409,1220.68,GBP,TRANSFER,ATM,POSTED
65,2024-01-25,MA,112,180,4020.75,GBP,TRANSFER,MOBILE,POSTED
66,2024-01-18,IT,469,124,2282.85,USD,TRANSFER,BRANCH,PENDING
67,2024-01-20,BE,218,561,2230.12,EUR,TRANSFER,MOBILE,PENDING
68,2024-01-09,IT,430,652,1387.28,GBP,CREDIT,ONLINE,PENDING
69,2024-01-15,DE,365,292,1173.23,USD,CREDIT,ATM,POSTED
70,2024-01-05,IT,196,710,764.87,EUR,DEBIT,MOBILE,PENDING
71,2024-01-11,BE,238,425,312.27,USD,CREDIT,ATM,REVERSED
72,2024-01-13,NL,3,360,1493.76,USD,CREDIT,ONLINE,PENDING
73,2024-01-08,US,223,497,146.1,USD,TRANSFER,MOBILE,REVERSED
74,2024-01-06,NL,470,130,4903.63,GBP,DEBIT,MOBILE,REVERSED
75,2024-01-19,FR,42,658,2143.64,USD,DEBIT,ATM,PENDING
76,2024-01-13,UK,108,465,1634.9,USD,CREDIT,MOBILE,PENDING
77,2024-01-27,DE,240,19,3745.37,EUR,CREDIT,ONLINE,REVERSED
78,2024-01-03,FR,386,31,4748.11,EUR,DEBIT,ONLINE,POSTED
79,2024-01-05,NL,342,117,2820.28,EUR,CREDIT,BRANCH,PENDING
80,2024-01-06,PT,310,765,3592.07,EUR,CREDIT,ATM,REVERSED
81,2024-01-01,US,294,693,4540.22,USD,CREDIT,ONLINE,POSTED
82,2024-01-19,IT,52,713,3862.63,GBP,TRANSFER,ATM,REVERSED
83,2024-01-26,FR,177,545,2142.46,USD,DEBIT,BRANCH,POSTED
84,2024-01-28,MA,421,501,528.59,USD,TRANSFER,MOBILE,REVERSED
85,2024-01-05,MA,90,751,2609.21,GBP,CREDIT,MOBILE,PENDING
86,2024-01-14,PT,137,330,4258.71,EUR,CREDIT,MOBILE,POSTED
87,2024-01-25,NL,291,624,3341.27,USD,DEBIT,MOBILE,PENDING
88,2024-01-06,NL,108,363,3989.36,USD,CREDIT,BRANCH,REVERSED
89,2024-01-01,BE,485,195,428.98,GBP,CREDIT,MOBILE,REVERSED
90,2024-01-25,IT,353,487,3229.87,USD,CREDIT,ATM,POSTED
91,2024-01-10,IT,207,708,1217.28,GBP,TRANSFER,BRANCH,PENDING
92,2024-01-18,BE,176,435,4983.16,GBP,CREDIT,BRANCH,REVERSED
93,2024-01-15,US,156,257,1153.46,GBP,DEBIT,BRANCH,POSTED
94,2024-01-24,BE,486,780,3451.13,EUR,DEBIT,MOBILE,PENDING
95,2024-01-24,PT,389,537,2984.36,EUR,DEBIT,BRANCH,POSTED
96,2024-01-12,ES,154,14,3540.38,EUR,CREDIT,ATM,POSTED
97,2024-01-18,US,357,129,3189.71,USD,DEBIT,ATM,REVERSED
98,2024-01-10,NL,245,451,1704.19,EUR,CREDIT,MOBILE,POSTED
99,2024-01-27,DE,205,503,371.34,GBP,TRANSFER,ATM,POSTED
100,2024-01-05,PT,485,311,426.82,EUR,DEBIT,MOBILE,REVERSED
101,2024-01-20,PT,115,794,2613.34,USD,CREDIT,BRANCH,REVERSED
102,2024-01-14,US,291,635,302.09,GBP,DEBIT,ONLINE,REVERSED
103,2024-01-07,US,338,83,786.13,EUR,TRANSFER,ATM,POSTED
104,2024-01-01,MA,230,705,2969.46,USD,DEBIT,ONLINE,PENDING
105,2024-01-23,US,359,464,356.83,EUR,CREDIT,ONLINE,PENDING
106,2024-01-04,BE,115,663,745.8,USD,DEBIT,ATM,POSTED
107,2024-01-06,US,304,766,4121.38,USD,CREDIT,ATM,PENDING
108,2024-01-23,US,358,412,4713.44,GBP,TRANSFER,MOBILE,PENDING
109,2024-01-03,PT,20,442,3672.94,GBP,CREDIT,ATM,POSTED
110,2024-01-08,PT,300,21,4997.86,GBP,CREDIT,ATM,POSTED
111,2024-01-16,BE,333,452,4580.45,EUR,TRANSFER,MOBILE,REVERSED
112,2024-01-27,NL,496,93,2350.58,USD,CREDIT,BRANCH,REVERSED
113,2024-01-04,ES,168,421,3468.67,USD,TRANSFER,MOBILE,REVERSED
114,2024-01-02,NL,45,322,1262.74,EUR,CREDIT,ATM,REVERSED
115,2024-01-28,BE,236,423,271.97,GBP,CREDIT,MOBILE,REVERSED
116,2024-01-15,FR,104,273,2746.55,USD,CREDIT,MOBILE,POSTED
117,2024-01-01,PT,409,245,3549.2,USD,TRANSFER,ATM,REVERSED
118,2024-01-14,DE,115,116,2307.78,EUR,TRANSFER,ONLINE,PENDING
119,2024-01-30,US,260,722,1367.85,USD,CREDIT,ONLINE,PENDING
120,2024-01-18,ES,196,195,4609.42,GBP,TRANSFER,ONLINE,POSTED
121,2024-01-09,MA,174,519,1336.6,EUR,CREDIT,BRANCH,REVERSED
122,2024-01-19,NL,443,152,2233.29,USD,CREDIT,BRANCH,REVERSED
123,2024-01-25,BE,193,466,4664.33,EUR,TRANSFER,ONLINE,REVERSED
124,2024-01-13,IT,438,794,2054.46,USD,TRANSFER,MOBILE,REVERSED
125,2024-01-30,MA,197,679,3962.18,GBP,DEBIT,MOBILE,POSTED
126,2024-01-05,BE,494,604,1660.64,EUR,CREDIT,ATM,REVERSED
127,2024-01-30,NL,7,739,721.63,GBP,DEBIT,ATM,PENDING
128,2024-01-26,US,173,638,3463.83,GBP,DEBIT,BRANCH,REVERSED
129,2024-01-28,BE,194,324,3134.37,USD,TRANSFER,ATM,REVERSED
130,2024-01-03,IT,323,700,4604.72,EUR,TRANSFER,ATM,PENDING
131,2024-01-04,DE,227,170,3470.31,EUR,DEBIT,BRANCH,POSTED
132,2024-01-10,UK,191,441,728.7,GBP,CREDIT,ONLINE,POSTED
133,2024-01-06,DE,312,391,3098.93,EUR,CREDIT,ONLINE,POSTED
134,2024-01-15,US,235,261,3334.54,USD,CREDIT,ONLINE,POSTED
135,2024-01-15,UK,300,306,3195.05,USD,TRANSFER,BRANCH,PENDING
136,2024-01-28,US,101,393,4266.82,EUR,DEBIT,MOBILE,REVERSED
137,2024-01-12,PT,151,716,1476.86,GBP,CREDIT,BRANCH,POSTED
138,2024-01-19,FR,466,620,3726.12,USD,DEBIT,BRANCH,POSTED
139,2024-01-21,IT,317,256,3389.14,GBP,TRANSFER,ONLINE,REVERSED
140,2024-01-04,FR,158,451,167.79,USD,TRANSFER,ONLINE,POSTED
141,2024-01-30,US,167,765,2078.1,EUR,DEBIT,BRANCH,REVERSED
142,2024-01-17,US,425,168,1285.59,USD,CREDIT,BRANCH,POSTED
143,2024-01-15,DE,72,772,4832.53,GBP,TRANSFER,MOBILE,REVERSED
144,2024-01-12,DE,404,404,70.58,GBP,DEBIT,MOBILE,PENDING
145,2024-01-22,US,299,390,4112.26,USD,DEBIT,ONLINE,PENDING
146,2024-01-01,PT,452,574,1640.7,GBP,DEBIT,ATM,REVERSED
147,2024-01-27,NL,465,717,1511.65,USD,DEBIT,ONLINE,POSTED
148,2024-01-02,US,252,118,486.86,GBP,DEBIT,MOBILE,PENDING
149,2024-01-12,BE,214,601,3711.6,EUR,CREDIT,ATM,PENDING
150,2024-01-20,MA,480,286,164.55,USD,DEBIT,MOBILE,PENDING
151,2024-01-08,UK,50,702,1837.31,GBP,CREDIT,ATM,PENDING
152,2024-01-09,IT,495,125,4745.1,USD,DEBIT,ONLINE,REVERSED
153,2024-01-21,PT,497,21,253.84,USD,DEBIT,ONLINE,REVERSED
154,2024-01-07,DE,424,783,2771.48,GBP,DEBIT,ONLINE,PENDING
155,2024-01-25,ES,403,610,15.17,EUR,DEBIT,BRANCH,POSTED
156,2024-01-04,FR,67,15,1791.85,EUR,TRANSFER,BRANCH,POSTED
157,2024-01-06,US,26,129,3708.85,GBP,DEBIT,ATM,PENDING
158,2024-01-15,UK,262,607,546.16,GBP,DEBIT,ATM,REVERSED
159,2024-01-26,BE,154,469,3217.06,EUR,DEBIT,MOBILE,PENDING
160,2024-01-14,DE,251,729,4548.59,EUR,DEBIT,BRANCH,REVERSED
161,2024-01-05,DE,64,281,3121.96,GBP,TRANSFER,BRANCH,PENDING
162,2024-01-20,BE,150,464,2528.25,USD,DEBIT,ATM,REVERSED
163,2024-01-21,BE,369,220,2150.92,EUR,CREDIT,BRANCH,PENDING
164,2024-01-13,MA,373,97,1563.43,USD,TRANSFER,BRANCH,PENDING
165,2024-01-05,NL,34,93,4159.03,EUR,CREDIT,ATM,REVERSED
166,2024-01-24,UK,415,133,2782.3,GBP,TRANSFER,BRANCH,REVERSED
167,2024-01-04,MA,181,681,4705.71,USD,TRANSFER,ATM,PENDING
168,2024-01-20,US,180,106,2890.01,EUR,DEBIT,MOBILE,POSTED
169,2024-01-28,DE,179,569,1838.44,USD,TRANSFER,ONLINE,PENDING
170,2024-01-28,BE,498,785,4092.32,GBP,TRANSFER,ATM,REVERSED
171,2024-01-30,US,14,184,1367.08,USD,CREDIT,BRANCH,POSTED
172,2024-01-06,ES,289,673,2004.52,EUR,TRANSFER,ATM,POSTED
173,2024-01-24,BE,110,385,2099.74,USD,DEBIT,BRANCH,PENDING
174,2024-01-24,UK,397,581,2981.52,EUR,DEBIT,ONLINE,REVERSED
175,2024-01-02,DE,139,453,3310.03,USD,TRANSFER,MOBILE,PENDING
176,2024-01-09,IT,386,524,569.97,USD,DEBIT,BRANCH,REVERSED
177,2024-01-22,PT,249,539,3336.0,EUR,DEBIT,MOBILE,REVERSED
178,2024-01-02,FR,104,308,4726.68,EUR,CREDIT,BRANCH,PENDING
179,2024-01-04,FR,254,764,2153.84,EUR,CREDIT,ONLINE,REVERSED
180,2024-01-18,UK,36,406,4308.96,EUR,CREDIT,ATM,PENDING
181,2024-01-30,DE,441,320,2879.22,GBP,CREDIT,MOBILE,PENDING
182,2024-01-04,MA,10,332,860.19,GBP,CREDIT,BRANCH,POSTED
183,2024-01-14,DE,124,446,2944.77,GBP,DEBIT,MOBILE,PENDING
184,2024-01-24,UK,113,341,3895.81,EUR,TRANSFER,ATM,REVERSED
185,2024-01-17,IT,463,794,1747.53,GBP,TRANSFER,ONLINE,POSTED
186,2024-01-04,ES,131,202,868.32,EUR,TRANSFER,ATM,POSTED
187,2024-01-25,NL,237,772,2819.11,GBP,CREDIT,BRANCH,REVERSED
188,2024-01-11,ES,225,69,2345.14,GBP,CREDIT,BRANCH,REVERSED
189,2024-01-02,UK,259,75,1552.73,USD,DEBIT,ATM,PENDING
190,2024-01-27,US,39,660,4321.39,EUR,TRANSFER,MOBILE,PENDING
191,2024-01-19,BE,488,756,4479.49,USD,TRANSFER,ONLINE,PENDING
192,2024-01-20,NL,256,154,4788.65,USD,DEBIT,BRANCH,REVERSED
193,2024-01-03,BE,330,176,196.67,GBP,CREDIT,MOBILE,REVERSED
194,2024-01-17,PT,81,372,1864.89,USD,CREDIT,MOBILE,PENDING
195,2024-01-22,PT,26,646,3236.88,EUR,CREDIT,ATM,REVERSED
196,2024-01-22,MA,145,258,3618.94,GBP,TRANSFER,ONLINE,PENDING
197,2024-01-03,PT,339,144,4583.82,USD,TRANSFER,MOBILE,POSTED
198,2024-01-20,DE,158,572,1884.02,USD,DEBIT,ATM,REVERSED
199,2024-01-22,MA,260,370,92.13,USD,DEBIT,ONLINE,PENDING
200,2024-01-25,NL,98,231,4999.88,EUR,DEBIT,BRANCH,POSTED
201,2024-01-17,BE,427,756,4418.53,EUR,TRANSFER,BRANCH,REVERSED
202,2024-01-05,PT,192,157,812.07,GBP,TRANSFER,ONLINE,REVERSED
203,2024-01-15,FR,210,373,3382.14,EUR,CREDIT,BRANCH,REVERSED
204,2024-01-26,NL,119,546,1196.6,USD,DEBIT,BRANCH,REVERSED
205,2024-01-19,NL,236,787,1409.58,USD,TRANSFER,MOBILE,POSTED
206,2024-01-27,IT,410,619,692.85,USD,DEBIT,MOBILE,PENDING
207,2024-01-18,DE,364,528,4255.98,USD,DEBIT,ONLINE,PENDING
208,2024-01-15,BE,75,447,459.48,EUR,CREDIT,BRANCH,POSTED
209,2024-01-14,FR,202,514,1870.43,USD,DEBIT,BRANCH,POSTED
210,2024-01-01,UK,476,101,4196.04,GBP,CREDIT,ONLINE,POSTED
211,2024-01-02,US,469,483,3480.66,EUR,TRANSFER,MOBILE,PENDING
212,2024-01-20,FR,463,81,96.0,EUR,DEBIT,MOBILE,POSTED
213,2024-01-25,US,121,308,610.12,EUR,CREDIT,MOBILE,POSTED
214,2024-01-04,NL,305,548,83.16,GBP,TRANSFER,ONLINE,REVERSED
215,2024-01-05,US,219,1,3074.43,EUR,TRANSFER,MOBILE,POSTED
216,2024-01-22,DE,268,369,339.33,GBP,TRANSFER,ATM,PENDING
217,2024-01-28,NL,22,650,1935.02,USD,CREDIT,ATM,PENDING
218,2024-01-26,DE,176,246,3664.97,GBP,DEBIT,BRANCH,POSTED
219,2024-01-02,UK,279,346,4067.73,EUR,TRANSFER,MOBILE,REVERSED
220,2024-01-16,ES,415,138,316.44,USD,DEBIT,BRANCH,POSTED
221,2024-01-02,IT,453,42,1578.66,USD,TRANSFER,MOBILE,REVERSED
222,2024-01-16,US,18,771,3234.86,USD,CREDIT,ATM,REVERSED
223,2024-01-11,US,63,376,2185.32,USD,TRANSFER,MOBILE,PENDING
224,2024-01-11,ES,254,708,2488.12,GBP,CREDIT,ATM,REVERSED
225,2024-01-14,DE,220,616,4975.5,EUR,TRANSFER,BRANCH,PENDING
226,2024-01-04,DE,167,676,1478.9,USD,TRANSFER,MOBILE,POSTED
227,2024-01-23,NL,179,457,212.73,USD,TRANSFER,MOBILE,PENDING
228,2024-01-21,FR,38,687,3187.93,USD,TRANSFER,ONLINE,POSTED
229,2024-01-05,PT,347,448,174.96,EUR,DEBIT,BRANCH,PENDING
230,2024-01-13,PT,16,619,768.04,USD,CREDIT,BRANCH,PENDING
231,2024-01-25,DE,293,140,2647.77,USD,CREDIT,BRANCH,POSTED
232,2024-01-04,FR,376,190,2495.72,USD,TRANSFER,ATM,PENDING
233,2024-01-25,US,360,456,1073.64,GBP,CREDIT,MOBILE,POSTED
234,2024-01-04,ES,436,75,2260.76,GBP,CREDIT,ATM,REVERSED
235,2024-01-28,UK,341,355,3547.99,GBP,TRANSFER,BRANCH,PENDING
236,2024-01-28,ES,364,726,4636.69,GBP,DEBIT,BRANCH,REVERSED
237,2024-01-08,DE,102,142,1184.44,USD,DEBIT,BRANCH,REVERSED
238,2024-01-19,UK,239,564,649.73,EUR,DEBIT,BRANCH,PENDING
239,2024-01-23,NL,269,420,3846.05,GBP,DEBIT,ONLINE,PENDING
240,2024-01-21,DE,230,477,3400.86,USD,DEBIT,ONLINE,POSTED
241,2024-01-14,BE,466,56,4157.12,GBP,DEBIT,BRANCH,POSTED
242,2024-01-06,UK,478,726,1128.13,GBP,CREDIT,ATM,PENDING
243,2024-01-07,BE,140,128,3125.49,GBP,TRANSFER,ATM,REVERSED
244,2024-01-21,ES,303,594,771.82,GBP,TRANSFER,BRANCH,REVERSED
245,2024-01-02,FR,41,46,4742.79,GBP,CREDIT,ONLINE,REVERSED
246,2024-01-14,PT,327,31,2490.69,GBP,TRANSFER,BRANCH,REVERSED
247,2024-01-10,NL,125,701,2031.06,USD,DEBIT,ATM,POSTED
248,2024-01-15,MA,247,475,1020.91,GBP,DEBIT,BRANCH,REVERSED
249,2024-01-11,UK,499,408,654.7,USD,TRANSFER,ATM,PENDING
250,2024-01-08,NL,62,273,2248.53,EUR,DEBIT,ATM,PENDING
251,2024-01-13,PT,214,254,4813.47,EUR,CREDIT,BRANCH,POSTED
252,2024-01-25,ES,255,527,2334.61,USD,CREDIT,ATM,POSTED
253,2024-01-13,BE,234,246,1076.51,USD,DEBIT,ATM,PENDING
254,2024-01-16,PT,451,669,3362.93,USD,TRANSFER,ATM,POSTED
255,2024-01-14,ES,451,270,3637.81,USD,CREDIT,ATM,PENDING
256,2024-01-02,PT,287,199,1813.26,USD,DEBIT,MOBILE,REVERSED
257,2024-01-15,BE,143,638,3402.31,EUR,DEBIT,ATM,PENDING
258,2024-01-12,UK,285,374,3775.07,EUR,TRANSFER,MOBILE,REVERSED
259,2024-01-02,FR,19,140,3568.25,USD,TRANSFER,MOBILE,POSTED
260,2024-01-20,BE,71,335,4656.91,USD,DEBIT,MOBILE,REVERSED
261,2024-01-24,US,303,344,2537.07,GBP,TRANSFER,MOBILE,REVERSED
262,2024-01-19,US,243,17,1842.42,GBP,DEBIT,MOBILE,REVERSED
263,2024-01-10,FR,305,485,1328.39,GBP,TRANSFER,ONLINE,REVERSED
264,2024-01-02,PT,245,174,2621.64,GBP,TRANSFER,MOBILE,POSTED
265,2024-01-27,IT,16,586,4741.08,EUR,DEBIT,ATM,PENDING
266,2024-01-11,MA,77,422,3452.81,USD,TRANSFER,MOBILE,REVERSED
267,2024-01-24,FR,361,141,2593.9,GBP,CREDIT,MOBILE,REVERSED
268,2024-01-13,UK,489,177,2298.86,GBP,CREDIT,BRANCH,REVERSED
269,2024-01-25,US,312,495,962.13,EUR,CREDIT,BRANCH,POSTED
270,2024-01-10,US,360,212,3451.51,USD,CREDIT,MOBILE,PENDING
271,2024-01-18,US,147,124,2867.81,GBP,CREDIT,MOBILE,PENDING
272,2024-01-25,ES,148,43,1438.86,GBP,DEBIT,BRANCH,PENDING
273,2024-01-21,US,382,490,1070.72,GBP,CREDIT,BRANCH,POSTED
274,2024-01-04,PT,379,600,1197.17,EUR,TRANSFER,ONLINE,REVERSED
275,2024-01-08,FR,51,423,1652.14,USD,DEBIT,ONLINE,POSTED
276,2024-01-18,ES,208,668,4675.23,USD,CREDIT,ONLINE,PENDING
277,2024-01-11,US,330,60,4539.78,EUR,TRANSFER,ONLINE,REVERSED
278,2024-01-24,FR,467,179,2090.01,EUR,DEBIT,MOBILE,PENDING
279,2024-01-06,US,448,38,47.33,GBP,TRANSFER,ATM,PENDING
280,2024-01-10,NL,328,556,2622.07,EUR,TRANSFER,MOBILE,PENDING
281,2024-01-07,DE,169,166,3655.87,GBP,CREDIT,ONLINE,POSTED
282,2024-01-24,UK,404,302,2839.34,EUR,DEBIT,MOBILE,PENDING
283,2024-01-17,UK,44,410,3346.61,EUR,DEBIT,MOBILE,PENDING
284,2024-01-30,IT,3,267,1918.49,USD,CREDIT,BRANCH,PENDING
285,2024-01-19,PT,5,267,3268.76,GBP,DEBIT,ATM,REVERSED
286,2024-01-04,NL,157,163,2027.68,GBP,TRANSFER,BRANCH,REVERSED
287,2024-01-04,US,188,629,1105.03,EUR,CREDIT,ONLINE,PENDING
288,2024-01-24,PT,191,425,3510.0,USD,TRANSFER,ONLINE,POSTED
289,2024-01-22,PT,447,83,2628.01,GBP,TRANSFER,BRANCH,POSTED
290,2024-01-30,PT,57,63,4144.04,GBP,DEBIT,ONLINE,POSTED
291,2024-01-11,BE,226,119,3401.8,GBP,TRANSFER,MOBILE,POSTED
292,2024-01-29,BE,228,56,2267.71,GBP,CREDIT,MOBILE,REVERSED
293,2024-01-02,BE,236,688,4034.77,GBP,DEBIT,MOBILE,PENDING
294,2024-01-27,FR,381,223,2891.98,EUR,CREDIT,BRANCH,REVERSED
295,2024-01-03,BE,30,70,4930.7,USD,DEBIT,BRANCH,PENDING
296,2024-01-06,ES,392,656,4891.69,GBP,CREDIT,BRANCH,PENDING
297,2024-01-15,MA,192,82,3413.97,GBP,TRANSFER,ONLINE,REVERSED
298,2024-01-28,UK,60,182,4964.24,USD,TRANSFER,ONLINE,REVERSED
299,2024-01-08,FR,387,23,4892.47,USD,TRANSFER,MOBILE,REVERSED
300,2024-01-13,IT,126,471,1731.45,USD,DEBIT,ATM,POSTED
301,2024-01-26,MA,314,784,4681.25,EUR,DEBIT,ONLINE,POSTED
302,2024-01-04,PT,17,457,2989.33,GBP,DEBIT,ONLINE,REVERSED
303,2024-01-02,MA,224,239,2699.26,EUR,DEBIT,BRANCH,POSTED
304,2024-01-27,PT,163,591,2989.99,GBP,CREDIT,ONLINE,PENDING
305,2024-01-29,ES,338,533,1105.99,USD,CREDIT,ATM,REVERSED
306,2024-01-19,ES,320,695,2136.58,USD,DEBIT,BRANCH,REVERSED
307,2024-01-22,MA,402,537,1594.35,USD,CREDIT,ONLINE,PENDING
308,2024-01-13,ES,386,550,2368.12,EUR,CREDIT,ONLINE,PENDING
309,2024-01-30,FR,287,422,4838.96,GBP,TRANSFER,ONLINE,PENDING
310,2024-01-08,US,104,338,3233.88,USD,CREDIT,ATM,REVERSED
311,2024-01-24,IT,26,274,1886.46,GBP,TRANSFER,ATM,POSTED
312,2024-01-07,PT,370,687,2794.69,USD,DEBIT,BRANCH,PENDING
313,2024-01-30,FR,108,194,4810.43,EUR,TRANSFER,MOBILE,POSTED
314,2024-01-23,PT,360,209,1983.76,EUR,TRANSFER,BRANCH,PENDING
315,2024-01-13,NL,273,664,1796.94,USD,CREDIT,MOBILE,PENDING
316,2024-01-04,NL,389,327,4571.74,USD,CREDIT,MOBILE,POSTED
317,2024-01-19,IT,379,149,82.08,GBP,TRANSFER,MOBILE,PENDING
318,2024-01-05,IT,168,235,1899.82,EUR,CREDIT,BRANCH,PENDING
319,2024-01-25,NL,494,740,3208.83,USD,CREDIT,ONLINE,REVERSED
320,2024-01-26,UK,86,143,3601.85,USD,DEBIT,ATM,REVERSED
321,2024-01-02,DE,483,684,243.52,EUR,CREDIT,ONLINE,REVERSED
322,2024-01-08,DE,362,154,46.7,GBP,CREDIT,BRANCH,POSTED
323,2024-01-20,PT,467,494,3296.76,EUR,DEBIT,MOBILE,POSTED
324,2024-01-01,BE,369,281,2679.15,USD,DEBIT,MOBILE,POSTED
325,2024-01-04,DE,268,152,1205.6,GBP,TRANSFER,BRANCH,PENDING
326,2024-01-09,MA,40,382,4796.53,USD,TRANSFER,ONLINE,REVERSED
327,2024-01-08,US,350,82,3269.02,GBP,DEBIT,ATM,PENDING
328,2024-01-13,MA,282,487,281.52,EUR,TRANSFER,ONLINE,POSTED
329,2024-01-16,MA,330,339,2829.72,EUR,TRANSFER,ATM,POSTED
330,2024-01-07,PT,243,277,233.76,EUR,TRANSFER,BRANCH,REVERSED
331,2024-01-19,FR,91,322,79.27,EUR,TRANSFER,ONLINE,REVERSED
332,2024-01-27,MA,475,78,1497.09,GBP,DEBIT,MOBILE,REVERSED
333,2024-01-29,BE,169,393,3778.29,EUR,TRANSFER,ATM,REVERSED
334,2024-01-24,UK,27,100,2186.0,EUR,CREDIT,MOBILE,PENDING
335,2024-01-01,US,401,461,2453.53,USD,TRANSFER,MOBILE,PENDING
336,2024-01-06,PT,338,389,429.38,GBP,CREDIT,ONLINE,REVERSED
337,2024-01-03,DE,137,157,1900.62,GBP,DEBIT,MOBILE,PENDING
338,2024-01-12,DE,46,5,4714.86,USD,CREDIT,BRANCH,POSTED
339,2024-01-05,DE,95,441,2244.77,GBP,TRANSFER,MOBILE,POSTED
340,2024-01-01,DE,181,567,466.23,GBP,CREDIT,MOBILE,POSTED
341,2024-01-10,MA,198,797,424.41,GBP,DEBIT,ONLINE,REVERSED
342,2024-01-13,ES,71,275,1506.36,USD,DEBIT,ATM,POSTED
343,2024-01-14,US,215,306,2421.67,EUR,CREDIT,BRANCH,POSTED
344,2024-01-24,NL,304,631,978.55,EUR,DEBIT,BRANCH,POSTED
345,2024-01-13,UK,430,635,1900.07,USD,CREDIT,BRANCH,PENDING
346,2024-01-27,PT,69,307,1604.01,GBP,DEBIT,MOBILE,PENDING
347,2024-01-06,MA,495,326,1457.95,GBP,TRANSFER,MOBILE,REVERSED
348,2024-01-26,IT,166,385,1402.22,USD,CREDIT,ATM,REVERSED
349,2024-01-07,PT,279,184,3408.88,GBP,DEBIT,MOBILE,REVERSED
350,2024-01-07,NL,408,298,4156.58,EUR,CREDIT,MOBILE,POSTED
351,2024-01-21,US,123,258,3293.66,GBP,CREDIT,MOBILE,POSTED
352,2024-01-15,PT,245,596,2004.62,GBP,TRANSFER,MOBILE,REVERSED
353,2024-01-02,UK,359,549,2969.51,EUR,DEBIT,ONLINE,REVERSED
354,2024-01-22,UK,85,662,3063.78,GBP,TRANSFER,MOBILE,PENDING
355,2024-01-26,MA,54,10,493.93,EUR,TRANSFER,ONLINE,PENDING
356,2024-01-12,MA,237,790,3398.1,GBP,TRANSFER,ONLINE,PENDING
357,2024-01-01,NL,53,302,2080.46,EUR,DEBIT,ONLINE,PENDING
358,2024-01-10,UK,233,211,2606.05,USD,CREDIT,ATM,PENDING
359,2024-01-24,NL,163,68,1502.02,GBP,DEBIT,ATM,PENDING
360,2024-01-21,DE,346,168,4649.68,GBP,DEBIT,ONLINE,REVERSED
361,2024-01-06,UK,286,436,4792.35,EUR,CREDIT,ONLINE,POSTED
362,2024-01-21,MA,202,29,3687.2,EUR,CREDIT,MOBILE,PENDING
363,2024-01-01,IT,105,285,3761.88,EUR,TRANSFER,ATM,REVERSED
364,2024-01-06,UK,166,201,2288.29,USD,TRANSFER,MOBILE,REVERSED
365,2024-01-21,UK,305,397,3056.93,GBP,DEBIT,BRANCH,PENDING
366,2024-01-28,NL,316,176,4068.88,GBP,CREDIT,ATM,REVERSED
367,2024-01-05,UK,60,244,1527.59,EUR,CREDIT,ONLINE,REVERSED
368,2024-01-13,MA,305,141,2874.46,USD,DEBIT,MOBILE,REVERSED
369,2024-01-18,ES,284,170,2448.72,EUR,DEBIT,BRANCH,PENDING
370,2024-01-20,FR,443,367,4759.26,USD,DEBIT,ONLINE,PENDING
371,2024-01-18,BE,334,506,2046.26,USD,CREDIT,MOBILE,PENDING
372,2024-01-06,DE,289,31,3979.61,EUR,CREDIT,ATM,PENDING
373,2024-01-08,BE,147,172,3903.92,GBP,TRANSFER,MOBILE,REVERSED
374,2024-01-17,DE,293,116,1340.18,GBP,CREDIT,ATM,REVERSED
375,2024-01-15,BE,111,435,512.98,GBP,DEBIT,BRANCH,POSTED
376,2024-01-15,US,178,89,2195.91,EUR,DEBIT,ONLINE,REVERSED
377,2024-01-19,UK,440,727,3051.7,USD,DEBIT,ONLINE,POSTED
378,2024-01-27,IT,412,60,2850.8,GBP,CREDIT,ONLINE,PENDING
379,2024-01-23,US,148,586,1337.45,GBP,TRANSFER,ATM,POSTED
380,2024-01-25,MA,470,60,4962.44,GBP,DEBIT,ONLINE,POSTED
381,2024-01-05,UK,424,253,3807.61,GBP,CREDIT,MOBILE,POSTED
382,2024-01-19,US,321,424,1876.49,EUR,TRANSFER,ATM,PENDING
383,2024-01-17,US,355,377,2274.02,USD,CREDIT,ATM,REVERSED
384,2024-01-03,NL,325,680,3486.75,EUR,TRANSFER,MOBILE,POSTED
385,2024-01-14,IT,253,274,1615.0,USD,CREDIT,ONLINE,REVERSED
386,2024-01-28,NL,403,351,4470.88,EUR,DEBIT,ATM,REVERSED
387,2024-01-26,NL,8,127,4647.23,EUR,CREDIT,MOBILE,POSTED
388,2024-01-14,IT,352,135,4410.86,USD,DEBIT,BRANCH,POSTED
389,2024-01-21,UK,128,84,1859.85,GBP,DEBIT,ATM,PENDING
390,2024-01-21,US,371,716,3776.41,USD,TRANSFER,ATM,REVERSED
391,2024-01-04,FR,109,488,390.62,GBP,DEBIT,MOBILE,POSTED
392,2024-01-01,UK,418,123,4940.79,USD,TRANSFER,ONLINE,PENDING
393,2024-01-03,IT,196,91,3654.09,EUR,DEBIT,BRANCH,PENDING
394,2024-01-29,US,70,391,3867.53,EUR,TRANSFER,ONLINE,POSTED
395,2024-01-17,PT,4,624,3250.45,USD,CREDIT,ONLINE,REVERSED
396,2024-01-24,ES,470,421,3080.76,USD,DEBIT,ATM,POSTED
397,2024-01-05,DE,301,747,1920.78,USD,CREDIT,ONLINE,POSTED
398,2024-01-09,DE,127,566,3005.39,GBP,TRANSFER,BRANCH,REVERSED
399,2024-01-01,US,105,530,3035.03,EUR,TRANSFER,MOBILE,PENDING
400,2024-01-21,FR,401,245,2474.94,EUR,DEBIT,MOBILE,REVERSED
401,2024-01-20,DE,270,12,4934.43,USD,DEBIT,MOBILE,REVERSED
402,2024-01-14,UK,279,699,864.68,USD,DEBIT,ATM,REVERSED
403,2024-01-03,FR,134,220,200.09,EUR,CREDIT,BRANCH,REVERSED
404,2024-01-23,BE,392,425,2118.45,USD,DEBIT,ONLINE,PENDING
405,2024-01-03,US,40,523,4604.7,EUR,TRANSFER,BRANCH,PENDING
406,2024-01-19,DE,158,715,2187.99,EUR,DEBIT,ONLINE,POSTED
407,2024-01-30,MA,59,464,3061.87,EUR,CREDIT,ONLINE,POSTED
408,2024-01-01,ES,359,11,820.0,USD,TRANSFER,BRANCH,POSTED
409,2024-01-12,ES,383,799,4367.43,GBP,DEBIT,ATM,PENDING
410,2024-01-26,MA,139,536,320.3,GBP,TRANSFER,ATM,PENDING
411,2024-01-15,BE,184,56,2498.55,GBP,DEBIT,BRANCH,POSTED
412,2024-01-09,DE,457,587,3370.93,EUR,DEBIT,ATM,POSTED
413,2024-01-28,FR,125,47,2359.35,USD,DEBIT,ONLINE,POSTED
414,2024-01-18,MA,114,329,1242.07,GBP,CREDIT,BRANCH,POSTED
415,2024-01-19,UK,61,514,3366.96,EUR,DEBIT,ONLINE,REVERSED
416,2024-01-02,MA,35,476,4330.3,USD,CREDIT,ATM,REVERSED
417,2024-01-15,FR,188,205,1458.68,USD,TRANSFER,ONLINE,PENDING
418,2024-01-12,PT,497,505,4988.94,EUR,TRANSFER,ONLINE,POSTED
419,2024-01-01,MA,12,238,2708.18,GBP,TRANSFER,ATM,PENDING
420,2024-01-01,MA,434,755,3636.35,EUR,DEBIT,ONLINE,PENDING
421,2024-01-16,FR,497,145,3558.55,EUR,DEBIT,ONLINE,REVERSED
422,2024-01-14,UK,234,765,425.43,EUR,TRANSFER,ONLINE,REVERSED
423,2024-01-27,MA,38,606,2839.54,USD,TRANSFER,ONLINE,POSTED
424,2024-01-10,US,435,322,4630.28,USD,TRANSFER,BRANCH,PENDING
425,2024-01-15,US,119,76,4717.83,EUR,TRANSFER,ATM,POSTED
426,2024-01-04,ES,230,477,1570.85,EUR,TRANSFER,BRANCH,POSTED
427,2024-01-15,US,237,271,4262.56,EUR,DEBIT,BRANCH,REVERSED
428,2024-01-23,PT,20,220,4179.79,USD,DEBIT,ATM,REVERSED
429,2024-01-08,UK,202,525,245.7,USD,CREDIT,ONLINE,POSTED
430,2024-01-13,NL,284,766,2751.05,EUR,CREDIT,ATM,POSTED
431,2024-01-04,FR,31,799,4912.85,EUR,DEBIT,MOBILE,PENDING
432,2024-01-22,DE,298,600,1294.84,EUR,DEBIT,ATM,POSTED
433,2024-01-29,NL,414,131,460.8,USD,DEBIT,ATM,PENDING
434,2024-01-02,ES,473,587,2166.35,GBP,CREDIT,MOBILE,POSTED
435,2024-01-13,MA,88,362,1074.37,EUR,CREDIT,BRANCH,PENDING
436,2024-01-29,ES,17,628,3096.26,EUR,TRANSFER,BRANCH,PENDING
437,2024-01-14,BE,245,62,439.52,USD,DEBIT,MOBILE,POSTED
438,2024-01-21,BE,127,645,4970.44,GBP,DEBIT,MOBILE,REVERSED
439,2024-01-12,NL,278,496,1720.83,GBP,TRANSFER,BRANCH,PENDING
440,2024-01-09,ES,13,326,2985.98,EUR,CREDIT,ATM,PENDING
441,2024-01-17,UK,392,598,4998.03,EUR,DEBIT,ONLINE,REVERSED
442,2024-01-08,US,273,754,280.49,EUR,TRANSFER,MOBILE,PENDING
443,2024-01-30,ES,90,242,2963.01,GBP,TRANSFER,BRANCH,REVERSED
444,2024-01-01,UK,485,581,2818.47,GBP,DEBIT,MOBILE,REVERSED
445,2024-01-10,ES,251,38,452.2,EUR,TRANSFER,ONLINE,POSTED
446,2024-01-17,NL,0,339,4589.56,EUR,DEBIT,BRANCH,REVERSED
447,2024-01-06,UK,30,22,739.41,GBP,DEBIT,ATM,REVERSED
448,2024-01-28,UK,491,74,1868.58,GBP,CREDIT,ATM,PENDING
449,2024-01-10,UK,69,161,3662.03,USD,TRANSFER,MOBILE,REVERSED
450,2024-01-11,ES,362,575,3468.11,GBP,CREDIT,ONLINE,REVERSED
451,2024-01-19,ES,193,314,3670.24,USD,DEBIT,ONLINE,REVERSED
452,2024-01-01,PT,200,789,4825.95,EUR,DEBIT,BRANCH,REVERSED
453,2024-01-08,PT,53,508,704.08,GBP,DEBIT,ONLINE,PENDING
454,2024-01-11,ES,325,90,4108.49,GBP,TRANSFER,BRANCH,PENDING
455,2024-01-01,US,107,255,3466.19,USD,CREDIT,ATM,REVERSED
456,2024-01-01,FR,197,448,3663.19,EUR,CREDIT,MOBILE,PENDING
457,2024-01-12,BE,192,103,4144.21,GBP,TRANSFER,ONLINE,POSTED
458,2024-01-15,DE,409,34,1475.25,USD,CREDIT,ATM,POSTED
459,2024-01-11,ES,454,384,805.36,EUR,TRANSFER,ATM,PENDING
460,2024-01-20,PT,457,494,3522.82,USD,TRANSFER,ONLINE,REVERSED
461,2024-01-29,MA,80,54,507.19,EUR,DEBIT,MOBILE,REVERSED
462,2024-01-18,BE,135,676,1408.33,EUR,DEBIT,ATM,PENDING
463,2024-01-19,BE,430,502,768.8,USD,DEBIT,MOBILE,POSTED
464,2024-01-10,PT,245,204,485.84,EUR,DEBIT,BRANCH,POSTED
465,2024-01-16,DE,157,407,2355.25,GBP,CREDIT,ATM,REVERSED
466,2024-01-18,MA,94,379,4427.58,USD,DEBIT,MOBILE,POSTED
467,2024-01-09,NL,238,269,1131.99,USD,TRANSFER,ATM,POSTED
468,2024-01-25,DE,43,684,1719.61,GBP,CREDIT,ONLINE,REVERSED
469,2024-01-02,MA,419,535,2093.74,GBP,TRANSFER,MOBILE,REVERSED
470,2024-01-29,IT,243,306,395.7,GBP,DEBIT,ONLINE,POSTED
471,2024-01-25,NL,88,171,4860.85,EUR,DEBIT,ATM,PENDING
472,2024-01-03,MA,103,642,740.24,GBP,CREDIT,BRANCH,REVERSED
473,2024-01-30,DE,44,397,2782.26,GBP,CREDIT,BRANCH,REVERSED
474,2024-01-15,FR,402,717,3115.67,GBP,CREDIT,ATM,PENDING
475,2024-01-05,ES,290,602,2913.8,EUR,DEBIT,ATM,PENDING
476,2024-01-28,BE,450,352,4389.59,USD,CREDIT,MOBILE,REVERSED
477,2024-01-20,NL,19,176,1377.8,EUR,TRANSFER,MOBILE,POSTED
478,2024-01-13,UK,353,243,247.41,USD,CREDIT,BRANCH,POSTED
479,2024-01-11,US,159,287,4214.39,GBP,TRANSFER,ATM,POSTED
480,2024-01-05,US,498,761,2216.11,USD,CREDIT,MOBILE,REVERSED
481,2024-01-21,DE,96,452,1057.74,USD,TRANSFER,MOBILE,REVERSED
482,2024-01-28,UK,420,57,2576.83,EUR,DEBIT,BRANCH,REVERSED
483,2024-01-17,MA,69,799,4256.63,GBP,DEBIT,ONLINE,POSTED
484,2024-01-29,IT,428,59,1248.2,USD,DEBIT,BRANCH,REVERSED
485,2024-01-07,US,188,475,2526.13,GBP,DEBIT,ATM,POSTED
486,2024-01-12,NL,304,456,888.74,USD,TRANSFER,BRANCH,PENDING
487,2024-01-06,US,383,705,452.87,EUR,CREDIT,ATM,POSTED
488,2024-01-28,PT,399,219,4285.7,GBP,DEBIT,ONLINE,PENDING
489,2024-01-21,MA,262,20,4323.29,GBP,DEBIT,MOBILE,POSTED
490,2024-01-21,ES,307,8,1119.63,GBP,CREDIT,BRANCH,PENDING
491,2024-01-29,MA,436,357,2295.53,EUR,CREDIT,BRANCH,REVERSED
492,2024-01-17,PT,203,598,512.46,GBP,TRANSFER,BRANCH,REVERSED
493,2024-01-21,PT,311,289,1493.08,EUR,CREDIT,ATM,PENDING
494,2024-01-09,UK,441,283,1306.47,GBP,TRANSFER,BRANCH,POSTED
495,2024-01-05,BE,391,246,4498.54,GBP,CREDIT,BRANCH,REVERSED
496,2024-01-05,FR,335,509,4987.35,USD,CREDIT,MOBILE,PENDING
497,2024-01-24,FR,298,725,4973.77,EUR,CREDIT,ONLINE,REVERSED
498,2024-01-18,NL,464,687,1793.13,USD,DEBIT,ONLINE,PENDING
499,2024-01-04,NL,65,758,1294.0,GBP,DEBIT,BRANCH,REVERSED
500,2024-01-03,IT,181,228,3721.31,USD,CREDIT,BRANCH,PENDING
501,2024-01-09,PT,150,474,4256.22,USD,DEBIT,ATM,PENDING
502,2024-01-29,IT,256,122,4337.62,USD,TRANSFER,BRANCH,PENDING
503,2024-01-02,ES,70,205,1714.01,GBP,CREDIT,ONLINE,PENDING
504,2024-01-28,ES,398,82,2438.42,GBP,DEBIT,BRANCH,REVERSED
505,2024-01-02,FR,231,280,1047.7,EUR,TRANSFER,ONLINE,PENDING
506,2024-01-26,DE,66,629,2169.12,USD,CREDIT,MOBILE,PENDING
507,2024-01-13,FR,19,546,997.87,USD,DEBIT,BRANCH,REVERSED
508,2024-01-07,FR,346,4,3133.81,EUR,DEBIT,BRANCH,PENDING
509,2024-01-05,DE,196,515,2943.76,EUR,DEBIT,ATM,PENDING
510,2024-01-10,NL,372,532,2982.25,USD,CREDIT,ONLINE,PENDING
511,2024-01-29,NL,183,768,942.94,USD,DEBIT,ONLINE,POSTED
512,2024-01-24,ES,108,751,110.54,GBP,DEBIT,ATM,PENDING
513,2024-01-23,FR,192,655,1279.69,GBP,TRANSFER,ATM,REVERSED
514,2024-01-02,DE,334,20,242.13,EUR,CREDIT,MOBILE,PENDING
515,2024-01-04,BE,129,485,3509.64,EUR,TRANSFER,ATM,PENDING
516,2024-01-14,DE,339,532,1350.62,GBP,TRANSFER,ONLINE,PENDING
517,2024-01-27,DE,261,736,3088.87,USD,DEBIT,ATM,PENDING
518,2024-01-07,PT,102,796,1315.71,GBP,DEBIT,BRANCH,REVERSED
519,2024-01-14,US,82,40,2741.15,EUR,TRANSFER,MOBILE,PENDING
520,2024-01-08,FR,6,687,445.93,EUR,TRANSFER,MOBILE,POSTED
521,2024-01-03,BE,38,740,3618.16,USD,TRANSFER,ONLINE,PENDING
522,2024-01-10,US,237,51,499.94,EUR,DEBIT,BRANCH,PENDING
523,2024-01-26,UK,218,756,580.39,EUR,DEBIT,ONLINE,REVERSED
524,2024-01-21,ES,168,366,4472.74,GBP,CREDIT,ATM,PENDING
525,2024-01-27,UK,93,116,2004.49,USD,CREDIT,MOBILE,REVERSED
526,2024-01-28,NL,409,431,3244.58,EUR,DEBIT,ONLINE,REVERSED
527,2024-01-24,FR,482,163,519.46,GBP,CREDIT,MOBILE,POSTED
528,2024-01-20,MA,398,367,3057.18,GBP,TRANSFER,ONLINE,PENDING
529,2024-01-30,NL,57,421,2204.0,EUR,CREDIT,BRANCH,POSTED
530,2024-01-23,BE,392,761,2883.67,GBP,DEBIT,BRANCH,REVERSED
531,2024-01-17,PT,48,443,3308.9,EUR,CREDIT,BRANCH,REVERSED
532,2024-01-22,MA,76,571,4460.42,GBP,DEBIT,ATM,REVERSED
533,2024-01-30,ES,258,480,4259.5,EUR,DEBIT,MOBILE,PENDING
534,2024-01-08,UK,496,284,252.7,EUR,TRANSFER,MOBILE,PENDING
535,2024-01-27,IT,40,470,2221.5,GBP,CREDIT,ATM,PENDING
536,2024-01-15,UK,60,509,3726.45,EUR,DEBIT,MOBILE,PENDING
537,2024-01-02,BE,281,0,4129.72,GBP,TRANSFER,BRANCH,REVERSED
538,2024-01-18,IT,335,687,2281.58,USD,CREDIT,ATM,POSTED
539,2024-01-28,NL,169,573,3837.31,GBP,CREDIT,BRANCH,REVERSED
540,2024-01-15,DE,49,777,3294.89,EUR,CREDIT,BRANCH,REVERSED
541,2024-01-26,US,280,534,1870.08,EUR,DEBIT,ONLINE,PENDING
542,2024-01-05,MA,54,260,3054.65,EUR,DEBIT,MOBILE,POSTED
543,2024-01-15,IT,366,346,539.72,USD,DEBIT,ATM,PENDING
544,2024-01-15,PT,489,516,674.05,USD,DEBIT,ATM,REVERSED
545,2024-01-30,MA,429,599,2415.18,GBP,DEBIT,ONLINE,REVERSED
546,2024-01-27,ES,53,396,3287.95,GBP,CREDIT,MOBILE,PENDING
547,2024-01-20,IT,140,407,4818.0,USD,CREDIT,ONLINE,POSTED
548,2024-01-14,PT,358,766,2561.96,GBP,TRANSFER,BRANCH,REVERSED
549,2024-01-24,BE,323,222,1005.24,GBP,TRANSFER,BRANCH,REVERSED
550,2024-01-12,ES,363,665,4875.92,EUR,TRANSFER,BRANCH,REVERSED
551,2024-01-04,UK,287,491,2914.45,GBP,TRANSFER,MOBILE,REVERSED
552,2024-01-24,BE,146,432,4041.72,GBP,DEBIT,ATM,PENDING
553,2024-01-05,FR,343,57,1000.31,EUR,CREDIT,BRANCH,POSTED
554,2024-01-27,FR,353,302,1020.8,GBP,DEBIT,BRANCH,PENDING
555,2024-01-04,PT,444,691,3697.72,EUR,TRANSFER,MOBILE,POSTED
556,2024-01-17,US,354,680,235.85,USD,CREDIT,MOBILE,REVERSED
557,2024-01-11,BE,27,13,3718.61,EUR,TRANSFER,MOBILE,POSTED
558,2024-01-30,UK,386,602,2733.53,GBP,DEBIT,ONLINE,PENDING
559,2024-01-15,ES,349,76,935.7,EUR,TRANSFER,ATM,PENDING
560,2024-01-02,MA,142,569,1321.93,EUR,TRANSFER,BRANCH,POSTED
561,2024-01-11,NL,363,158,200.66,USD,TRANSFER,ATM,REVERSED
562,2024-01-20,US,251,586,2751.25,EUR,TRANSFER,BRANCH,REVERSED
563,2024-01-08,ES,266,69,3931.5,EUR,CREDIT,MOBILE,POSTED
564,2024-01-12,IT,452,218,3317.01,USD,CREDIT,BRANCH,POSTED
565,2024-01-25,PT,271,486,4983.16,GBP,DEBIT,ATM,REVERSED
566,2024-01-12,NL,123,657,3068.89,GBP,DEBIT,ATM,REVERSED
567,2024-01-29,UK,195,116,1929.99,GBP,TRANSFER,BRANCH,POSTED
568,2024-01-30,BE,420,788,1875.42,GBP,CREDIT,MOBILE,POSTED
569,2024-01-10,IT,164,526,412.64,EUR,DEBIT,ATM,REVERSED
570,2024-01-03,IT,343,644,3868.14,GBP,CREDIT,ATM,POSTED
571,2024-01-18,MA,331,73,3734.71,EUR,DEBIT,MOBILE,REVERSED
572,2024-01-11,FR,44,75,272.29,USD,TRANSFER,ATM,REVERSED
573,2024-01-27,IT,466,264,2038.76,USD,TRANSFER,MOBILE,PENDING
574,2024-01-11,FR,199,689,592.41,EUR,TRANSFER,ATM,REVERSED
575,2024-01-19,FR,358,74,1789.14,GBP,DEBIT,BRANCH,REVERSED
576,2024-01-10,PT,44,288,3826.61,USD,CREDIT,MOBILE,REVERSED
577,2024-01-01,NL,80,546,1100.11,GBP,CREDIT,BRANCH,REVERSED
578,2024-01-05,US,346,746,3240.06,EUR,TRANSFER,ONLINE,POSTED
579,2024-01-02,FR,293,610,1971.01,GBP,DEBIT,BRANCH,POSTED
580,2024-01-24,UK,108,422,4528.23,GBP,DEBIT,ONLINE,POSTED
581,2024-01-08,PT,427,258,972.44,EUR,TRANSFER,ATM,REVERSED
582,2024-01-15,BE,37,297,3358.75,USD,DEBIT,ONLINE,REVERSED
583,2024-01-19,NL,487,338,1786.33,GBP,TRANSFER,ONLINE,POSTED
584,2024-01-10,PT,35,198,1589.61,USD,CREDIT,BRANCH,REVERSED
585,2024-01-19,ES,289,580,1823.1,USD,CREDIT,ONLINE,POSTED
586,2024-01-11,IT,402,226,3561.28,GBP,CREDIT,BRANCH,PENDING
587,2024-01-05,UK,449,491,2314.78,USD,CREDIT,MOBILE,REVERSED
588,2024-01-04,ES,330,621,410.79,USD,DEBIT,ONLINE,PENDING
589,2024-01-24,DE,372,77,4460.63,GBP,TRANSFER,ATM,REVERSED
590,2024-01-19,MA,393,604,1064.59,EUR,TRANSFER,BRANCH,REVERSED
591,2024-01-29,BE,241,669,3876.21,USD,CREDIT,ONLINE,REVERSED
592,2024-01-24,US,68,475,2506.11,EUR,CREDIT,BRANCH,REVERSED
593,2024-01-01,IT,434,628,3421.12,GBP,DEBIT,MOBILE,POSTED
594,2024-01-06,PT,485,579,3297.41,EUR,TRANSFER,MOBILE,PENDING
595,2024-01-02,IT,389,499,1159.52,USD,CREDIT,ONLINE,POSTED
596,2024-01-22,IT,265,369,1941.08,USD,DEBIT,ATM,REVERSED
597,2024-01-11,DE,360,533,3168.2,USD,TRANSFER,BRANCH,REVERSED
598,2024-01-18,PT,89,385,3268.72,USD,TRANSFER,ATM,REVERSED
599,2024-01-09,MA,498,228,2582.34,USD,CREDIT,MOBILE,PENDING
600,2024-01-29,PT,3,513,4410.29,USD,DEBIT,ONLINE,POSTED
601,2024-01-17,US,108,153,935.34,USD,TRANSFER,ATM,REVERSED
602,2024-01-08,MA,415,338,3601.56,USD,TRANSFER,MOBILE,PENDING
603,2024-01-07,PT,82,662,4166.99,EUR,DEBIT,ATM,POSTED
604,2024-01-19,PT,82,137,3148.07,EUR,TRANSFER,ONLINE,POSTED
605,2024-01-06,US,472,184,2583.69,USD,TRANSFER,ATM,REVERSED
606,2024-01-24,US,484,87,1083.75,GBP,CREDIT,MOBILE,POSTED
607,2024-01-08,MA,307,146,3973.29,EUR,TRANSFER,BRANCH,POSTED
608,2024-01-24,UK,472,464,2983.07,EUR,DEBIT,MOBILE,PENDING
609,2024-01-05,DE,8,207,2614.03,GBP,TRANSFER,MOBILE,POSTED
610,2024-01-20,DE,90,487,4508.14,GBP,DEBIT,ATM,POSTED
611,2024-01-16,ES,461,617,2696.89,EUR,TRANSFER,MOBILE,REVERSED
612,2024-01-14,UK,447,44,3488.52,USD,DEBIT,MOBILE,PENDING
613,2024-01-12,PT,411,759,4539.39,GBP,TRANSFER,ATM,PENDING
614,2024-01-05,US,244,784,1163.33,EUR,CREDIT,MOBILE,PENDING
615,2024-01-07,FR,363,761,3947.32,GBP,TRANSFER,ATM,REVERSED
616,2024-01-01,MA,335,210,3439.15,USD,CREDIT,BRANCH,POSTED
617,2024-01-05,MA,333,599,1268.91,GBP,CREDIT,BRANCH,REVERSED
618,2024-01-09,MA,386,208,2066.73,GBP,CREDIT,ONLINE,PENDING
619,2024-01-18,BE,247,259,4942.55,GBP,CREDIT,MOBILE,REVERSED
620,2024-01-05,DE,382,235,2233.53,GBP,DEBIT,ATM,POSTED
621,2024-01-17,MA,402,346,4004.47,GBP,TRANSFER,ATM,POSTED
622,2024-01-13,FR,411,93,4116.45,USD,TRANSFER,MOBILE,POSTED
623,2024-01-03,US,113,379,401.12,EUR,TRANSFER,MOBILE,PENDING
624,2024-01-20,BE,146,728,4817.69,EUR,DEBIT,MOBILE,PENDING
625,2024-01-01,IT,435,672,4653.86,GBP,CREDIT,ONLINE,POSTED
626,2024-01-26,PT,261,528,3492.55,GBP,DEBIT,ATM,PENDING
627,2024-01-08,FR,499,161,435.13,USD,CREDIT,BRANCH,REVERSED
628,2024-01-13,MA,300,205,2589.2,GBP,TRANSFER,ATM,POSTED
629,2024-01-18,US,371,572,4575.13,USD,CREDIT,BRANCH,POSTED
630,2024-01-20,IT,232,413,2874.96,USD,DEBIT,MOBILE,REVERSED
631,2024-01-04,BE,37,515,1471.96,EUR,TRANSFER,BRANCH,REVERSED
632,2024-01-27,PT,128,710,2214.4,USD,TRANSFER,MOBILE,POSTED
633,2024-01-25,UK,492,794,2294.78,USD,TRANSFER,ATM,PENDING
634,2024-01-04,US,34,391,3168.68,EUR,TRANSFER,ONLINE,PENDING
635,2024-01-14,UK,264,548,49.61,USD,DEBIT,BRANCH,POSTED
636,2024-01-13,UK,38,567,4657.05,USD,CREDIT,BRANCH,POSTED
637,2024-01-29,PT,137,187,4735.64,GBP,DEBIT,MOBILE,REVERSED
638,2024-01-07,IT,376,247,4363.84,EUR,DEBIT,ONLINE,POSTED
639,2024-01-27,PT,182,159,3894.91,EUR,DEBIT,MOBILE,REVERSED
640,2024-01-01,BE,490,43,4240.2,USD,TRANSFER,BRANCH,PENDING
641,2024-01-29,PT,444,281,2454.54,GBP,CREDIT,MOBILE,POSTED
642,2024-01-25,PT,65,55,2629.15,USD,CREDIT,ATM,REVERSED
643,2024-01-12,MA,440,702,3879.74,USD,DEBIT,MOBILE,PENDING
644,2024-01-23,FR,6,690,1054.55,GBP,DEBIT,BRANCH,PENDING
645,2024-01-20,US,95,561,1314.98,USD,CREDIT,BRANCH,PENDING
646,2024-01-06,NL,217,215,2096.05,USD,CREDIT,MOBILE,PENDING
647,2024-01-15,ES,292,134,4896.38,GBP,DEBIT,ATM,REVERSED
648,2024-01-09,IT,284,442,4281.69,EUR,DEBIT,ONLINE,PENDING
649,2024-01-26,FR,90,431,2498.49,GBP,TRANSFER,BRANCH,PENDING
650,2024-01-10,US,287,581,239.5,EUR,TRANSFER,ONLINE,POSTED
651,2024-01-07,US,243,644,482.41,GBP,CREDIT,BRANCH,PENDING
652,2024-01-12,BE,285,263,1721.36,USD,DEBIT,BRANCH,REVERSED
653,2024-01-20,IT,295,589,3249.68,GBP,DEBIT,BRANCH,PENDING
654,2024-01-11,BE,249,793,3682.89,EUR,CREDIT,BRANCH,PENDING
655,2024-01-21,ES,444,171,3203.26,USD,CREDIT,MOBILE,POSTED
656,2024-01-03,ES,175,233,1568.1,GBP,CREDIT,BRANCH,REVERSED
657,2024-01-21,MA,138,455,3905.09,USD,TRANSFER,MOBILE,PENDING
658,2024-01-06,ES,437,23,626.07,EUR,TRANSFER,BRANCH,REVERSED
659,2024-01-23,DE,107,170,1985.83,EUR,DEBIT,MOBILE,REVERSED
660,2024-01-02,FR,394,406,2620.39,EUR,DEBIT,BRANCH,REVERSED
661,2024-01-05,DE,335,399,1547.54,EUR,TRANSFER,BRANCH,PENDING
662,2024-01-21,ES,67,539,4192.75,EUR,DEBIT,BRANCH,PENDING
663,2024-01-28,NL,239,553,4674.35,GBP,CREDIT,ONLINE,REVERSED
664,2024-01-18,ES,302,611,2283.26,GBP,TRANSFER,MOBILE,REVERSED
665,2024-01-21,BE,158,355,2408.78,EUR,DEBIT,MOBILE,PENDING
666,2024-01-12,MA,133,159,1518.56,EUR,TRANSFER,ONLINE,PENDING
667,2024-01-10,NL,273,8,3439.16,USD,CREDIT,BRANCH,POSTED
668,2024-01-25,MA,408,299,2985.42,EUR,TRANSFER,BRANCH,POSTED
669,2024-01-14,BE,223,404,1250.23,GBP,TRANSFER,MOBILE,PENDING
670,2024-01-08,US,40,432,3126.99,GBP,TRANSFER,BRANCH,PENDING
671,2024-01-21,BE,414,275,2065.11,EUR,DEBIT,ONLINE,PENDING
672,2024-01-04,NL,316,463,1361.4,GBP,CREDIT,ONLINE,PENDING
673,2024-01-01,ES,25,547,111.63,EUR,CREDIT,BRANCH,POSTED
674,2024-01-23,NL,372,8,1164.82,EUR,DEBIT,MOBILE,POSTED
675,2024-01-11,MA,159,510,4989.82,USD,TRANSFER,ATM,PENDING
676,2024-01-03,ES,28,272,3878.49,EUR,TRANSFER,MOBILE,POSTED
677,2024-01-07,US,418,390,4141.43,EUR,TRANSFER,ONLINE,PENDING
678,2024-01-25,NL,126,755,4972.68,EUR,CREDIT,ATM,REVERSED
679,2024-01-22,IT,242,398,3407.53,USD,CREDIT,ONLINE,REVERSED
680,2024-01-24,FR,381,562,2605.11,USD,CREDIT,BRANCH,POSTED
681,2024-01-12,FR,442,682,1089.72,EUR,DEBIT,MOBILE,PENDING
682,2024-01-01,ES,406,282,2923.9,USD,DEBIT,ATM,POSTED
683,2024-01-19,NL,352,610,775.8,EUR,DEBIT,ONLINE,PENDING
684,2024-01-03,PT,173,777,3126.04,EUR,CREDIT,ONLINE,REVERSED
685,2024-01-18,DE,64,499,1164.14,GBP,TRANSFER,BRANCH,PENDING
686,2024-01-24,IT,10,705,1889.47,GBP,DEBIT,BRANCH,POSTED
687,2024-01-16,NL,286,301,2714.13,USD,DEBIT,ONLINE,REVERSED
688,2024-01-12,UK,374,479,1377.35,GBP,TRANSFER,ONLINE,POSTED
689,2024-01-17,ES,230,302,4097.27,GBP,CREDIT,MOBILE,POSTED
690,2024-01-25,BE,194,751,928.49,EUR,TRANSFER,BRANCH,REVERSED
691,2024-01-08,UK,369,64,3291.79,GBP,CREDIT,ONLINE,REVERSED
692,2024-01-22,NL,392,564,771.5,USD,CREDIT,MOBILE,REVERSED
693,2024-01-11,DE,49,535,3294.8,EUR,DEBIT,ONLINE,POSTED
694,2024-01-07,DE,248,196,494.67,GBP,TRANSFER,MOBILE,REVERSED
695,2024-01-16,BE,319,718,2951.91,EUR,CREDIT,ONLINE,REVERSED
696,2024-01-23,DE,6,213,3279.09,EUR,CREDIT,ATM,PENDING
697,2024-01-18,MA,420,377,3971.45,EUR,TRANSFER,BRANCH,REVERSED
698,2024-01-02,DE,427,311,390.6,EUR,TRANSFER,ATM,POSTED
699,2024-01-24,IT,272,394,948.11,GBP,TRANSFER,ONLINE,REVERSED
700,2024-01-21,ES,285,767,2791.15,GBP,DEBIT,BRANCH,REVERSED
701,2024-01-15,MA,452,106,834.88,EUR,TRANSFER,MOBILE,REVERSED
702,2024-01-11,ES,273,614,2215.62,USD,CREDIT,BRANCH,PENDING
703,2024-01-14,MA,422,743,1617.93,EUR,TRANSFER,ONLINE,PENDING
704,2024-01-25,BE,474,762,1271.19,USD,CREDIT,MOBILE,POSTED
705,2024-01-24,FR,145,610,82.5,EUR,CREDIT,ATM,PENDING
706,2024-01-08,IT,438,322,109.49,GBP,CREDIT,ONLINE,POSTED
707,2024-01-02,NL,182,159,692.9,USD,TRANSFER,ONLINE,POSTED
708,2024-01-09,US,47,584,1999.59,EUR,TRANSFER,ATM,REVERSED
709,2024-01-11,NL,88,499,4128.7,GBP,TRANSFER,ATM,REVERSED
710,2024-01-21,US,19,748,4041.9,USD,DEBIT,ATM,PENDING
711,2024-01-12,MA,213,123,4349.06,EUR,TRANSFER,ATM,REVERSED
712,2024-01-25,MA,27,312,2622.39,USD,TRANSFER,ONLINE,PENDING
713,2024-01-17,IT,78,51,3368.5,USD,CREDIT,ATM,POSTED
714,2024-01-14,US,402,403,740.91,USD,DEBIT,MOBILE,REVERSED
715,2024-01-24,FR,280,408,1313.53,USD,TRANSFER,MOBILE,REVERSED
716,2024-01-05,ES,246,572,991.34,USD,TRANSFER,ONLINE,REVERSED
717,2024-01-20,BE,126,248,359.15,USD,CREDIT,ATM,POSTED
718,2024-01-22,MA,216,374,1742.19,USD,CREDIT,ATM,PENDING
719,2024-01-06,UK,315,452,3116.29,USD,DEBIT,ONLINE,POSTED
720,2024-01-22,UK,79,775,3642.71,EUR,DEBIT,ATM,POSTED
721,2024-01-20,ES,444,294,69.65,GBP,DEBIT,BRANCH,PENDING
722,2024-01-16,FR,169,214,3700.32,EUR,DEBIT,BRANCH,REVERSED
723,2024-01-16,PT,373,144,3475.66,GBP,DEBIT,MOBILE,REVERSED
724,2024-01-29,BE,22,261,852.43,USD,DEBIT,BRANCH,POSTED
725,2024-01-15,FR,34,397,3302.2,GBP,TRANSFER,BRANCH,POSTED
726,2024-01-01,US,444,664,1933.23,USD,TRANSFER,ATM,PENDING
727,2024-01-16,PT,272,90,932.9,GBP,CREDIT,ATM,POSTED
728,2024-01-08,BE,156,341,2450.17,GBP,DEBIT,ATM,PENDING
729,2024-01-22,UK,181,640,1512.33,GBP,CREDIT,ATM,REVERSED
730,2024-01-09,MA,455,30,4720.74,USD,DEBIT,ONLINE,PENDING
731,2024-01-29,MA,336,140,439.89,USD,TRANSFER,ONLINE,PENDING
732,2024-01-08,PT,78,436,4852.72,GBP,CREDIT,MOBILE,REVERSED
733,2024-01-05,IT,334,141,2905.57,GBP,DEBIT,ONLINE,PENDING
734,2024-01-23,BE,465,138,2150.89,EUR,TRANSFER,ONLINE,PENDING
735,2024-01-03,BE,272,736,592.82,USD,DEBIT,ATM,PENDING
736,2024-01-29,MA,492,421,1517.44,GBP,TRANSFER,BRANCH,POSTED
737,2024-01-25,IT,54,134,924.55,GBP,TRANSFER,BRANCH,REVERSED
738,2024-01-19,PT,118,610,1161.68,GBP,DEBIT,BRANCH,POSTED
739,2024-01-23,NL,68,514,4230.85,USD,TRANSFER,BRANCH,POSTED
740,2024-01-28,MA,251,485,688.43,EUR,DEBIT,ATM,PENDING
741,2024-01-25,FR,473,276,4751.04,EUR,TRANSFER,ONLINE,POSTED
742,2024-01-03,ES,474,449,4335.78,USD,TRANSFER,BRANCH,PENDING
743,2024-01-29,IT,218,414,3881.3,GBP,TRANSFER,MOBILE,REVERSED
744,2024-01-11,MA,313,760,2860.1,GBP,TRANSFER,ATM,REVERSED
745,2024-01-04,NL,233,43,4389.02,EUR,TRANSFER,MOBILE,REVERSED
746,2024-01-02,BE,198,528,3826.03,EUR,DEBIT,BRANCH,PENDING
747,2024-01-13,US,396,292,2307.27,USD,CREDIT,ATM,REVERSED
748,2024-01-17,ES,237,661,2259.04,GBP,TRANSFER,ATM,POSTED
749,2024-01-25,PT,480,712,2732.49,USD,CREDIT,BRANCH,PENDING
750,2024-01-01,ES,232,604,4483.19,EUR,CREDIT,ATM,PENDING
751,2024-01-11,ES,367,750,618.6,EUR,TRANSFER,MOBILE,REVERSED
752,2024-01-12,DE,268,724,1921.05,GBP,TRANSFER,ONLINE,PENDING
753,2024-01-18,MA,22,786,855.25,USD,TRANSFER,ONLINE,POSTED
754,2024-01-28,ES,91,787,3560.53,USD,CREDIT,BRANCH,REVERSED
755,2024-01-25,NL,147,641,904.3,EUR,DEBIT,ATM,REVERSED
756,2024-01-25,US,6,469,2488.64,USD,TRANSFER,ATM,REVERSED
757,2024-01-29,NL,121,222,2944.72,USD,CREDIT,MOBILE,PENDING
758,2024-01-03,PT,307,6,1224.32,GBP,CREDIT,ONLINE,POSTED
759,2024-01-06,ES,28,668,1745.75,EUR,DEBIT,BRANCH,PENDING
760,2024-01-30,DE,25,111,2085.37,EUR,DEBIT,BRANCH,REVERSED
761,2024-01-22,PT,293,575,887.92,USD,TRANSFER,BRANCH,POSTED
762,2024-01-03,US,165,377,4487.75,EUR,CREDIT,ATM,PENDING
763,2024-01-16,ES,62,711,4297.18,USD,TRANSFER,MOBILE,REVERSED
764,2024-01-07,IT,313,59,547.4,GBP,TRANSFER,ATM,PENDING
765,2024-01-24,PT,478,723,1436.65,GBP,CREDIT,BRANCH,REVERSED
766,2024-01-19,PT,181,132,3071.84,USD,TRANSFER,MOBILE,PENDING
767,2024-01-26,ES,452,624,1164.38,USD,DEBIT,ATM,POSTED
768,2024-01-01,NL,320,120,3687.6,EUR,TRANSFER,MOBILE,PENDING
769,2024-01-02,UK,179,573,4030.41,EUR,DEBIT,ONLINE,REVERSED
770,2024-01-10,US,404,69,1539.55,GBP,TRANSFER,BRANCH,POSTED
771,2024-01-04,UK,174,405,3622.26,GBP,DEBIT,ONLINE,POSTED
772,2024-01-11,UK,472,688,2396.06,USD,DEBIT,ONLINE,PENDING
773,2024-01-05,NL,456,549,4479.75,USD,CREDIT,ATM,REVERSED
774,2024-01-10,PT,371,694,1578.2,GBP,DEBIT,ONLINE,REVERSED
775,2024-01-22,UK,409,362,332.0,EUR,CREDIT,ATM,PENDING
776,2024-01-13,BE,431,169,2855.34,USD,DEBIT,ATM,PENDING
777,2024-01-23,UK,363,32,1358.22,EUR,CREDIT,ONLINE,PENDING
778,2024-01-15,US,110,537,1512.29,EUR,CREDIT,ATM,POSTED
779,2024-01-30,DE,227,518,125.65,USD,TRANSFER,ONLINE,POSTED
780,2024-01-11,NL,375,536,1552.48,USD,DEBIT,ATM,REVERSED
781,2024-01-22,ES,105,741,183.73,USD,TRANSFER,ATM,POSTED
782,2024-01-10,FR,351,608,4359.5,USD,CREDIT,ATM,POSTED
783,2024-01-17,US,11,591,3792.71,GBP,DEBIT,BRANCH,POSTED
784,2024-01-07,US,141,545,1596.43,USD,TRANSFER,ATM,PENDING
785,2024-01-05,ES,140,117,77.27,GBP,TRANSFER,ATM,POSTED
786,2024-01-18,UK,281,326,1355.99,GBP,CREDIT,ONLINE,POSTED
787,2024-01-03,US,313,346,2703.34,EUR,DEBIT,ATM,PENDING
788,2024-01-29,FR,54,392,269.95,USD,CREDIT,ONLINE,REVERSED
789,2024-01-20,PT,322,706,3497.13,GBP,CREDIT,BRANCH,PENDING
790,2024-01-27,IT,365,776,3354.68,GBP,DEBIT,MOBILE,REVERSED
791,2024-01-05,DE,416,715,2341.91,USD,CREDIT,MOBILE,PENDING
792,2024-01-08,IT,73,631,1291.01,USD,CREDIT,ONLINE,REVERSED
793,2024-01-30,UK,403,332,2266.96,EUR,DEBIT,MOBILE,POSTED
794,2024-01-12,NL,236,174,1412.0,USD,TRANSFER,ONLINE,REVERSED
795,2024-01-04,MA,418,731,3983.99,USD,TRANSFER,ATM,PENDING
796,2024-01-18,NL,205,604,2067.8,GBP,DEBIT,ONLINE,PENDING
797,2024-01-13,DE,174,213,4069.76,GBP,CREDIT,MOBILE,REVERSED
798,2024-01-26,UK,278,710,1181.54,GBP,TRANSFER,ATM,REVERSED
799,2024-01-30,PT,428,498,572.5,GBP,CREDIT,BRANCH,REVERSED
800,2024-01-04,NL,90,315,4779.46,EUR,TRANSFER,ATM,REVERSED
801,2024-01-27,PT,394,388,1637.71,GBP,TRANSFER,ATM,POSTED
802,2024-01-07,ES,454,594,4516.38,GBP,DEBIT,ONLINE,REVERSED
803,2024-01-05,NL,272,298,1950.52,GBP,CREDIT,ONLINE,POSTED
804,2024-01-22,UK,153,583,3971.94,GBP,CREDIT,MOBILE,REVERSED
805,2024-01-30,UK,45,596,41.59,GBP,CREDIT,ONLINE,PENDING
806,2024-01-02,UK,461,562,4839.53,EUR,TRANSFER,BRANCH,POSTED
807,2024-01-28,US,443,31,1176.97,GBP,TRANSFER,MOBILE,REVERSED
808,2024-01-11,MA,207,390,2176.52,EUR,TRANSFER,ONLINE,PENDING
809,2024-01-05,IT,284,393,4216.8,USD,CREDIT,ONLINE,PENDING
810,2024-01-28,ES,68,11,359.66,EUR,DEBIT,MOBILE,REVERSED
811,2024-01-14,ES,43,140,3211.57,USD,CREDIT,MOBILE,REVERSED
812,2024-01-06,NL,260,434,2760.7,USD,CREDIT,BRANCH,POSTED
813,2024-01-06,MA,309,7,2890.11,GBP,DEBIT,BRANCH,PENDING
814,2024-01-30,BE,295,375,168.28,EUR,TRANSFER,MOBILE,REVERSED
815,2024-01-12,DE,297,493,4808.73,EUR,DEBIT,BRANCH,PENDING
816,2024-01-17,DE,267,624,443.14,USD,TRANSFER,ATM,REVERSED
817,2024-01-21,BE,408,593,1563.19,EUR,CREDIT,ATM,PENDING
818,2024-01-15,BE,463,480,2870.25,USD,CREDIT,BRANCH,PENDING
819,2024-01-10,ES,18,711,4614.4,GBP,CREDIT,BRANCH,POSTED
820,2024-01-21,NL,296,173,2864.73,GBP,CREDIT,ATM,PENDING
821,2024-01-16,DE,64,517,385.23,USD,CREDIT,ONLINE,REVERSED
822,2024-01-09,US,439,263,72.0,EUR,TRANSFER,ONLINE,REVERSED
823,2024-01-24,ES,337,457,1849.46,EUR,CREDIT,ONLINE,PENDING
824,2024-01-06,BE,441,33,1714.9,EUR,DEBIT,ONLINE,PENDING
825,2024-01-25,MA,394,392,1190.5,USD,TRANSFER,ONLINE,POSTED
826,2024-01-19,UK,27,657,1322.71,EUR,DEBIT,ONLINE,PENDING
827,2024-01-13,NL,154,487,3731.01,GBP,DEBIT,MOBILE,REVERSED
828,2024-01-23,MA,242,268,726.6,USD,DEBIT,BRANCH,PENDING
829,2024-01-13,UK,492,542,3414.7,EUR,DEBIT,BRANCH,PENDING
830,2024-01-20,US,171,276,1336.17,EUR,CREDIT,MOBILE,PENDING
831,2024-01-25,IT,375,688,2944.03,EUR,TRANSFER,BRANCH,REVERSED
832,2024-01-23,ES,160,560,53.88,EUR,DEBIT,ATM,PENDING
833,2024-01-04,BE,53,701,2230.27,EUR,TRANSFER,BRANCH,PENDING
834,2024-01-07,FR,12,634,460.61,GBP,TRANSFER,ONLINE,REVERSED
835,2024-01-21,DE,362,122,432.85,GBP,DEBIT,MOBILE,REVERSED
836,2024-01-25,PT,411,189,4480.11,GBP,DEBIT,BRANCH,PENDING
837,2024-01-15,DE,327,464,4613.55,USD,CREDIT,BRANCH,PENDING
838,2024-01-06,DE,141,795,312.87,USD,CREDIT,ATM,PENDING
839,2024-01-27,US,91,451,347.92,EUR,TRANSFER,MOBILE,POSTED
840,2024-01-21,NL,55,147,2703.62,USD,DEBIT,ATM,PENDING
841,2024-01-23,US,52,35,365.52,GBP,TRANSFER,BRANCH,PENDING
842,2024-01-01,NL,76,668,3202.04,EUR,TRANSFER,MOBILE,PENDING
843,2024-01-05,UK,463,400,2873.63,GBP,TRANSFER,MOBILE,PENDING
844,2024-01-14,MA,432,745,3904.9,EUR,TRANSFER,ONLINE,POSTED
845,2024-01-13,NL,62,580,2676.99,USD,CREDIT,BRANCH,PENDING
846,2024-01-02,DE,187,547,4266.86,USD,DEBIT,MOBILE,PENDING
847,2024-01-21,IT,90,567,197.62,USD,TRANSFER,ONLINE,PENDING
848,2024-01-23,MA,458,109,3153.45,USD,CREDIT,ATM,REVERSED
849,2024-01-15,IT,71,36,966.27,GBP,TRANSFER,ONLINE,PENDING
850,2024-01-13,DE,405,553,3217.39,USD,TRANSFER,MOBILE,POSTED
851,2024-01-02,UK,28,345,3939.1,EUR,CREDIT,ATM,POSTED
852,2024-01-26,BE,234,694,4351.13,GBP,DEBIT,ONLINE,POSTED
853,2024-01-02,ES,250,669,96.3,GBP,DEBIT,ONLINE,REVERSED
854,2024-01-21,ES,7,176,3163.67,USD,DEBIT,MOBILE,REVERSED
855,2024-01-06,PT,32,108,571.78,GBP,TRANSFER,ONLINE,POSTED
856,2024-01-26,IT,218,345,4057.79,GBP,TRANSFER,MOBILE,PENDING
857,2024-01-04,PT,279,140,1608.63,EUR,DEBIT,ONLINE,PENDING
858,2024-01-03,DE,140,144,3787.99,EUR,TRANSFER,BRANCH,REVERSED
859,2024-01-06,NL,124,595,204.45,EUR,TRANSFER,MOBILE,POSTED
860,2024-01-01,NL,41,6,37.11,EUR,TRANSFER,BRANCH,PENDING
861,2024-01-23,NL,354,129,1031.59,GBP,CREDIT,MOBILE,PENDING
862,2024-01-08,ES,312,708,189.07,EUR,TRANSFER,MOBILE,REVERSED
863,2024-01-03,US,178,428,23.85,EUR,DEBIT,ATM,REVERSED
864,2024-01-04,PT,185,779,4933.92,GBP,DEBIT,MOBILE,REVERSED
865,2024-01-22,IT,141,54,969.4,EUR,TRANSFER,MOBILE,PENDING
866,2024-01-06,ES,343,44,271.08,USD,CREDIT,ONLINE,PENDING
867,2024-01-09,UK,315,776,2266.28,EUR,TRANSFER,ATM,REVERSED
868,2024-01-06,ES,402,29,2425.82,EUR,DEBIT,ONLINE,REVERSED
869,2024-01-15,PT,296,333,2095.91,GBP,TRANSFER,BRANCH,POSTED
870,2024-01-25,DE,166,233,491.22,GBP,CREDIT,ONLINE,PENDING
871,2024-01-29,IT,37,482,2925.88,EUR,CREDIT,ONLINE,POSTED
872,2024-01-30,PT,232,182,1937.26,EUR,CREDIT,ONLINE,REVERSED
873,2024-01-12,US,103,343,636.93,GBP,TRANSFER,ATM,PENDING
874,2024-01-05,DE,436,476,2293.44,EUR,CREDIT,ONLINE,PENDING
875,2024-01-20,ES,404,653,4763.85,EUR,TRANSFER,ONLINE,POSTED
876,2024-01-14,BE,250,221,2958.31,USD,CREDIT,ATM,REVERSED
877,2024-01-14,IT,126,335,2171.81,EUR,TRANSFER,ONLINE,REVERSED
878,2024-01-29,FR,213,45,201.25,USD,TRANSFER,ATM,PENDING
879,2024-01-17,MA,245,713,4106.64,USD,CREDIT,ONLINE,POSTED
880,2024-01-18,FR,354,749,2033.68,EUR,DEBIT,BRANCH,PENDING
881,2024-01-08,DE,8,491,3345.51,EUR,TRANSFER,MOBILE,REVERSED
882,2024-01-24,PT,12,465,2319.34,EUR,TRANSFER,MOBILE,POSTED
883,2024-01-26,UK,320,475,3519.81,EUR,TRANSFER,ATM,PENDING
884,2024-01-29,UK,271,33,1483.65,USD,TRANSFER,ONLINE,REVERSED
885,2024-01-03,PT,450,343,3679.07,EUR,TRANSFER,BRANCH,POSTED
886,2024-01-04,MA,187,476,3096.05,USD,CREDIT,ONLINE,REVERSED
887,2024-01-18,DE,287,726,3868.1,EUR,CREDIT,ONLINE,REVERSED
888,2024-01-04,NL,377,770,2901.02,GBP,DEBIT,ONLINE,PENDING
889,2024-01-12,US,257,696,2115.22,EUR,DEBIT,BRANCH,PENDING
890,2024-01-15,NL,256,539,4147.97,USD,TRANSFER,BRANCH,PENDING
891,2024-01-20,UK,409,689,4726.88,EUR,DEBIT,MOBILE,POSTED
892,2024-01-03,MA,459,183,1442.58,EUR,DEBIT,ONLINE,PENDING
893,2024-01-04,ES,254,154,4375.09,GBP,TRANSFER,ATM,PENDING
894,2024-01-14,BE,477,135,2370.05,USD,CREDIT,ATM,PENDING
895,2024-01-07,DE,11,237,4174.9,GBP,TRANSFER,BRANCH,PENDING
896,2024-01-19,UK,335,661,3934.33,USD,TRANSFER,MOBILE,PENDING
897,2024-01-10,PT,67,313,859.51,USD,DEBIT,MOBILE,PENDING
898,2024-01-10,FR,75,361,1422.63,EUR,TRANSFER,ONLINE,REVERSED
899,2024-01-18,US,93,179,4196.82,GBP,TRANSFER,ONLINE,POSTED
900,2024-01-08,DE,21,324,2873.05,USD,CREDIT,BRANCH,POSTED
901,2024-01-07,BE,362,35,3328.1,USD,DEBIT,BRANCH,PENDING
902,2024-01-18,ES,273,308,608.33,EUR,CREDIT,MOBILE,POSTED
903,2024-01-15,UK,79,4,4850.78,GBP,TRANSFER,BRANCH,REVERSED
904,2024-01-23,US,242,296,4848.06,GBP,TRANSFER,ONLINE,REVERSED
905,2024-01-24,NL,173,705,562.47,USD,DEBIT,ONLINE,REVERSED
906,2024-01-18,DE,157,25,2008.75,EUR,CREDIT,BRANCH,POSTED
907,2024-01-11,FR,311,656,976.55,GBP,DEBIT,BRANCH,POSTED
908,2024-01-01,DE,275,456,3385.64,EUR,TRANSFER,MOBILE,POSTED
909,2024-01-16,UK,308,619,2558.27,EUR,TRANSFER,BRANCH,PENDING
910,2024-01-05,MA,189,395,1864.78,USD,CREDIT,BRANCH,PENDING
911,2024-01-15,BE,44,220,3639.54,USD,TRANSFER,MOBILE,PENDING
912,2024-01-10,ES,412,745,4851.83,USD,TRANSFER,MOBILE,POSTED
913,2024-01-27,PT,306,88,719.05,USD,CREDIT,BRANCH,POSTED
914,2024-01-30,PT,387,384,443.15,USD,TRANSFER,BRANCH,PENDING
915,2024-01-06,BE,236,727,2840.01,EUR,DEBIT,ONLINE,PENDING
916,2024-01-10,BE,251,43,4114.17,USD,TRANSFER,BRANCH,PENDING
917,2024-01-18,NL,114,27,3956.31,EUR,CREDIT,BRANCH,REVERSED
918,2024-01-27,NL,63,669,3329.9,USD,CREDIT,ONLINE,PENDING
919,2024-01-30,IT,14,122,3823.83,USD,DEBIT,BRANCH,REVERSED
920,2024-01-16,PT,223,264,3140.35,USD,TRANSFER,ATM,PENDING
921,2024-01-17,PT,8,265,815.07,EUR,DEBIT,BRANCH,PENDING
922,2024-01-29,ES,182,167,265.39,USD,CREDIT,BRANCH,POSTED
923,2024-01-10,US,271,654,4681.65,GBP,DEBIT,ONLINE,POSTED
924,2024-01-20,ES,278,330,4362.34,GBP,CREDIT,BRANCH,REVERSED
925,2024-01-23,UK,49,547,2900.65,EUR,DEBIT,ONLINE,REVERSED
926,2024-01-10,UK,398,496,2060.56,EUR,DEBIT,ONLINE,POSTED
927,2024-01-17,IT,425,192,3975.74,GBP,TRANSFER,ATM,PENDING
928,2024-01-15,DE,59,134,4617.13,USD,CREDIT,BRANCH,REVERSED
929,2024-01-12,ES,418,452,4448.74,GBP,TRANSFER,BRANCH,POSTED
930,2024-01-23,US,14,762,4073.06,EUR,DEBIT,ONLINE,REVERSED
931,2024-01-08,US,64,214,651.96,EUR,CREDIT,ATM,POSTED
932,2024-01-01,NL,387,441,213.54,EUR,DEBIT,ATM,PENDING
933,2024-01-04,US,22,67,1508.93,EUR,DEBIT,ATM,REVERSED
934,2024-01-07,PT,461,204,924.72,USD,DEBIT,ATM,POSTED
935,2024-01-28,US,485,593,1739.83,EUR,TRANSFER,ONLINE,REVERSED
936,2024-01-19,DE,50,592,3816.46,GBP,DEBIT,ONLINE,PENDING
937,2024-01-06,BE,2,742,494.33,EUR,TRANSFER,MOBILE,PENDING
938,2024-01-23,PT,94,450,3367.95,EUR,DEBIT,BRANCH,PENDING
939,2024-01-14,IT,263,233,2038.48,USD,DEBIT,MOBILE,POSTED
940,2024-01-17,ES,253,780,1806.89,USD,TRANSFER,ATM,POSTED
941,2024-01-11,NL,59,394,1418.77,GBP,TRANSFER,BRANCH,REVERSED
942,2024-01-27,NL,115,567,2037.0,USD,DEBIT,ATM,PENDING
943,2024-01-22,UK,91,13,4993.62,USD,TRANSFER,ATM,PENDING
944,2024-01-15,BE,337,692,425.94,EUR,CREDIT,MOBILE,REVERSED
945,2024-01-19,DE,379,172,324.49,EUR,CREDIT,ONLINE,REVERSED
946,2024-01-28,MA,62,238,4190.71,GBP,CREDIT,BRANCH,REVERSED
947,2024-01-25,PT,303,279,3781.76,GBP,CREDIT,BRANCH,PENDING
948,2024-01-22,PT,486,414,4937.63,GBP,CREDIT,ONLINE,PENDING
949,2024-01-04,DE,128,501,2486.87,GBP,DEBIT,ATM,POSTED
950,2024-01-24,FR,425,69,2491.18,EUR,DEBIT,MOBILE,REVERSED
951,2024-01-22,UK,78,310,3110.21,EUR,DEBIT,MOBILE,PENDING
952,2024-01-07,US,338,509,2451.76,USD,TRANSFER,BRANCH,REVERSED
953,2024-01-18,FR,487,782,158.96,USD,DEBIT,MOBILE,PENDING
954,2024-01-11,MA,226,470,180.87,EUR,TRANSFER,BRANCH,REVERSED
955,2024-01-06,NL,220,137,1562.99,USD,CREDIT,ATM,REVERSED
956,2024-01-22,NL,337,567,3427.19,GBP,CREDIT,MOBILE,REVERSED
957,2024-01-28,ES,259,57,1957.53,USD,TRANSFER,MOBILE,REVERSED
958,2024-01-22,UK,392,291,1603.09,EUR,TRANSFER,ATM,POSTED
959,2024-01-27,UK,178,759,2920.25,GBP,CREDIT,MOBILE,POSTED
960,2024-01-14,UK,182,421,1757.0,GBP,DEBIT,ONLINE,POSTED
961,2024-01-21,US,303,86,4552.03,EUR,CREDIT,ATM,PENDING
962,2024-01-06,FR,275,333,187.85,GBP,CREDIT,MOBILE,PENDING
963,2024-01-01,NL,301,22,4928.84,USD,TRANSFER,MOBILE,PENDING
964,2024-01-19,DE,413,500,501.18,GBP,DEBIT,BRANCH,PENDING
965,2024-01-17,UK,85,629,1498.3,USD,DEBIT,MOBILE,REVERSED
966,2024-01-28,DE,430,548,1071.19,USD,DEBIT,BRANCH,REVERSED
967,2024-01-13,IT,319,760,4789.75,GBP,TRANSFER,ATM,REVERSED
968,2024-01-11,US,34,580,4006.13,USD,CREDIT,ONLINE,PENDING
969,2024-01-26,DE,333,309,2523.69,USD,CREDIT,BRANCH,POSTED
970,2024-01-14,MA,128,639,2577.33,GBP,TRANSFER,ONLINE,POSTED
971,2024-01-21,BE,441,191,2884.64,EUR,TRANSFER,MOBILE,PENDING
972,2024-01-30,BE,414,629,4264.02,USD,TRANSFER,ATM,REVERSED
973,2024-01-07,UK,236,151,1202.63,GBP,TRANSFER,BRANCH,PENDING
974,2024-01-14,UK,440,65,3170.0,USD,CREDIT,BRANCH,REVERSED
975,2024-01-06,US,351,615,1181.41,EUR,DEBIT,ONLINE,POSTED
976,2024-01-01,IT,408,317,2321.33,GBP,CREDIT,MOBILE,REVERSED
977,2024-01-29,FR,103,163,1364.29,EUR,CREDIT,BRANCH,REVERSED
978,2024-01-18,ES,329,43,4818.97,USD,DEBIT,ATM,POSTED
979,2024-01-11,PT,152,65,4502.97,USD,CREDIT,ATM,PENDING
980,2024-01-27,ES,120,114,2855.3,GBP,DEBIT,BRANCH,PENDING
981,2024-01-29,DE,121,614,612.26,USD,CREDIT,MOBILE,REVERSED
982,2024-01-24,IT,478,433,1090.82,EUR,DEBIT,ONLINE,PENDING
983,2024-01-15,MA,130,603,280.57,GBP,CREDIT,ATM,PENDING
984,2024-01-18,MA,243,699,1232.49,USD,DEBIT,BRANCH,PENDING
985,2024-01-23,UK,420,315,106.35,GBP,DEBIT,ATM,REVERSED
986,2024-01-30,IT,129,565,1924.07,GBP,TRANSFER,BRANCH,REVERSED
987,2024-01-04,BE,443,242,4288.38,USD,DEBIT,MOBILE,PENDING
988,2024-01-10,DE,479,774,1178.07,EUR,DEBIT,MOBILE,REVERSED
989,2024-01-11,MA,404,34,1370.91,EUR,CREDIT,MOBILE,REVERSED
990,2024-01-14,UK,367,432,4383.93,EUR,DEBIT,BRANCH,REVERSED
991,2024-01-03,UK,215,616,3646.43,GBP,TRANSFER,BRANCH,PENDING
992,2024-01-23,FR,390,53,3207.22,EUR,TRANSFER,MOBILE,REVERSED
993,2024-01-05,FR,205,204,3141.85,USD,TRANSFER,ATM,POSTED
994,2024-01-06,IT,264,730,4848.35,GBP,DEBIT,MOBILE,PENDING
995,2024-01-15,NL,447,752,668.42,EUR,TRANSFER,BRANCH,PENDING
996,2024-01-07,DE,212,376,910.26,USD,TRANSFER,ONLINE,POSTED
997,2024-01-01,BE,331,626,3133.51,EUR,CREDIT,ONLINE,PENDING
998,2024-01-23,ES,25,410,3090.4,GBP,CREDIT,ONLINE,POSTED
999,2024-01-12,ES,484,580,587.64,GBP,TRANSFER,MOBILE,PENDING
1000,2024-01-27,NL,60,229,3568.1,EUR,CREDIT,BRANCH,REVERSED
1001,2024-01-16,MA,66,441,4281.83,GBP,DEBIT,BRANCH,REVERSED
1002,2024-01-22,IT,214,184,2043.21,EUR,DEBIT,BRANCH,PENDING
1003,2024-01-08,PT,230,254,1848.82,GBP,TRANSFER,MOBILE,POSTED
1004,2024-01-01,NL,68,331,4872.02,USD,TRANSFER,ONLINE,REVERSED
1005,2024-01-13,MA,376,611,1281.87,EUR,TRANSFER,ATM,POSTED
1006,2024-01-11,IT,241,362,4983.7,GBP,TRANSFER,ATM,POSTED
1007,2024-01-09,BE,317,390,1513.23,USD,TRANSFER,BRANCH,POSTED
1008,2024-01-29,BE,21,594,897.68,EUR,TRANSFER,MOBILE,PENDING
1009,2024-01-29,NL,67,91,1587.27,GBP,CREDIT,ONLINE,PENDING
1010,2024-01-04,UK,22,130,2496.55,USD,TRANSFER,BRANCH,PENDING
1011,2024-01-10,US,313,779,4633.66,GBP,CREDIT,MOBILE,POSTED
1012,2024-01-11,NL,391,154,2778.82,GBP,TRANSFER,MOBILE,POSTED
1013,2024-01-07,ES,27,235,916.52,USD,CREDIT,ONLINE,REVERSED
1014,2024-01-15,MA,59,506,204.92,USD,TRANSFER,MOBILE,PENDING
1015,2024-01-16,DE,433,737,4334.53,EUR,CREDIT,ATM,POSTED
1016,2024-01-28,US,92,172,3749.93,USD,TRANSFER,ONLINE,REVERSED
1017,2024-01-01,BE,392,584,903.66,EUR,DEBIT,MOBILE,REVERSED
1018,2024-01-04,UK,13,291,3406.88,GBP,DEBIT,MOBILE,PENDING
1019,2024-01-19,DE,428,331,769.72,EUR,CREDIT,MOBILE,PENDING
1020,2024-01-21,US,304,673,30.02,EUR,TRANSFER,MOBILE,PENDING
1021,2024-01-24,PT,66,216,4316.53,GBP,CREDIT,BRANCH,POSTED
1022,2024-01-24,DE,280,616,1907.57,USD,CREDIT,ONLINE,POSTED
1023,2024-01-25,MA,45,21,4261.88,EUR,CREDIT,MOBILE,PENDING
1024,2024-01-21,ES,61,305,2454.73,USD,TRANSFER,BRANCH,REVERSED
1025,2024-01-20,ES,183,681,481.46,USD,TRANSFER,ONLINE,PENDING
1026,2024-01-15,MA,243,274,2815.72,USD,DEBIT,MOBILE,PENDING
1027,2024-01-20,ES,222,645,2130.66,EUR,TRANSFER,BRANCH,PENDING
1028,2024-01-22,IT,331,702,3568.46,USD,TRANSFER,ATM,PENDING
1029,2024-01-15,MA,40,489,1502.67,EUR,TRANSFER,BRANCH,POSTED
1030,2024-01-17,MA,151,582,239.59,EUR,DEBIT,ATM,REVERSED
1031,2024-01-14,MA,48,475,3304.62,GBP,CREDIT,BRANCH,PENDING
1032,2024-01-19,DE,393,515,82.33,GBP,TRANSFER,MOBILE,POSTED
1033,2024-01-26,ES,431,402,227.25,USD,TRANSFER,BRANCH,PENDING
1034,2024-01-19,NL,387,686,2250.29,USD,CREDIT,ONLINE,POSTED
1035,2024-01-06,DE,382,618,1297.33,GBP,DEBIT,MOBILE,REVERSED
1036,2024-01-01,FR,202,119,67.51,GBP,CREDIT,MOBILE,REVERSED
1037,2024-01-13,PT,371,498,1514.7,GBP,CREDIT,MOBILE,PENDING
1038,2024-01-03,ES,69,14,954.82,EUR,TRANSFER,ONLINE,POSTED
1039,2024-01-07,NL,332,148,3249.05,USD,TRANSFER,ONLINE,POSTED
1040,2024-01-10,NL,75,485,2109.97,EUR,DEBIT,ONLINE,REVERSED
1041,2024-01-23,NL,493,496,2357.97,USD,TRANSFER,ONLINE,POSTED
1042,2024-01-10,PT,424,401,255.56,EUR,DEBIT,MOBILE,PENDING
1043,2024-01-28,NL,377,592,2979.6,GBP,CREDIT,ATM,PENDING
1044,2024-01-13,NL,262,605,3623.35,GBP,CREDIT,ONLINE,REVERSED
1045,2024-01-02,BE,9,432,2882.44,GBP,DEBIT,BRANCH,REVERSED
1046,2024-01-14,NL,59,506,3113.86,GBP,CREDIT,MOBILE,REVERSED
1047,2024-01-14,FR,82,294,3631.32,USD,CREDIT,MOBILE,POSTED
1048,2024-01-17,IT,300,701,1696.43,GBP,TRANSFER,MOBILE,POSTED
1049,2024-01-29,US,370,728,1952.47,USD,TRANSFER,BRANCH,PENDING
1050,2024-01-26,ES,318,212,1413.0,GBP,DEBIT,MOBILE,POSTED
1051,2024-01-06,IT,80,620,2461.44,USD,CREDIT,BRANCH,POSTED
1052,2024-01-07,BE,24,18,1794.57,USD,CREDIT,ONLINE,POSTED
1053,2024-01-27,BE,16,65,1689.34,EUR,TRANSFER,ONLINE,POSTED
1054,2024-01-18,IT,249,264,4968.32,USD,DEBIT,BRANCH,POSTED
1055,2024-01-28,BE,309,685,521.61,EUR,CREDIT,MOBILE,POSTED
1056,2024-01-04,PT,312,104,4118.23,EUR,TRANSFER,ATM,POSTED
1057,2024-01-21,DE,445,210,4555.02,EUR,TRANSFER,BRANCH,REVERSED
1058,2024-01-15,BE,255,750,4352.59,EUR,TRANSFER,BRANCH,PENDING
1059,2024-01-27,ES,62,206,2196.1,USD,DEBIT,ONLINE,PENDING
1060,2024-01-11,US,258,175,427.08,USD,TRANSFER,MOBILE,PENDING
1061,2024-01-21,IT,77,771,3767.78,USD,DEBIT,ONLINE,PENDING
1062,2024-01-14,MA,459,469,4759.25,GBP,TRANSFER,BRANCH,POSTED
1063,2024-01-15,ES,394,10,3588.41,GBP,DEBIT,ATM,PENDING
1064,2024-01-11,MA,395,168,2170.93,USD,DEBIT,ONLINE,REVERSED
1065,2024-01-02,BE,498,302,2097.11,GBP,TRANSFER,BRANCH,REVERSED
1066,2024-01-24,UK,465,352,40.5,USD,TRANSFER,ONLINE,REVERSED
1067,2024-01-13,NL,329,210,4438.01,GBP,TRANSFER,MOBILE,REVERSED
1068,2024-01-12,MA,397,202,4404.99,EUR,DEBIT,BRANCH,PENDING
1069,2024-01-24,ES,266,553,1420.36,EUR,TRANSFER,BRANCH,REVERSED
1070,2024-01-11,ES,11,28,4451.71,GBP,TRANSFER,BRANCH,POSTED
1071,2024-01-27,US,371,432,4934.79,EUR,TRANSFER,ATM,PENDING
1072,2024-01-09,BE,181,126,239.62,GBP,DEBIT,MOBILE,PENDING
1073,2024-01-19,FR,232,347,4914.77,GBP,TRANSFER,ONLINE,PENDING
1074,2024-01-10,US,341,732,2864.26,EUR,TRANSFER,MOBILE,REVERSED
1075,2024-01-24,IT,53,335,2582.74,EUR,CREDIT,MOBILE,POSTED
1076,2024-01-05,MA,424,421,410.65,EUR,CREDIT,ONLINE,PENDING
1077,2024-01-07,NL,39,378,3384.44,USD,TRANSFER,MOBILE,PENDING
1078,2024-01-19,NL,325,433,4982.56,GBP,CREDIT,MOBILE,POSTED
1079,2024-01-05,BE,65,496,3556.04,EUR,TRANSFER,ATM,REVERSED
1080,2024-01-07,NL,242,33,3732.74,GBP,CREDIT,ATM,REVERSED
1081,2024-01-28,MA,56,123,1848.56,USD,DEBIT,ONLINE,POSTED
1082,2024-01-12,US,191,310,1470.61,EUR,DEBIT,ONLINE,REVERSED
1083,2024-01-14,FR,479,312,4445.4,EUR,DEBIT,MOBILE,POSTED
1084,2024-01-04,BE,178,69,4352.26,USD,CREDIT,BRANCH,REVERSED
1085,2024-01-15,UK,400,386,2376.66,GBP,TRANSFER,ONLINE,POSTED
1086,2024-01-17,NL,389,460,3336.44,EUR,TRANSFER,BRANCH,POSTED
1087,2024-01-26,PT,340,638,2048.73,EUR,CREDIT,BRANCH,REVERSED
1088,2024-01-02,NL,376,284,3229.94,EUR,TRANSFER,ATM,REVERSED
1089,2024-01-21,US,287,660,619.78,GBP,DEBIT,ONLINE,REVERSED
1090,2024-01-18,PT,387,54,4786.51,GBP,DEBIT,MOBILE,REVERSED
1091,2024-01-29,FR,61,674,4680.97,EUR,DEBIT,BRANCH,POSTED
1092,2024-01-08,PT,227,86,4034.8,GBP,CREDIT,MOBILE,REVERSED
1093,2024-01-02,NL,441,23,1700.44,EUR,CREDIT,ATM,REVERSED
1094,2024-01-11,MA,131,93,574.11,EUR,TRANSFER,ONLINE,PENDING
1095,2024-01-05,ES,130,786,449.05,USD,CREDIT,ONLINE,POSTED
1096,2024-01-20,UK,92,27,3566.79,USD,CREDIT,ATM,PENDING
1097,2024-01-05,MA,457,331,1290.41,EUR,DEBIT,ONLINE,POSTED
1098,2024-01-25,PT,300,242,2465.4,GBP,CREDIT,ATM,PENDING
1099,2024-01-02,UK,237,566,2035.98,USD,DEBIT,MOBILE,REVERSED
1100,2024-01-08,FR,137,567,4817.41,GBP,DEBIT,ONLINE,REVERSED
1101,2024-01-21,ES,155,581,2034.32,EUR,TRANSFER,ONLINE,POSTED
1102,2024-01-12,BE,86,251,2688.14,USD,TRANSFER,MOBILE,POSTED
1103,2024-01-01,NL,492,635,1446.96,EUR,DEBIT,ATM,PENDING
1104,2024-01-09,PT,128,696,1901.39,USD,TRANSFER,ONLINE,REVERSED
1105,2024-01-27,BE,144,46,807.92,GBP,TRANSFER,ATM,PENDING
1106,2024-01-03,MA,357,125,4152.66,GBP,TRANSFER,BRANCH,PENDING
1107,2024-01-07,PT,258,325,4419.77,USD,TRANSFER,BRANCH,REVERSED
1108,2024-01-15,US,125,678,4915.13,USD,DEBIT,MOBILE,REVERSED
1109,2024-01-11,FR,467,708,669.49,EUR,TRANSFER,MOBILE,POSTED
1110,2024-01-29,FR,344,177,2066.4,GBP,TRANSFER,MOBILE,PENDING
1111,2024-01-18,DE,403,664,3256.68,GBP,DEBIT,MOBILE,REVERSED
1112,2024-01-04,UK,497,385,4137.51,USD,CREDIT,ONLINE,REVERSED
1113,2024-01-01,DE,236,379,4681.3,USD,DEBIT,ONLINE,REVERSED
1114,2024-01-01,US,348,726,1789.75,EUR,TRANSFER,BRANCH,REVERSED
1115,2024-01-08,IT,252,371,184.94,USD,TRANSFER,ONLINE,POSTED
1116,2024-01-07,MA,56,284,2845.94,USD,DEBIT,ONLINE,REVERSED
1117,2024-01-24,PT,344,698,3015.26,EUR,DEBIT,ONLINE,REVERSED
1118,2024-01-03,ES,132,583,4277.54,GBP,TRANSFER,BRANCH,POSTED
1119,2024-01-28,FR,496,709,3388.99,GBP,CREDIT,MOBILE,POSTED
1120,2024-01-14,FR,437,330,2163.31,USD,CREDIT,ATM,REVERSED
1121,2024-01-17,NL,253,370,2586.77,EUR,TRANSFER,ONLINE,POSTED
1122,2024-01-09,MA,272,459,1581.89,USD,DEBIT,BRANCH,POSTED
1123,2024-01-29,PT,413,25,4951.33,EUR,TRANSFER,MOBILE,POSTED
1124,2024-01-30,IT,100,168,1646.79,EUR,TRANSFER,ATM,POSTED
1125,2024-01-16,MA,413,24,2963.06,GBP,CREDIT,BRANCH,POSTED
1126,2024-01-04,NL,122,348,4162.76,USD,TRANSFER,ONLINE,POSTED
1127,2024-01-25,PT,317,449,3820.73,GBP,CREDIT,ATM,POSTED
1128,2024-01-02,FR,193,320,4450.53,GBP,DEBIT,ONLINE,POSTED
1129,2024-01-30,NL,28,308,3054.08,USD,DEBIT,ATM,REVERSED
1130,2024-01-02,BE,26,301,4249.8,USD,DEBIT,MOBILE,POSTED
1131,2024-01-28,PT,403,675,3120.42,USD,CREDIT,MOBILE,PENDING
1132,2024-01-29,PT,317,103,1698.74,GBP,DEBIT,MOBILE,REVERSED
1133,2024-01-11,PT,98,110,514.35,GBP,TRANSFER,ATM,REVERSED
1134,2024-01-26,IT,463,586,630.78,GBP,CREDIT,BRANCH,PENDING
1135,2024-01-16,PT,227,190,1216.52,EUR,DEBIT,ONLINE,PENDING
1136,2024-01-19,MA,262,667,3772.11,USD,TRANSFER,ONLINE,POSTED
1137,2024-01-16,US,308,351,1456.03,EUR,TRANSFER,ONLINE,POSTED
1138,2024-01-08,BE,419,572,4293.65,USD,CREDIT,ONLINE,POSTED
1139,2024-01-21,IT,402,70,1708.42,GBP,CREDIT,MOBILE,REVERSED
1140,2024-01-23,UK,436,592,2830.92,USD,TRANSFER,BRANCH,PENDING
1141,2024-01-11,ES,53,465,4380.65,EUR,CREDIT,ONLINE,POSTED
1142,2024-01-21,IT,354,235,2333.22,EUR,DEBIT,MOBILE,REVERSED
1143,2024-01-25,UK,413,757,1880.18,USD,DEBIT,ATM,PENDING
1144,2024-01-01,DE,183,30,2773.9,EUR,CREDIT,MOBILE,POSTED
1145,2024-01-21,PT,467,783,1800.19,EUR,DEBIT,ONLINE,PENDING
1146,2024-01-06,IT,453,268,3594.46,USD,TRANSFER,ONLINE,POSTED
1147,2024-01-07,FR,90,268,4553.33,EUR,TRANSFER,ONLINE,PENDING
1148,2024-01-21,DE,173,215,1526.06,EUR,CREDIT,BRANCH,REVERSED
1149,2024-01-06,BE,409,638,4408.44,GBP,DEBIT,ATM,POSTED
1150,2024-01-29,ES,406,194,959.21,USD,TRANSFER,BRANCH,PENDING
1151,2024-01-20,MA,325,250,4605.15,GBP,TRANSFER,ONLINE,REVERSED
1152,2024-01-10,ES,167,253,267.24,USD,DEBIT,MOBILE,POSTED
1153,2024-01-24,DE,401,481,3955.2,GBP,DEBIT,ONLINE,REVERSED
1154,2024-01-13,BE,191,510,2594.94,EUR,CREDIT,BRANCH,REVERSED
1155,2024-01-23,NL,366,506,2369.32,GBP,CREDIT,ATM,POSTED
1156,2024-01-08,IT,231,240,1980.1,USD,CREDIT,MOBILE,REVERSED
1157,2024-01-06,UK,130,563,424.71,EUR,CREDIT,MOBILE,REVERSED
1158,2024-01-12,IT,298,42,2326.8,GBP,CREDIT,MOBILE,PENDING
1159,2024-01-15,MA,209,376,4022.72,USD,CREDIT,MOBILE,POSTED
1160,2024-01-06,NL,119,271,3227.13,USD,DEBIT,BRANCH,REVERSED
1161,2024-01-17,BE,329,80,3929.58,EUR,DEBIT,ATM,POSTED
1162,2024-01-12,FR,279,205,1669.46,GBP,CREDIT,BRANCH,PENDING
1163,2024-01-24,US,97,722,3020.57,EUR,TRANSFER,BRANCH,POSTED
1164,2024-01-25,US,144,354,3915.86,USD,CREDIT,ATM,PENDING
1165,2024-01-21,BE,389,152,4327.47,EUR,DEBIT,ONLINE,PENDING
1166,2024-01-08,BE,300,565,3788.35,GBP,CREDIT,BRANCH,POSTED
1167,2024-01-11,IT,219,788,4709.71,USD,DEBIT,MOBILE,PENDING
1168,2024-01-28,BE,15,383,695.61,EUR,CREDIT,ATM,PENDING
1169,2024-01-26,UK,173,230,2096.32,GBP,CREDIT,BRANCH,PENDING
1170,2024-01-19,FR,290,32,4610.8,EUR,CREDIT,MOBILE,PENDING
1171,2024-01-07,MA,32,547,1932.78,USD,DEBIT,BRANCH,REVERSED
1172,2024-01-15,US,47,175,522.46,GBP,DEBIT,ATM,REVERSED
1173,2024-01-20,NL,13,191,995.79,USD,CREDIT,ONLINE,POSTED
1174,2024-01-10,BE,35,465,288.21,GBP,DEBIT,ONLINE,PENDING
1175,2024-01-28,MA,200,160,4947.99,EUR,TRANSFER,MOBILE,PENDING
1176,2024-01-24,DE,199,211,650.53,EUR,CREDIT,MOBILE,REVERSED
1177,2024-01-22,NL,81,618,2875.88,USD,TRANSFER,ONLINE,REVERSED
1178,2024-01-23,NL,141,206,38.21,EUR,CREDIT,ATM,PENDING
1179,2024-01-20,IT,269,336,4551.6,USD,CREDIT,MOBILE,REVERSED
1180,2024-01-02,DE,147,661,4405.09,USD,CREDIT,BRANCH,PENDING
1181,2024-01-20,ES,212,255,898.71,GBP,TRANSFER,MOBILE,PENDING
1182,2024-01-13,ES,357,582,478.58,GBP,DEBIT,ONLINE,POSTED
1183,2024-01-09,BE,149,682,4581.57,GBP,TRANSFER,ONLINE,PENDING
1184,2024-01-14,BE,62,377,383.59,EUR,TRANSFER,BRANCH,PENDING
1185,2024-01-15,ES,129,212,2530.82,USD,DEBIT,ATM,REVERSED
1186,2024-01-23,NL,195,351,3730.04,EUR,CREDIT,ATM,POSTED
1187,2024-01-09,DE,363,139,1636.22,GBP,CREDIT,MOBILE,PENDING
1188,2024-01-03,DE,280,672,1212.23,USD,DEBIT,MOBILE,PENDING
1189,2024-01-27,ES,87,18,3035.34,EUR,CREDIT,ATM,REVERSED
1190,2024-01-24,MA,86,79,3357.29,EUR,TRANSFER,BRANCH,POSTED
1191,2024-01-15,UK,91,221,3572.35,GBP,TRANSFER,ONLINE,PENDING
1192,2024-01-23,FR,428,650,4057.75,GBP,TRANSFER,ATM,PENDING
1193,2024-01-23,US,227,53,2991.43,EUR,CREDIT,ONLINE,POSTED
1194,2024-01-12,IT,102,93,81.18,EUR,DEBIT,BRANCH,POSTED
1195,2024-01-22,DE,112,98,3984.82,GBP,DEBIT,ONLINE,POSTED
1196,2024-01-14,BE,55,334,1614.08,GBP,DEBIT,ONLINE,REVERSED
1197,2024-01-13,MA,61,237,1069.69,USD,CREDIT,ONLINE,POSTED
1198,2024-01-13,UK,6,398,1064.63,EUR,DEBIT,BRANCH,REVERSED
1199,2024-01-20,UK,22,68,4427.41,USD,CREDIT,MOBILE,POSTED
1200,2024-01-23,BE,405,582,858.12,EUR,TRANSFER,BRANCH,REVERSED
1201,2024-01-23,MA,347,789,3468.91,USD,DEBIT,BRANCH,REVERSED
1202,2024-01-16,DE,171,18,3043.06,GBP,CREDIT,MOBILE,REVERSED
1203,2024-01-21,IT,257,601,3523.44,EUR,DEBIT,ATM,REVERSED
1204,2024-01-25,DE,158,242,3689.83,EUR,TRANSFER,ATM,POSTED
1205,2024-01-05,UK,255,303,1010.86,USD,DEBIT,ATM,POSTED
1206,2024-01-30,PT,484,454,3696.54,USD,DEBIT,BRANCH,PENDING
1207,2024-01-21,FR,266,424,3240.58,USD,DEBIT,ONLINE,REVERSED
1208,2024-01-11,UK,124,210,2697.02,GBP,DEBIT,ONLINE,REVERSED
1209,2024-01-28,MA,266,329,918.54,GBP,DEBIT,ATM,PENDING
1210,2024-01-03,IT,26,649,4960.07,EUR,DEBIT,ATM,POSTED
1211,2024-01-19,BE,425,209,1182.31,EUR,CREDIT,MOBILE,PENDING
1212,2024-01-06,IT,125,434,883.0,EUR,CREDIT,BRANCH,REVERSED
1213,2024-01-15,IT,139,492,401.0,USD,CREDIT,MOBILE,POSTED
1214,2024-01-16,NL,216,517,3047.36,USD,DEBIT,MOBILE,POSTED
1215,2024-01-25,MA,218,85,3794.53,USD,TRANSFER,ONLINE,REVERSED
1216,2024-01-24,ES,131,389,2318.79,USD,CREDIT,MOBILE,REVERSED
1217,2024-01-20,NL,36,341,684.15,USD,DEBIT,ONLINE,POSTED
1218,2024-01-01,FR,441,512,3652.11,USD,CREDIT,MOBILE,PENDING
1219,2024-01-13,UK,196,501,1539.75,GBP,DEBIT,MOBILE,POSTED
1220,2024-01-30,DE,197,579,812.65,USD,CREDIT,BRANCH,REVERSED
1221,2024-01-23,NL,325,705,1841.53,EUR,TRANSFER,MOBILE,PENDING
1222,2024-01-24,IT,124,489,173.5,USD,TRANSFER,ATM,REVERSED
1223,2024-01-22,ES,133,619,2277.9,GBP,DEBIT,BRANCH,POSTED
1224,2024-01-20,PT,487,678,4207.74,EUR,DEBIT,ATM,REVERSED
1225,2024-01-23,MA,203,723,2931.22,EUR,TRANSFER,ONLINE,PENDING
1226,2024-01-06,MA,129,708,1511.8,GBP,TRANSFER,MOBILE,REVERSED
1227,2024-01-10,MA,385,745,4347.22,EUR,TRANSFER,BRANCH,POSTED
1228,2024-01-09,IT,476,766,1990.45,USD,DEBIT,ONLINE,PENDING
1229,2024-01-01,DE,35,792,3481.89,GBP,CREDIT,BRANCH,REVERSED
1230,2024-01-14,ES,90,383,932.81,EUR,DEBIT,MOBILE,POSTED
1231,2024-01-17,DE,230,580,4072.04,EUR,DEBIT,ATM,REVERSED
1232,2024-01-06,IT,132,418,2204.21,GBP,DEBIT,ONLINE,POSTED
1233,2024-01-10,DE,193,127,1384.53,USD,DEBIT,ONLINE,PENDING
1234,2024-01-16,DE,4,62,1331.14,EUR,TRANSFER,ATM,POSTED
1235,2024-01-07,BE,405,7,1878.95,GBP,CREDIT,MOBILE,PENDING
1236,2024-01-25,UK,309,439,1683.41,GBP,CREDIT,BRANCH,POSTED
1237,2024-01-12,MA,193,625,287.15,USD,CREDIT,ATM,POSTED
1238,2024-01-15,MA,371,142,129.38,EUR,TRANSFER,BRANCH,REVERSED
1239,2024-01-25,IT,188,462,3092.14,GBP,CREDIT,MOBILE,REVERSED
1240,2024-01-07,FR,326,329,84.13,USD,DEBIT,BRANCH,REVERSED
1241,2024-01-15,IT,310,496,2001.43,GBP,DEBIT,BRANCH,PENDING
1242,2024-01-30,NL,337,716,4526.11,GBP,CREDIT,BRANCH,REVERSED
1243,2024-01-07,ES,445,532,4381.29,GBP,TRANSFER,ATM,POSTED
1244,2024-01-16,DE,154,689,4981.53,USD,DEBIT,MOBILE,POSTED
1245,2024-01-16,BE,123,249,1058.99,GBP,TRANSFER,ATM,POSTED
1246,2024-01-14,FR,82,334,4513.34,USD,DEBIT,BRANCH,REVERSED
1247,2024-01-16,DE,340,139,4613.76,GBP,TRANSFER,MOBILE,POSTED
1248,2024-01-26,UK,446,229,4658.97,GBP,DEBIT,BRANCH,PENDING
1249,2024-01-30,MA,334,657,3925.62,USD,DEBIT,ONLINE,PENDING
1250,2024-01-04,US,44,114,446.61,GBP,TRANSFER,ONLINE,REVERSED
1251,2024-01-04,PT,188,130,4266.8,USD,TRANSFER,ATM,PENDING
1252,2024-01-02,PT,274,194,4235.75,USD,CREDIT,BRANCH,REVERSED
1253,2024-01-30,ES,266,679,3008.49,EUR,DEBIT,MOBILE,POSTED
1254,2024-01-18,NL,161,148,4080.92,USD,DEBIT,MOBILE,REVERSED
1255,2024-01-15,ES,307,290,730.21,GBP,TRANSFER,ATM,REVERSED
1256,2024-01-11,US,257,705,618.2,GBP,TRANSFER,MOBILE,REVERSED
1257,2024-01-27,IT,253,298,3521.0,USD,DEBIT,BRANCH,POSTED
1258,2024-01-27,IT,434,750,4672.23,EUR,TRANSFER,ATM,POSTED
1259,2024-01-28,NL,372,401,1496.21,GBP,DEBIT,ATM,REVERSED
1260,2024-01-13,UK,216,694,2367.63,USD,CREDIT,MOBILE,POSTED
1261,2024-01-17,US,144,713,4615.4,GBP,TRANSFER,MOBILE,POSTED
1262,2024-01-05,UK,385,594,4329.41,EUR,TRANSFER,BRANCH,PENDING
1263,2024-01-21,ES,295,140,2209.98,USD,CREDIT,ONLINE,POSTED
1264,2024-01-07,IT,376,666,46.65,GBP,TRANSFER,ATM,REVERSED
1265,2024-01-26,ES,192,437,3397.55,EUR,DEBIT,ATM,PENDING
1266,2024-01-16,ES,483,53,587.62,GBP,TRANSFER,BRANCH,REVERSED
1267,2024-01-14,ES,321,739,2020.57,EUR,DEBIT,ONLINE,PENDING
1268,2024-01-16,US,352,610,4772.82,GBP,TRANSFER,MOBILE,REVERSED
1269,2024-01-26,DE,398,474,4324.61,GBP,CREDIT,BRANCH,REVERSED
1270,2024-01-21,NL,188,11,600.88,EUR,DEBIT,MOBILE,REVERSED
1271,2024-01-22,BE,115,23,2934.67,GBP,CREDIT,BRANCH,REVERSED
1272,2024-01-24,DE,406,607,906.3,USD,TRANSFER,MOBILE,PENDING
1273,2024-01-19,ES,50,333,318.43,GBP,DEBIT,MOBILE,REVERSED
1274,2024-01-01,MA,284,549,3917.59,GBP,CREDIT,ATM,REVERSED
1275,2024-01-27,PT,275,730,4094.32,GBP,DEBIT,ONLINE,REVERSED
1276,2024-01-29,DE,92,613,3476.38,EUR,TRANSFER,MOBILE,PENDING
1277,2024-01-04,FR,65,588,1031.94,EUR,DEBIT,BRANCH,POSTED
1278,2024-01-03,DE,259,305,1818.43,GBP,DEBIT,MOBILE,REVERSED
1279,2024-01-01,IT,153,47,4731.13,GBP,CREDIT,MOBILE,POSTED
1280,2024-01-19,NL,355,320,2613.81,USD,TRANSFER,ONLINE,REVERSED
1281,2024-01-04,FR,121,37,941.18,USD,DEBIT,ONLINE,REVERSED
1282,2024-01-18,IT,302,367,1387.7,GBP,TRANSFER,MOBILE,POSTED
1283,2024-01-18,US,133,390,3249.19,EUR,CREDIT,MOBILE,POSTED
1284,2024-01-09,MA,481,711,717.08,EUR,DEBIT,BRANCH,REVERSED
1285,2024-01-23,IT,365,381,2818.65,GBP,TRANSFER,ONLINE,PENDING
1286,2024-01-27,ES,161,444,1895.33,GBP,DEBIT,ATM,PENDING
1287,2024-01-04,BE,56,700,2742.3,EUR,CREDIT,ATM,PENDING
1288,2024-01-30,UK,398,279,732.5,EUR,CREDIT,ATM,POSTED
1289,2024-01-13,IT,193,107,3913.89,EUR,DEBIT,BRANCH,REVERSED
1290,2024-01-27,NL,48,541,1745.15,GBP,CREDIT,BRANCH,REVERSED
1291,2024-01-04,FR,87,325,4732.61,USD,DEBIT,BRANCH,REVERSED
1292,2024-01-22,BE,282,608,4410.22,USD,CREDIT,ONLINE,PENDING
1293,2024-01-01,BE,365,159,3288.16,EUR,CREDIT,BRANCH,POSTED
1294,2024-01-30,UK,362,796,1246.31,GBP,CREDIT,MOBILE,POSTED
1295,2024-01-15,UK,408,479,2511.64,USD,CREDIT,ONLINE,PENDING
1296,2024-01-21,DE,485,312,2033.17,USD,DEBIT,ATM,POSTED
1297,2024-01-24,IT,483,95,826.4,EUR,DEBIT,BRANCH,REVERSED
1298,2024-01-30,NL,413,10,4810.87,USD,TRANSFER,ONLINE,PENDING
1299,2024-01-16,BE,350,693,4440.51,GBP,DEBIT,MOBILE,POSTED
1300,2024-01-20,IT,466,763,37.44,USD,TRANSFER,BRANCH,POSTED
1301,2024-01-24,BE,350,623,212.74,USD,DEBIT,ONLINE,POSTED
1302,2024-01-03,UK,429,136,2568.91,EUR,CREDIT,MOBILE,PENDING
1303,2024-01-06,UK,496,115,1690.46,GBP,DEBIT,ATM,PENDING
1304,2024-01-10,NL,150,271,1066.12,GBP,TRANSFER,MOBILE,POSTED
1305,2024-01-30,US,475,658,2578.13,EUR,CREDIT,MOBILE,POSTED
1306,2024-01-12,FR,315,471,1643.43,USD,DEBIT,ATM,PENDING
1307,2024-01-29,ES,205,363,45.31,USD,CREDIT,ONLINE,POSTED
1308,2024-01-17,BE,460,157,2054.18,USD,DEBIT,ONLINE,REVERSED
1309,2024-01-09,IT,240,404,1872.17,USD,CREDIT,ONLINE,REVERSED
1310,2024-01-26,US,55,449,3281.74,USD,DEBIT,ONLINE,PENDING
1311,2024-01-24,MA,2,367,4418.0,GBP,DEBIT,ATM,POSTED
1312,2024-01-10,FR,68,404,2105.86,USD,DEBIT,ONLINE,REVERSED
1313,2024-01-07,NL,491,681,4914.66,EUR,CREDIT,MOBILE,REVERSED
1314,2024-01-16,ES,166,769,3822.2,USD,TRANSFER,MOBILE,POSTED
1315,2024-01-04,DE,405,21,631.49,USD,TRANSFER,ATM,REVERSED
1316,2024-01-08,FR,347,350,2148.9,GBP,TRANSFER,ATM,PENDING
1317,2024-01-16,US,144,497,413.99,USD,DEBIT,ONLINE,REVERSED
1318,2024-01-17,ES,127,287,3833.87,USD,TRANSFER,ONLINE,REVERSED
1319,2024-01-27,MA,101,485,3532.6,EUR,TRANSFER,ONLINE,POSTED
1320,2024-01-28,PT,322,649,744.48,EUR,DEBIT,MOBILE,POSTED
1321,2024-01-09,IT,475,149,2132.09,GBP,DEBIT,ATM,POSTED
1322,2024-01-13,MA,268,313,3501.09,EUR,DEBIT,BRANCH,PENDING
1323,2024-01-16,FR,261,437,3219.72,USD,DEBIT,BRANCH,PENDING
1324,2024-01-09,UK,364,428,1235.6,EUR,DEBIT,ATM,POSTED
1325,2024-01-02,UK,108,292,2360.82,GBP,DEBIT,MOBILE,POSTED
1326,2024-01-09,NL,186,342,1522.48,EUR,TRANSFER,ATM,REVERSED
1327,2024-01-18,ES,169,369,3706.72,USD,TRANSFER,BRANCH,POSTED
1328,2024-01-21,US,107,598,1920.86,EUR,DEBIT,ATM,POSTED
1329,2024-01-19,IT,98,721,2229.4,EUR,DEBIT,BRANCH,PENDING
1330,2024-01-24,NL,389,206,2668.25,EUR,DEBIT,ONLINE,POSTED
1331,2024-01-14,BE,364,258,4458.04,GBP,CREDIT,BRANCH,PENDING
1332,2024-01-21,DE,466,446,339.47,USD,TRANSFER,ATM,POSTED
1333,2024-01-20,US,356,132,1448.99,GBP,DEBIT,ONLINE,REVERSED
1334,2024-01-27,MA,253,701,2662.82,GBP,DEBIT,ONLINE,PENDING
1335,2024-01-25,BE,196,575,3897.08,USD,TRANSFER,BRANCH,POSTED
1336,2024-01-06,FR,81,585,1089.82,GBP,DEBIT,MOBILE,REVERSED
1337,2024-01-23,BE,132,310,4262.52,USD,TRANSFER,BRANCH,REVERSED
1338,2024-01-04,ES,114,46,2668.3,USD,DEBIT,ONLINE,PENDING
1339,2024-01-30,ES,138,52,3212.42,EUR,DEBIT,ATM,POSTED
1340,2024-01-21,UK,323,619,4861.12,USD,DEBIT,BRANCH,REVERSED
1341,2024-01-05,MA,459,626,1475.18,EUR,TRANSFER,ATM,PENDING
1342,2024-01-08,US,90,262,4858.05,GBP,TRANSFER,ATM,REVERSED
1343,2024-01-24,MA,484,669,1287.47,GBP,TRANSFER,ONLINE,PENDING
1344,2024-01-08,UK,137,208,2908.74,USD,DEBIT,MOBILE,POSTED
1345,2024-01-24,MA,188,151,4510.94,EUR,CREDIT,ONLINE,PENDING
1346,2024-01-06,ES,96,583,2453.1,GBP,DEBIT,BRANCH,POSTED
1347,2024-01-10,ES,453,181,4087.68,GBP,TRANSFER,ONLINE,POSTED
1348,2024-01-05,DE,218,251,2275.67,GBP,CREDIT,ATM,REVERSED
1349,2024-01-17,ES,372,768,4040.16,GBP,DEBIT,MOBILE,PENDING
1350,2024-01-01,DE,423,13,3817.47,GBP,DEBIT,ONLINE,POSTED
1351,2024-01-25,DE,137,146,4693.05,GBP,DEBIT,ATM,POSTED
1352,2024-01-18,UK,436,724,425.74,EUR,CREDIT,MOBILE,POSTED
1353,2024-01-10,UK,245,158,1219.8,GBP,TRANSFER,BRANCH,REVERSED
1354,2024-01-18,DE,10,45,514.97,USD,DEBIT,MOBILE,POSTED
1355,2024-01-01,IT,12,232,2136.25,EUR,CREDIT,BRANCH,POSTED
1356,2024-01-30,MA,351,732,4114.1,EUR,CREDIT,ONLINE,POSTED
1357,2024-01-08,DE,489,288,1787.18,GBP,CREDIT,ATM,PENDING
1358,2024-01-30,DE,458,44,3022.93,EUR,CREDIT,BRANCH,REVERSED
1359,2024-01-06,MA,76,683,3436.12,GBP,CREDIT,BRANCH,POSTED
1360,2024-01-09,NL,338,377,4664.48,GBP,DEBIT,ATM,POSTED
1361,2024-01-25,ES,163,151,1953.61,GBP,CREDIT,ATM,POSTED
1362,2024-01-19,MA,491,744,1393.1,EUR,CREDIT,ONLINE,POSTED
1363,2024-01-25,MA,180,326,2471.54,USD,TRANSFER,MOBILE,REVERSED
1364,2024-01-26,UK,70,669,4608.1,USD,CREDIT,MOBILE,REVERSED
1365,2024-01-18,NL,272,549,4107.2,USD,DEBIT,MOBILE,REVERSED
1366,2024-01-19,IT,359,89,1176.73,EUR,DEBIT,ATM,PENDING
1367,2024-01-18,NL,490,136,4604.6,EUR,CREDIT,BRANCH,POSTED
1368,2024-01-10,NL,73,564,4859.13,USD,DEBIT,ONLINE,POSTED
1369,2024-01-02,ES,60,712,3520.11,USD,TRANSFER,ATM,REVERSED
1370,2024-01-14,UK,27,718,530.94,GBP,DEBIT,MOBILE,REVERSED
1371,2024-01-28,ES,15,150,1826.86,EUR,DEBIT,ATM,POSTED
1372,2024-01-19,MA,76,783,912.94,GBP,DEBIT,BRANCH,PENDING
1373,2024-01-14,UK,227,660,3476.54,USD,DEBIT,ONLINE,POSTED
1374,2024-01-29,FR,309,769,868.73,EUR,DEBIT,MOBILE,PENDING
1375,2024-01-22,NL,283,728,4147.76,GBP,TRANSFER,BRANCH,REVERSED
1376,2024-01-08,MA,476,160,1359.87,EUR,TRANSFER,MOBILE,POSTED
1377,2024-01-24,IT,205,633,280.93,USD,DEBIT,ATM,REVERSED
1378,2024-01-15,NL,160,668,3209.81,USD,DEBIT,ATM,PENDING
1379,2024-01-21,MA,99,276,542.9,EUR,CREDIT,BRANCH,POSTED
1380,2024-01-08,US,83,554,533.22,EUR,TRANSFER,ATM,PENDING
1381,2024-01-07,BE,103,653,4646.08,EUR,CREDIT,ATM,REVERSED
1382,2024-01-19,FR,288,495,229.36,USD,DEBIT,BRANCH,POSTED
1383,2024-01-12,US,490,407,2501.58,USD,CREDIT,BRANCH,POSTED
1384,2024-01-23,DE,169,417,4482.66,GBP,DEBIT,ONLINE,POSTED
1385,2024-01-19,MA,244,600,4344.19,EUR,CREDIT,ONLINE,POSTED
1386,2024-01-22,NL,40,640,467.36,GBP,DEBIT,ONLINE,REVERSED
1387,2024-01-21,ES,393,735,806.07,GBP,TRANSFER,BRANCH,PENDING
1388,2024-01-26,ES,173,297,1802.22,USD,DEBIT,MOBILE,POSTED
1389,2024-01-07,PT,310,76,4790.12,GBP,TRANSFER,MOBILE,POSTED
1390,2024-01-26,FR,73,784,4352.42,GBP,DEBIT,MOBILE,POSTED
1391,2024-01-15,UK,86,302,808.2,USD,TRANSFER,BRANCH,PENDING
1392,2024-01-03,DE,91,727,3859.93,USD,CREDIT,BRANCH,PENDING
1393,2024-01-21,ES,481,126,4858.43,USD,DEBIT,BRANCH,PENDING
1394,2024-01-13,MA,438,634,4585.78,EUR,CREDIT,BRANCH,REVERSED
1395,2024-01-28,PT,487,321,1869.04,GBP,CREDIT,MOBILE,PENDING
1396,2024-01-29,FR,317,659,286.24,EUR,TRANSFER,ATM,POSTED
1397,2024-01-28,DE,148,384,791.87,USD,DEBIT,ONLINE,PENDING
1398,2024-01-28,NL,342,95,1745.34,USD,TRANSFER,MOBILE,POSTED
1399,2024-01-03,ES,374,110,4587.38,USD,CREDIT,ONLINE,PENDING
1400,2024-01-11,DE,162,350,4982.19,USD,DEBIT,MOBILE,POSTED
1401,2024-01-09,NL,19,558,779.55,USD,DEBIT,ONLINE,PENDING
1402,2024-01-19,FR,307,792,1902.04,USD,CREDIT,MOBILE,POSTED
1403,2024-01-02,IT,444,23,4763.27,GBP,CREDIT,BRANCH,PENDING
1404,2024-01-21,ES,42,145,347.23,USD,DEBIT,BRANCH,REVERSED
1405,2024-01-15,MA,268,219,3348.55,USD,DEBIT,ATM,POSTED
1406,2024-01-29,MA,175,771,1485.23,EUR,CREDIT,MOBILE,PENDING
1407,2024-01-16,BE,352,164,4827.98,USD,CREDIT,MOBILE,POSTED
1408,2024-01-18,PT,101,79,3613.9,GBP,TRANSFER,ONLINE,PENDING
1409,2024-01-22,UK,7,154,4482.61,EUR,CREDIT,BRANCH,POSTED
1410,2024-01-26,MA,134,533,3611.71,USD,DEBIT,MOBILE,REVERSED
1411,2024-01-19,DE,18,223,3728.79,EUR,CREDIT,ONLINE,REVERSED
1412,2024-01-13,IT,178,214,4761.93,GBP,TRANSFER,ATM,PENDING
1413,2024-01-27,UK,8,309,4483.38,GBP,DEBIT,MOBILE,REVERSED
1414,2024-01-15,MA,210,360,1761.7,GBP,CREDIT,BRANCH,POSTED
1415,2024-01-30,ES,234,438,1866.23,GBP,TRANSFER,ONLINE,REVERSED
1416,2024-01-14,MA,145,675,3443.06,USD,TRANSFER,BRANCH,REVERSED
1417,2024-01-20,DE,44,106,449.1,EUR,TRANSFER,MOBILE,POSTED
1418,2024-01-16,PT,474,557,499.41,USD,TRANSFER,ATM,REVERSED
1419,2024-01-10,MA,108,228,3884.62,GBP,CREDIT,ATM,POSTED
1420,2024-01-28,NL,486,127,1753.72,USD,CREDIT,MOBILE,POSTED
1421,2024-01-12,IT,259,290,1338.78,GBP,CREDIT,BRANCH,PENDING
1422,2024-01-22,IT,2,424,164.34,EUR,DEBIT,BRANCH,REVERSED
1423,2024-01-27,PT,162,343,852.88,GBP,CREDIT,ONLINE,REVERSED
1424,2024-01-13,IT,315,659,1967.2,EUR,TRANSFER,MOBILE,POSTED
1425,2024-01-21,MA,372,177,2016.19,USD,TRANSFER,ONLINE,PENDING
1426,2024-01-08,DE,363,129,2521.78,GBP,TRANSFER,MOBILE,REVERSED
1427,2024-01-30,US,428,566,796.11,USD,DEBIT,ATM,POSTED
1428,2024-01-01,MA,5,643,3850.39,EUR,DEBIT,ATM,REVERSED
1429,2024-01-13,FR,380,751,653.61,USD,TRANSFER,BRANCH,POSTED
1430,2024-01-08,IT,152,198,2677.55,EUR,TRANSFER,MOBILE,PENDING
1431,2024-01-22,FR,140,84,4674.94,GBP,DEBIT,ATM,POSTED
1432,2024-01-15,PT,62,109,710.04,USD,DEBIT,ATM,POSTED
1433,2024-01-16,UK,467,212,1954.61,USD,DEBIT,MOBILE,POSTED
1434,2024-01-16,DE,107,703,2100.12,USD,TRANSFER,MOBILE,POSTED
1435,2024-01-06,US,5,182,3298.67,GBP,TRANSFER,ATM,POSTED
1436,2024-01-11,UK,247,628,3000.36,EUR,DEBIT,BRANCH,POSTED
1437,2024-01-07,PT,15,548,116.17,GBP,DEBIT,ONLINE,PENDING
1438,2024-01-04,IT,15,335,693.69,EUR,TRANSFER,ONLINE,PENDING
1439,2024-01-09,NL,102,94,1743.42,GBP,TRANSFER,BRANCH,PENDING
1440,2024-01-24,NL,223,524,4731.78,EUR,CREDIT,ONLINE,POSTED
1441,2024-01-22,US,492,402,515.37,GBP,CREDIT,ONLINE,POSTED
1442,2024-01-24,NL,221,456,2119.26,GBP,CREDIT,BRANCH,REVERSED
1443,2024-01-04,PT,196,439,999.4,USD,CREDIT,ATM,PENDING
1444,2024-01-06,FR,490,523,1266.07,USD,CREDIT,BRANCH,PENDING
1445,2024-01-01,DE,92,330,2147.5,EUR,CREDIT,ONLINE,POSTED
1446,2024-01-07,UK,190,148,3897.79,EUR,DEBIT,BRANCH,REVERSED
1447,2024-01-01,UK,109,476,2837.78,USD,DEBIT,ATM,PENDING
1448,2024-01-10,PT,108,539,1088.1,GBP,CREDIT,ATM,REVERSED
1449,2024-01-29,MA,349,774,2176.59,USD,DEBIT,ONLINE,POSTED
1450,2024-01-26,NL,255,47,4951.31,USD,DEBIT,ATM,PENDING
1451,2024-01-06,PT,167,605,1914.9,GBP,DEBIT,BRANCH,POSTED
1452,2024-01-21,PT,2,472,1422.54,USD,DEBIT,ATM,PENDING
1453,2024-01-21,FR,35,481,476.5,USD,TRANSFER,BRANCH,PENDING
1454,2024-01-11,UK,204,81,2782.69,USD,CREDIT,ATM,PENDING
1455,2024-01-10,NL,252,656,4835.8,EUR,CREDIT,ATM,POSTED
1456,2024-01-08,FR,422,10,694.53,USD,TRANSFER,MOBILE,POSTED
1457,2024-01-06,DE,97,741,4511.48,USD,TRANSFER,ATM,REVERSED
1458,2024-01-28,FR,132,44,554.91,USD,DEBIT,BRANCH,PENDING
1459,2024-01-23,PT,405,388,1350.29,EUR,DEBIT,MOBILE,POSTED
1460,2024-01-05,UK,441,151,3765.42,USD,TRANSFER,MOBILE,REVERSED
1461,2024-01-04,BE,270,246,2889.85,GBP,CREDIT,BRANCH,PENDING
1462,2024-01-25,NL,115,94,1319.8,USD,TRANSFER,ATM,PENDING
1463,2024-01-18,IT,337,662,3676.61,EUR,TRANSFER,ATM,POSTED
1464,2024-01-16,FR,108,13,3352.82,USD,CREDIT,ONLINE,PENDING
1465,2024-01-04,UK,106,604,3808.25,GBP,CREDIT,BRANCH,REVERSED
1466,2024-01-15,ES,434,516,529.2,EUR,DEBIT,BRANCH,PENDING
1467,2024-01-15,PT,262,207,3900.33,EUR,DEBIT,BRANCH,PENDING
1468,2024-01-06,US,487,591,3242.27,EUR,CREDIT,ATM,REVERSED
1469,2024-01-04,IT,8,471,935.96,EUR,CREDIT,MOBILE,PENDING
1470,2024-01-09,DE,474,563,421.25,USD,DEBIT,ONLINE,PENDING
1471,2024-01-17,MA,260,341,266.73,USD,CREDIT,ATM,POSTED
1472,2024-01-21,MA,374,432,970.46,EUR,CREDIT,ONLINE,REVERSED
1473,2024-01-09,BE,311,505,2593.57,EUR,TRANSFER,ATM,REVERSED
1474,2024-01-08,DE,112,117,266.64,EUR,TRANSFER,BRANCH,POSTED
1475,2024-01-03,BE,51,282,1133.1,GBP,TRANSFER,MOBILE,PENDING
1476,2024-01-13,DE,112,751,4120.52,GBP,CREDIT,MOBILE,POSTED
1477,2024-01-06,IT,177,652,1440.67,GBP,CREDIT,ATM,POSTED
1478,2024-01-06,BE,464,717,3110.97,GBP,CREDIT,ONLINE,POSTED
1479,2024-01-11,DE,85,191,1661.44,USD,DEBIT,ATM,REVERSED
1480,2024-01-16,MA,171,21,888.4,USD,DEBIT,ONLINE,REVERSED
1481,2024-01-25,FR,304,360,4847.74,GBP,DEBIT,MOBILE,POSTED
1482,2024-01-16,DE,23,17,2836.77,USD,DEBIT,ONLINE,POSTED
1483,2024-01-25,DE,51,311,4019.66,USD,CREDIT,MOBILE,REVERSED
1484,2024-01-12,BE,131,679,2432.98,USD,CREDIT,ATM,PENDING
1485,2024-01-10,UK,456,530,3872.86,GBP,CREDIT,ATM,PENDING
1486,2024-01-22,BE,372,655,104.62,USD,DEBIT,ONLINE,PENDING
1487,2024-01-16,FR,125,591,3705.32,USD,CREDIT,ONLINE,REVERSED
1488,2024-01-03,IT,471,386,3194.03,USD,TRANSFER,MOBILE,REVERSED
1489,2024-01-06,US,466,695,1744.88,USD,CREDIT,MOBILE,PENDING
1490,2024-01-10,IT,21,593,2600.87,USD,TRANSFER,ATM,PENDING
1491,2024-01-26,NL,290,355,1442.75,EUR,CREDIT,ONLINE,PENDING
1492,2024-01-22,ES,267,296,3119.35,GBP,DEBIT,BRANCH,PENDING
1493,2024-01-10,DE,409,301,78.95,EUR,DEBIT,BRANCH,REVERSED
1494,2024-01-04,FR,250,313,26.45,USD,TRANSFER,ATM,POSTED
1495,2024-01-09,ES,179,290,3926.53,GBP,TRANSFER,ONLINE,POSTED
1496,2024-01-23,US,73,750,984.44,GBP,DEBIT,BRANCH,POSTED
1497,2024-01-02,NL,477,363,1244.39,GBP,TRANSFER,MOBILE,PENDING
1498,2024-01-13,DE,457,267,4601.05,GBP,CREDIT,ONLINE,REVERSED
1499,2024-01-14,UK,411,592,696.74,EUR,CREDIT,ONLINE,PENDING
1500,2024-01-18,IT,154,312,428.9,GBP,TRANSFER,MOBILE,REVERSED
1501,2024-01-06,MA,400,447,481.12,GBP,CREDIT,BRANCH,REVERSED
1502,2024-01-30,UK,239,362,2138.92,USD,CREDIT,MOBILE,POSTED
1503,2024-01-30,BE,13,785,2105.17,EUR,TRANSFER,BRANCH,POSTED
1504,2024-01-19,BE,191,130,3104.83,GBP,CREDIT,ATM,PENDING
1505,2024-01-05,MA,343,6,2314.58,GBP,CREDIT,ATM,POSTED
1506,2024-01-02,US,424,665,536.14,GBP,DEBIT,BRANCH,REVERSED
1507,2024-01-16,UK,442,62,608.09,GBP,TRANSFER,ATM,REVERSED
1508,2024-01-07,BE,73,575,3702.38,USD,DEBIT,ONLINE,REVERSED
1509,2024-01-21,ES,154,643,1555.14,EUR,CREDIT,ONLINE,POSTED
1510,2024-01-03,FR,78,618,4399.62,GBP,DEBIT,ONLINE,POSTED
1511,2024-01-04,NL,12,517,2219.64,EUR,DEBIT,BRANCH,PENDING
1512,2024-01-16,ES,419,240,4208.76,GBP,CREDIT,MOBILE,REVERSED
1513,2024-01-20,DE,221,149,3181.35,EUR,DEBIT,ONLINE,POSTED
1514,2024-01-17,BE,102,487,2402.85,USD,TRANSFER,ATM,REVERSED
1515,2024-01-16,UK,341,281,1956.55,GBP,DEBIT,MOBILE,PENDING
1516,2024-01-27,MA,75,28,1417.83,EUR,TRANSFER,MOBILE,POSTED
1517,2024-01-19,US,17,660,3252.46,GBP,TRANSFER,MOBILE,POSTED
1518,2024-01-30,UK,492,142,2340.07,GBP,CREDIT,BRANCH,POSTED
1519,2024-01-06,UK,256,515,1054.69,GBP,TRANSFER,MOBILE,REVERSED
1520,2024-01-03,ES,335,155,1759.98,GBP,TRANSFER,BRANCH,PENDING
1521,2024-01-23,ES,142,780,3292.56,USD,DEBIT,MOBILE,PENDING
1522,2024-01-16,PT,337,184,2880.62,GBP,TRANSFER,BRANCH,POSTED
1523,2024-01-23,UK,301,594,1741.13,GBP,CREDIT,ATM,POSTED
1524,2024-01-01,ES,118,98,3326.64,USD,TRANSFER,MOBILE,PENDING
1525,2024-01-25,IT,395,750,3978.23,EUR,DEBIT,MOBILE,PENDING
1526,2024-01-30,DE,31,626,1253.17,EUR,TRANSFER,ATM,PENDING
1527,2024-01-25,UK,310,646,4203.56,EUR,CREDIT,ATM,REVERSED
1528,2024-01-15,MA,68,652,2869.32,EUR,DEBIT,BRANCH,PENDING
1529,2024-01-15,US,115,206,3711.03,USD,TRANSFER,ONLINE,POSTED
1530,2024-01-19,FR,322,684,481.93,EUR,DEBIT,ATM,PENDING
1531,2024-01-25,MA,290,559,4322.59,USD,DEBIT,MOBILE,POSTED
1532,2024-01-27,IT,292,485,2504.75,USD,TRANSFER,ONLINE,POSTED
1533,2024-01-15,MA,320,385,4370.01,GBP,DEBIT,ONLINE,REVERSED
1534,2024-01-10,DE,60,510,1153.64,GBP,TRANSFER,BRANCH,POSTED
1535,2024-01-08,US,472,257,1952.74,USD,DEBIT,ONLINE,PENDING
1536,2024-01-03,BE,294,247,4266.12,GBP,TRANSFER,BRANCH,PENDING
1537,2024-01-20,FR,279,714,4459.15,GBP,CREDIT,BRANCH,REVERSED
1538,2024-01-01,FR,173,431,1305.14,USD,DEBIT,ONLINE,POSTED
1539,2024-01-18,UK,473,775,3317.02,EUR,DEBIT,MOBILE,POSTED
1540,2024-01-26,PT,463,624,3515.75,EUR,CREDIT,ATM,PENDING
1541,2024-01-20,PT,475,82,4437.71,USD,DEBIT,BRANCH,REVERSED
1542,2024-01-02,DE,18,508,2538.51,GBP,CREDIT,MOBILE,PENDING
1543,2024-01-10,IT,10,56,132.74,EUR,TRANSFER,MOBILE,REVERSED
1544,2024-01-22,FR,282,493,261.65,USD,TRANSFER,ONLINE,PENDING
1545,2024-01-23,MA,281,141,578.8,EUR,TRANSFER,BRANCH,PENDING
1546,2024-01-07,UK,223,59,1191.61,EUR,TRANSFER,ATM,POSTED
1547,2024-01-14,BE,290,46,4954.7,EUR,TRANSFER,ONLINE,POSTED
1548,2024-01-03,FR,64,449,903.79,EUR,CREDIT,BRANCH,REVERSED
1549,2024-01-21,IT,149,132,3031.01,USD,TRANSFER,ATM,REVERSED
1550,2024-01-03,DE,128,556,1030.1,GBP,TRANSFER,BRANCH,POSTED
1551,2024-01-15,US,482,375,3901.26,USD,TRANSFER,ONLINE,REVERSED
1552,2024-01-29,US,163,714,2707.55,EUR,DEBIT,BRANCH,PENDING
1553,2024-01-23,PT,248,286,393.15,EUR,TRANSFER,ONLINE,PENDING
1554,2024-01-24,BE,107,125,1862.58,EUR,DEBIT,ONLINE,REVERSED
1555,2024-01-15,NL,487,116,107.43,EUR,CREDIT,BRANCH,REVERSED
1556,2024-01-13,US,423,86,299.54,GBP,CREDIT,MOBILE,POSTED
1557,2024-01-28,MA,196,454,223.03,EUR,CREDIT,ONLINE,REVERSED
1558,2024-01-14,BE,26,676,1526.44,GBP,CREDIT,ATM,REVERSED
1559,2024-01-25,UK,472,268,4051.41,GBP,DEBIT,ATM,PENDING
1560,2024-01-24,PT,222,437,3913.28,GBP,DEBIT,ATM,REVERSED
1561,2024-01-13,US,439,547,2318.05,GBP,TRANSFER,BRANCH,POSTED
1562,2024-01-13,NL,381,243,660.23,EUR,CREDIT,BRANCH,POSTED
1563,2024-01-08,BE,151,345,2855.84,EUR,TRANSFER,BRANCH,PENDING
1564,2024-01-09,US,400,668,4051.49,GBP,DEBIT,ATM,PENDING
1565,2024-01-19,UK,428,270,4238.12,USD,CREDIT,ATM,PENDING
1566,2024-01-01,NL,18,367,2401.56,GBP,DEBIT,MOBILE,POSTED
1567,2024-01-19,DE,141,624,2757.69,EUR,CREDIT,ONLINE,PENDING
1568,2024-01-25,US,132,506,636.99,GBP,DEBIT,ONLINE,REVERSED
1569,2024-01-21,FR,119,117,3273.35,EUR,TRANSFER,MOBILE,REVERSED
1570,2024-01-11,FR,283,734,1140.53,GBP,CREDIT,BRANCH,POSTED
1571,2024-01-22,UK,276,735,224.62,EUR,CREDIT,ATM,POSTED
1572,2024-01-17,NL,57,523,388.17,EUR,CREDIT,BRANCH,REVERSED
1573,2024-01-14,DE,328,436,4379.39,EUR,DEBIT,BRANCH,REVERSED
1574,2024-01-26,UK,171,417,4487.06,USD,CREDIT,BRANCH,REVERSED
1575,2024-01-01,ES,188,45,1455.07,EUR,TRANSFER,ATM,POSTED
1576,2024-01-20,IT,413,320,2554.47,GBP,TRANSFER,BRANCH,POSTED
1577,2024-01-13,PT,16,672,3631.57,USD,TRANSFER,ATM,POSTED
1578,2024-01-30,IT,289,515,4989.07,GBP,TRANSFER,MOBILE,REVERSED
1579,2024-01-24,DE,433,540,3991.23,GBP,CREDIT,MOBILE,PENDING
1580,2024-01-09,IT,428,589,1466.03,EUR,CREDIT,ONLINE,PENDING
1581,2024-01-08,NL,161,766,4862.01,GBP,DEBIT,MOBILE,REVERSED
1582,2024-01-29,MA,185,81,1760.57,GBP,DEBIT,BRANCH,REVERSED
1583,2024-01-16,PT,117,459,3931.73,EUR,TRANSFER,ONLINE,REVERSED
1584,2024-01-08,MA,345,598,3329.85,GBP,CREDIT,BRANCH,PENDING
1585,2024-01-11,DE,41,418,2105.69,EUR,TRANSFER,MOBILE,REVERSED
1586,2024-01-29,IT,460,184,4382.15,EUR,DEBIT,ATM,PENDING
1587,2024-01-09,BE,364,481,3714.53,EUR,DEBIT,MOBILE,POSTED
1588,2024-01-23,ES,37,135,2574.97,GBP,CREDIT,MOBILE,PENDING
1589,2024-01-05,MA,356,570,1207.93,USD,DEBIT,BRANCH,PENDING
1590,2024-01-19,PT,315,110,4970.68,EUR,DEBIT,BRANCH,PENDING
1591,2024-01-30,MA,322,460,3703.75,USD,CREDIT,MOBILE,REVERSED
1592,2024-01-05,ES,370,784,2948.2,GBP,DEBIT,ONLINE,POSTED
1593,2024-01-19,PT,189,690,3247.37,USD,CREDIT,MOBILE,POSTED
1594,2024-01-17,PT,143,791,485.4,USD,CREDIT,BRANCH,POSTED
1595,2024-01-19,BE,459,537,2899.56,USD,CREDIT,BRANCH,PENDING
1596,2024-01-11,ES,488,146,210.63,GBP,TRANSFER,ONLINE,PENDING
1597,2024-01-17,US,294,630,1572.52,USD,CREDIT,ONLINE,POSTED
1598,2024-01-10,US,249,449,1118.94,EUR,CREDIT,BRANCH,REVERSED
1599,2024-01-25,DE,473,237,3332.5,EUR,DEBIT,ONLINE,REVERSED
1600,2024-01-27,BE,386,172,137.72,EUR,TRANSFER,ONLINE,POSTED
1601,2024-01-16,FR,189,208,1409.91,GBP,CREDIT,MOBILE,REVERSED
1602,2024-01-05,NL,151,112,3581.54,EUR,CREDIT,MOBILE,PENDING
1603,2024-01-09,DE,442,140,4965.39,GBP,TRANSFER,ATM,PENDING
1604,2024-01-26,DE,381,227,3637.08,USD,DEBIT,BRANCH,PENDING
1605,2024-01-15,BE,344,795,371.37,GBP,CREDIT,ATM,PENDING
1606,2024-01-04,BE,162,194,4207.31,GBP,TRANSFER,ATM,REVERSED
1607,2024-01-21,FR,125,140,2932.13,EUR,TRANSFER,ONLINE,PENDING
1608,2024-01-16,ES,248,191,3668.07,USD,DEBIT,ONLINE,REVERSED
1609,2024-01-29,DE,486,528,4285.93,GBP,DEBIT,ATM,PENDING
1610,2024-01-03,NL,285,625,1043.53,EUR,DEBIT,MOBILE,REVERSED
1611,2024-01-09,PT,194,646,2919.91,GBP,CREDIT,MOBILE,REVERSED
1612,2024-01-22,ES,449,307,4203.62,USD,TRANSFER,MOBILE,PENDING
1613,2024-01-26,MA,306,365,2717.52,USD,DEBIT,ONLINE,POSTED
1614,2024-01-29,US,214,457,1627.66,GBP,CREDIT,ATM,POSTED
1615,2024-01-15,UK,338,116,1738.55,USD,TRANSFER,ONLINE,PENDING
1616,2024-01-27,NL,307,421,3436.42,EUR,CREDIT,BRANCH,REVERSED
1617,2024-01-07,MA,31,575,3859.22,USD,TRANSFER,BRANCH,PENDING
1618,2024-01-13,NL,217,408,1304.24,EUR,CREDIT,MOBILE,REVERSED
1619,2024-01-08,UK,325,46,1543.24,USD,DEBIT,ONLINE,REVERSED
1620,2024-01-07,DE,485,628,3054.15,EUR,TRANSFER,ATM,REVERSED
1621,2024-01-01,MA,46,799,3523.95,USD,TRANSFER,ATM,REVERSED
1622,2024-01-02,BE,107,370,2677.83,EUR,TRANSFER,MOBILE,REVERSED
1623,2024-01-08,US,410,165,4553.36,USD,CREDIT,ONLINE,REVERSED
1624,2024-01-24,IT,481,13,181.34,EUR,TRANSFER,ATM,REVERSED
1625,2024-01-13,NL,21,160,1416.17,EUR,DEBIT,ONLINE,POSTED
1626,2024-01-09,DE,416,386,3276.72,EUR,TRANSFER,BRANCH,POSTED
1627,2024-01-03,DE,258,739,3517.74,GBP,CREDIT,ATM,POSTED
1628,2024-01-24,BE,309,155,478.69,GBP,CREDIT,ONLINE,REVERSED
1629,2024-01-28,US,401,331,2126.34,GBP,DEBIT,BRANCH,PENDING
1630,2024-01-15,IT,51,270,4846.34,GBP,CREDIT,MOBILE,PENDING
1631,2024-01-14,DE,113,416,2805.42,USD,CREDIT,ONLINE,PENDING
1632,2024-01-01,NL,372,403,4757.34,GBP,TRANSFER,ATM,PENDING
1633,2024-01-08,PT,499,25,1987.35,EUR,CREDIT,BRANCH,PENDING
1634,2024-01-19,DE,329,318,1662.84,GBP,DEBIT,ATM,REVERSED
1635,2024-01-06,IT,442,501,2967.45,EUR,DEBIT,MOBILE,REVERSED
1636,2024-01-27,NL,267,740,4198.41,EUR,DEBIT,MOBILE,PENDING
1637,2024-01-14,US,379,345,4171.78,EUR,CREDIT,MOBILE,POSTED
1638,2024-01-09,IT,386,575,3973.68,GBP,CREDIT,BRANCH,REVERSED
1639,2024-01-08,UK,236,725,2415.5,GBP,TRANSFER,ATM,POSTED
1640,2024-01-14,DE,192,130,3784.68,EUR,TRANSFER,ATM,POSTED
1641,2024-01-07,NL,445,116,196.27,USD,CREDIT,ONLINE,REVERSED
1642,2024-01-26,BE,249,143,3745.22,GBP,CREDIT,MOBILE,POSTED
1643,2024-01-10,DE,222,301,3600.0,GBP,CREDIT,BRANCH,REVERSED
1644,2024-01-29,UK,288,665,830.56,USD,TRANSFER,ONLINE,REVERSED
1645,2024-01-23,UK,265,619,1256.95,USD,DEBIT,BRANCH,REVERSED
1646,2024-01-24,ES,84,536,3575.69,USD,DEBIT,BRANCH,PENDING
1647,2024-01-06,ES,240,68,4966.56,EUR,CREDIT,ONLINE,POSTED
1648,2024-01-23,DE,275,469,1655.84,EUR,TRANSFER,MOBILE,REVERSED
1649,2024-01-06,DE,179,651,2796.22,EUR,CREDIT,ATM,POSTED
1650,2024-01-09,US,420,436,2922.76,USD,CREDIT,MOBILE,PENDING
1651,2024-01-18,BE,328,675,1013.74,GBP,DEBIT,ATM,REVERSED
1652,2024-01-07,US,91,269,2818.74,EUR,TRANSFER,MOBILE,PENDING
1653,2024-01-19,PT,309,283,4833.33,GBP,TRANSFER,MOBILE,POSTED
1654,2024-01-06,FR,401,237,4945.45,EUR,TRANSFER,ONLINE,POSTED
1655,2024-01-06,NL,447,0,1617.37,EUR,DEBIT,MOBILE,PENDING
1656,2024-01-22,NL,167,309,2502.38,EUR,DEBIT,MOBILE,PENDING
1657,2024-01-25,MA,361,485,1775.6,GBP,CREDIT,ATM,REVERSED
1658,2024-01-27,IT,489,170,4727.5,USD,TRANSFER,ONLINE,PENDING
1659,2024-01-18,NL,250,711,3945.04,GBP,DEBIT,MOBILE,REVERSED
1660,2024-01-12,ES,12,374,4277.01,GBP,CREDIT,MOBILE,POSTED
1661,2024-01-20,BE,448,195,1912.9,EUR,TRANSFER,ATM,POSTED
1662,2024-01-15,UK,269,199,29.07,USD,CREDIT,ATM,PENDING
1663,2024-01-30,US,257,13,3034.27,EUR,TRANSFER,BRANCH,REVERSED
1664,2024-01-16,MA,22,712,3521.62,USD,TRANSFER,ATM,REVERSED
1665,2024-01-27,FR,441,735,4637.95,GBP,TRANSFER,MOBILE,PENDING
1666,2024-01-06,NL,383,663,3753.18,EUR,DEBIT,BRANCH,POSTED
1667,2024-01-20,ES,361,753,885.36,EUR,DEBIT,MOBILE,POSTED
1668,2024-01-02,NL,326,727,312.57,EUR,TRANSFER,BRANCH,POSTED
1669,2024-01-21,PT,377,17,1663.99,GBP,CREDIT,ONLINE,REVERSED
1670,2024-01-24,UK,264,14,4702.79,USD,CREDIT,ATM,POSTED
1671,2024-01-07,BE,75,746,1333.91,EUR,CREDIT,ATM,PENDING
1672,2024-01-20,IT,352,517,2046.85,GBP,TRANSFER,ATM,PENDING
1673,2024-01-09,BE,179,120,1707.92,GBP,TRANSFER,ATM,REVERSED
1674,2024-01-30,NL,45,119,4590.14,EUR,TRANSFER,ATM,POSTED
1675,2024-01-11,PT,320,20,3833.85,EUR,DEBIT,BRANCH,PENDING
1676,2024-01-03,IT,157,697,3211.94,EUR,TRANSFER,ONLINE,PENDING
1677,2024-01-02,MA,361,293,890.84,EUR,TRANSFER,BRANCH,PENDING
1678,2024-01-08,IT,139,204,886.38,USD,CREDIT,MOBILE,PENDING
1679,2024-01-03,NL,181,592,1818.7,GBP,TRANSFER,MOBILE,REVERSED
1680,2024-01-22,ES,18,599,1929.02,GBP,TRANSFER,ONLINE,REVERSED
1681,2024-01-14,UK,330,698,3981.56,EUR,CREDIT,BRANCH,POSTED
1682,2024-01-17,IT,132,223,2338.97,EUR,DEBIT,ONLINE,PENDING
1683,2024-01-05,NL,300,330,1862.04,USD,TRANSFER,ATM,PENDING
1684,2024-01-23,DE,322,367,4346.78,EUR,DEBIT,MOBILE,PENDING
1685,2024-01-11,UK,331,102,936.37,USD,CREDIT,ONLINE,PENDING
1686,2024-01-18,ES,385,22,2195.6,GBP,CREDIT,MOBILE,REVERSED
1687,2024-01-13,NL,427,249,1263.62,USD,TRANSFER,BRANCH,PENDING
1688,2024-01-22,MA,153,41,4853.86,EUR,TRANSFER,ATM,PENDING
1689,2024-01-14,US,488,591,2004.35,EUR,DEBIT,ONLINE,PENDING
1690,2024-01-29,PT,494,714,4714.29,EUR,TRANSFER,ONLINE,POSTED
1691,2024-01-22,UK,403,55,4851.66,USD,DEBIT,BRANCH,PENDING
1692,2024-01-13,ES,235,0,3293.38,EUR,DEBIT,BRANCH,PENDING
1693,2024-01-03,ES,120,208,2183.31,GBP,DEBIT,ONLINE,REVERSED
1694,2024-01-18,UK,2,488,797.49,EUR,CREDIT,MOBILE,REVERSED
1695,2024-01-07,NL,342,385,4156.9,GBP,DEBIT,ATM,PENDING
1696,2024-01-05,UK,390,136,2000.02,USD,CREDIT,MOBILE,REVERSED
1697,2024-01-13,BE,36,355,2442.06,GBP,TRANSFER,ATM,POSTED
1698,2024-01-29,PT,91,786,1176.55,USD,CREDIT,ATM,REVERSED
1699,2024-01-20,MA,468,79,3228.24,EUR,CREDIT,ONLINE,POSTED
1700,2024-01-07,US,222,95,1698.59,GBP,DEBIT,MOBILE,POSTED
1701,2024-01-10,US,198,691,4106.55,EUR,CREDIT,MOBILE,POSTED
1702,2024-01-06,MA,349,529,4171.33,USD,DEBIT,BRANCH,REVERSED
1703,2024-01-24,DE,335,414,4017.95,EUR,DEBIT,BRANCH,POSTED
1704,2024-01-19,BE,196,702,2274.01,USD,TRANSFER,MOBILE,PENDING
1705,2024-01-25,FR,155,435,1293.99,GBP,DEBIT,MOBILE,REVERSED
1706,2024-01-12,NL,364,343,4221.0,USD,DEBIT,ONLINE,PENDING
1707,2024-01-18,MA,445,690,400.97,EUR,CREDIT,BRANCH,POSTED
1708,2024-01-17,PT,372,465,2175.01,USD,CREDIT,ATM,POSTED
1709,2024-01-28,NL,235,375,251.32,GBP,TRANSFER,BRANCH,PENDING
1710,2024-01-14,UK,345,303,3834.4,EUR,TRANSFER,BRANCH,POSTED
1711,2024-01-10,UK,213,17,2234.4,USD,TRANSFER,ATM,REVERSED
1712,2024-01-04,UK,374,37,2656.81,USD,DEBIT,ONLINE,POSTED
1713,2024-01-18,DE,64,744,724.08,USD,CREDIT,BRANCH,PENDING
1714,2024-01-15,PT,124,750,4102.61,GBP,CREDIT,ATM,POSTED
1715,2024-01-11,UK,19,150,3047.16,GBP,TRANSFER,ATM,PENDING
1716,2024-01-17,DE,172,652,3746.59,USD,CREDIT,ATM,POSTED
1717,2024-01-24,US,369,668,3713.68,EUR,CREDIT,ATM,POSTED
1718,2024-01-19,US,155,630,2570.68,EUR,TRANSFER,ATM,PENDING
1719,2024-01-19,NL,110,778,4677.46,USD,TRANSFER,ONLINE,PENDING
1720,2024-01-17,FR,309,408,4548.82,GBP,CREDIT,BRANCH,POSTED
1721,2024-01-14,IT,9,424,3286.41,USD,CREDIT,MOBILE,REVERSED
1722,2024-01-26,UK,49,226,1124.9,GBP,CREDIT,ONLINE,POSTED
1723,2024-01-20,US,372,729,3046.97,USD,TRANSFER,MOBILE,REVERSED
1724,2024-01-20,UK,277,398,2378.54,GBP,DEBIT,BRANCH,PENDING
1725,2024-01-11,UK,421,455,759.74,GBP,CREDIT,ONLINE,REVERSED
1726,2024-01-23,ES,344,399,1279.21,EUR,TRANSFER,ATM,REVERSED
1727,2024-01-16,BE,176,85,1038.55,GBP,CREDIT,BRANCH,PENDING
1728,2024-01-25,UK,231,690,2337.43,EUR,TRANSFER,ONLINE,REVERSED
1729,2024-01-12,PT,220,425,4979.13,EUR,CREDIT,MOBILE,POSTED
1730,2024-01-13,BE,67,387,3036.0,EUR,DEBIT,MOBILE,POSTED
1731,2024-01-07,DE,292,296,893.93,EUR,TRANSFER,MOBILE,REVERSED
1732,2024-01-14,UK,384,222,2091.48,GBP,CREDIT,BRANCH,PENDING
1733,2024-01-21,DE,340,703,4801.24,GBP,CREDIT,MOBILE,POSTED
1734,2024-01-28,MA,253,774,2320.11,USD,DEBIT,ONLINE,PENDING
1735,2024-01-10,FR,272,342,3814.91,GBP,DEBIT,ATM,PENDING
1736,2024-01-19,MA,498,428,2052.06,GBP,DEBIT,ONLINE,POSTED
1737,2024-01-20,PT,257,82,2998.24,GBP,CREDIT,ATM,PENDING
1738,2024-01-20,IT,85,582,3127.85,GBP,DEBIT,BRANCH,POSTED
1739,2024-01-24,PT,452,669,1947.31,GBP,DEBIT,ONLINE,PENDING
1740,2024-01-12,IT,89,483,4685.77,EUR,CREDIT,ONLINE,PENDING
1741,2024-01-03,FR,105,591,2306.44,EUR,TRANSFER,MOBILE,POSTED
1742,2024-01-26,ES,498,472,2501.57,EUR,TRANSFER,BRANCH,POSTED
1743,2024-01-08,NL,369,71,35.41,EUR,TRANSFER,MOBILE,REVERSED
1744,2024-01-16,MA,36,427,4787.92,GBP,TRANSFER,ATM,REVERSED
1745,2024-01-25,PT,331,546,3574.11,USD,CREDIT,ATM,PENDING
1746,2024-01-26,MA,424,742,3844.04,USD,CREDIT,MOBILE,PENDING
1747,2024-01-26,DE,53,149,4235.5,GBP,DEBIT,ONLINE,PENDING
1748,2024-01-14,UK,72,248,3977.97,EUR,CREDIT,ATM,PENDING
1749,2024-01-21,DE,234,726,2458.39,EUR,CREDIT,BRANCH,PENDING
1750,2024-01-23,NL,169,461,3498.11,GBP,CREDIT,ATM,POSTED
1751,2024-01-05,BE,147,26,1105.89,USD,TRANSFER,BRANCH,REVERSED
1752,2024-01-10,US,483,733,792.35,GBP,CREDIT,MOBILE,REVERSED
1753,2024-01-15,US,79,761,4026.19,EUR,DEBIT,BRANCH,PENDING
1754,2024-01-09,IT,14,216,2916.57,EUR,TRANSFER,ATM,PENDING
1755,2024-01-12,BE,381,529,2029.82,GBP,DEBIT,BRANCH,REVERSED
1756,2024-01-05,PT,436,513,1572.17,USD,CREDIT,MOBILE,REVERSED
1757,2024-01-06,BE,246,179,2420.51,USD,DEBIT,ATM,PENDING
1758,2024-01-08,US,105,229,751.29,GBP,TRANSFER,ATM,REVERSED
1759,2024-01-07,UK,255,470,2847.47,GBP,DEBIT,ONLINE,REVERSED
1760,2024-01-07,UK,340,33,1993.06,EUR,CREDIT,ATM,PENDING
1761,2024-01-18,BE,433,759,2689.11,EUR,DEBIT,MOBILE,REVERSED
1762,2024-01-17,IT,125,262,3986.55,EUR,TRANSFER,ONLINE,POSTED
1763,2024-01-23,NL,90,41,4896.91,USD,TRANSFER,BRANCH,POSTED
1764,2024-01-24,IT,375,65,4530.8,EUR,TRANSFER,BRANCH,POSTED
1765,2024-01-07,IT,124,599,3808.64,USD,CREDIT,ATM,REVERSED
1766,2024-01-29,FR,163,649,366.2,USD,DEBIT,MOBILE,POSTED
1767,2024-01-16,IT,51,555,2947.29,GBP,CREDIT,BRANCH,REVERSED
1768,2024-01-01,PT,220,114,3600.19,USD,TRANSFER,ONLINE,REVERSED
1769,2024-01-26,PT,386,467,4961.2,USD,CREDIT,BRANCH,PENDING
1770,2024-01-21,ES,168,519,2416.92,USD,TRANSFER,BRANCH,PENDING
1771,2024-01-28,BE,127,349,1377.17,GBP,TRANSFER,BRANCH,REVERSED
1772,2024-01-15,DE,387,186,2438.41,USD,TRANSFER,MOBILE,PENDING
1773,2024-01-06,ES,33,778,2160.64,USD,DEBIT,MOBILE,PENDING
1774,2024-01-21,BE,421,187,968.78,EUR,DEBIT,ONLINE,PENDING
1775,2024-01-17,US,163,784,2652.47,EUR,TRANSFER,BRANCH,REVERSED
1776,2024-01-07,PT,344,158,1619.5,EUR,CREDIT,ONLINE,POSTED
1777,2024-01-20,ES,166,528,4905.79,GBP,TRANSFER,MOBILE,REVERSED
1778,2024-01-09,IT,477,269,2360.44,USD,CREDIT,ONLINE,PENDING
1779,2024-01-11,UK,424,763,1577.42,USD,CREDIT,MOBILE,PENDING
1780,2024-01-01,MA,28,418,1768.71,EUR,CREDIT,BRANCH,POSTED
1781,2024-01-27,IT,106,677,3583.65,USD,CREDIT,ATM,PENDING
1782,2024-01-14,MA,166,571,2800.3,EUR,DEBIT,MOBILE,PENDING
1783,2024-01-04,DE,124,164,1628.09,USD,TRANSFER,MOBILE,POSTED
1784,2024-01-25,MA,352,723,2435.72,USD,TRANSFER,MOBILE,POSTED
1785,2024-01-04,FR,327,350,1380.96,USD,CREDIT,BRANCH,POSTED
1786,2024-01-16,ES,450,767,370.87,GBP,CREDIT,ONLINE,POSTED
1787,2024-01-19,US,293,204,2809.62,USD,DEBIT,BRANCH,REVERSED
1788,2024-01-18,US,285,543,4086.73,GBP,DEBIT,ONLINE,POSTED
1789,2024-01-28,UK,490,369,4525.61,USD,TRANSFER,ONLINE,POSTED
1790,2024-01-11,NL,116,471,1811.66,EUR,TRANSFER,BRANCH,PENDING
1791,2024-01-20,FR,71,122,3211.56,USD,CREDIT,MOBILE,POSTED
1792,2024-01-27,BE,30,524,1868.0,GBP,CREDIT,ATM,REVERSED
1793,2024-01-28,UK,404,551,2460.56,GBP,CREDIT,ATM,REVERSED
1794,2024-01-03,PT,47,571,3903.16,GBP,DEBIT,ATM,REVERSED
1795,2024-01-30,NL,312,665,4964.76,EUR,TRANSFER,MOBILE,PENDING
1796,2024-01-15,NL,455,756,761.87,USD,DEBIT,ONLINE,REVERSED
1797,2024-01-19,UK,232,540,3905.78,GBP,CREDIT,ATM,PENDING
1798,2024-01-19,US,3,638,4141.28,EUR,DEBIT,ONLINE,PENDING
1799,2024-01-14,ES,132,228,2922.3,USD,TRANSFER,MOBILE,REVERSED
1800,2024-01-22,IT,394,588,4626.86,GBP,TRANSFER,ONLINE,POSTED
1801,2024-01-25,ES,105,315,908.75,EUR,TRANSFER,ATM,POSTED
1802,2024-01-18,UK,488,70,1637.98,USD,DEBIT,ONLINE,POSTED
1803,2024-01-10,ES,217,277,1165.66,EUR,CREDIT,ATM,POSTED
1804,2024-01-29,NL,63,384,128.09,GBP,TRANSFER,ONLINE,PENDING
1805,2024-01-02,NL,224,408,993.99,USD,TRANSFER,ATM,POSTED
1806,2024-01-06,BE,467,592,3622.87,EUR,DEBIT,ONLINE,POSTED
1807,2024-01-16,PT,183,767,4976.79,USD,DEBIT,ONLINE,POSTED
1808,2024-01-26,BE,184,489,1277.17,EUR,CREDIT,ATM,POSTED
1809,2024-01-13,MA,204,102,1774.05,USD,DEBIT,MOBILE,REVERSED
1810,2024-01-10,IT,359,86,3252.51,USD,CREDIT,ATM,PENDING
1811,2024-01-24,UK,23,144,4237.23,EUR,TRANSFER,ATM,POSTED
1812,2024-01-17,ES,71,711,2349.59,EUR,DEBIT,ONLINE,REVERSED
1813,2024-01-22,US,190,632,2074.97,EUR,CREDIT,ONLINE,POSTED
1814,2024-01-30,BE,494,155,3710.09,GBP,DEBIT,BRANCH,POSTED
1815,2024-01-26,ES,15,509,1021.18,USD,TRANSFER,BRANCH,PENDING
1816,2024-01-20,UK,14,26,1658.58,USD,DEBIT,ONLINE,PENDING
1817,2024-01-02,BE,193,780,2992.94,GBP,DEBIT,ONLINE,POSTED
1818,2024-01-01,UK,459,228,461.53,EUR,DEBIT,MOBILE,PENDING
1819,2024-01-14,BE,225,137,4284.72,GBP,DEBIT,BRANCH,PENDING
1820,2024-01-16,US,65,330,3282.21,USD,TRANSFER,ATM,PENDING
1821,2024-01-16,PT,100,128,1097.34,EUR,DEBIT,ONLINE,REVERSED
1822,2024-01-03,DE,367,413,1412.22,GBP,DEBIT,ONLINE,POSTED
1823,2024-01-09,ES,373,675,1506.24,GBP,CREDIT,BRANCH,POSTED
1824,2024-01-11,MA,191,677,726.96,GBP,DEBIT,MOBILE,REVERSED
1825,2024-01-02,IT,93,14,715.63,EUR,DEBIT,ONLINE,PENDING
1826,2024-01-11,FR,292,492,2419.74,USD,DEBIT,MOBILE,PENDING
1827,2024-01-07,NL,318,269,2729.85,EUR,TRANSFER,BRANCH,REVERSED
1828,2024-01-25,BE,473,345,1686.94,EUR,CREDIT,BRANCH,PENDING
1829,2024-01-25,BE,233,679,483.42,USD,TRANSFER,BRANCH,POSTED
1830,2024-01-26,UK,218,657,128.04,GBP,DEBIT,ATM,POSTED
1831,2024-01-15,DE,61,563,3563.76,EUR,CREDIT,BRANCH,PENDING
1832,2024-01-14,BE,481,84,4831.5,GBP,DEBIT,MOBILE,REVERSED
1833,2024-01-07,ES,430,696,1110.06,EUR,DEBIT,BRANCH,REVERSED
1834,2024-01-20,ES,288,543,2625.7,GBP,CREDIT,ONLINE,REVERSED
1835,2024-01-17,ES,191,162,501.59,EUR,TRANSFER,ONLINE,REVERSED
1836,2024-01-05,BE,482,624,2120.65,EUR,CREDIT,ATM,PENDING
1837,2024-01-10,MA,461,534,4860.07,USD,CREDIT,BRANCH,POSTED
1838,2024-01-24,US,0,76,1257.39,GBP,TRANSFER,BRANCH,POSTED
1839,2024-01-30,PT,304,68,297.05,USD,DEBIT,ONLINE,PENDING
1840,2024-01-27,ES,391,248,1956.8,EUR,TRANSFER,MOBILE,PENDING
1841,2024-01-19,IT,127,358,353.59,USD,DEBIT,MOBILE,POSTED
1842,2024-01-24,PT,483,688,760.08,USD,DEBIT,BRANCH,PENDING
1843,2024-01-01,DE,266,318,2621.68,GBP,TRANSFER,MOBILE,POSTED
1844,2024-01-22,NL,152,127,2706.76,GBP,CREDIT,ONLINE,POSTED
1845,2024-01-29,UK,448,278,4747.49,EUR,CREDIT,BRANCH,POSTED
1846,2024-01-21,NL,218,599,843.11,GBP,TRANSFER,MOBILE,PENDING
1847,2024-01-08,BE,52,90,4988.03,GBP,TRANSFER,BRANCH,POSTED
1848,2024-01-28,NL,428,718,4816.26,USD,DEBIT,ATM,PENDING
1849,2024-01-27,US,463,257,3201.69,USD,CREDIT,BRANCH,PENDING
1850,2024-01-03,FR,51,730,4030.15,EUR,TRANSFER,MOBILE,POSTED
1851,2024-01-19,MA,340,272,520.72,GBP,CREDIT,MOBILE,REVERSED
1852,2024-01-17,MA,21,616,539.88,GBP,DEBIT,ATM,POSTED
1853,2024-01-25,IT,184,594,3363.37,GBP,CREDIT,MOBILE,REVERSED
1854,2024-01-24,FR,177,662,3940.89,USD,TRANSFER,ATM,PENDING
1855,2024-01-27,MA,342,26,1080.98,EUR,DEBIT,BRANCH,POSTED
1856,2024-01-10,MA,410,29,3645.56,USD,CREDIT,BRANCH,PENDING
1857,2024-01-08,US,228,48,1623.24,GBP,TRANSFER,BRANCH,POSTED
1858,2024-01-07,BE,394,560,3241.79,GBP,CREDIT,BRANCH,POSTED
1859,2024-01-28,NL,438,91,1669.48,GBP,TRANSFER,ONLINE,PENDING
1860,2024-01-27,US,51,739,453.07,USD,CREDIT,MOBILE,REVERSED
1861,2024-01-06,MA,103,271,4280.02,USD,CREDIT,BRANCH,PENDING
1862,2024-01-29,UK,386,163,4796.58,USD,DEBIT,ATM,POSTED
1863,2024-01-19,US,465,518,3501.44,GBP,CREDIT,ONLINE,PENDING
1864,2024-01-20,DE,101,95,453.62,GBP,TRANSFER,MOBILE,PENDING
1865,2024-01-05,UK,272,362,1984.39,USD,DEBIT,BRANCH,REVERSED
1866,2024-01-19,DE,165,230,2213.24,EUR,DEBIT,ONLINE,REVERSED
1867,2024-01-09,FR,253,229,4166.41,EUR,DEBIT,ONLINE,PENDING
1868,2024-01-21,IT,74,12,1484.67,EUR,TRANSFER,MOBILE,PENDING
1869,2024-01-14,BE,282,581,962.0,EUR,TRANSFER,MOBILE,REVERSED
1870,2024-01-19,MA,382,267,3534.02,USD,CREDIT,MOBILE,PENDING
1871,2024-01-12,IT,163,553,1786.01,GBP,DEBIT,BRANCH,REVERSED
1872,2024-01-08,BE,296,131,484.01,GBP,TRANSFER,MOBILE,REVERSED
1873,2024-01-11,DE,413,618,1139.89,USD,TRANSFER,ONLINE,PENDING
1874,2024-01-09,PT,428,54,2301.73,USD,CREDIT,MOBILE,POSTED
1875,2024-01-06,FR,286,459,2795.42,EUR,CREDIT,MOBILE,REVERSED
1876,2024-01-05,DE,349,362,328.0,GBP,CREDIT,BRANCH,REVERSED
1877,2024-01-01,PT,251,441,3521.38,EUR,CREDIT,ONLINE,REVERSED
1878,2024-01-15,US,275,713,3373.66,USD,DEBIT,MOBILE,POSTED
1879,2024-01-25,BE,348,600,1572.98,EUR,TRANSFER,ATM,REVERSED
1880,2024-01-25,UK,300,122,3873.33,EUR,TRANSFER,ATM,REVERSED
1881,2024-01-14,ES,375,199,1244.75,GBP,DEBIT,ONLINE,POSTED
1882,2024-01-21,NL,373,122,1659.62,EUR,CREDIT,MOBILE,PENDING
1883,2024-01-13,NL,70,351,915.77,USD,CREDIT,ONLINE,REVERSED
1884,2024-01-14,US,255,92,923.65,USD,DEBIT,ONLINE,PENDING
1885,2024-01-21,DE,173,462,3759.33,GBP,CREDIT,ATM,REVERSED
1886,2024-01-02,BE,30,699,1866.36,EUR,DEBIT,ATM,POSTED
1887,2024-01-11,MA,156,28,4000.39,GBP,TRANSFER,BRANCH,POSTED
1888,2024-01-06,IT,325,635,2491.51,GBP,DEBIT,BRANCH,POSTED
1889,2024-01-28,ES,307,383,2870.35,USD,TRANSFER,ONLINE,REVERSED
1890,2024-01-05,NL,15,637,194.83,GBP,DEBIT,BRANCH,PENDING
1891,2024-01-04,UK,349,184,2950.94,EUR,DEBIT,MOBILE,POSTED
1892,2024-01-20,ES,313,345,4689.15,GBP,TRANSFER,MOBILE,PENDING
1893,2024-01-04,BE,33,346,1231.86,EUR,DEBIT,MOBILE,POSTED
1894,2024-01-26,MA,21,366,294.06,USD,TRANSFER,ATM,REVERSED
1895,2024-01-03,UK,466,539,2815.42,GBP,TRANSFER,MOBILE,REVERSED
1896,2024-01-21,IT,144,328,678.24,EUR,CREDIT,MOBILE,PENDING
1897,2024-01-14,MA,42,502,120.15,EUR,CREDIT,MOBILE,REVERSED
1898,2024-01-13,US,254,789,1436.68,GBP,TRANSFER,ATM,REVERSED
1899,2024-01-27,FR,96,91,1536.29,GBP,TRANSFER,ONLINE,REVERSED
1900,2024-01-11,FR,273,28,236.99,USD,CREDIT,ONLINE,PENDING
1901,2024-01-18,FR,421,700,4368.65,GBP,TRANSFER,ONLINE,REVERSED
1902,2024-01-12,FR,466,219,494.16,EUR,DEBIT,BRANCH,POSTED
1903,2024-01-23,IT,253,211,2856.16,GBP,DEBIT,ATM,PENDING
1904,2024-01-07,DE,473,297,24.69,EUR,TRANSFER,BRANCH,POSTED
1905,2024-01-13,IT,190,411,224.74,EUR,TRANSFER,ONLINE,REVERSED
1906,2024-01-22,US,451,432,3402.3,GBP,TRANSFER,BRANCH,POSTED
1907,2024-01-29,US,209,706,52.13,USD,CREDIT,BRANCH,POSTED
1908,2024-01-27,NL,129,614,53.14,GBP,CREDIT,ATM,REVERSED
1909,2024-01-25,NL,65,678,3447.81,EUR,TRANSFER,ATM,POSTED
1910,2024-01-06,NL,34,187,2685.16,EUR,TRANSFER,BRANCH,REVERSED
1911,2024-01-23,MA,145,549,1432.91,GBP,CREDIT,ATM,POSTED
1912,2024-01-13,IT,486,88,2774.2,USD,DEBIT,ONLINE,REVERSED
1913,2024-01-02,NL,245,111,557.92,EUR,CREDIT,ONLINE,POSTED
1914,2024-01-25,DE,123,446,3076.99,USD,TRANSFER,ONLINE,PENDING
1915,2024-01-20,FR,339,515,3834.18,EUR,DEBIT,BRANCH,POSTED
1916,2024-01-19,FR,485,156,1707.4,USD,DEBIT,BRANCH,PENDING
1917,2024-01-07,FR,200,389,766.33,USD,TRANSFER,ATM,POSTED
1918,2024-01-06,IT,171,673,3606.18,EUR,CREDIT,ATM,POSTED
1919,2024-01-20,BE,147,570,806.33,GBP,CREDIT,ATM,POSTED
1920,2024-01-22,DE,209,530,2671.83,GBP,TRANSFER,ONLINE,REVERSED
1921,2024-01-30,UK,189,39,718.29,EUR,TRANSFER,ONLINE,POSTED
1922,2024-01-13,FR,288,59,4068.72,GBP,DEBIT,ONLINE,REVERSED
1923,2024-01-02,PT,279,75,99.95,USD,TRANSFER,MOBILE,PENDING
1924,2024-01-22,PT,198,460,4551.3,EUR,TRANSFER,MOBILE,REVERSED
1925,2024-01-09,UK,325,465,2396.17,EUR,CREDIT,BRANCH,POSTED
1926,2024-01-05,US,326,748,872.59,USD,CREDIT,ONLINE,PENDING
1927,2024-01-24,FR,221,307,720.77,USD,CREDIT,ONLINE,PENDING
1928,2024-01-05,UK,106,415,2106.28,USD,CREDIT,MOBILE,PENDING
1929,2024-01-13,NL,186,345,1630.73,USD,DEBIT,ONLINE,POSTED
1930,2024-01-07,IT,291,199,4740.08,GBP,TRANSFER,BRANCH,PENDING
1931,2024-01-18,MA,191,659,1535.19,USD,DEBIT,MOBILE,POSTED
1932,2024-01-18,NL,153,793,4350.68,USD,DEBIT,ONLINE,POSTED
1933,2024-01-11,BE,455,160,3298.6,GBP,CREDIT,ONLINE,PENDING
1934,2024-01-01,IT,197,581,3335.3,USD,TRANSFER,ONLINE,REVERSED
1935,2024-01-13,PT,400,202,754.27,USD,CREDIT,ONLINE,REVERSED
1936,2024-01-05,NL,161,625,4665.17,GBP,TRANSFER,ATM,REVERSED
1937,2024-01-04,DE,43,21,44.33,EUR,CREDIT,ATM,PENDING
1938,2024-01-30,UK,103,761,753.86,EUR,CREDIT,ATM,PENDING
1939,2024-01-20,UK,298,457,2375.96,GBP,DEBIT,BRANCH,PENDING
1940,2024-01-04,BE,81,155,817.12,EUR,TRANSFER,MOBILE,POSTED
1941,2024-01-18,BE,321,480,3499.61,USD,TRANSFER,ONLINE,POSTED
1942,2024-01-22,ES,465,455,486.25,EUR,DEBIT,MOBILE,PENDING
1943,2024-01-13,NL,87,785,100.75,GBP,CREDIT,MOBILE,REVERSED
1944,2024-01-19,ES,229,20,4851.51,GBP,TRANSFER,BRANCH,PENDING
1945,2024-01-03,UK,35,181,675.58,USD,TRANSFER,MOBILE,POSTED
1946,2024-01-04,IT,492,649,1604.17,GBP,DEBIT,BRANCH,REVERSED
1947,2024-01-26,NL,8,636,4455.35,USD,DEBIT,BRANCH,PENDING
1948,2024-01-07,BE,143,532,4521.5,EUR,CREDIT,BRANCH,POSTED
1949,2024-01-02,IT,358,313,1316.3,USD,CREDIT,ATM,PENDING
1950,2024-01-24,NL,337,82,1665.26,EUR,DEBIT,ATM,REVERSED
1951,2024-01-19,FR,154,389,999.01,USD,CREDIT,MOBILE,POSTED
1952,2024-01-23,US,356,384,1678.84,GBP,CREDIT,MOBILE,REVERSED
1953,2024-01-11,ES,482,354,3595.87,GBP,DEBIT,MOBILE,PENDING
1954,2024-01-09,DE,467,460,4593.96,EUR,TRANSFER,BRANCH,REVERSED
1955,2024-01-29,DE,11,131,4031.33,EUR,DEBIT,ATM,POSTED
1956,2024-01-12,DE,78,585,4007.48,EUR,DEBIT,ATM,REVERSED
1957,2024-01-01,UK,445,632,352.84,GBP,TRANSFER,MOBILE,REVERSED
1958,2024-01-28,UK,402,680,530.06,EUR,DEBIT,ONLINE,POSTED
1959,2024-01-30,DE,95,93,3591.55,EUR,DEBIT,MOBILE,REVERSED
1960,2024-01-08,IT,25,734,397.98,USD,TRANSFER,ONLINE,PENDING
1961,2024-01-27,IT,362,507,3027.68,EUR,CREDIT,BRANCH,REVERSED
1962,2024-01-22,PT,442,62,2213.14,GBP,DEBIT,ATM,POSTED
1963,2024-01-07,US,73,555,2877.59,EUR,TRANSFER,ATM,REVERSED
1964,2024-01-25,DE,96,191,4243.23,EUR,DEBIT,MOBILE,REVERSED
1965,2024-01-27,PT,151,615,2062.0,GBP,CREDIT,ONLINE,PENDING
1966,2024-01-09,UK,376,246,2653.22,GBP,TRANSFER,BRANCH,PENDING
1967,2024-01-25,ES,33,63,314.85,USD,TRANSFER,ATM,REVERSED
1968,2024-01-25,MA,40,690,3822.4,GBP,CREDIT,ATM,REVERSED
1969,2024-01-22,DE,163,602,3857.16,USD,TRANSFER,ATM,REVERSED
1970,2024-01-09,UK,230,366,3711.22,USD,CREDIT,MOBILE,PENDING
1971,2024-01-25,NL,160,559,4995.49,EUR,DEBIT,ONLINE,POSTED
1972,2024-01-23,UK,209,476,4399.99,USD,CREDIT,MOBILE,PENDING
1973,2024-01-15,ES,72,755,3753.01,USD,DEBIT,ONLINE,PENDING
1974,2024-01-13,ES,204,374,70.74,GBP,DEBIT,ONLINE,REVERSED
1975,2024-01-06,IT,48,16,1957.07,EUR,CREDIT,BRANCH,POSTED
1976,2024-01-01,NL,200,162,1518.31,GBP,CREDIT,ONLINE,POSTED
1977,2024-01-16,PT,370,511,2164.85,EUR,CREDIT,ATM,PENDING
1978,2024-01-04,DE,487,331,3530.41,GBP,CREDIT,ONLINE,POSTED
1979,2024-01-17,NL,411,221,2082.31,EUR,CREDIT,ONLINE,PENDING
1980,2024-01-21,US,350,633,2145.56,EUR,TRANSFER,ONLINE,REVERSED
1981,2024-01-10,UK,371,382,4035.81,EUR,CREDIT,MOBILE,POSTED
1982,2024-01-01,NL,189,427,1231.3,USD,TRANSFER,ONLINE,PENDING
1983,2024-01-21,NL,402,287,2775.42,GBP,CREDIT,ONLINE,POSTED
1984,2024-01-11,PT,497,234,3540.82,GBP,DEBIT,ONLINE,PENDING
1985,2024-01-19,NL,455,19,1567.99,EUR,CREDIT,ONLINE,REVERSED
1986,2024-01-11,DE,270,502,2313.98,GBP,CREDIT,ATM,PENDING
1987,2024-01-13,IT,405,788,1381.78,EUR,CREDIT,ATM,PENDING
1988,2024-01-08,IT,324,3,1636.74,GBP,CREDIT,ONLINE,PENDING
1989,2024-01-11,NL,160,619,4416.18,EUR,TRANSFER,ONLINE,REVERSED
1990,2024-01-20,DE,151,751,303.75,EUR,TRANSFER,BRANCH,POSTED
1991,2024-01-26,MA,216,717,4093.11,EUR,CREDIT,BRANCH,POSTED
1992,2024-01-05,US,12,29,3258.52,USD,DEBIT,BRANCH,PENDING
1993,2024-01-25,ES,228,640,1910.72,EUR,TRANSFER,MOBILE,PENDING
1994,2024-01-04,US,233,282,989.71,GBP,CREDIT,BRANCH,POSTED
1995,2024-01-19,ES,165,17,620.45,USD,TRANSFER,MOBILE,PENDING
1996,2024-01-05,UK,425,737,1875.77,EUR,TRANSFER,MOBILE,REVERSED
1997,2024-01-11,MA,91,334,3065.8,EUR,TRANSFER,BRANCH,PENDING
1998,2024-01-19,PT,20,523,280.24,GBP,TRANSFER,ONLINE,PENDING
1999,2024-01-03,DE,71,155,512.16,EUR,TRANSFER,ONLINE,POSTED
