id,client_id,amount,transaction_type,date
1,1007,694,purchase,2023-07-03
2,1011,755,purchase,2023-01-02
3,1006,741,withdrawal,2023-04-30
4,1001,443,purchase,2023-07-09
5,1002,444,withdrawal,2023-10-15
6,1004,802,refund,2023-05-20
7,1014,560,withdrawal,2023-11-05
8,1020,383,purchase,2023-10-23
9,1015,1333,purchase,2023-01-06
10,1002,1479,withdrawal,2023-06-01
11,1009,1164,transfer,2023-05-27
12,1001,210,transfer,2023-03-28
13,1017,1478,payment,2023-10-12
14,1002,369,purchase,2023-07-15
15,1008,945,payment,2023-07-02
16,1006,1229,refund,2023-09-19
17,1010,817,purchase,2023-08-24
18,1003,1294,transfer,2023-03-06
19,1013,1679,payment,2023-08-15
20,1002,682,transfer,2023-05-23
21,1016,1133,withdrawal,2023-03-16
22,1011,878,purchase,2023-12-09
23,1020,1695,refund,2023-11-02
24,1001,906,payment,2023-05-27
25,1012,1751,transfer,2023-05-27
26,1004,1081,payment,2023-03-31
27,1006,1228,withdrawal,2023-09-24
28,1014,211,payment,2023-06-04
29,1009,776,payment,2023-04-02
30,1002,386,withdrawal,2023-01-22
31,1006,938,purchase,2023-08-04
32,1006,1544,payment,2023-07-13
33,1002,1133,refund,2023-03-13
34,1002,1555,purchase,2023-08-17
35,1005,810,withdrawal,2023-01-27
36,1017,347,purchase,2023-01-09
37,1007,697,payment,2023-06-19
38,1007,1458,refund,2023-10-31
39,1006,202,transfer,2023-04-11
40,1001,603,withdrawal,2023-02-13
41,1015,1554,purchase,2023-12-03
42,1010,1426,withdrawal,2023-03-02
43,1019,1477,transfer,2023-09-19
44,1014,1013,payment,2023-05-11
45,1009,1558,refund,2023-11-25
46,1014,1089,withdrawal,2023-09-11
47,1008,695,purchase,2023-11-05
48,1015,1031,payment,2023-02-05
49,1007,298,transfer,2023-10-14
50,1011,880,payment,2023-07-14
51,1003,1040,payment,2023-04-21
52,1006,1738,purchase,2023-10-10
53,1007,1000,purchase,2023-06-14
54,1001,1443,transfer,2023-06-16
55,1007,702,payment,2023-03-06
56,1018,560,payment,2023-05-26
57,1014,525,transfer,2023-11-10
58,1015,757,transfer,2023-08-12
59,1013,1458,payment,2023-10-10
60,1005,1879,refund,2023-09-04
61,1012,697,purchase,2023-12-16
62,1019,1909,refund,2023-02-15
63,1014,904,purchase,2023-04-03
64,1012,1214,withdrawal,2023-07-16
65,1001,1834,payment,2023-05-26
66,1013,291,purchase,2023-12-20
67,1019,1820,refund,2023-06-25
68,1006,1783,purchase,2023-08-21
69,1012,969,payment,2023-09-21
70,1012,1854,purchase,2023-02-06
71,1019,188,purchase,2023-10-03
72,1006,785,refund,2023-11-09
73,1018,1148,withdrawal,2023-01-24
74,1008,674,purchase,2023-11-09
75,1002,1948,payment,2023-10-04
76,1020,1982,transfer,2023-11-05
77,1019,941,transfer,2023-01-29
78,1003,614,withdrawal,2023-02-21
79,1006,505,payment,2023-03-07
80,1002,387,withdrawal,2023-10-05
81,1003,1305,payment,2023-02-28
82,1015,1824,transfer,2023-07-15
83,1005,540,withdrawal,2023-05-29
84,1020,1601,withdrawal,2023-10-05
85,1019,1974,payment,2023-12-13
86,1019,1975,payment,2023-07-13
87,1018,264,refund,2023-11-01
88,1016,921,purchase,2023-04-11
89,1011,329,purchase,2023-03-02
90,1001,108,withdrawal,2023-09-15
91,1010,566,transfer,2023-07-15
92,1007,165,payment,2023-12-02
93,1016,291,withdrawal,2023-07-27
94,1018,382,purchase,2023-06-07
95,1007,294,withdrawal,2023-03-30
96,1020,1687,purchase,2023-08-06
97,1009,430,withdrawal,2023-11-15
98,1012,598,purchase,2023-06-02
99,1001,1553,refund,2023-05-23
100,1001,751,withdrawal,2023-12-25
101,1013,1806,transfer,2023-08-30
102,1004,1417,purchase,2023-06-19
103,1013,1373,withdrawal,2023-03-15
104,1005,1151,transfer,2023-04-17
105,1008,1501,payment,2023-02-16
106,1007,714,transfer,2023-03-08
107,1019,1010,withdrawal,2023-05-15
108,1003,1478,refund,2023-04-04
109,1004,268,refund,2023-04-16
110,1003,821,transfer,2023-07-22
111,1001,1194,payment,2023-05-31
112,1002,1501,transfer,2023-07-08
113,1019,624,refund,2023-04-30
114,1020,279,withdrawal,2023-08-28
115,1020,1922,transfer,2023-09-20
116,1016,1204,transfer,2023-05-04
117,1012,1201,transfer,2023-06-10
118,1018,1682,withdrawal,2023-06-29
119,1001,982,purchase,2023-10-26
120,1003,1912,purchase,2023-03-28
121,1009,1675,payment,2023-11-20
122,1015,1228,withdrawal,2023-09-07
123,1019,1065,payment,2023-07-03
124,1002,221,withdrawal,2023-07-12
125,1017,1362,purchase,2023-08-18
126,1014,1187,refund,2023-12-25
127,1019,1664,withdrawal,2023-03-21
128,1008,633,transfer,2023-07-22
129,1010,155,transfer,2023-06-18
130,1014,512,withdrawal,2023-11-19
131,1005,1116,transfer,2023-07-06
132,1014,1790,payment,2023-12-28
133,1007,1427,refund,2023-06-11
134,1002,262,withdrawal,2023-04-25
135,1014,846,purchase,2023-12-25
136,1005,1700,refund,2023-12-13
137,1006,1696,payment,2023-08-27
138,1019,468,payment,2023-10-05
139,1011,1582,refund,2023-03-06
140,1017,880,refund,2023-08-16
141,1003,1084,withdrawal,2023-12-18
142,1013,1277,purchase,2023-07-21
143,1011,1821,transfer,2023-10-27
144,1011,1450,transfer,2023-06-24
145,1011,653,payment,2023-05-24
146,1015,291,withdrawal,2023-05-06
147,1017,756,refund,2023-10-17
148,1004,1922,purchase,2023-11-23
149,1019,910,refund,2023-04-23
150,1013,1737,refund,2023-02-26
151,1005,1181,withdrawal,2023-09-06
152,1003,1289,transfer,2023-04-06
153,1018,427,purchase,2023-06-29
154,1014,219,withdrawal,2023-05-11
155,1006,626,withdrawal,2023-01-11
156,1007,100,withdrawal,2023-11-01
157,1009,501,purchase,2023-12-13
158,1010,373,purchase,2023-11-20
159,1018,377,refund,2023-06-19
160,1011,204,refund,2023-04-22
161,1017,609,refund,2023-10-10
162,1011,953,payment,2023-08-31
163,1014,1336,payment,2023-12-16
164,1010,404,payment,2023-03-09
165,1017,1227,withdrawal,2023-07-19
166,1002,1013,purchase,2023-04-13
167,1012,572,refund,2023-08-21
168,1012,1625,purchase,2023-12-06
169,1004,1816,payment,2023-06-15
170,1004,1967,withdrawal,2023-11-19
171,1016,1788,purchase,2023-06-29
172,1003,1863,transfer,2023-10-13
173,1004,1988,purchase,2023-06-09
174,1014,1691,payment,2023-10-19
175,1007,1065,refund,2023-07-09
176,1010,1440,transfer,2023-09-15
177,1001,713,payment,2023-09-26
178,1020,769,withdrawal,2023-12-05
179,1011,1697,transfer,2023-04-03
180,1010,466,purchase,2023-05-21
181,1009,1608,transfer,2023-11-16
182,1019,712,refund,2023-10-13
183,1002,521,payment,2023-04-29
184,1017,357,purchase,2023-07-22
185,1013,844,purchase,2023-06-06
186,1010,490,refund,2023-11-03
187,1017,1129,refund,2023-07-04
188,1012,1538,transfer,2023-09-09
189,1015,217,payment,2023-03-13
190,1007,687,withdrawal,2023-06-27
191,1007,1814,refund,2023-11-05
192,1020,627,purchase,2023-06-11
193,1009,286,payment,2023-01-06
194,1016,1688,purchase,2023-12-21
195,1013,797,transfer,2023-05-04
196,1004,239,withdrawal,2023-11-18
197,1013,311,refund,2023-03-13
198,1017,1095,purchase,2023-03-26
199,1015,1048,purchase,2023-06-25
200,1004,394,transfer,2023-03-10
201,1013,1730,transfer,2023-11-05
202,1012,753,purchase,2023-06-02
203,1002,392,payment,2023-03-17
204,1019,226,refund,2023-06-18
205,1015,1439,withdrawal,2023-12-14
206,1017,1714,transfer,2023-06-18
207,1001,321,refund,2023-05-03
208,1009,167,refund,2023-11-03
209,1012,1065,refund,2023-12-27
210,1001,1574,transfer,2023-06-07
211,1017,1548,withdrawal,2023-09-10
212,1008,240,refund,2023-03-16
213,1002,600,refund,2023-04-27
214,1007,164,refund,2023-11-24
215,1008,745,withdrawal,2023-03-21
216,1009,1450,transfer,2023-06-22
217,1020,165,transfer,2023-05-09
218,1007,1659,transfer,2023-05-30
219,1006,1041,refund,2023-03-05
220,1015,1760,refund,2023-11-16
221,1020,906,withdrawal,2023-05-10
222,1013,1503,withdrawal,2023-10-04
223,1004,118,refund,2023-12-11
224,1007,741,withdrawal,2023-09-27
225,1009,1050,payment,2023-07-25
226,1011,735,withdrawal,2023-07-13
227,1009,485,withdrawal,2023-11-25
228,1013,1631,withdrawal,2023-02-03
229,1011,985,refund,2023-01-29
230,1016,1413,purchase,2023-10-22
231,1002,253,payment,2023-03-08
232,1009,194,withdrawal,2023-10-17
233,1005,403,transfer,2023-01-17
234,1005,912,purchase,2023-07-19
235,1010,1133,transfer,2023-04-01
236,1014,1586,transfer,2023-03-28
237,1007,960,payment,2023-11-04
238,1006,1846,refund,2023-06-07
239,1020,1056,withdrawal,2023-09-01
240,1002,1548,transfer,2023-04-25
241,1011,509,refund,2023-10-09
242,1002,472,withdrawal,2023-10-22
243,1013,1766,transfer,2023-03-19
244,1018,988,refund,2023-03-07
245,1004,718,withdrawal,2023-10-26
246,1003,1326,purchase,2023-07-19
247,1007,798,transfer,2023-08-06
248,1007,402,refund,2023-10-21
249,1016,210,payment,2023-09-28
250,1018,120,refund,2023-12-08
251,1013,1475,payment,2023-07-27
252,1006,1795,withdrawal,2023-11-09
253,1017,440,payment,2023-10-18
254,1011,1810,purchase,2023-04-17
255,1009,1847,payment,2023-05-29
256,1015,1697,refund,2023-08-18
257,1012,1652,transfer,2023-05-23
258,1015,1222,refund,2023-09-17
259,1018,953,withdrawal,2023-07-22
260,1006,1285,refund,2023-09-07
261,1011,414,payment,2023-01-26
262,1010,434,transfer,2023-09-14
263,1005,693,purchase,2023-03-24
264,1009,293,refund,2023-02-04
265,1017,108,payment,2023-10-07
266,1020,172,withdrawal,2023-02-10
267,1003,1676,purchase,2023-05-23
268,1015,1938,payment,2023-02-20
269,1019,1746,refund,2023-08-01
270,1007,107,transfer,2023-10-29
271,1017,260,transfer,2023-04-19
272,1014,1499,transfer,2023-02-14
273,1017,1020,transfer,2023-03-09
274,1012,303,withdrawal,2023-05-29
275,1011,1321,refund,2023-04-26
276,1003,813,payment,2023-12-30
277,1001,608,purchase,2023-01-01
278,1003,688,payment,2023-03-26
279,1013,258,withdrawal,2023-10-10
280,1019,1042,refund,2023-12-17
281,1017,1212,withdrawal,2023-01-29
282,1019,1432,transfer,2023-03-28
283,1011,1906,purchase,2023-05-09
284,1010,1573,payment,2023-05-14
285,1013,669,purchase,2023-03-19
286,1012,1173,payment,2023-11-20
287,1014,1694,refund,2023-12-28
288,1007,1071,withdrawal,2023-01-23
289,1016,1068,purchase,2023-04-23
290,1016,1993,refund,2023-08-02
291,1020,267,purchase,2023-01-29
292,1018,1412,refund,2023-03-09
293,1004,621,refund,2023-01-14
294,1013,312,withdrawal,2023-12-08
295,1005,811,purchase,2023-03-16
296,1009,1720,payment,2023-07-07
297,1013,594,refund,2023-08-19
298,1009,1887,withdrawal,2023-01-17
299,1011,1548,transfer,2023-04-19
300,1016,704,transfer,2023-06-21
301,1001,493,payment,2023-09-17
302,1010,1731,payment,2023-03-10
303,1006,937,purchase,2023-09-03
304,1001,239,withdrawal,2023-12-17
305,1002,438,payment,2023-01-05
306,1011,1895,transfer,2023-07-23
307,1002,581,payment,2023-11-06
308,1006,1520,refund,2023-07-26
309,1018,370,refund,2023-01-21
310,1018,1169,refund,2023-01-11
311,1011,1320,transfer,2023-05-27
312,1008,976,purchase,2023-02-03
313,1004,195,withdrawal,2023-08-20
314,1015,1885,payment,2023-02-20
315,1005,979,transfer,2023-08-06
316,1006,1667,refund,2023-02-05
317,1006,962,purchase,2023-10-15
318,1014,333,transfer,2023-11-24
319,1004,183,withdrawal,2023-08-24
320,1011,366,withdrawal,2023-06-16
321,1016,310,purchase,2023-06-28
322,1017,1699,purchase,2023-11-30
323,1020,1784,purchase,2023-12-01
324,1015,734,payment,2023-11-23
325,1013,1826,withdrawal,2023-09-18
326,1008,1336,transfer,2023-04-07
327,1004,773,transfer,2023-04-02
328,1020,166,payment,2023-02-15
329,1020,1350,payment,2023-03-21
330,1019,1751,transfer,2023-08-01
331,1015,1446,purchase,2023-01-28
332,1006,1492,refund,2023-03-29
333,1011,143,purchase,2023-08-13
334,1018,844,payment,2023-01-18
335,1020,431,payment,2023-03-02
336,1009,387,purchase,2023-10-20
337,1008,1254,withdrawal,2023-04-27
338,1014,230,purchase,2023-11-29
339,1005,646,purchase,2023-09-20
340,1015,127,transfer,2023-12-04
341,1011,1971,withdrawal,2023-08-23
342,1004,194,withdrawal,2023-10-10
343,1008,889,refund,2023-02-21
344,1012,459,withdrawal,2023-03-09
345,1006,184,refund,2023-09-10
346,1004,1197,withdrawal,2023-12-26
347,1011,1041,refund,2023-10-19
348,1006,1778,transfer,2023-05-04
349,1016,1297,withdrawal,2023-12-27
350,1010,323,purchase,2023-03-18
351,1001,972,transfer,2023-01-26
352,1004,910,refund,2023-01-09
353,1014,682,payment,2023-05-13
354,1014,521,withdrawal,2023-09-04
355,1020,233,refund,2023-09-28
356,1002,1279,transfer,2023-10-29
357,1006,802,transfer,2023-02-19
358,1008,1676,purchase,2023-11-25
359,1011,1079,transfer,2023-09-18
360,1010,1495,withdrawal,2023-10-03
361,1010,603,transfer,2023-10-07
362,1002,1396,payment,2023-05-12
363,1011,1018,payment,2023-10-21
364,1016,700,withdrawal,2023-04-15
365,1007,1297,payment,2023-09-30
366,1013,798,transfer,2023-12-13
367,1009,1243,purchase,2023-10-27
368,1013,1284,payment,2023-07-15
369,1008,1396,payment,2023-09-07
370,1015,875,withdrawal,2023-03-04
371,1007,1490,withdrawal,2023-07-01
372,1010,162,refund,2023-08-01
373,1006,1832,transfer,2023-09-26
374,1017,689,refund,2023-04-12
375,1007,285,refund,2023-05-03
376,1008,461,transfer,2023-09-30
377,1009,896,transfer,2023-05-09
378,1016,608,purchase,2023-10-03
379,1004,272,payment,2023-07-15
380,1005,1345,transfer,2023-02-19
381,1018,1943,purchase,2023-10-12
382,1013,198,payment,2023-09-15
383,1003,1302,refund,2023-11-28
384,1015,1611,withdrawal,2023-03-02
385,1018,489,refund,2023-06-14
386,1008,700,transfer,2023-10-11
387,1017,1119,refund,2023-10-20
388,1008,1487,refund,2023-07-01
389,1018,1216,refund,2023-08-25
390,1013,1297,payment,2023-02-06
391,1004,1803,refund,2023-06-09
392,1007,1402,refund,2023-04-25
393,1014,550,refund,2023-01-16
394,1013,1416,refund,2023-08-17
395,1005,1888,withdrawal,2023-01-06
396,1013,1671,transfer,2023-05-06
397,1019,1129,transfer,2023-05-14
398,1005,219,purchase,2023-05-20
399,1014,257,withdrawal,2023-05-03
400,1005,598,purchase,2023-07-11
401,1015,353,transfer,2023-11-02
402,1010,823,withdrawal,2023-10-16
403,1016,829,withdrawal,2023-11-09
404,1013,1043,payment,2023-12-18
405,1002,1303,payment,2023-08-13
406,1004,683,payment,2023-07-16
407,1017,1743,withdrawal,2023-06-25
408,1009,1034,withdrawal,2023-11-22
409,1016,1971,payment,2023-09-29
410,1016,508,refund,2023-11-15
411,1006,477,purchase,2023-02-26
412,1011,807,withdrawal,2023-06-07
413,1017,601,transfer,2023-06-06
414,1002,1381,transfer,2023-12-29
415,1005,820,refund,2023-07-09
416,1008,1765,payment,2023-10-19
417,1011,577,refund,2023-11-21
418,1009,1383,withdrawal,2023-07-23
419,1017,984,transfer,2023-07-17
420,1020,1068,withdrawal,2023-06-30
421,1019,427,payment,2023-04-11
422,1007,1519,payment,2023-11-19
423,1002,1433,payment,2023-06-26
424,1001,469,withdrawal,2023-07-11
425,1003,320,transfer,2023-08-08
426,1008,743,purchase,2023-10-16
427,1002,395,withdrawal,2023-09-06
428,1004,948,payment,2023-09-02
429,1001,140,refund,2023-03-31
430,1013,1753,payment,2023-08-02
431,1009,847,transfer,2023-03-21
432,1020,1123,payment,2023-10-22
433,1005,1465,withdrawal,2023-08-19
434,1006,565,payment,2023-07-31
435,1004,460,refund,2023-02-05
436,1012,275,withdrawal,2023-10-24
437,1002,623,transfer,2023-07-26
438,1002,1198,refund,2023-12-15
439,1019,1053,withdrawal,2023-10-04
440,1008,477,transfer,2023-01-06
441,1018,1358,purchase,2023-05-31
442,1006,765,withdrawal,2023-11-13
443,1016,103,refund,2023-07-18
444,1005,1855,purchase,2023-06-13
445,1013,558,refund,2023-09-09
446,1006,1336,purchase,2023-07-30
447,1008,1256,payment,2023-04-11
448,1012,1568,refund,2023-08-06
449,1015,1572,payment,2023-10-03
450,1012,447,withdrawal,2023-02-05
451,1016,1951,purchase,2023-05-19
452,1006,1116,transfer,2023-02-28
453,1007,1402,refund,2023-10-19
454,1003,1341,payment,2023-03-09
455,1017,1404,withdrawal,2023-04-13
456,1006,450,transfer,2023-05-18
457,1004,1000,withdrawal,2023-09-19
458,1013,372,purchase,2023-02-14
459,1019,1645,purchase,2023-06-28
460,1001,523,refund,2023-04-02
461,1007,284,transfer,2023-08-28
462,1001,1299,payment,2023-09-01
463,1020,708,transfer,2023-11-20
464,1001,1172,payment,2023-05-12
465,1003,1448,purchase,2023-01-08
466,1002,995,payment,2023-07-09
467,1001,1298,transfer,2023-05-27
468,1019,721,transfer,2023-12-14
469,1018,1629,payment,2023-03-17
470,1001,1905,withdrawal,2023-11-21
471,1008,422,purchase,2023-11-07
472,1011,802,refund,2023-11-18
473,1008,1936,withdrawal,2023-10-26
474,1008,257,transfer,2023-05-09
475,1017,1586,transfer,2023-12-24
476,1001,1445,transfer,2023-02-03
477,1001,1450,purchase,2023-10-05
478,1007,550,payment,2023-02-22
479,1019,662,withdrawal,2023-12-11
480,1015,625,transfer,2023-10-28
481,1018,1064,withdrawal,2023-11-28
482,1010,1937,refund,2023-07-03
483,1002,1914,transfer,2023-03-24
484,1018,1926,purchase,2023-06-08
485,1020,614,refund,2023-08-05
486,1013,1346,payment,2023-11-13
487,1007,770,payment,2023-09-27
488,1012,1358,transfer,2023-06-29
489,1017,1055,payment,2023-03-17
490,1004,890,transfer,2023-01-26
491,1004,887,purchase,2023-11-28
492,1002,1543,payment,2023-04-29
493,1017,1037,purchase,2023-08-11
494,1018,479,transfer,2023-02-15
495,1020,1732,withdrawal,2023-12-16
496,1019,758,purchase,2023-04-09
497,1004,712,payment,2023-04-06
498,1005,1253,transfer,2023-03-19
499,1015,309,refund,2023-04-30
500,1001,129,transfer,2023-01-06
501,1006,332,withdrawal,2023-05-17
502,1006,1488,refund,2023-11-02
503,1004,1138,transfer,2023-05-23
504,1005,237,refund,2023-01-14
505,1014,1738,purchase,2023-07-11
506,1011,1224,purchase,2023-07-20
507,1002,382,payment,2023-02-13
508,1008,1200,withdrawal,2023-01-20
509,1003,1985,purchase,2023-06-23
510,1011,278,refund,2023-10-18
511,1004,1944,transfer,2023-04-20
512,1009,1222,transfer,2023-07-30
513,1005,226,purchase,2023-06-14
514,1015,821,payment,2023-01-23
515,1003,1007,withdrawal,2023-03-01
516,1018,1750,withdrawal,2023-09-16
517,1020,180,purchase,2023-11-03
518,1011,598,refund,2023-09-22
519,1011,398,transfer,2023-03-23
520,1002,1314,purchase,2023-12-01
521,1006,1963,payment,2023-06-03
522,1010,596,transfer,2023-12-17
523,1009,1345,withdrawal,2023-12-17
524,1012,1220,withdrawal,2023-11-19
525,1019,720,withdrawal,2023-05-09
526,1004,1108,payment,2023-12-27
527,1005,387,transfer,2023-07-15
528,1019,188,purchase,2023-04-16
529,1002,191,refund,2023-10-12
530,1006,1355,purchase,2023-02-05
531,1003,135,withdrawal,2023-12-15
532,1004,607,transfer,2023-11-07
533,1001,930,purchase,2023-05-11
534,1013,1860,purchase,2023-03-06
535,1011,1104,refund,2023-04-10
536,1014,1007,purchase,2023-01-07
537,1004,1131,withdrawal,2023-10-28
538,1017,1407,refund,2023-03-06
539,1017,1016,purchase,2023-07-20
540,1001,542,withdrawal,2023-12-07
541,1006,1364,transfer,2023-04-15
542,1020,1871,refund,2023-03-05
543,1015,1196,withdrawal,2023-06-19
544,1020,1786,purchase,2023-01-06
545,1007,1559,withdrawal,2023-07-10
546,1001,1133,payment,2023-02-10
547,1019,570,payment,2023-12-27
548,1009,1402,transfer,2023-03-20
549,1015,907,withdrawal,2023-11-10
550,1015,271,payment,2023-04-16
551,1018,759,withdrawal,2023-06-23
552,1010,1490,payment,2023-07-15
553,1016,460,payment,2023-04-13
554,1020,999,purchase,2023-05-22
555,1009,1616,refund,2023-02-26
556,1020,1378,refund,2023-08-12
557,1007,1333,transfer,2023-07-30
558,1006,1230,payment,2023-08-24
559,1019,1215,payment,2023-03-22
560,1017,1756,refund,2023-01-20
561,1020,251,withdrawal,2023-12-04
562,1016,748,withdrawal,2023-08-24
563,1020,377,purchase,2023-09-16
564,1010,1780,refund,2023-01-19
565,1016,730,refund,2023-08-26
566,1020,1967,payment,2023-12-19
567,1001,1479,payment,2023-11-19
568,1007,1656,withdrawal,2023-12-16
569,1018,1433,withdrawal,2023-10-07
570,1020,1619,transfer,2023-04-12
571,1016,548,refund,2023-11-22
572,1001,552,refund,2023-12-25
573,1006,767,withdrawal,2023-08-13
574,1013,279,purchase,2023-06-14
575,1012,1161,refund,2023-06-12
576,1012,637,withdrawal,2023-11-08
577,1012,1155,payment,2023-02-03
578,1007,727,payment,2023-08-17
579,1013,1745,refund,2023-05-22
580,1019,1383,transfer,2023-10-28
581,1008,1320,refund,2023-12-08
582,1003,669,withdrawal,2023-11-10
583,1006,1961,payment,2023-03-15
584,1007,1290,withdrawal,2023-07-14
585,1013,1352,withdrawal,2023-02-25
586,1012,1107,payment,2023-06-04
587,1006,1111,purchase,2023-05-31
588,1005,638,withdrawal,2023-07-13
589,1008,1514,transfer,2023-08-21
590,1008,711,purchase,2023-04-14
591,1018,1874,withdrawal,2023-05-04
592,1010,1569,transfer,2023-03-14
593,1004,919,payment,2023-05-20
594,1002,1968,transfer,2023-08-18
595,1013,207,withdrawal,2023-10-24
596,1017,1013,transfer,2023-10-09
597,1017,1872,refund,2023-11-05
598,1016,667,purchase,2023-07-31
599,1001,1579,transfer,2023-02-13
600,1011,286,purchase,2023-09-20
601,1010,1611,payment,2023-05-23
602,1017,1719,payment,2023-11-06
603,1019,593,refund,2023-10-29
604,1010,586,purchase,2023-07-29
605,1011,1290,transfer,2023-06-12
606,1007,927,payment,2023-07-01
607,1005,1723,transfer,2023-01-30
608,1018,985,purchase,2023-12-10
609,1006,1269,withdrawal,2023-02-04
610,1001,1187,refund,2023-03-29
611,1002,753,transfer,2023-06-19
612,1009,1052,payment,2023-12-19
613,1002,1347,transfer,2023-07-07
614,1018,1501,withdrawal,2023-09-19
615,1001,707,transfer,2023-10-30
616,1018,633,purchase,2023-03-23
617,1004,1629,withdrawal,2023-08-12
618,1020,230,transfer,2023-11-10
619,1019,645,payment,2023-10-06
620,1018,1107,refund,2023-08-24
621,1014,504,purchase,2023-10-31
622,1008,709,transfer,2023-07-31
623,1014,1078,withdrawal,2023-10-06
624,1009,1685,payment,2023-06-28
625,1014,1742,transfer,2023-04-08
626,1003,1129,refund,2023-02-20
627,1018,749,withdrawal,2023-10-10
628,1010,1038,withdrawal,2023-02-01
629,1002,665,transfer,2023-11-14
630,1016,812,withdrawal,2023-07-22
631,1011,724,refund,2023-04-27
632,1010,717,transfer,2023-10-27
633,1002,978,withdrawal,2023-06-28
634,1015,1523,refund,2023-06-05
635,1003,827,transfer,2023-01-20
636,1012,1662,withdrawal,2023-12-21
637,1005,1278,purchase,2023-12-22
638,1014,860,transfer,2023-09-26
639,1015,766,payment,2023-02-24
640,1013,1811,transfer,2023-01-24
641,1004,1261,transfer,2023-03-15
642,1003,691,purchase,2023-04-06
643,1019,1755,payment,2023-02-10
644,1006,1838,refund,2023-09-13
645,1013,1452,transfer,2023-06-05
646,1003,327,withdrawal,2023-11-27
647,1018,217,payment,2023-07-22
648,1019,1156,transfer,2023-01-26
649,1001,198,payment,2023-02-11
650,1009,698,purchase,2023-01-08
651,1013,1757,refund,2023-03-11
652,1007,1967,transfer,2023-02-21
653,1007,1984,withdrawal,2023-12-21
654,1016,197,payment,2023-07-05
655,1020,487,payment,2023-05-22
656,1012,1066,purchase,2023-05-31
657,1013,384,refund,2023-01-19
658,1012,212,payment,2023-01-31
659,1013,1825,transfer,2023-07-14
660,1011,497,transfer,2023-10-20
661,1010,1858,refund,2023-03-10
662,1007,1994,payment,2023-03-15
663,1004,1963,purchase,2023-06-02
664,1019,173,purchase,2023-02-19
665,1008,1689,withdrawal,2023-06-10
666,1013,1998,refund,2023-10-11
667,1002,1164,purchase,2023-03-17
668,1005,1318,refund,2023-02-27
669,1014,1606,payment,2023-05-18
670,1020,993,withdrawal,2023-10-13
671,1006,667,transfer,2023-01-23
672,1012,327,withdrawal,2023-03-26
673,1008,840,transfer,2023-10-16
674,1020,1455,payment,2023-01-16
675,1001,870,refund,2023-01-08
676,1006,1855,refund,2023-01-23
677,1010,426,withdrawal,2023-05-08
678,1006,1998,purchase,2023-07-02
679,1002,653,purchase,2023-05-20
680,1007,262,purchase,2023-03-06
681,1005,858,payment,2023-06-13
682,1002,1616,refund,2023-03-03
683,1006,1686,transfer,2023-05-13
684,1012,869,transfer,2023-09-16
685,1019,1488,transfer,2023-02-15
686,1002,1965,purchase,2023-06-30
687,1013,995,withdrawal,2023-05-26
688,1004,1321,refund,2023-09-13
689,1015,225,payment,2023-12-28
690,1016,1159,refund,2023-04-13
691,1008,1297,purchase,2023-08-24
692,1013,1128,transfer,2023-01-17
693,1014,1278,refund,2023-07-23
694,1001,318,transfer,2023-02-02
695,1010,1969,purchase,2023-12-02
696,1006,833,transfer,2023-02-08
697,1008,861,transfer,2023-11-20
698,1006,824,withdrawal,2023-10-21
699,1016,720,transfer,2023-01-04
700,1008,477,transfer,2023-08-18
701,1001,1173,purchase,2023-05-16
702,1018,1676,refund,2023-09-11
703,1011,700,withdrawal,2023-05-25
704,1001,1220,payment,2023-12-20
705,1006,623,withdrawal,2023-06-29
706,1017,1792,purchase,2023-07-24
707,1019,1218,transfer,2023-03-07
708,1012,1466,withdrawal,2023-04-24
709,1008,1801,refund,2023-09-16
710,1001,689,withdrawal,2023-12-11
711,1010,1527,withdrawal,2023-02-07
712,1005,1411,transfer,2023-05-03
713,1019,767,transfer,2023-11-07
714,1006,707,purchase,2023-09-06
715,1002,977,withdrawal,2023-06-19
716,1001,1087,transfer,2023-02-04
717,1017,568,withdrawal,2023-09-09
718,1018,1255,purchase,2023-08-28
719,1001,1676,payment,2023-03-27
720,1003,279,transfer,2023-10-26
721,1013,447,payment,2023-02-20
722,1008,258,transfer,2023-11-29
723,1017,555,withdrawal,2023-11-28
724,1020,530,purchase,2023-07-25
725,1006,1736,refund,2023-08-24
726,1005,1778,withdrawal,2023-04-30
727,1012,1214,withdrawal,2023-07-23
728,1019,924,purchase,2023-01-06
729,1002,492,withdrawal,2023-03-29
730,1014,1281,refund,2023-07-26
731,1013,1889,withdrawal,2023-04-09
732,1016,281,transfer,2023-03-26
733,1005,381,payment,2023-05-12
734,1005,1211,refund,2023-11-03
735,1007,157,transfer,2023-05-20
736,1008,1920,transfer,2023-08-06
737,1016,666,refund,2023-05-07
738,1005,453,refund,2023-07-13
739,1018,1660,refund,2023-03-06
740,1001,452,refund,2023-11-16
741,1009,1005,refund,2023-01-28
742,1006,456,transfer,2023-06-19
743,1014,377,purchase,2023-06-17
744,1015,1987,purchase,2023-12-17
745,1007,1693,payment,2023-06-15
746,1012,635,withdrawal,2023-08-01
747,1002,1121,withdrawal,2023-12-18
748,1006,868,withdrawal,2023-09-04
749,1004,705,transfer,2023-06-20
750,1008,216,refund,2023-03-24
751,1013,1416,refund,2023-08-30
752,1006,947,refund,2023-03-16
753,1004,1569,payment,2023-04-19
754,1003,126,transfer,2023-11-12
755,1007,709,purchase,2023-10-02
756,1012,1637,payment,2023-07-30
757,1003,163,refund,2023-02-10
758,1015,185,withdrawal,2023-09-29
759,1007,1953,refund,2023-08-14
760,1017,1075,refund,2023-10-07
761,1008,1762,withdrawal,2023-06-05
762,1016,1384,refund,2023-05-15
763,1007,247,payment,2023-09-11
764,1017,1002,refund,2023-09-20
765,1003,1874,purchase,2023-01-15
766,1001,1362,transfer,2023-01-13
767,1019,173,withdrawal,2023-06-30
768,1015,385,purchase,2023-04-15
769,1014,131,refund,2023-01-13
770,1012,365,withdrawal,2023-07-19
771,1001,804,payment,2023-05-01
772,1013,897,purchase,2023-10-18
773,1016,1572,withdrawal,2023-04-10
774,1005,497,refund,2023-04-14
775,1004,1793,transfer,2023-04-11
776,1016,411,purchase,2023-03-11
777,1013,825,transfer,2023-01-16
778,1009,1765,withdrawal,2023-12-20
779,1001,1880,withdrawal,2023-08-15
780,1003,1092,purchase,2023-11-28
781,1015,795,purchase,2023-05-28
782,1001,471,transfer,2023-06-05
783,1007,469,payment,2023-09-03
784,1004,183,refund,2023-04-25
785,1017,248,transfer,2023-02-09
786,1007,1594,payment,2023-10-06
787,1020,1043,payment,2023-10-12
788,1017,869,refund,2023-02-04
789,1005,1466,payment,2023-08-06
790,1001,220,payment,2023-03-20
791,1010,924,withdrawal,2023-12-18
792,1017,803,withdrawal,2023-09-16
793,1012,1626,purchase,2023-09-08
794,1010,612,refund,2023-01-24
795,1004,235,payment,2023-09-15
796,1004,1609,payment,2023-02-11
797,1008,537,purchase,2023-07-21
798,1004,1587,transfer,2023-09-08
799,1003,137,purchase,2023-09-21
800,1008,138,transfer,2023-02-05
801,1017,1632,transfer,2023-03-16
802,1017,936,withdrawal,2023-03-22
803,1002,156,purchase,2023-12-12
804,1006,1018,purchase,2023-08-08
805,1019,300,withdrawal,2023-07-23
806,1005,1680,transfer,2023-05-31
807,1002,259,refund,2023-08-11
808,1006,386,withdrawal,2023-02-05
809,1012,1614,withdrawal,2023-01-31
810,1016,108,withdrawal,2023-03-28
811,1006,1287,transfer,2023-11-09
812,1018,559,payment,2023-07-02
813,1015,1783,withdrawal,2023-04-06
814,1007,761,payment,2023-10-26
815,1015,240,transfer,2023-01-12
816,1016,1513,refund,2023-06-23
817,1003,1572,transfer,2023-07-22
818,1007,1925,refund,2023-12-24
819,1019,1701,payment,2023-03-31
820,1003,594,refund,2023-12-28
821,1003,544,refund,2023-07-01
822,1006,549,refund,2023-12-25
823,1001,961,payment,2023-07-27
824,1012,923,purchase,2023-03-23
825,1001,1283,withdrawal,2023-02-12
826,1013,349,refund,2023-12-24
827,1009,1200,payment,2023-05-22
828,1001,1025,transfer,2023-12-18
829,1010,1858,withdrawal,2023-01-16
830,1016,883,refund,2023-10-18
831,1007,670,payment,2023-10-25
832,1007,632,transfer,2023-10-24
833,1017,1312,withdrawal,2023-02-23
834,1015,1399,withdrawal,2023-05-05
835,1020,1219,payment,2023-06-28
836,1006,1050,payment,2023-07-13
837,1003,826,refund,2023-07-12
838,1008,1333,purchase,2023-10-26
839,1013,1466,transfer,2023-08-18
840,1003,1639,payment,2023-02-26
841,1017,1893,payment,2023-06-29
842,1008,1110,payment,2023-02-03
843,1004,1387,purchase,2023-12-12
844,1020,661,refund,2023-01-02
845,1014,1978,payment,2023-03-30
846,1008,903,withdrawal,2023-08-16
847,1014,304,payment,2023-12-31
848,1013,366,transfer,2023-09-14
849,1006,1641,refund,2023-10-02
850,1017,1363,withdrawal,2023-06-15
851,1005,1567,withdrawal,2023-04-26
852,1008,440,purchase,2023-09-14
853,1013,271,transfer,2023-09-24
854,1005,980,withdrawal,2023-07-28
855,1011,1511,refund,2023-04-11
856,1011,1357,payment,2023-09-19
857,1016,1301,withdrawal,2023-01-02
858,1011,619,transfer,2023-07-21
859,1014,201,payment,2023-05-13
860,1011,115,transfer,2023-04-17
861,1005,610,withdrawal,2023-09-08
862,1011,1527,refund,2023-08-24
863,1015,1955,withdrawal,2023-04-09
864,1020,1338,withdrawal,2023-02-13
865,1007,501,payment,2023-07-18
866,1009,102,refund,2023-10-07
867,1011,743,transfer,2023-10-24
868,1013,1500,transfer,2023-05-08
869,1018,894,withdrawal,2023-05-18
870,1001,464,withdrawal,2023-10-31
871,1006,775,payment,2023-08-18
872,1014,258,transfer,2023-06-23
873,1017,1741,transfer,2023-12-08
874,1016,584,withdrawal,2023-03-16
875,1017,1053,transfer,2023-02-11
876,1012,1359,transfer,2023-11-27
877,1014,1157,withdrawal,2023-01-21
878,1001,1699,purchase,2023-04-04
879,1014,527,purchase,2023-03-06
880,1011,1780,withdrawal,2023-10-02
881,1004,463,purchase,2023-11-08
882,1012,1485,purchase,2023-04-24
883,1010,167,transfer,2023-08-29
884,1006,1640,refund,2023-03-19
885,1013,1599,refund,2023-02-01
886,1003,122,payment,2023-12-09
887,1019,938,transfer,2023-10-13
888,1012,861,refund,2023-06-22
889,1004,431,withdrawal,2023-07-28
890,1008,474,withdrawal,2023-12-27
891,1012,268,purchase,2023-01-19
892,1015,1494,payment,2023-02-21
893,1019,1863,refund,2023-05-24
894,1013,1617,refund,2023-08-11
895,1017,1798,transfer,2023-05-01
896,1012,1273,transfer,2023-05-06
897,1006,528,transfer,2023-09-15
898,1011,1998,purchase,2023-06-10
899,1001,622,transfer,2023-01-17
900,1016,768,transfer,2023-06-02
901,1017,1598,refund,2023-06-28
902,1009,1801,transfer,2023-05-17
903,1005,507,refund,2023-04-16
904,1008,837,payment,2023-02-19
905,1020,555,refund,2023-11-17
906,1001,126,payment,2023-05-28
907,1001,987,purchase,2023-03-24
908,1007,723,payment,2023-09-28
909,1017,1959,transfer,2023-09-10
910,1014,1299,transfer,2023-01-16
911,1011,421,payment,2023-08-13
912,1011,1774,withdrawal,2023-03-12
913,1001,785,payment,2023-12-09
914,1016,851,payment,2023-03-20
915,1002,558,withdrawal,2023-10-13
916,1009,1143,withdrawal,2023-02-13
917,1012,1023,withdrawal,2023-11-23
918,1017,1341,payment,2023-05-11
919,1018,756,purchase,2023-09-29
920,1007,1788,purchase,2023-09-25
921,1004,483,withdrawal,2023-10-17
922,1007,1762,purchase,2023-07-11
923,1015,546,withdrawal,2023-07-01
924,1020,1514,transfer,2023-12-25
925,1016,529,purchase,2023-08-29
926,1006,848,transfer,2023-11-05
927,1020,406,payment,2023-06-10
928,1008,737,payment,2023-01-01
929,1011,1652,refund,2023-09-25
930,1001,1381,refund,2023-06-08
931,1011,708,transfer,2023-01-25
932,1003,1169,transfer,2023-08-06
933,1013,825,payment,2023-01-08
934,1001,769,purchase,2023-10-08
935,1006,895,withdrawal,2023-06-09
936,1020,374,refund,2023-11-26
937,1003,127,withdrawal,2023-07-12
938,1009,650,payment,2023-12-01
939,1003,255,refund,2023-07-02
940,1018,1309,payment,2023-11-10
941,1017,1966,purchase,2023-05-21
942,1016,505,transfer,2023-08-14
943,1001,1816,payment,2023-03-19
944,1004,451,withdrawal,2023-12-22
945,1010,1915,refund,2023-06-16
946,1007,1306,refund,2023-01-23
947,1004,1795,purchase,2023-05-20
948,1014,1198,purchase,2023-02-05
949,1015,1517,refund,2023-03-08
950,1018,211,withdrawal,2023-08-06
951,1020,564,refund,2023-03-02
952,1020,1909,transfer,2023-02-13
953,1011,595,withdrawal,2023-01-24
954,1017,173,transfer,2023-05-13
955,1018,120,refund,2023-06-07
956,1014,1864,refund,2023-02-26
957,1012,1967,purchase,2023-07-27
958,1011,656,withdrawal,2023-10-12
959,1003,847,refund,2023-09-08
960,1014,896,refund,2023-06-22
961,1017,1604,refund,2023-06-05
962,1010,721,refund,2023-05-29
963,1011,1155,payment,2023-03-22
964,1012,1473,payment,2023-10-02
965,1007,818,transfer,2023-03-10
966,1017,1964,purchase,2023-12-14
967,1010,1990,payment,2023-02-15
968,1006,417,withdrawal,2023-05-04
969,1009,567,refund,2023-12-13
970,1007,999,refund,2023-10-07
971,1008,140,transfer,2023-12-12
972,1005,633,withdrawal,2023-11-27
973,1004,733,transfer,2023-09-08
974,1012,774,purchase,2023-09-23
975,1001,519,purchase,2023-05-11
976,1001,1178,transfer,2023-02-07
977,1013,1365,refund,2023-11-23
978,1005,913,refund,2023-09-19
979,1005,1481,purchase,2023-06-02
980,1002,311,refund,2023-05-03
981,1017,1265,transfer,2023-10-07
982,1012,1355,transfer,2023-12-06
983,1014,482,payment,2023-05-08
984,1020,1344,payment,2023-02-01
985,1008,1526,withdrawal,2023-03-21
986,1001,539,refund,2023-06-22
987,1007,696,payment,2023-12-11
988,1001,836,withdrawal,2023-04-29
989,1009,1001,purchase,2023-09-14
990,1009,648,payment,2023-04-04
991,1020,493,refund,2023-01-25
992,1010,856,transfer,2023-10-04
993,1002,1408,transfer,2023-02-04
994,1011,1794,withdrawal,2023-03-03
995,1014,1168,transfer,2023-08-12
996,1006,868,refund,2023-01-10
997,1003,602,transfer,2023-08-17
998,1011,961,purchase,2023-07-21
999,1011,1474,payment,2023-07-07
1000,1005,610,payment,2023-07-26
1001,1015,1602,transfer,2023-06-22
1002,1014,1566,withdrawal,2023-06-16
1003,1011,1172,purchase,2023-10-20
1004,1018,1684,purchase,2023-07-17
1005,1011,1965,purchase,2023-10-21
1006,1016,1509,payment,2023-05-18
1007,1017,1084,purchase,2023-07-14
1008,1003,1528,purchase,2023-06-22
1009,1010,1991,refund,2023-09-20
1010,1001,1891,withdrawal,2023-03-05
1011,1005,1084,transfer,2023-04-02
1012,1001,903,transfer,2023-08-10
1013,1010,141,payment,2023-10-11
1014,1001,1219,purchase,2023-08-04
1015,1007,1307,purchase,2023-10-29
1016,1009,563,refund,2023-01-20
1017,1004,202,transfer,2023-01-29
1018,1005,1359,withdrawal,2023-04-02
1019,1007,111,payment,2023-07-31
1020,1006,265,transfer,2023-12-19
1021,1004,642,withdrawal,2023-06-12
1022,1004,1372,refund,2023-01-10
1023,1018,1105,withdrawal,2023-08-16
1024,1002,793,withdrawal,2023-01-25
1025,1005,436,purchase,2023-11-17
1026,1018,259,refund,2023-05-01
1027,1013,1853,purchase,2023-07-04
1028,1003,765,purchase,2023-09-17
1029,1019,1482,purchase,2023-08-25
1030,1018,212,refund,2023-10-14
1031,1005,1290,transfer,2023-12-25
1032,1006,341,payment,2023-05-15
1033,1010,1573,withdrawal,2023-06-12
1034,1008,1588,payment,2023-03-17
1035,1016,625,payment,2023-01-04
1036,1001,1872,purchase,2023-04-03
1037,1004,174,purchase,2023-06-18
1038,1006,1479,purchase,2023-07-18
1039,1013,1031,withdrawal,2023-12-11
1040,1018,1559,withdrawal,2023-01-14
1041,1001,991,transfer,2023-04-08
1042,1017,292,withdrawal,2023-09-09
1043,1010,1300,refund,2023-03-21
1044,1020,481,transfer,2023-05-16
1045,1004,1934,purchase,2023-03-10
1046,1003,705,withdrawal,2023-11-19
1047,1002,327,transfer,2023-12-28
1048,1020,859,transfer,2023-01-28
1049,1016,1618,payment,2023-07-20
1050,1009,1081,transfer,2023-06-12
1051,1010,1450,withdrawal,2023-04-05
1052,1011,1043,refund,2023-07-28
1053,1010,466,refund,2023-10-29
1054,1007,1192,withdrawal,2023-06-03
1055,1011,685,refund,2023-12-31
1056,1012,671,refund,2023-11-26
1057,1001,642,payment,2023-07-13
1058,1002,1430,payment,2023-09-29
1059,1020,1404,purchase,2023-04-05
1060,1014,108,withdrawal,2023-08-19
1061,1001,1112,transfer,2023-07-12
1062,1014,1644,transfer,2023-10-09
1063,1006,1597,transfer,2023-08-17
1064,1008,1921,transfer,2023-11-28
1065,1007,1928,refund,2023-05-02
1066,1003,1001,refund,2023-08-31
1067,1015,1719,transfer,2023-01-12
1068,1018,257,payment,2023-03-08
1069,1009,651,payment,2023-11-09
1070,1006,190,purchase,2023-08-04
1071,1015,1033,transfer,2023-12-02
1072,1012,1709,refund,2023-11-24
1073,1009,852,payment,2023-08-28
1074,1006,817,refund,2023-02-06
1075,1002,1123,refund,2023-12-13
1076,1014,310,refund,2023-11-21
1077,1003,1457,payment,2023-09-16
1078,1001,1814,withdrawal,2023-10-02
1079,1005,555,withdrawal,2023-10-22
1080,1011,1711,payment,2023-05-14
1081,1019,1281,refund,2023-04-09
1082,1013,1811,transfer,2023-05-18
1083,1015,136,purchase,2023-11-24
1084,1019,354,transfer,2023-01-10
1085,1017,1831,refund,2023-03-11
1086,1012,782,transfer,2023-04-30
1087,1010,241,withdrawal,2023-07-02
1088,1005,429,payment,2023-01-07
1089,1009,1444,withdrawal,2023-09-18
1090,1008,206,transfer,2023-05-13
1091,1016,457,withdrawal,2023-05-19
1092,1017,132,withdrawal,2023-11-05
1093,1016,766,payment,2023-12-14
1094,1016,298,withdrawal,2023-12-13
1095,1003,1337,refund,2023-12-31
1096,1016,1648,transfer,2023-06-21
1097,1008,1384,withdrawal,2023-09-25
1098,1011,378,withdrawal,2023-06-24
1099,1019,1071,purchase,2023-07-26
1100,1007,1501,purchase,2023-11-02
1101,1013,1003,withdrawal,2023-03-30
1102,1013,991,refund,2023-08-27
1103,1015,1837,transfer,2023-04-19
1104,1003,399,refund,2023-02-09
1105,1003,1477,refund,2023-04-23
1106,1013,1578,withdrawal,2023-02-17
1107,1008,1090,withdrawal,2023-08-16
1108,1009,387,purchase,2023-12-21
1109,1010,1787,purchase,2023-11-25
1110,1004,1817,withdrawal,2023-06-25
1111,1006,755,purchase,2023-11-24
1112,1004,334,payment,2023-03-17
1113,1013,555,payment,2023-08-03
1114,1005,126,purchase,2023-06-11
1115,1011,820,refund,2023-04-20
1116,1007,124,refund,2023-10-27
1117,1013,208,payment,2023-08-22
1118,1006,505,withdrawal,2023-09-13
1119,1012,525,purchase,2023-12-20
1120,1015,788,payment,2023-02-09
1121,1006,1717,payment,2023-04-11
1122,1007,827,withdrawal,2023-02-06
1123,1008,1618,refund,2023-06-27
1124,1004,735,purchase,2023-01-02
1125,1017,1823,payment,2023-05-11
1126,1003,1084,refund,2023-05-21
1127,1013,1288,purchase,2023-02-03
1128,1006,739,payment,2023-03-17
1129,1001,1741,transfer,2023-08-26
1130,1009,1386,transfer,2023-10-08
1131,1005,1751,transfer,2023-09-05
1132,1017,759,withdrawal,2023-12-23
1133,1004,1167,payment,2023-07-30
1134,1011,1086,withdrawal,2023-10-14
1135,1010,1042,purchase,2023-12-14
1136,1011,1238,payment,2023-06-05
1137,1010,708,transfer,2023-03-08
1138,1017,1673,refund,2023-03-10
1139,1018,1350,payment,2023-06-11
1140,1017,1009,payment,2023-04-09
1141,1001,1948,transfer,2023-03-06
1142,1007,599,payment,2023-12-23
1143,1003,782,refund,2023-08-09
1144,1002,1991,transfer,2023-11-28
1145,1016,1758,transfer,2023-02-26
1146,1019,1998,payment,2023-03-18
1147,1004,652,withdrawal,2023-08-31
1148,1003,1051,refund,2023-07-21
1149,1004,339,transfer,2023-06-16
1150,1009,791,payment,2023-01-12
1151,1005,909,purchase,2023-04-23
1152,1016,552,transfer,2023-03-09
1153,1009,298,transfer,2023-12-22
1154,1004,627,refund,2023-02-09
1155,1019,1654,transfer,2023-12-22
1156,1007,398,withdrawal,2023-01-21
1157,1012,242,refund,2023-04-16
1158,1020,407,purchase,2023-08-04
1159,1018,869,payment,2023-10-17
1160,1003,1863,purchase,2023-10-04
1161,1015,1967,refund,2023-11-20
1162,1012,1041,refund,2023-02-19
1163,1003,376,refund,2023-05-03
1164,1016,1946,withdrawal,2023-09-18
1165,1002,1597,purchase,2023-06-25
1166,1006,1638,purchase,2023-06-06
1167,1012,832,withdrawal,2023-06-24
1168,1003,358,transfer,2023-12-10
1169,1005,398,refund,2023-12-21
1170,1016,1580,withdrawal,2023-08-21
1171,1001,673,withdrawal,2023-01-21
1172,1019,1827,withdrawal,2023-05-21
1173,1020,1639,purchase,2023-05-14
1174,1012,1330,transfer,2023-01-04
1175,1011,811,transfer,2023-01-06
1176,1008,1832,purchase,2023-03-21
1177,1001,708,payment,2023-04-02
1178,1015,1797,transfer,2023-11-30
1179,1003,1838,withdrawal,2023-02-04
1180,1004,1906,withdrawal,2023-03-26
1181,1010,1303,withdrawal,2023-06-09
1182,1005,209,transfer,2023-05-30
1183,1010,136,payment,2023-02-16
1184,1006,1254,refund,2023-04-08
1185,1015,1219,withdrawal,2023-12-17
1186,1017,236,payment,2023-06-14
1187,1014,149,purchase,2023-04-28
1188,1008,1940,refund,2023-03-27
1189,1020,1771,payment,2023-09-23
1190,1019,1667,payment,2023-12-02
1191,1013,1951,withdrawal,2023-12-01
1192,1013,1196,refund,2023-05-11
1193,1011,1593,withdrawal,2023-03-21
1194,1013,1314,withdrawal,2023-08-04
1195,1019,412,refund,2023-06-02
1196,1003,524,withdrawal,2023-02-11
1197,1002,471,refund,2023-08-29
1198,1017,600,transfer,2023-08-30
1199,1005,1979,refund,2023-05-26
1200,1012,106,payment,2023-12-02
1201,1012,443,refund,2023-07-11
1202,1007,1025,refund,2023-03-14
1203,1004,113,purchase,2023-12-19
1204,1013,1222,payment,2023-08-10
1205,1017,185,transfer,2023-08-24
1206,1001,746,refund,2023-12-28
1207,1008,1921,withdrawal,2023-05-15
1208,1012,1672,withdrawal,2023-08-06
1209,1010,1260,withdrawal,2023-06-11
1210,1018,1614,withdrawal,2023-01-10
1211,1001,1532,refund,2023-01-06
1212,1014,805,refund,2023-07-29
1213,1005,1043,payment,2023-06-25
1214,1016,1027,refund,2023-06-09
1215,1010,1385,payment,2023-03-17
1216,1018,770,transfer,2023-08-08
1217,1012,254,purchase,2023-11-28
1218,1005,907,purchase,2023-12-22
1219,1004,1255,transfer,2023-01-18
1220,1020,1299,transfer,2023-02-14
1221,1005,677,payment,2023-11-10
1222,1016,1011,refund,2023-11-25
1223,1004,660,purchase,2023-06-27
1224,1009,1477,purchase,2023-07-17
1225,1001,352,withdrawal,2023-02-12
1226,1006,1886,withdrawal,2023-12-04
1227,1013,1068,refund,2023-01-11
1228,1018,1647,transfer,2023-12-10
1229,1012,1333,transfer,2023-12-30
1230,1017,1396,purchase,2023-03-31
1231,1009,1861,transfer,2023-12-02
1232,1010,1362,payment,2023-09-14
1233,1018,292,transfer,2023-01-21
1234,1004,1633,withdrawal,2023-05-27
1235,1009,362,purchase,2023-12-10
1236,1013,1374,transfer,2023-03-01
1237,1017,447,payment,2023-03-23
1238,1010,271,payment,2023-01-28
1239,1008,613,transfer,2023-04-07
1240,1007,801,payment,2023-08-14
1241,1008,1145,withdrawal,2023-09-19
1242,1014,1776,transfer,2023-03-14
1243,1008,847,purchase,2023-10-20
1244,1017,1631,purchase,2023-12-30
1245,1007,399,withdrawal,2023-12-05
1246,1015,128,withdrawal,2023-04-14
1247,1001,415,transfer,2023-01-23
1248,1011,992,withdrawal,2023-07-18
1249,1020,1125,refund,2023-06-24
1250,1013,1046,refund,2023-12-20
1251,1008,1672,purchase,2023-01-02
1252,1020,1972,withdrawal,2023-12-22
1253,1010,1132,refund,2023-03-18
1254,1019,1119,payment,2023-03-13
1255,1002,1013,payment,2023-06-22
1256,1018,313,withdrawal,2023-04-22
1257,1012,170,transfer,2023-03-08
1258,1012,1347,refund,2023-03-16
1259,1001,1333,refund,2023-12-26
1260,1010,1717,withdrawal,2023-05-01
1261,1009,1549,withdrawal,2023-02-27
1262,1001,1854,purchase,2023-01-31
1263,1003,1115,payment,2023-06-19
1264,1012,607,purchase,2023-07-08
1265,1015,1423,payment,2023-10-17
1266,1013,1103,withdrawal,2023-07-30
1267,1007,625,withdrawal,2023-10-27
1268,1018,1545,purchase,2023-01-24
1269,1020,1834,transfer,2023-11-04
1270,1001,1290,purchase,2023-03-18
1271,1010,1425,payment,2023-10-11
1272,1012,1808,transfer,2023-11-03
1273,1010,1736,payment,2023-11-21
1274,1011,1889,payment,2023-09-18
1275,1012,1047,withdrawal,2023-05-06
1276,1016,1606,withdrawal,2023-08-22
1277,1007,926,refund,2023-03-09
1278,1017,963,purchase,2023-05-12
1279,1008,1924,refund,2023-01-30
1280,1014,384,transfer,2023-04-01
1281,1011,480,withdrawal,2023-04-10
1282,1006,1494,transfer,2023-10-03
1283,1008,349,transfer,2023-01-22
1284,1015,1420,purchase,2023-12-20
1285,1016,1903,transfer,2023-05-03
1286,1017,695,payment,2023-01-17
1287,1004,1925,purchase,2023-03-07
1288,1015,1323,purchase,2023-03-09
1289,1003,810,refund,2023-08-10
1290,1006,1660,purchase,2023-01-21
1291,1001,955,withdrawal,2023-01-04
1292,1018,846,withdrawal,2023-02-03
1293,1008,1637,payment,2023-09-16
1294,1019,992,transfer,2023-10-23
1295,1010,279,payment,2023-12-05
1296,1019,1161,payment,2023-03-12
1297,1010,1757,refund,2023-12-23
1298,1008,452,withdrawal,2023-09-21
1299,1004,1494,withdrawal,2023-12-27
1300,1015,1843,withdrawal,2023-06-30
1301,1016,1790,withdrawal,2023-04-15
1302,1011,1710,purchase,2023-09-30
1303,1019,800,refund,2023-07-06
1304,1017,707,transfer,2023-11-06
1305,1011,796,refund,2023-11-30
1306,1010,342,transfer,2023-07-26
1307,1003,942,purchase,2023-05-10
1308,1011,1901,payment,2023-05-08
1309,1003,1075,payment,2023-01-15
1310,1006,1986,refund,2023-01-31
1311,1018,217,transfer,2023-07-11
1312,1015,1909,payment,2023-12-24
1313,1016,133,withdrawal,2023-06-05
1314,1008,251,purchase,2023-09-04
1315,1015,533,purchase,2023-01-28
1316,1015,1344,refund,2023-09-11
1317,1009,1678,transfer,2023-06-14
1318,1011,1423,payment,2023-10-15
1319,1014,1536,refund,2023-05-01
1320,1011,1300,purchase,2023-08-16
1321,1013,764,withdrawal,2023-11-21
1322,1002,257,withdrawal,2023-08-10
1323,1020,1666,refund,2023-10-22
1324,1003,617,refund,2023-12-29
1325,1019,442,purchase,2023-07-27
1326,1019,732,refund,2023-08-26
1327,1012,164,withdrawal,2023-05-14
1328,1004,1548,purchase,2023-01-31
1329,1005,1553,refund,2023-01-15
1330,1014,285,withdrawal,2023-05-24
1331,1017,1793,transfer,2023-12-25
1332,1001,309,purchase,2023-12-03
1333,1017,1790,refund,2023-09-30
1334,1002,661,purchase,2023-10-22
1335,1005,684,withdrawal,2023-02-25
1336,1002,1345,purchase,2023-05-25
1337,1014,1340,purchase,2023-03-15
1338,1014,1854,refund,2023-10-14
1339,1004,1367,purchase,2023-04-02
1340,1007,1795,payment,2023-06-12
1341,1013,1610,payment,2023-02-06
1342,1009,876,transfer,2023-12-29
1343,1002,1274,transfer,2023-06-08
1344,1014,1414,transfer,2023-12-01
1345,1012,208,withdrawal,2023-09-10
1346,1010,965,transfer,2023-08-31
1347,1017,1887,purchase,2023-11-07
1348,1006,1610,withdrawal,2023-11-13
1349,1002,1327,withdrawal,2023-04-05
1350,1012,448,refund,2023-07-04
1351,1015,304,refund,2023-02-12
1352,1001,523,refund,2023-07-10
1353,1004,806,purchase,2023-03-28
1354,1001,797,payment,2023-08-19
1355,1010,1196,purchase,2023-04-20
1356,1019,220,purchase,2023-06-19
1357,1016,308,payment,2023-12-15
1358,1020,125,transfer,2023-06-22
1359,1002,131,withdrawal,2023-05-26
1360,1011,1412,purchase,2023-04-17
1361,1009,1140,withdrawal,2023-08-09
1362,1003,1537,payment,2023-08-20
1363,1013,1820,refund,2023-09-02
1364,1019,1486,withdrawal,2023-04-10
1365,1017,1823,payment,2023-10-17
1366,1004,326,transfer,2023-01-10
1367,1009,921,refund,2023-08-08
1368,1001,751,payment,2023-09-14
1369,1018,1432,withdrawal,2023-11-26
1370,1010,1257,payment,2023-05-07
1371,1017,1585,refund,2023-04-23
1372,1001,1104,payment,2023-10-21
1373,1002,723,transfer,2023-02-15
1374,1014,1877,payment,2023-05-01
1375,1007,715,purchase,2023-07-03
1376,1018,1049,payment,2023-06-29
1377,1015,1286,purchase,2023-04-30
1378,1009,781,purchase,2023-09-29
1379,1006,821,transfer,2023-12-24
1380,1002,1856,payment,2023-01-17
1381,1009,1318,transfer,2023-03-01
1382,1003,1222,transfer,2023-06-09
1383,1005,631,payment,2023-06-10
1384,1002,1698,purchase,2023-07-06
1385,1013,531,transfer,2023-03-31
1386,1003,1302,purchase,2023-04-11
1387,1010,1186,payment,2023-05-11
1388,1006,1523,payment,2023-01-31
1389,1006,588,withdrawal,2023-01-26
1390,1007,1199,transfer,2023-11-11
1391,1018,1366,purchase,2023-08-29
1392,1015,1232,refund,2023-10-11
1393,1015,897,withdrawal,2023-03-07
1394,1009,1308,withdrawal,2023-08-16
1395,1016,878,payment,2023-05-26
1396,1001,1629,payment,2023-02-13
1397,1020,1881,purchase,2023-08-03
1398,1014,1899,transfer,2023-03-24
1399,1002,1486,refund,2023-09-10
1400,1017,1593,purchase,2023-05-07
1401,1015,417,withdrawal,2023-07-18
1402,1006,383,withdrawal,2023-12-17
1403,1012,391,transfer,2023-08-31
1404,1020,814,payment,2023-04-18
1405,1007,117,transfer,2023-06-09
1406,1010,1201,refund,2023-02-04
1407,1005,1117,purchase,2023-07-07
1408,1008,1745,payment,2023-07-27
1409,1016,1680,payment,2023-08-17
1410,1020,1461,transfer,2023-12-08
1411,1001,836,payment,2023-02-10
1412,1013,1961,transfer,2023-08-27
1413,1015,1181,payment,2023-07-17
1414,1018,909,refund,2023-07-01
1415,1015,296,refund,2023-11-15
1416,1011,536,transfer,2023-02-24
1417,1011,1385,purchase,2023-03-14
1418,1019,156,payment,2023-11-28
1419,1015,1725,withdrawal,2023-09-18
1420,1013,547,purchase,2023-01-14
1421,1013,1550,refund,2023-11-14
1422,1003,1710,withdrawal,2023-01-31
1423,1009,999,refund,2023-08-30
1424,1017,1479,purchase,2023-09-06
1425,1017,1316,withdrawal,2023-03-27
1426,1015,461,transfer,2023-05-15
1427,1013,302,withdrawal,2023-11-17
1428,1005,1839,purchase,2023-06-18
1429,1014,719,purchase,2023-08-19
1430,1002,428,purchase,2023-12-05
1431,1017,978,withdrawal,2023-12-24
1432,1007,932,refund,2023-03-04
1433,1008,1292,transfer,2023-11-02
1434,1020,1908,payment,2023-12-24
1435,1020,129,refund,2023-10-09
1436,1004,1755,refund,2023-05-13
1437,1007,1273,purchase,2023-12-12
1438,1019,470,refund,2023-06-17
1439,1016,625,purchase,2023-04-26
1440,1010,588,transfer,2023-01-16
1441,1019,849,withdrawal,2023-09-03
1442,1012,703,payment,2023-03-12
1443,1005,310,purchase,2023-05-15
1444,1013,1562,purchase,2023-03-17
1445,1005,389,purchase,2023-01-27
1446,1007,1881,refund,2023-09-03
1447,1019,551,purchase,2023-03-03
1448,1020,635,transfer,2023-02-14
1449,1001,289,purchase,2023-10-21
1450,1009,527,withdrawal,2023-02-21
1451,1013,1467,payment,2023-06-25
1452,1004,616,refund,2023-07-20
1453,1015,1028,payment,2023-05-17
1454,1014,634,withdrawal,2023-11-21
1455,1013,1685,refund,2023-05-02
1456,1006,725,payment,2023-09-17
1457,1014,248,payment,2023-02-04
1458,1011,1306,withdrawal,2023-08-13
1459,1011,1465,transfer,2023-04-07
1460,1019,1986,payment,2023-01-04
1461,1014,170,withdrawal,2023-01-09
1462,1004,614,payment,2023-08-26
1463,1001,1298,transfer,2023-05-14
1464,1001,1289,transfer,2023-09-27
1465,1004,717,transfer,2023-12-28
1466,1006,1370,transfer,2023-04-19
1467,1010,1774,payment,2023-11-22
1468,1004,1966,withdrawal,2023-10-31
1469,1016,1984,transfer,2023-08-30
1470,1005,1978,refund,2023-11-23
1471,1014,1449,payment,2023-08-01
1472,1010,1634,refund,2023-06-20
1473,1011,1051,transfer,2023-12-21
1474,1015,710,withdrawal,2023-04-26
1475,1005,873,purchase,2023-05-28
1476,1012,1993,transfer,2023-05-10
1477,1004,1652,refund,2023-12-22
1478,1015,1525,transfer,2023-01-18
1479,1009,978,purchase,2023-09-06
1480,1012,515,purchase,2023-01-22
1481,1004,741,transfer,2023-11-21
1482,1012,617,refund,2023-10-20
1483,1011,1931,purchase,2023-05-21
1484,1016,1476,purchase,2023-06-16
1485,1014,1494,purchase,2023-12-20
1486,1005,1889,withdrawal,2023-08-19
1487,1020,205,withdrawal,2023-08-06
1488,1014,1556,purchase,2023-01-29
1489,1004,1268,payment,2023-04-12
1490,1010,1453,purchase,2023-02-06
1491,1014,1115,transfer,2023-06-24
1492,1020,1365,purchase,2023-03-06
1493,1008,1769,withdrawal,2023-12-02
1494,1017,783,payment,2023-06-14
1495,1014,1775,purchase,2023-05-21
1496,1020,1779,purchase,2023-07-08
1497,1002,1270,withdrawal,2023-03-23
1498,1014,486,withdrawal,2023-06-29
1499,1002,535,withdrawal,2023-12-11
1500,1012,1301,transfer,2023-04-19
1501,1017,318,withdrawal,2023-01-25
1502,1011,430,withdrawal,2023-06-15
1503,1008,213,transfer,2023-04-10
1504,1020,1890,withdrawal,2023-08-22
1505,1011,118,refund,2023-01-09
1506,1005,1456,withdrawal,2023-12-19
1507,1007,552,refund,2023-09-30
1508,1020,382,payment,2023-03-24
1509,1013,1704,payment,2023-07-18
1510,1012,1668,withdrawal,2023-01-15
1511,1016,1472,payment,2023-10-19
1512,1017,1139,refund,2023-11-30
1513,1018,1915,withdrawal,2023-03-25
1514,1017,1902,purchase,2023-06-16
1515,1001,146,refund,2023-06-30
1516,1011,1242,refund,2023-08-29
1517,1010,1142,purchase,2023-05-03
1518,1012,1903,purchase,2023-02-13
1519,1011,1331,refund,2023-04-28
1520,1009,1073,payment,2023-06-01
1521,1008,1942,purchase,2023-04-23
1522,1008,1417,transfer,2023-09-15
1523,1019,187,payment,2023-12-29
1524,1004,1683,transfer,2023-02-27
1525,1017,927,transfer,2023-04-14
1526,1009,1099,purchase,2023-03-15
1527,1017,1707,transfer,2023-01-26
1528,1003,1754,withdrawal,2023-05-23
1529,1005,1604,purchase,2023-07-10
1530,1003,1364,refund,2023-05-29
1531,1014,830,purchase,2023-12-21
1532,1012,363,purchase,2023-03-26
1533,1006,1928,transfer,2023-06-15
1534,1019,593,transfer,2023-08-29
1535,1008,1067,transfer,2023-02-12
1536,1020,225,transfer,2023-05-01
1537,1015,1152,withdrawal,2023-02-04
1538,1002,792,refund,2023-01-11
1539,1013,377,transfer,2023-02-05
1540,1019,983,payment,2023-06-10
1541,1003,1709,withdrawal,2023-08-26
1542,1008,1921,withdrawal,2023-12-04
1543,1013,1595,payment,2023-05-10
1544,1012,1565,payment,2023-06-17
1545,1009,1748,withdrawal,2023-10-19
1546,1016,533,refund,2023-10-09
1547,1015,384,withdrawal,2023-07-30
1548,1011,702,transfer,2023-10-03
1549,1020,1400,purchase,2023-07-09
1550,1015,1942,purchase,2023-05-16
1551,1016,702,payment,2023-06-13
1552,1011,355,withdrawal,2023-08-08
1553,1018,914,withdrawal,2023-09-20
1554,1003,1217,payment,2023-01-22
1555,1019,718,withdrawal,2023-01-10
1556,1014,1612,payment,2023-09-12
1557,1011,350,payment,2023-03-01
1558,1007,1433,transfer,2023-11-22
1559,1014,1966,purchase,2023-06-05
1560,1014,905,purchase,2023-11-19
1561,1004,1861,transfer,2023-09-10
1562,1012,457,purchase,2023-02-26
1563,1008,1729,payment,2023-11-14
1564,1010,390,transfer,2023-05-04
1565,1008,363,refund,2023-02-27
1566,1007,1973,transfer,2023-01-26
1567,1017,1401,transfer,2023-02-01
1568,1018,1591,refund,2023-04-29
1569,1003,1198,withdrawal,2023-06-17
1570,1019,361,withdrawal,2023-10-07
1571,1006,752,transfer,2023-10-27
1572,1010,528,purchase,2023-01-14
1573,1008,1382,payment,2023-01-19
1574,1020,1598,transfer,2023-05-23
1575,1013,986,transfer,2023-05-09
1576,1010,1659,purchase,2023-03-25
1577,1002,1832,transfer,2023-07-13
1578,1011,387,withdrawal,2023-06-14
1579,1016,1196,payment,2023-03-01
1580,1016,1929,payment,2023-04-11
1581,1012,1919,withdrawal,2023-07-07
1582,1008,300,purchase,2023-10-26
1583,1011,1925,transfer,2023-05-14
1584,1012,671,transfer,2023-07-29
1585,1016,490,transfer,2023-11-07
1586,1009,217,purchase,2023-07-20
1587,1011,1411,purchase,2023-08-27
1588,1018,1629,refund,2023-05-11
1589,1011,816,withdrawal,2023-04-24
1590,1016,1183,withdrawal,2023-04-09
1591,1020,266,withdrawal,2023-06-24
1592,1009,1653,transfer,2023-11-26
1593,1008,1778,refund,2023-02-05
1594,1015,567,purchase,2023-06-01
1595,1001,849,payment,2023-12-24
1596,1014,1510,purchase,2023-08-22
1597,1020,241,refund,2023-07-18
1598,1020,1447,withdrawal,2023-04-12
1599,1018,1930,refund,2023-11-20
1600,1009,1929,refund,2023-01-04
1601,1012,512,purchase,2023-07-29
1602,1003,1119,withdrawal,2023-06-28
1603,1003,1026,transfer,2023-12-23
1604,1010,1872,purchase,2023-12-10
1605,1018,610,transfer,2023-02-01
1606,1010,1094,withdrawal,2023-01-05
1607,1016,1852,transfer,2023-12-12
1608,1004,199,refund,2023-07-24
1609,1015,1900,purchase,2023-11-14
1610,1009,240,payment,2023-04-20
1611,1012,703,refund,2023-03-20
1612,1006,1068,refund,2023-02-12
1613,1008,950,transfer,2023-06-06
1614,1011,1492,purchase,2023-12-10
1615,1017,1771,payment,2023-06-07
1616,1005,504,transfer,2023-02-04
1617,1008,1487,transfer,2023-12-09
1618,1003,346,purchase,2023-06-07
1619,1016,643,transfer,2023-05-21
1620,1019,206,purchase,2023-04-04
1621,1015,1381,withdrawal,2023-01-09
1622,1011,1484,transfer,2023-06-25
1623,1005,311,purchase,2023-02-17
1624,1016,424,transfer,2023-02-02
1625,1006,1098,withdrawal,2023-12-30
1626,1001,1710,payment,2023-12-25
1627,1019,1889,payment,2023-11-30
1628,1017,214,refund,2023-05-22
1629,1009,1354,purchase,2023-03-04
1630,1002,103,refund,2023-12-30
1631,1017,747,refund,2023-12-23
1632,1013,1517,transfer,2023-06-12
1633,1013,950,refund,2023-05-31
1634,1011,440,withdrawal,2023-09-29
1635,1001,397,payment,2023-02-21
1636,1018,697,withdrawal,2023-07-18
1637,1013,1403,payment,2023-04-29
1638,1009,1051,withdrawal,2023-12-08
1639,1002,1126,refund,2023-03-31
1640,1013,384,transfer,2023-10-12
1641,1004,1631,payment,2023-12-31
1642,1013,762,purchase,2023-04-13
1643,1015,397,refund,2023-02-03
1644,1013,1721,withdrawal,2023-10-29
1645,1007,672,payment,2023-07-02
1646,1015,591,refund,2023-05-27
1647,1007,887,transfer,2023-08-19
1648,1015,1807,transfer,2023-08-27
1649,1001,204,payment,2023-10-17
1650,1017,1893,transfer,2023-12-12
1651,1014,144,transfer,2023-12-14
1652,1001,208,refund,2023-06-01
1653,1020,1337,purchase,2023-04-10
1654,1016,754,transfer,2023-02-03
1655,1005,1622,withdrawal,2023-12-12
1656,1003,1497,purchase,2023-07-12
1657,1005,1623,payment,2023-04-12
1658,1005,1567,refund,2023-06-04
1659,1002,711,purchase,2023-04-09
1660,1007,1752,withdrawal,2023-06-19
1661,1013,658,purchase,2023-11-30
1662,1008,416,refund,2023-01-07
1663,1016,1530,purchase,2023-08-21
1664,1008,1086,payment,2023-04-12
1665,1013,132,transfer,2023-07-02
1666,1012,446,withdrawal,2023-11-29
1667,1006,1799,transfer,2023-11-04
1668,1001,164,refund,2023-05-23
1669,1012,1722,transfer,2023-09-21
1670,1010,329,transfer,2023-07-12
1671,1017,1278,transfer,2023-11-15
1672,1004,1346,transfer,2023-05-06
1673,1018,1343,purchase,2023-09-28
1674,1010,706,purchase,2023-08-01
1675,1002,289,purchase,2023-02-23
1676,1012,692,purchase,2023-09-22
1677,1007,608,transfer,2023-01-14
1678,1009,886,transfer,2023-09-22
1679,1020,444,withdrawal,2023-09-09
1680,1007,1359,refund,2023-09-12
1681,1004,335,transfer,2023-05-30
1682,1014,1347,refund,2023-01-12
1683,1015,211,purchase,2023-11-20
1684,1004,479,purchase,2023-05-03
1685,1020,1881,refund,2023-05-23
1686,1005,815,purchase,2023-05-04
1687,1014,1865,transfer,2023-08-29
1688,1017,987,transfer,2023-09-25
1689,1017,1919,transfer,2023-08-29
1690,1009,177,withdrawal,2023-09-21
1691,1011,1906,withdrawal,2023-12-07
1692,1016,940,payment,2023-11-07
1693,1019,1664,purchase,2023-06-14
1694,1012,353,payment,2023-06-21
1695,1007,443,transfer,2023-01-06
1696,1010,534,transfer,2023-09-02
1697,1002,1700,purchase,2023-02-17
1698,1009,1388,transfer,2023-02-15
1699,1007,374,payment,2023-05-12
1700,1004,1616,refund,2023-03-17
1701,1007,409,refund,2023-05-15
1702,1011,1985,transfer,2023-06-15
1703,1008,191,transfer,2023-07-30
1704,1009,1532,purchase,2023-08-09
1705,1016,454,refund,2023-06-13
1706,1005,422,refund,2023-01-01
1707,1007,1992,transfer,2023-07-18
1708,1010,314,payment,2023-08-29
1709,1002,1866,transfer,2023-01-11
1710,1008,964,withdrawal,2023-10-26
1711,1012,677,purchase,2023-08-20
1712,1018,1544,withdrawal,2023-04-13
1713,1002,239,payment,2023-08-12
1714,1018,1168,payment,2023-09-10
1715,1014,1661,transfer,2023-11-16
1716,1001,1108,purchase,2023-11-19
1717,1018,1524,transfer,2023-11-09
1718,1016,806,purchase,2023-02-09
1719,1003,626,purchase,2023-02-15
1720,1010,471,transfer,2023-05-04
1721,1003,581,transfer,2023-06-13
1722,1012,373,purchase,2023-01-09
1723,1017,1869,refund,2023-06-08
1724,1005,1846,refund,2023-02-28
1725,1014,1072,purchase,2023-05-11
1726,1012,721,withdrawal,2023-10-15
1727,1019,292,purchase,2023-08-09
1728,1014,345,payment,2023-05-30
1729,1003,1190,withdrawal,2023-05-24
1730,1020,213,purchase,2023-04-26
1731,1019,457,purchase,2023-10-09
1732,1018,449,payment,2023-05-27
1733,1001,1662,refund,2023-05-06
1734,1014,854,payment,2023-05-16
1735,1014,324,payment,2023-05-09
1736,1013,636,payment,2023-07-23
1737,1006,494,transfer,2023-11-21
1738,1007,404,purchase,2023-12-13
1739,1012,1129,payment,2023-12-26
1740,1009,1915,refund,2023-05-23
1741,1013,1731,withdrawal,2023-09-28
1742,1017,407,purchase,2023-01-19
1743,1018,1879,withdrawal,2023-05-28
1744,1007,543,refund,2023-05-30
1745,1010,517,transfer,2023-04-10
1746,1006,819,purchase,2023-09-21
1747,1020,1066,payment,2023-02-20
1748,1015,1582,payment,2023-06-30
1749,1004,1911,withdrawal,2023-04-24
1750,1018,1497,refund,2023-01-26
1751,1005,1012,purchase,2023-02-27
1752,1008,423,transfer,2023-06-06
1753,1008,391,payment,2023-11-20
1754,1005,1675,transfer,2023-02-02
1755,1006,1566,purchase,2023-07-25
1756,1017,841,withdrawal,2023-02-16
1757,1015,157,transfer,2023-10-31
1758,1020,1072,purchase,2023-06-13
1759,1017,660,purchase,2023-04-24
1760,1005,1287,purchase,2023-05-28
1761,1018,1138,transfer,2023-01-24
1762,1020,378,payment,2023-01-11
1763,1015,248,payment,2023-09-20
1764,1005,174,payment,2023-05-29
1765,1018,292,purchase,2023-08-11
1766,1014,457,withdrawal,2023-09-29
1767,1004,121,transfer,2023-06-05
1768,1004,349,withdrawal,2023-05-31
1769,1009,196,withdrawal,2023-06-08
1770,1013,509,refund,2023-01-15
1771,1015,1976,transfer,2023-01-08
1772,1008,826,withdrawal,2023-03-29
1773,1015,1134,payment,2023-08-06
1774,1002,1607,transfer,2023-12-27
1775,1015,1036,transfer,2023-01-20
1776,1013,307,purchase,2023-11-02
1777,1017,156,transfer,2023-10-10
1778,1002,1969,purchase,2023-10-18
1779,1009,1190,refund,2023-07-12
1780,1018,485,payment,2023-03-27
1781,1003,933,withdrawal,2023-12-13
1782,1002,633,transfer,2023-07-26
1783,1011,927,purchase,2023-03-15
1784,1004,152,payment,2023-09-03
1785,1010,371,refund,2023-11-19
1786,1011,1586,refund,2023-12-13
1787,1005,580,refund,2023-10-29
1788,1003,499,purchase,2023-09-08
1789,1013,194,refund,2023-10-14
1790,1001,326,purchase,2023-10-17
1791,1003,1017,purchase,2023-08-05
1792,1007,749,withdrawal,2023-07-17
1793,1010,1452,purchase,2023-09-20
1794,1018,613,purchase,2023-07-12
1795,1004,100,withdrawal,2023-10-05
1796,1006,1791,payment,2023-12-05
1797,1013,934,purchase,2023-12-26
1798,1010,1234,payment,2023-08-18
1799,1009,1116,transfer,2023-07-18
1800,1008,563,purchase,2023-12-20
1801,1005,644,transfer,2023-09-12
1802,1016,1199,payment,2023-03-26
1803,1015,1707,purchase,2023-05-26
1804,1020,767,withdrawal,2023-08-09
1805,1006,485,transfer,2023-11-10
1806,1003,267,refund,2023-02-19
1807,1010,1551,withdrawal,2023-09-15
1808,1020,212,withdrawal,2023-10-14
1809,1010,1617,refund,2023-11-16
1810,1004,1798,refund,2023-09-13
1811,1012,989,refund,2023-12-27
1812,1008,653,payment,2023-08-23
1813,1011,1018,refund,2023-09-03
1814,1001,652,payment,2023-04-07
1815,1008,1062,refund,2023-04-18
1816,1017,1957,withdrawal,2023-09-09
1817,1012,1990,withdrawal,2023-08-09
1818,1017,636,purchase,2023-12-10
1819,1014,285,withdrawal,2023-09-30
1820,1017,1693,transfer,2023-08-11
1821,1005,726,transfer,2023-06-16
1822,1011,1836,withdrawal,2023-04-10
1823,1001,1694,purchase,2023-11-18
1824,1014,250,transfer,2023-11-09
1825,1012,491,payment,2023-11-07
1826,1003,1278,transfer,2023-07-26
1827,1003,1539,payment,2023-01-05
1828,1010,816,payment,2023-11-01
1829,1006,1773,transfer,2023-01-09
1830,1003,988,withdrawal,2023-11-16
1831,1006,525,transfer,2023-06-07
1832,1007,1436,transfer,2023-01-09
1833,1020,1491,purchase,2023-09-30
1834,1010,309,transfer,2023-04-28
1835,1017,1640,transfer,2023-12-22
1836,1006,1649,payment,2023-11-24
1837,1003,1924,purchase,2023-11-23
1838,1017,1568,withdrawal,2023-10-26
1839,1016,1625,refund,2023-07-10
1840,1017,1795,payment,2023-02-16
1841,1012,1922,refund,2023-06-15
1842,1011,235,transfer,2023-06-04
1843,1009,1138,refund,2023-11-09
1844,1005,557,purchase,2023-07-27
1845,1001,1594,withdrawal,2023-06-06
1846,1015,411,transfer,2023-09-09
1847,1013,1930,payment,2023-10-19
1848,1003,283,withdrawal,2023-02-04
1849,1007,678,withdrawal,2023-03-25
1850,1012,1650,withdrawal,2023-06-09
1851,1007,246,transfer,2023-11-23
1852,1016,1906,payment,2023-12-01
1853,1018,566,transfer,2023-07-17
1854,1013,1877,purchase,2023-02-02
1855,1006,1278,transfer,2023-10-06
1856,1010,195,refund,2023-07-30
1857,1002,1546,purchase,2023-07-09
1858,1014,1738,payment,2023-11-02
1859,1015,963,payment,2023-05-31
1860,1013,473,refund,2023-02-20
1861,1010,1733,withdrawal,2023-12-26
1862,1003,910,withdrawal,2023-01-10
1863,1010,641,withdrawal,2023-11-08
1864,1004,1040,withdrawal,2023-04-27
1865,1020,180,payment,2023-12-26
1866,1002,1300,refund,2023-08-18
1867,1002,880,refund,2023-03-04
1868,1019,345,transfer,2023-02-18
1869,1008,1837,payment,2023-02-08
1870,1012,1223,payment,2023-06-28
1871,1008,1233,transfer,2023-03-20
1872,1006,749,payment,2023-09-23
1873,1013,1839,withdrawal,2023-02-01
1874,1008,319,refund,2023-01-18
1875,1010,835,purchase,2023-07-23
1876,1008,1157,payment,2023-07-20
1877,1014,867,transfer,2023-10-17
1878,1014,343,payment,2023-02-22
1879,1001,823,refund,2023-06-09
1880,1017,1850,withdrawal,2023-07-24
1881,1017,1303,purchase,2023-02-05
1882,1012,445,payment,2023-12-04
1883,1012,813,withdrawal,2023-05-20
1884,1015,1367,transfer,2023-05-28
1885,1013,476,withdrawal,2023-06-21
1886,1005,423,purchase,2023-04-27
1887,1008,1724,purchase,2023-01-28
1888,1005,779,transfer,2023-05-12
1889,1004,104,payment,2023-07-28
1890,1014,143,purchase,2023-05-31
1891,1002,432,purchase,2023-09-29
1892,1002,1576,withdrawal,2023-12-20
1893,1006,1515,refund,2023-05-06
1894,1007,1107,withdrawal,2023-08-20
1895,1014,169,refund,2023-05-19
1896,1020,1888,payment,2023-09-28
1897,1020,623,payment,2023-06-07
1898,1010,346,refund,2023-06-26
1899,1019,1877,withdrawal,2023-09-05
1900,1006,1480,withdrawal,2023-06-03
1901,1003,351,transfer,2023-05-14
1902,1009,522,purchase,2023-07-12
1903,1020,515,withdrawal,2023-12-22
1904,1002,780,purchase,2023-10-31
1905,1015,652,payment,2023-09-16
1906,1002,212,withdrawal,2023-10-29
1907,1015,1604,withdrawal,2023-07-23
1908,1007,1682,purchase,2023-10-15
1909,1006,1341,payment,2023-01-10
1910,1019,784,refund,2023-07-26
1911,1011,955,purchase,2023-07-13
1912,1014,249,transfer,2023-01-25
1913,1020,902,purchase,2023-12-07
1914,1020,1524,transfer,2023-09-22
1915,1004,481,transfer,2023-08-14
1916,1015,1053,refund,2023-04-29
1917,1008,963,purchase,2023-03-17
1918,1020,1280,payment,2023-11-01
1919,1020,1716,refund,2023-09-25
1920,1012,741,transfer,2023-12-06
1921,1014,871,payment,2023-01-01
1922,1009,806,withdrawal,2023-01-06
1923,1010,577,refund,2023-09-11
1924,1007,1085,refund,2023-02-14
1925,1016,907,transfer,2023-11-15
1926,1009,1147,withdrawal,2023-09-14
1927,1004,783,transfer,2023-04-12
1928,1004,1121,withdrawal,2023-07-06
1929,1010,996,transfer,2023-01-24
1930,1015,304,withdrawal,2023-01-30
1931,1009,1696,payment,2023-08-29
1932,1007,1606,refund,2023-11-09
1933,1010,1062,transfer,2023-03-27
1934,1016,451,withdrawal,2023-04-06
1935,1019,874,transfer,2023-07-29
1936,1010,524,payment,2023-01-31
1937,1020,784,withdrawal,2023-11-11
1938,1001,1583,refund,2023-01-09
1939,1006,1599,transfer,2023-12-28
1940,1008,1115,refund,2023-07-29
1941,1004,758,refund,2023-07-19
1942,1003,1476,refund,2023-06-18
1943,1013,1480,purchase,2023-11-13
1944,1001,949,payment,2023-08-05
1945,1016,1367,refund,2023-01-30
1946,1006,1334,refund,2023-03-21
1947,1010,776,withdrawal,2023-10-13
1948,1004,1075,withdrawal,2023-11-06
1949,1020,1729,refund,2023-04-20
1950,1004,1528,withdrawal,2023-08-03
1951,1017,1931,transfer,2023-10-31
1952,1015,1395,transfer,2023-07-07
1953,1016,1061,withdrawal,2023-12-23
1954,1007,623,payment,2023-06-13
1955,1003,615,payment,2023-04-21
1956,1005,396,transfer,2023-11-15
1957,1006,257,payment,2023-10-29
1958,1012,1574,refund,2023-08-14
1959,1011,1415,withdrawal,2023-11-04
1960,1013,1702,refund,2023-07-19
1961,1006,1641,refund,2023-08-13
1962,1012,745,refund,2023-10-22
1963,1009,1509,transfer,2023-01-25
1964,1013,1633,transfer,2023-07-11
1965,1019,1013,payment,2023-01-03
1966,1014,1261,withdrawal,2023-12-30
1967,1009,327,withdrawal,2023-09-05
1968,1015,988,payment,2023-11-27
1969,1017,1833,payment,2023-02-27
1970,1017,136,refund,2023-03-18
1971,1010,596,purchase,2023-05-03
1972,1018,1645,purchase,2023-02-16
1973,1018,864,refund,2023-09-01
1974,1011,1288,withdrawal,2023-10-05
1975,1004,696,payment,2023-07-04
1976,1019,241,purchase,2023-02-20
1977,1002,828,payment,2023-10-06
1978,1003,1618,refund,2023-02-14
1979,1001,1759,withdrawal,2023-05-11
1980,1005,637,refund,2023-09-11
1981,1020,980,withdrawal,2023-04-04
1982,1013,1574,transfer,2023-02-13
1983,1011,592,withdrawal,2023-08-11
1984,1012,1865,transfer,2023-02-04
1985,1010,587,refund,2023-05-06
1986,1013,1627,withdrawal,2023-12-31
1987,1020,242,purchase,2023-09-10
1988,1002,1046,transfer,2023-08-28
1989,1004,1787,refund,2023-04-20
1990,1003,1180,withdrawal,2023-01-10
1991,1007,1939,refund,2023-11-10
1992,1013,1967,payment,2023-03-21
1993,1015,658,refund,2023-05-13
1994,1008,1842,withdrawal,2023-10-01
1995,1014,1917,payment,2023-08-26
1996,1001,1165,withdrawal,2023-03-20
1997,1009,175,refund,2023-01-04
1998,1009,700,purchase,2023-02-21
1999,1013,1992,transfer,2023-05-19
2000,1013,1817,payment,2023-11-30
2001,1003,174,withdrawal,2023-10-27
2002,1018,409,purchase,2023-09-21
2003,1015,1286,transfer,2023-12-06
2004,1017,1449,purchase,2023-09-04
2005,1019,1371,refund,2023-02-08
2006,1014,663,transfer,2023-03-15
2007,1018,316,transfer,2023-08-31
2008,1003,831,refund,2023-05-25
2009,1006,1164,refund,2023-11-30
2010,1002,1237,withdrawal,2023-08-05
2011,1012,970,transfer,2023-08-31
2012,1017,1547,transfer,2023-07-12
2013,1010,1116,payment,2023-07-25
2014,1018,833,purchase,2023-05-10
2015,1020,609,purchase,2023-07-15
2016,1009,567,purchase,2023-03-31
2017,1017,487,payment,2023-10-31
2018,1012,928,withdrawal,2023-06-20
2019,1017,665,payment,2023-12-24
2020,1005,1478,withdrawal,2023-01-05
2021,1011,731,payment,2023-01-07
2022,1001,1694,withdrawal,2023-04-24
2023,1001,629,payment,2023-09-05
2024,1001,1197,payment,2023-07-01
2025,1010,1732,payment,2023-03-04
2026,1014,677,withdrawal,2023-11-16
2027,1012,1052,payment,2023-07-09
2028,1012,1208,purchase,2023-04-07
2029,1018,447,payment,2023-01-17
2030,1012,1555,payment,2023-08-18
2031,1005,1933,transfer,2023-12-24
2032,1008,1760,withdrawal,2023-08-03
2033,1015,1001,withdrawal,2023-02-05
2034,1019,1863,transfer,2023-07-08
2035,1002,1461,purchase,2023-05-07
2036,1014,364,refund,2023-10-17
2037,1014,1645,refund,2023-04-27
2038,1015,183,withdrawal,2023-03-01
2039,1008,1260,refund,2023-08-07
2040,1011,1885,transfer,2023-11-10
2041,1001,1135,payment,2023-09-09
2042,1002,1670,payment,2023-04-22
2043,1020,383,transfer,2023-10-28
2044,1013,1884,refund,2023-12-02
2045,1014,1977,withdrawal,2023-03-17
2046,1014,990,refund,2023-12-13
2047,1008,226,withdrawal,2023-05-27
2048,1009,1578,transfer,2023-09-22
2049,1010,422,transfer,2023-12-03
2050,1007,725,purchase,2023-07-11
2051,1016,125,withdrawal,2023-03-14
2052,1016,1848,withdrawal,2023-01-30
2053,1007,1969,purchase,2023-06-20
2054,1001,656,purchase,2023-08-01
2055,1008,1390,payment,2023-05-18
2056,1008,1797,withdrawal,2023-10-22
2057,1019,1801,transfer,2023-07-17
2058,1018,1164,transfer,2023-08-01
2059,1007,731,purchase,2023-09-24
2060,1012,1489,refund,2023-01-17
2061,1020,358,transfer,2023-03-24
2062,1017,1699,payment,2023-05-02
2063,1016,1323,transfer,2023-02-27
2064,1003,702,purchase,2023-05-08
2065,1009,965,purchase,2023-06-26
2066,1009,427,transfer,2023-03-03
2067,1014,104,transfer,2023-07-03
2068,1018,1497,withdrawal,2023-07-07
2069,1009,779,withdrawal,2023-06-25
2070,1004,1888,payment,2023-07-11
2071,1010,1447,purchase,2023-11-22
2072,1011,1847,payment,2023-10-19
2073,1013,1091,payment,2023-03-13
2074,1012,466,transfer,2023-07-05
2075,1003,1265,purchase,2023-03-27
2076,1015,1669,refund,2023-01-25
2077,1018,1198,withdrawal,2023-06-05
2078,1005,570,transfer,2023-10-06
2079,1004,547,purchase,2023-10-23
2080,1010,1397,payment,2023-11-25
2081,1001,1694,payment,2023-07-15
2082,1001,446,transfer,2023-12-21
2083,1007,747,refund,2023-02-04
2084,1008,133,withdrawal,2023-04-12
2085,1011,1659,purchase,2023-06-15
2086,1013,782,refund,2023-08-21
2087,1009,1482,withdrawal,2023-09-24
2088,1015,912,transfer,2023-02-11
2089,1009,531,refund,2023-02-20
2090,1006,1384,withdrawal,2023-07-24
2091,1006,1582,transfer,2023-07-06
2092,1013,489,transfer,2023-12-01
2093,1018,878,withdrawal,2023-05-19
2094,1018,266,purchase,2023-07-11
2095,1013,666,transfer,2023-07-22
2096,1001,388,purchase,2023-08-10
2097,1013,1965,payment,2023-06-28
2098,1005,1910,purchase,2023-11-19
2099,1004,1951,payment,2023-02-26
2100,1014,1371,transfer,2023-10-30
2101,1003,1535,payment,2023-02-18
2102,1009,1207,transfer,2023-04-06
2103,1002,1670,refund,2023-12-23
2104,1012,1347,purchase,2023-02-26
2105,1014,994,withdrawal,2023-08-15
2106,1017,1595,refund,2023-04-27
2107,1009,826,payment,2023-03-25
2108,1013,1239,transfer,2023-06-28
2109,1002,833,purchase,2023-04-28
2110,1014,738,transfer,2023-12-17
2111,1004,709,payment,2023-06-10
2112,1010,1633,transfer,2023-08-17
2113,1016,606,refund,2023-07-12
2114,1007,1107,transfer,2023-05-17
2115,1011,1257,payment,2023-01-02
2116,1002,672,transfer,2023-06-03
2117,1010,1322,refund,2023-12-04
2118,1004,1694,payment,2023-01-27
2119,1008,307,purchase,2023-04-09
2120,1016,595,refund,2023-08-23
2121,1020,1625,refund,2023-03-05
2122,1002,1655,purchase,2023-09-01
2123,1010,782,withdrawal,2023-06-02
2124,1001,531,purchase,2023-04-30
2125,1019,1180,withdrawal,2023-05-24
2126,1020,1772,withdrawal,2023-08-21
2127,1019,1263,transfer,2023-08-18
2128,1015,778,withdrawal,2023-03-11
2129,1016,934,withdrawal,2023-09-11
2130,1006,1810,refund,2023-04-20
2131,1009,1028,purchase,2023-03-26
2132,1007,333,refund,2023-12-24
2133,1002,188,refund,2023-07-16
2134,1015,469,refund,2023-01-14
2135,1004,1752,withdrawal,2023-10-07
2136,1010,718,payment,2023-10-30
2137,1010,1169,withdrawal,2023-04-13
2138,1019,1499,purchase,2023-08-30
2139,1014,390,payment,2023-09-05
2140,1011,1545,refund,2023-02-26
2141,1002,1288,purchase,2023-12-01
2142,1001,578,withdrawal,2023-10-10
2143,1012,1752,purchase,2023-10-06
2144,1005,669,transfer,2023-10-12
2145,1011,1632,refund,2023-03-25
2146,1017,788,refund,2023-04-09
2147,1005,1103,purchase,2023-12-13
2148,1007,229,transfer,2023-12-25
2149,1011,1651,withdrawal,2023-01-08
2150,1001,218,refund,2023-09-17
2151,1005,636,withdrawal,2023-10-20
2152,1012,899,payment,2023-04-13
2153,1010,1226,payment,2023-01-27
2154,1016,1145,payment,2023-11-12
2155,1018,1243,purchase,2023-12-20
2156,1006,1828,withdrawal,2023-10-11
2157,1011,634,refund,2023-04-19
2158,1012,822,transfer,2023-10-12
2159,1007,775,refund,2023-10-25
2160,1006,1644,transfer,2023-06-18
2161,1014,412,transfer,2023-02-09
2162,1011,1714,refund,2023-10-25
2163,1004,672,withdrawal,2023-02-28
2164,1020,1646,payment,2023-12-25
2165,1020,109,withdrawal,2023-02-10
2166,1007,1900,purchase,2023-03-11
2167,1012,1148,withdrawal,2023-05-11
2168,1016,382,purchase,2023-01-06
2169,1010,1345,payment,2023-03-14
2170,1006,1256,purchase,2023-10-25
2171,1017,208,purchase,2023-06-13
2172,1010,1563,withdrawal,2023-09-04
2173,1008,1621,withdrawal,2023-08-08
2174,1003,1036,transfer,2023-07-29
2175,1009,867,withdrawal,2023-12-04
2176,1004,1594,transfer,2023-02-05
2177,1005,122,refund,2023-05-28
2178,1017,688,transfer,2023-11-01
2179,1008,1551,purchase,2023-01-06
2180,1009,708,payment,2023-02-08
2181,1016,774,purchase,2023-02-05
2182,1004,1826,withdrawal,2023-08-19
2183,1003,1635,purchase,2023-04-10
2184,1009,252,payment,2023-07-30
2185,1001,1359,payment,2023-10-03
2186,1003,1778,refund,2023-05-02
2187,1019,151,payment,2023-12-23
2188,1020,822,withdrawal,2023-04-04
2189,1015,1969,refund,2023-01-27
2190,1019,148,payment,2023-01-29
2191,1020,1888,payment,2023-03-10
2192,1018,1681,transfer,2023-12-03
2193,1003,554,purchase,2023-02-17
2194,1014,231,purchase,2023-11-20
2195,1011,1013,transfer,2023-08-26
2196,1014,1800,refund,2023-07-09
2197,1015,639,transfer,2023-07-20
2198,1008,842,withdrawal,2023-01-14
2199,1014,1090,refund,2023-05-08
2200,1015,753,refund,2023-08-14
2201,1008,1391,purchase,2023-12-27
2202,1018,1830,transfer,2023-03-10
2203,1008,549,withdrawal,2023-01-26
2204,1005,585,refund,2023-09-01
2205,1004,1189,purchase,2023-08-25
2206,1007,577,withdrawal,2023-11-22
2207,1015,548,withdrawal,2023-05-11
2208,1004,587,transfer,2023-09-19
2209,1009,1328,withdrawal,2023-03-01
2210,1012,468,transfer,2023-12-18
2211,1011,1088,withdrawal,2023-10-25
2212,1001,1790,payment,2023-05-12
2213,1005,966,payment,2023-02-07
2214,1019,1552,withdrawal,2023-07-15
2215,1002,884,payment,2023-07-19
2216,1004,1215,purchase,2023-09-28
2217,1013,919,transfer,2023-05-14
2218,1001,1879,transfer,2023-11-29
2219,1011,152,refund,2023-12-18
2220,1018,1134,payment,2023-08-24
2221,1017,1627,purchase,2023-11-16
2222,1004,945,purchase,2023-03-20
2223,1010,1866,refund,2023-11-16
2224,1003,837,withdrawal,2023-07-29
2225,1012,1922,purchase,2023-07-20
2226,1007,1459,refund,2023-08-01
2227,1007,1389,refund,2023-05-10
2228,1005,1035,withdrawal,2023-10-07
2229,1015,288,refund,2023-12-16
2230,1006,881,purchase,2023-08-10
2231,1002,1997,payment,2023-12-01
2232,1002,383,purchase,2023-03-07
2233,1008,888,transfer,2023-07-10
2234,1015,153,transfer,2023-07-26
2235,1004,520,withdrawal,2023-11-20
2236,1005,1392,payment,2023-08-26
2237,1015,1171,refund,2023-04-06
2238,1009,234,transfer,2023-08-04
2239,1018,1348,purchase,2023-10-13
2240,1019,1511,withdrawal,2023-08-22
2241,1005,1694,transfer,2023-10-18
2242,1016,1034,withdrawal,2023-03-09
2243,1013,820,withdrawal,2023-07-03
2244,1012,1552,purchase,2023-03-21
2245,1002,1748,payment,2023-03-05
2246,1001,158,transfer,2023-10-07
2247,1005,692,payment,2023-08-29
2248,1004,1303,refund,2023-02-02
2249,1011,945,transfer,2023-02-06
2250,1012,1315,refund,2023-05-12
2251,1004,1790,purchase,2023-11-20
2252,1016,1108,refund,2023-11-21
2253,1016,615,refund,2023-08-27
2254,1020,1599,withdrawal,2023-10-10
2255,1015,1740,payment,2023-09-23
2256,1004,486,refund,2023-01-27
2257,1015,1645,payment,2023-11-30
2258,1013,1986,refund,2023-10-26
2259,1017,1672,transfer,2023-05-17
2260,1016,1250,transfer,2023-07-03
2261,1008,616,payment,2023-07-03
2262,1014,395,payment,2023-07-30
2263,1010,1671,refund,2023-07-04
2264,1017,1394,withdrawal,2023-04-09
2265,1003,336,withdrawal,2023-11-25
2266,1017,390,withdrawal,2023-03-26
2267,1015,1216,payment,2023-06-24
2268,1006,530,refund,2023-11-20
2269,1016,760,refund,2023-08-23
2270,1006,1323,withdrawal,2023-11-22
2271,1004,1964,transfer,2023-05-03
2272,1010,1496,refund,2023-07-02
2273,1002,1656,purchase,2023-06-10
2274,1009,1125,transfer,2023-01-10
2275,1002,669,withdrawal,2023-09-28
2276,1019,1537,payment,2023-01-17
2277,1003,1062,refund,2023-09-04
2278,1005,1798,purchase,2023-04-23
2279,1007,1706,payment,2023-03-17
2280,1010,210,purchase,2023-02-07
2281,1020,1330,transfer,2023-06-23
2282,1009,1821,withdrawal,2023-12-29
2283,1019,1930,refund,2023-10-01
2284,1014,406,payment,2023-07-26
2285,1015,104,transfer,2023-11-22
2286,1014,1509,payment,2023-06-13
2287,1007,474,transfer,2023-02-08
2288,1002,1592,purchase,2023-07-29
2289,1002,1249,transfer,2023-04-03
2290,1007,917,refund,2023-09-25
2291,1007,1891,transfer,2023-11-26
2292,1012,735,purchase,2023-08-19
2293,1011,1346,purchase,2023-09-24
2294,1004,962,transfer,2023-08-20
2295,1008,130,transfer,2023-04-12
2296,1012,1147,withdrawal,2023-04-04
2297,1008,1894,purchase,2023-03-14
2298,1003,1243,withdrawal,2023-01-24
2299,1002,1274,payment,2023-06-26
2300,1010,133,withdrawal,2023-12-20
2301,1015,911,transfer,2023-03-18
2302,1011,1785,purchase,2023-02-15
2303,1002,434,payment,2023-03-20
2304,1015,277,purchase,2023-11-11
2305,1016,1402,purchase,2023-04-16
2306,1011,1176,payment,2023-03-26
2307,1019,1698,withdrawal,2023-02-25
2308,1011,630,refund,2023-03-14
2309,1001,1112,refund,2023-05-26
2310,1008,1616,payment,2023-10-26
2311,1012,422,withdrawal,2023-09-29
2312,1016,485,transfer,2023-07-07
2313,1007,1468,payment,2023-02-19
2314,1020,1128,purchase,2023-12-22
2315,1011,982,payment,2023-03-11
2316,1019,680,purchase,2023-09-12
2317,1017,1835,payment,2023-12-05
2318,1013,1615,payment,2023-03-26
2319,1014,345,refund,2023-06-14
2320,1002,500,withdrawal,2023-02-18
2321,1017,767,payment,2023-06-22
2322,1010,1322,purchase,2023-03-07
2323,1002,1504,payment,2023-02-13
2324,1001,178,payment,2023-12-11
2325,1008,1043,payment,2023-06-17
2326,1010,1172,withdrawal,2023-01-07
2327,1007,1263,transfer,2023-08-27
2328,1016,1589,withdrawal,2023-03-12
2329,1005,1459,payment,2023-10-02
2330,1015,1465,refund,2023-07-11
2331,1017,233,payment,2023-08-10
2332,1012,686,payment,2023-08-02
2333,1003,540,withdrawal,2023-09-08
2334,1013,811,payment,2023-11-19
2335,1015,725,purchase,2023-01-24
2336,1016,547,payment,2023-07-21
2337,1002,331,payment,2023-12-29
2338,1010,1214,transfer,2023-09-13
2339,1015,288,transfer,2023-10-16
2340,1003,139,refund,2023-01-05
2341,1010,727,withdrawal,2023-05-08
2342,1003,698,refund,2023-06-04
2343,1013,216,withdrawal,2023-01-17
2344,1015,864,transfer,2023-12-10
2345,1007,305,payment,2023-07-31
2346,1009,726,purchase,2023-11-15
2347,1009,1608,transfer,2023-04-02
2348,1015,1353,payment,2023-12-19
2349,1012,1182,transfer,2023-05-20
2350,1019,1697,refund,2023-09-06
2351,1009,513,payment,2023-07-27
2352,1001,1312,purchase,2023-10-10
2353,1009,1541,payment,2023-07-15
2354,1006,1561,purchase,2023-08-01
2355,1016,1955,transfer,2023-05-01
2356,1017,738,refund,2023-03-08
2357,1010,586,purchase,2023-03-31
2358,1005,1695,purchase,2023-04-21
2359,1005,503,withdrawal,2023-01-04
2360,1018,1431,refund,2023-06-24
2361,1016,444,transfer,2023-10-30
2362,1009,1682,refund,2023-07-09
2363,1013,1294,purchase,2023-08-06
2364,1020,684,withdrawal,2023-08-12
2365,1012,393,payment,2023-05-01
2366,1014,1256,purchase,2023-10-15
2367,1005,828,transfer,2023-11-18
2368,1007,982,transfer,2023-12-28
2369,1017,1977,transfer,2023-06-18
2370,1005,1136,purchase,2023-02-10
2371,1006,1806,transfer,2023-09-24
2372,1017,1818,payment,2023-01-21
2373,1014,1352,transfer,2023-03-02
2374,1001,1999,payment,2023-05-20
2375,1005,1585,transfer,2023-07-29
2376,1008,1929,refund,2023-02-28
2377,1018,1127,payment,2023-01-27
2378,1004,779,payment,2023-06-24
2379,1008,999,withdrawal,2023-06-27
2380,1002,1777,refund,2023-09-09
2381,1016,783,refund,2023-03-22
2382,1006,1345,transfer,2023-11-16
2383,1014,1997,refund,2023-02-24
2384,1010,843,refund,2023-11-10
2385,1005,908,withdrawal,2023-07-26
2386,1004,100,transfer,2023-09-11
2387,1010,1453,payment,2023-11-16
2388,1012,822,purchase,2023-11-25
2389,1009,158,payment,2023-07-08
2390,1013,293,refund,2023-03-08
2391,1016,1759,transfer,2023-07-21
2392,1014,931,transfer,2023-02-03
2393,1005,1404,withdrawal,2023-05-08
2394,1015,1363,refund,2023-11-20
2395,1019,318,transfer,2023-02-01
2396,1002,1696,transfer,2023-09-22
2397,1012,885,purchase,2023-05-18
2398,1010,1677,transfer,2023-02-10
2399,1002,1361,payment,2023-06-06
2400,1016,1301,refund,2023-08-09
2401,1020,1853,transfer,2023-11-03
2402,1007,1582,purchase,2023-10-01
2403,1014,1341,purchase,2023-11-21
2404,1017,435,refund,2023-06-22
2405,1012,1343,payment,2023-09-26
2406,1006,399,withdrawal,2023-08-20
2407,1010,925,payment,2023-04-08
2408,1018,1065,payment,2023-12-26
2409,1015,1295,refund,2023-06-21
2410,1019,1791,payment,2023-07-02
2411,1017,655,transfer,2023-02-05
2412,1004,1743,transfer,2023-08-18
2413,1010,415,refund,2023-09-09
2414,1004,527,withdrawal,2023-03-22
2415,1004,1586,purchase,2023-07-31
2416,1019,501,purchase,2023-11-25
2417,1001,427,purchase,2023-07-27
2418,1016,1788,withdrawal,2023-05-31
2419,1011,1049,payment,2023-05-25
2420,1017,1751,purchase,2023-07-20
2421,1013,1876,purchase,2023-10-03
2422,1002,1600,purchase,2023-12-09
2423,1015,1269,payment,2023-01-19
2424,1004,856,refund,2023-08-17
2425,1018,660,withdrawal,2023-07-18
2426,1006,656,purchase,2023-04-11
2427,1016,1651,payment,2023-10-08
2428,1009,496,transfer,2023-12-15
2429,1001,1748,refund,2023-02-12
2430,1017,1457,purchase,2023-03-22
2431,1017,722,transfer,2023-03-29
2432,1014,1797,purchase,2023-11-24
2433,1018,1086,payment,2023-09-26
2434,1002,1602,purchase,2023-04-21
2435,1005,386,transfer,2023-02-12
2436,1004,245,withdrawal,2023-07-10
2437,1003,1426,withdrawal,2023-07-15
2438,1007,1887,transfer,2023-05-14
2439,1013,1479,refund,2023-01-17
2440,1006,179,refund,2023-10-24
2441,1018,817,transfer,2023-01-30
2442,1002,700,withdrawal,2023-08-30
2443,1015,1666,transfer,2023-11-30
2444,1002,1437,purchase,2023-06-10
2445,1018,148,transfer,2023-02-26
2446,1017,782,payment,2023-12-15
2447,1020,1383,purchase,2023-12-27
2448,1007,1751,refund,2023-07-29
2449,1016,957,refund,2023-03-17
2450,1007,459,withdrawal,2023-10-25
2451,1004,522,withdrawal,2023-07-18
2452,1017,1275,transfer,2023-06-03
2453,1016,990,withdrawal,2023-04-27
2454,1008,330,payment,2023-04-24
2455,1009,1281,withdrawal,2023-08-27
2456,1004,473,purchase,2023-08-31
2457,1009,243,purchase,2023-02-25
2458,1019,307,payment,2023-08-16
2459,1017,452,withdrawal,2023-03-02
2460,1011,864,payment,2023-10-16
2461,1018,1577,refund,2023-03-05
2462,1013,1626,refund,2023-11-07
2463,1010,184,transfer,2023-06-12
2464,1008,964,payment,2023-08-15
2465,1006,788,refund,2023-04-17
2466,1009,620,refund,2023-11-18
2467,1008,496,payment,2023-10-15
2468,1002,160,refund,2023-05-24
2469,1010,153,refund,2023-11-07
2470,1015,1341,refund,2023-08-19
2471,1007,1727,transfer,2023-07-21
2472,1003,1444,withdrawal,2023-06-11
2473,1017,1160,transfer,2023-08-25
2474,1003,1768,withdrawal,2023-12-07
2475,1017,1114,transfer,2023-04-16
2476,1018,147,withdrawal,2023-09-14
2477,1014,1138,refund,2023-04-02
2478,1009,399,withdrawal,2023-01-12
2479,1003,1569,withdrawal,2023-12-01
2480,1012,1731,refund,2023-01-13
2481,1012,199,withdrawal,2023-12-23
2482,1008,508,refund,2023-10-07
2483,1015,1177,refund,2023-09-03
2484,1020,684,refund,2023-10-25
2485,1007,206,transfer,2023-06-11
2486,1012,206,payment,2023-01-07
2487,1019,1763,payment,2023-11-30
2488,1014,903,payment,2023-04-16
2489,1002,1353,purchase,2023-02-15
2490,1013,1500,withdrawal,2023-05-13
2491,1007,653,purchase,2023-09-21
2492,1007,1487,payment,2023-03-23
2493,1005,1326,transfer,2023-10-23
2494,1002,1287,payment,2023-03-05
2495,1007,1892,refund,2023-03-06
2496,1011,1433,withdrawal,2023-10-19
2497,1006,1050,payment,2023-07-16
2498,1011,1401,payment,2023-10-17
2499,1012,1799,payment,2023-11-03
2500,1019,553,purchase,2023-08-26
2501,1020,1717,purchase,2023-10-12
2502,1019,966,withdrawal,2023-10-17
2503,1001,1939,refund,2023-09-09
2504,1020,1256,payment,2023-04-14
2505,1020,549,withdrawal,2023-05-12
2506,1003,324,transfer,2023-06-06
2507,1011,1155,withdrawal,2023-04-07
2508,1012,1608,withdrawal,2023-05-01
2509,1011,571,purchase,2023-10-17
2510,1001,1373,purchase,2023-04-13
2511,1017,714,refund,2023-10-17
2512,1013,901,refund,2023-02-19
2513,1011,860,payment,2023-03-16
2514,1005,1778,transfer,2023-07-03
2515,1016,923,withdrawal,2023-03-29
2516,1005,296,purchase,2023-09-02
2517,1007,1268,payment,2023-12-27
2518,1010,1755,refund,2023-07-29
2519,1005,354,purchase,2023-10-31
2520,1017,573,purchase,2023-02-14
2521,1007,256,refund,2023-06-22
2522,1005,1418,transfer,2023-03-05
2523,1002,484,transfer,2023-03-30
2524,1020,1462,withdrawal,2023-01-13
2525,1004,512,refund,2023-09-16
2526,1012,175,refund,2023-01-04
2527,1005,370,withdrawal,2023-09-16
2528,1016,1774,withdrawal,2023-05-31
2529,1006,298,purchase,2023-01-30
2530,1014,474,refund,2023-01-13
2531,1019,1984,purchase,2023-09-30
2532,1016,1539,payment,2023-04-04
2533,1003,1334,transfer,2023-11-03
2534,1003,1821,purchase,2023-08-09
2535,1017,1404,payment,2023-06-26
2536,1018,1030,purchase,2023-03-06
2537,1007,769,transfer,2023-05-07
2538,1001,433,purchase,2023-03-22
2539,1003,763,transfer,2023-02-28
2540,1005,1924,transfer,2023-06-26
2541,1013,1564,refund,2023-10-07
2542,1011,578,purchase,2023-12-11
2543,1014,1949,withdrawal,2023-01-06
2544,1013,373,refund,2023-12-02
2545,1019,1850,purchase,2023-04-14
2546,1016,1713,transfer,2023-03-29
2547,1011,1401,payment,2023-04-15
2548,1002,914,payment,2023-06-28
2549,1011,1151,refund,2023-02-15
2550,1004,850,purchase,2023-07-26
2551,1015,763,withdrawal,2023-10-24
2552,1007,230,withdrawal,2023-10-09
2553,1014,1987,purchase,2023-04-10
2554,1004,966,refund,2023-11-30
2555,1007,736,refund,2023-03-11
2556,1003,1576,payment,2023-08-15
2557,1008,1440,purchase,2023-09-19
2558,1013,1810,transfer,2023-01-07
2559,1009,181,refund,2023-12-24
2560,1004,543,purchase,2023-12-17
2561,1015,730,purchase,2023-05-31
2562,1018,689,payment,2023-09-06
2563,1020,594,transfer,2023-07-27
2564,1012,892,refund,2023-08-14
2565,1019,1920,refund,2023-01-15
2566,1005,675,purchase,2023-03-06
2567,1006,819,withdrawal,2023-08-25
2568,1018,1894,refund,2023-04-02
2569,1011,986,payment,2023-04-03
2570,1003,900,transfer,2023-12-07
2571,1020,933,purchase,2023-09-24
2572,1004,346,payment,2023-10-22
2573,1012,271,purchase,2023-07-27
2574,1005,1430,withdrawal,2023-01-29
2575,1016,1889,purchase,2023-02-26
2576,1014,854,refund,2023-07-18
2577,1012,277,withdrawal,2023-11-05
2578,1007,1466,purchase,2023-05-26
2579,1010,937,payment,2023-12-31
2580,1009,1674,refund,2023-11-14
2581,1004,392,payment,2023-02-25
2582,1001,1990,purchase,2023-10-29
2583,1018,1594,payment,2023-03-26
2584,1008,1041,payment,2023-01-15
2585,1017,1666,purchase,2023-03-15
2586,1004,899,purchase,2023-08-22
2587,1003,1309,withdrawal,2023-08-17
2588,1010,953,payment,2023-09-08
2589,1004,839,transfer,2023-11-07
2590,1015,327,refund,2023-05-10
2591,1011,726,payment,2023-11-01
2592,1001,1988,payment,2023-03-11
2593,1007,1723,refund,2023-11-22
2594,1018,1746,withdrawal,2023-08-12
2595,1008,864,refund,2023-11-21
2596,1003,823,transfer,2023-08-22
2597,1006,119,refund,2023-07-16
2598,1018,595,purchase,2023-08-06
2599,1008,1329,refund,2023-06-08
2600,1014,248,payment,2023-05-13
2601,1016,712,payment,2023-05-04
2602,1013,746,withdrawal,2023-05-30
2603,1017,890,transfer,2023-08-17
2604,1007,152,payment,2023-04-08
2605,1020,1270,purchase,2023-01-06
2606,1007,1790,payment,2023-01-07
2607,1001,995,refund,2023-06-26
2608,1009,469,transfer,2023-10-02
2609,1003,676,payment,2023-11-14
2610,1018,459,refund,2023-05-07
2611,1015,1094,refund,2023-11-11
2612,1003,1325,transfer,2023-06-05
2613,1011,1279,purchase,2023-01-20
2614,1002,1486,payment,2023-02-03
2615,1007,182,transfer,2023-07-29
2616,1004,1172,withdrawal,2023-07-18
2617,1012,1123,purchase,2023-01-30
2618,1007,925,withdrawal,2023-09-29
2619,1002,1888,refund,2023-09-19
2620,1005,1152,payment,2023-08-10
2621,1008,478,payment,2023-04-01
2622,1012,1304,refund,2023-04-29
2623,1008,145,purchase,2023-03-12
2624,1012,961,withdrawal,2023-06-06
2625,1017,1897,refund,2023-10-28
2626,1019,1197,withdrawal,2023-06-07
2627,1015,1204,refund,2023-05-04
2628,1008,946,refund,2023-08-30
2629,1003,412,payment,2023-07-04
2630,1014,951,payment,2023-09-03
2631,1020,556,withdrawal,2023-06-10
2632,1014,1557,withdrawal,2023-10-22
2633,1016,1218,transfer,2023-08-18
2634,1020,688,withdrawal,2023-10-11
2635,1006,574,refund,2023-08-09
2636,1013,217,transfer,2023-06-15
2637,1014,448,transfer,2023-08-02
2638,1020,1156,payment,2023-02-28
2639,1002,1493,payment,2023-07-18
2640,1020,1229,withdrawal,2023-10-06
2641,1017,232,withdrawal,2023-04-06
2642,1006,1137,withdrawal,2023-08-06
2643,1003,1239,payment,2023-05-01
2644,1003,1227,transfer,2023-06-28
2645,1013,490,purchase,2023-04-17
2646,1006,1281,withdrawal,2023-09-14
2647,1008,1846,withdrawal,2023-01-08
2648,1013,500,transfer,2023-08-19
2649,1012,1702,payment,2023-02-11
2650,1002,1558,transfer,2023-12-06
2651,1013,1051,purchase,2023-05-04
2652,1013,1745,withdrawal,2023-03-29
2653,1003,1302,refund,2023-12-24
2654,1007,1582,payment,2023-11-12
2655,1003,660,purchase,2023-10-05
2656,1004,309,refund,2023-08-14
2657,1003,1817,withdrawal,2023-01-04
2658,1013,1286,withdrawal,2023-03-24
2659,1018,1976,withdrawal,2023-10-20
2660,1009,411,payment,2023-05-10
2661,1016,1390,transfer,2023-12-30
2662,1014,1258,refund,2023-03-17
2663,1003,1064,purchase,2023-12-21
2664,1019,778,payment,2023-10-25
2665,1014,596,refund,2023-11-08
2666,1018,1225,refund,2023-11-10
2667,1018,1206,refund,2023-10-03
2668,1016,363,withdrawal,2023-03-02
2669,1001,1746,withdrawal,2023-10-19
2670,1008,1239,purchase,2023-08-19
2671,1013,1025,payment,2023-03-15
2672,1015,1553,purchase,2023-09-21
2673,1002,716,transfer,2023-08-25
2674,1015,1921,transfer,2023-09-03
2675,1017,1832,purchase,2023-11-17
2676,1011,1568,refund,2023-10-21
2677,1007,1705,payment,2023-03-23
2678,1011,171,withdrawal,2023-09-04
2679,1019,745,transfer,2023-11-27
2680,1008,1317,transfer,2023-09-11
2681,1003,1199,purchase,2023-10-11
2682,1013,463,purchase,2023-07-06
2683,1010,1156,transfer,2023-05-29
2684,1017,1624,payment,2023-07-30
2685,1015,1406,withdrawal,2023-06-16
2686,1019,487,transfer,2023-04-05
2687,1019,1710,refund,2023-10-27
2688,1019,1695,purchase,2023-03-19
2689,1014,429,withdrawal,2023-07-23
2690,1004,1181,withdrawal,2023-01-26
2691,1013,508,withdrawal,2023-06-26
2692,1019,346,payment,2023-03-04
2693,1014,936,payment,2023-03-25
2694,1008,1354,withdrawal,2023-08-31
2695,1019,127,transfer,2023-10-05
2696,1003,510,withdrawal,2023-05-10
2697,1018,610,refund,2023-11-29
2698,1008,1632,payment,2023-11-18
2699,1009,912,withdrawal,2023-07-10
2700,1017,1155,purchase,2023-09-01
2701,1018,1132,transfer,2023-10-27
2702,1008,664,purchase,2023-09-04
2703,1011,1821,purchase,2023-07-05
2704,1005,1486,withdrawal,2023-11-17
2705,1001,1126,transfer,2023-03-26
2706,1007,1088,refund,2023-07-06
2707,1008,890,transfer,2023-10-11
2708,1013,1563,refund,2023-09-27
2709,1002,711,transfer,2023-05-09
2710,1010,592,payment,2023-04-03
2711,1007,311,refund,2023-12-08
2712,1008,1173,refund,2023-07-01
2713,1003,1793,refund,2023-04-29
2714,1019,1398,refund,2023-07-10
2715,1011,1574,payment,2023-06-13
2716,1003,544,refund,2023-05-24
2717,1016,1938,purchase,2023-01-09
2718,1017,722,transfer,2023-02-27
2719,1014,1174,withdrawal,2023-08-08
2720,1013,166,refund,2023-09-04
2721,1005,1826,transfer,2023-04-28
2722,1004,840,transfer,2023-04-28
2723,1017,854,refund,2023-09-23
2724,1011,355,withdrawal,2023-05-30
2725,1005,1334,payment,2023-05-01
2726,1012,829,transfer,2023-06-06
2727,1013,1596,transfer,2023-11-20
2728,1010,796,withdrawal,2023-05-23
2729,1006,388,transfer,2023-02-01
2730,1003,1880,transfer,2023-06-25
2731,1011,276,payment,2023-03-04
2732,1005,1024,refund,2023-10-01
2733,1020,311,refund,2023-04-15
2734,1017,1193,refund,2023-10-23
2735,1012,757,payment,2023-02-23
2736,1019,307,purchase,2023-07-02
2737,1003,117,withdrawal,2023-11-27
2738,1018,681,transfer,2023-04-27
2739,1004,231,withdrawal,2023-06-19
2740,1017,1907,payment,2023-05-26
2741,1004,1944,purchase,2023-01-24
2742,1018,104,purchase,2023-10-03
2743,1016,1702,purchase,2023-06-14
2744,1013,547,refund,2023-03-02
2745,1004,223,transfer,2023-11-06
2746,1006,135,purchase,2023-03-06
2747,1003,935,transfer,2023-04-07
2748,1004,776,payment,2023-10-27
2749,1010,1687,transfer,2023-06-21
2750,1013,722,payment,2023-07-13
2751,1012,994,purchase,2023-02-07
2752,1002,1089,withdrawal,2023-01-20
2753,1008,160,refund,2023-12-15
2754,1009,131,transfer,2023-06-04
2755,1001,1230,transfer,2023-02-18
2756,1018,1255,withdrawal,2023-09-04
2757,1007,611,withdrawal,2023-06-04
2758,1004,886,payment,2023-02-26
2759,1012,313,refund,2023-09-28
2760,1017,597,purchase,2023-11-21
2761,1017,1691,withdrawal,2023-10-22
2762,1002,1166,refund,2023-05-26
2763,1011,206,payment,2023-05-05
2764,1006,496,refund,2023-12-13
2765,1002,274,withdrawal,2023-11-30
2766,1011,629,payment,2023-03-12
2767,1011,1375,purchase,2023-09-10
2768,1011,308,purchase,2023-04-16
2769,1004,1358,transfer,2023-11-23
2770,1002,371,transfer,2023-04-29
2771,1001,1145,purchase,2023-12-22
2772,1018,1391,withdrawal,2023-02-11
2773,1018,1251,transfer,2023-06-23
2774,1011,1474,withdrawal,2023-06-01
2775,1016,1065,withdrawal,2023-11-23
2776,1007,1083,purchase,2023-09-06
2777,1014,420,purchase,2023-06-05
2778,1009,1432,withdrawal,2023-05-19
2779,1009,752,payment,2023-06-16
2780,1001,309,refund,2023-03-23
2781,1008,1347,withdrawal,2023-09-14
2782,1012,142,payment,2023-03-23
2783,1004,776,withdrawal,2023-03-31
2784,1012,1809,transfer,2023-07-11
2785,1017,520,purchase,2023-02-27
2786,1014,567,payment,2023-05-26
2787,1014,807,withdrawal,2023-02-28
2788,1002,127,payment,2023-10-27
2789,1020,417,transfer,2023-12-16
2790,1007,903,payment,2023-12-14
2791,1016,1925,withdrawal,2023-10-04
2792,1013,966,transfer,2023-07-30
2793,1016,1981,refund,2023-04-12
2794,1005,228,refund,2023-06-23
2795,1003,1116,purchase,2023-09-26
2796,1008,1071,refund,2023-06-24
2797,1009,1998,purchase,2023-07-13
2798,1006,1042,transfer,2023-02-09
2799,1008,1553,withdrawal,2023-05-16
2800,1006,522,refund,2023-07-10
2801,1014,1926,withdrawal,2023-07-03
2802,1010,1567,withdrawal,2023-07-03
2803,1001,1366,payment,2023-10-16
2804,1019,1025,purchase,2023-04-06
2805,1001,1843,transfer,2023-02-25
2806,1011,1096,purchase,2023-01-30
2807,1010,1854,refund,2023-01-16
2808,1006,427,withdrawal,2023-11-21
2809,1012,269,purchase,2023-06-17
2810,1009,313,refund,2023-02-25
2811,1018,283,refund,2023-05-14
2812,1020,645,purchase,2023-05-04
2813,1014,1224,payment,2023-09-13
2814,1006,1828,purchase,2023-12-25
2815,1017,1317,withdrawal,2023-02-17
2816,1002,166,payment,2023-08-08
2817,1015,544,transfer,2023-07-21
2818,1002,1436,purchase,2023-11-29
2819,1010,1679,purchase,2023-09-14
2820,1015,957,withdrawal,2023-08-25
2821,1016,1810,withdrawal,2023-10-29
2822,1002,1552,transfer,2023-04-07
2823,1001,1746,payment,2023-05-24
2824,1013,1656,transfer,2023-01-04
2825,1019,1174,payment,2023-07-27
2826,1020,1576,transfer,2023-12-09
2827,1011,1438,purchase,2023-12-12
2828,1018,1274,transfer,2023-07-30
2829,1013,161,purchase,2023-04-17
2830,1011,766,purchase,2023-03-01
2831,1007,247,purchase,2023-07-29
2832,1002,1353,transfer,2023-05-13
2833,1015,1834,withdrawal,2023-10-11
2834,1007,1919,transfer,2023-03-06
2835,1020,203,withdrawal,2023-03-26
2836,1002,1905,withdrawal,2023-07-05
2837,1002,492,payment,2023-07-20
2838,1003,634,payment,2023-05-09
2839,1009,503,payment,2023-11-03
2840,1019,1920,purchase,2023-05-23
2841,1002,117,transfer,2023-07-10
2842,1014,1591,transfer,2023-07-09
2843,1001,1243,transfer,2023-04-25
2844,1017,456,purchase,2023-12-08
2845,1009,525,withdrawal,2023-03-26
2846,1016,334,payment,2023-01-17
2847,1014,1736,payment,2023-11-21
2848,1002,686,purchase,2023-08-09
2849,1015,1955,purchase,2023-08-01
2850,1015,620,payment,2023-06-11
2851,1003,1298,refund,2023-08-23
2852,1001,210,payment,2023-11-04
2853,1005,1312,refund,2023-06-07
2854,1010,1324,payment,2023-01-12
2855,1019,714,purchase,2023-02-28
2856,1008,1168,payment,2023-07-31
2857,1012,1279,withdrawal,2023-03-08
2858,1019,1974,purchase,2023-06-25
2859,1007,250,refund,2023-05-07
2860,1002,168,payment,2023-09-09
2861,1001,415,refund,2023-07-04
2862,1018,1607,refund,2023-02-03
2863,1020,1039,purchase,2023-10-18
2864,1020,1463,purchase,2023-01-25
2865,1019,1415,withdrawal,2023-08-21
2866,1018,969,refund,2023-01-05
2867,1009,1532,withdrawal,2023-09-05
2868,1010,1087,purchase,2023-11-20
2869,1003,753,withdrawal,2023-07-02
2870,1006,1835,payment,2023-03-19
2871,1020,589,payment,2023-01-29
2872,1016,1827,withdrawal,2023-08-02
2873,1020,602,purchase,2023-12-04
2874,1013,614,purchase,2023-07-30
2875,1001,737,refund,2023-07-27
2876,1019,284,purchase,2023-10-19
2877,1003,229,withdrawal,2023-01-22
2878,1003,1248,withdrawal,2023-11-03
2879,1002,689,payment,2023-09-10
2880,1002,825,transfer,2023-09-09
2881,1005,1055,payment,2023-07-26
2882,1003,671,withdrawal,2023-12-27
2883,1019,1833,transfer,2023-05-11
2884,1002,109,purchase,2023-02-28
2885,1008,837,payment,2023-07-13
2886,1007,1225,refund,2023-06-19
2887,1018,708,purchase,2023-09-03
2888,1010,1905,transfer,2023-10-15
2889,1007,340,transfer,2023-12-05
2890,1010,930,refund,2023-07-27
2891,1014,1894,payment,2023-04-12
2892,1010,1342,refund,2023-04-07
2893,1010,1936,withdrawal,2023-01-24
2894,1010,459,refund,2023-03-04
2895,1004,911,refund,2023-04-07
2896,1007,1040,transfer,2023-08-21
2897,1007,1649,refund,2023-09-22
2898,1019,615,withdrawal,2023-06-13
2899,1009,1005,transfer,2023-04-10
2900,1020,1704,purchase,2023-06-20
2901,1017,319,refund,2023-07-14
2902,1020,887,transfer,2023-10-31
2903,1006,691,transfer,2023-11-10
2904,1017,667,withdrawal,2023-09-24
2905,1009,1158,purchase,2023-07-22
2906,1018,1596,transfer,2023-04-28
2907,1009,1967,payment,2023-07-05
2908,1007,1589,withdrawal,2023-03-31
2909,1001,738,purchase,2023-06-22
2910,1007,1786,payment,2023-11-18
2911,1013,1009,withdrawal,2023-12-25
2912,1018,520,withdrawal,2023-11-05
2913,1001,1737,withdrawal,2023-11-22
2914,1007,1274,purchase,2023-07-13
2915,1003,1332,transfer,2023-04-17
2916,1020,1606,payment,2023-08-21
2917,1008,466,refund,2023-02-22
2918,1015,200,transfer,2023-10-26
2919,1002,272,purchase,2023-04-28
2920,1017,183,transfer,2023-12-31
2921,1017,1106,withdrawal,2023-10-23
2922,1003,1409,payment,2023-09-02
2923,1005,1097,payment,2023-08-21
2924,1019,759,withdrawal,2023-04-23
2925,1015,859,withdrawal,2023-09-28
2926,1001,1887,withdrawal,2023-01-31
2927,1020,642,payment,2023-05-20
2928,1005,160,refund,2023-05-06
2929,1019,1539,transfer,2023-10-29
2930,1017,1546,refund,2023-05-20
2931,1016,1387,transfer,2023-10-19
2932,1018,145,transfer,2023-08-22
2933,1020,427,purchase,2023-01-27
2934,1008,1543,transfer,2023-02-10
2935,1017,1443,payment,2023-01-28
2936,1001,1977,payment,2023-05-29
2937,1018,563,withdrawal,2023-04-23
2938,1020,1462,purchase,2023-09-20
2939,1013,540,purchase,2023-01-02
2940,1007,1563,purchase,2023-10-29
2941,1004,1894,refund,2023-09-10
2942,1002,516,payment,2023-07-30
2943,1003,716,transfer,2023-01-18
2944,1005,204,payment,2023-02-09
2945,1017,1986,payment,2023-08-07
2946,1004,1160,refund,2023-01-15
2947,1014,1933,refund,2023-05-19
2948,1007,895,purchase,2023-05-06
2949,1020,1578,transfer,2023-01-03
2950,1009,273,payment,2023-12-18
2951,1001,1439,transfer,2023-09-27
2952,1019,547,withdrawal,2023-09-07
2953,1018,1817,refund,2023-12-11
2954,1012,1811,payment,2023-02-04
2955,1019,736,purchase,2023-10-12
2956,1001,1416,withdrawal,2023-02-24
2957,1018,755,withdrawal,2023-12-01
2958,1004,297,transfer,2023-05-19
2959,1002,1242,withdrawal,2023-06-19
2960,1004,1639,withdrawal,2023-06-26
2961,1019,1048,refund,2023-07-12
2962,1017,698,purchase,2023-03-15
2963,1013,1597,purchase,2023-02-16
2964,1001,466,refund,2023-07-10
2965,1005,506,transfer,2023-02-03
2966,1010,854,purchase,2023-09-20
2967,1012,107,withdrawal,2023-02-25
2968,1020,1975,purchase,2023-09-25
2969,1012,196,transfer,2023-06-05
2970,1007,227,transfer,2023-10-08
2971,1014,1260,withdrawal,2023-10-27
2972,1005,1281,refund,2023-06-06
2973,1009,637,payment,2023-05-09
2974,1010,257,refund,2023-07-19
2975,1004,441,purchase,2023-07-20
2976,1010,683,refund,2023-03-08
2977,1005,1153,withdrawal,2023-07-31
2978,1020,827,withdrawal,2023-03-30
2979,1008,1859,withdrawal,2023-12-28
2980,1001,170,purchase,2023-12-14
2981,1020,896,purchase,2023-10-25
2982,1020,555,transfer,2023-10-18
2983,1006,529,purchase,2023-12-01
2984,1016,1076,purchase,2023-08-28
2985,1020,1502,payment,2023-01-22
2986,1004,105,transfer,2023-06-20
2987,1011,968,withdrawal,2023-11-22
2988,1006,746,payment,2023-07-21
2989,1013,1479,refund,2023-05-31
2990,1001,1985,refund,2023-06-11
2991,1016,528,payment,2023-07-07
2992,1009,725,transfer,2023-09-29
2993,1013,1840,transfer,2023-02-17
2994,1019,859,payment,2023-09-17
2995,1001,1444,purchase,2023-01-28
2996,1016,896,withdrawal,2023-02-17
2997,1003,1829,purchase,2023-01-11
2998,1002,1043,payment,2023-07-17
2999,1020,793,transfer,2023-07-09
3000,1015,378,payment,2023-11-02
3001,1016,1065,refund,2023-02-13
3002,1018,804,refund,2023-11-29
3003,1011,1441,withdrawal,2023-12-31
3004,1016,939,transfer,2023-09-04
3005,1016,640,refund,2023-03-14
3006,1014,352,refund,2023-11-03
3007,1007,735,purchase,2023-10-10
3008,1009,1242,withdrawal,2023-11-10
3009,1007,1107,payment,2023-12-18
3010,1017,925,withdrawal,2023-04-03
3011,1003,494,refund,2023-04-06
3012,1003,1724,purchase,2023-12-31
3013,1014,490,withdrawal,2023-05-01
3014,1011,1375,transfer,2023-08-14
3015,1006,479,withdrawal,2023-01-29
3016,1017,575,refund,2023-09-10
3017,1010,546,withdrawal,2023-03-12
3018,1012,387,withdrawal,2023-09-04
3019,1017,1803,transfer,2023-04-29
3020,1020,1075,withdrawal,2023-10-29
3021,1014,428,transfer,2023-07-21
3022,1019,970,purchase,2023-05-10
3023,1016,410,purchase,2023-01-16
3024,1009,1914,payment,2023-11-06
3025,1008,625,purchase,2023-09-05
3026,1016,1704,refund,2023-08-13
3027,1014,1016,payment,2023-02-26
3028,1004,1266,withdrawal,2023-11-24
3029,1007,346,withdrawal,2023-11-18
3030,1002,1654,transfer,2023-04-15
3031,1010,1394,transfer,2023-07-27
3032,1015,1625,transfer,2023-10-24
3033,1012,1549,transfer,2023-06-25
3034,1003,481,refund,2023-05-15
3035,1016,1760,transfer,2023-12-03
3036,1009,141,payment,2023-03-16
3037,1016,720,purchase,2023-01-09
3038,1010,315,transfer,2023-12-15
3039,1010,1754,withdrawal,2023-07-01
3040,1019,388,transfer,2023-11-24
3041,1010,1833,payment,2023-02-06
3042,1006,230,refund,2023-12-26
3043,1017,867,refund,2023-04-14
3044,1005,1071,purchase,2023-10-19
3045,1003,1563,refund,2023-04-22
3046,1014,1265,purchase,2023-09-23
3047,1006,514,withdrawal,2023-03-27
3048,1003,1940,purchase,2023-02-23
3049,1020,1681,purchase,2023-03-12
3050,1018,526,refund,2023-07-12
3051,1009,1435,purchase,2023-07-20
3052,1017,343,purchase,2023-09-04
3053,1017,918,payment,2023-03-11
3054,1017,276,transfer,2023-07-27
3055,1005,246,refund,2023-06-13
3056,1013,1650,refund,2023-08-31
3057,1015,943,transfer,2023-02-20
3058,1009,1558,withdrawal,2023-02-22
3059,1011,1351,refund,2023-11-09
3060,1007,1565,purchase,2023-01-13
3061,1019,880,transfer,2023-03-26
3062,1019,758,purchase,2023-09-11
3063,1010,176,withdrawal,2023-07-09
3064,1014,1652,withdrawal,2023-06-07
3065,1009,511,transfer,2023-05-27
3066,1016,1961,transfer,2023-10-14
3067,1006,1210,transfer,2023-03-15
3068,1005,776,purchase,2023-06-30
3069,1011,1832,withdrawal,2023-06-18
3070,1012,1013,withdrawal,2023-09-04
3071,1005,461,withdrawal,2023-01-18
3072,1013,1929,transfer,2023-04-07
3073,1007,524,withdrawal,2023-04-07
3074,1017,1763,transfer,2023-03-05
3075,1002,815,purchase,2023-03-15
3076,1018,1654,purchase,2023-11-27
3077,1019,1277,refund,2023-07-15
3078,1006,729,transfer,2023-03-01
3079,1018,1499,payment,2023-03-22
3080,1018,1009,withdrawal,2023-10-29
3081,1019,1708,withdrawal,2023-01-08
3082,1009,1605,refund,2023-04-11
3083,1011,656,purchase,2023-03-27
3084,1018,1760,refund,2023-09-19
3085,1009,723,transfer,2023-09-26
3086,1014,493,withdrawal,2023-03-12
3087,1014,571,refund,2023-06-24
3088,1005,191,withdrawal,2023-10-16
3089,1014,1576,withdrawal,2023-03-02
3090,1014,743,withdrawal,2023-04-07
3091,1011,1627,withdrawal,2023-09-23
3092,1018,324,payment,2023-08-06
3093,1020,619,transfer,2023-06-24
3094,1019,1601,transfer,2023-06-27
3095,1013,740,withdrawal,2023-12-07
3096,1015,1689,payment,2023-04-14
3097,1011,1555,refund,2023-11-28
3098,1008,386,transfer,2023-01-02
3099,1017,157,transfer,2023-04-21
3100,1002,1782,transfer,2023-08-24
3101,1018,1602,withdrawal,2023-03-24
3102,1011,249,transfer,2023-03-04
3103,1017,1833,payment,2023-09-26
3104,1003,1246,transfer,2023-09-29
3105,1001,960,refund,2023-06-09
3106,1002,140,transfer,2023-10-05
3107,1017,1973,refund,2023-01-18
3108,1017,592,refund,2023-05-09
3109,1006,757,payment,2023-08-21
3110,1011,532,withdrawal,2023-05-30
3111,1019,1515,purchase,2023-06-04
3112,1019,998,transfer,2023-10-30
3113,1006,1409,payment,2023-02-06
3114,1020,615,refund,2023-06-22
3115,1016,299,refund,2023-02-25
3116,1017,234,payment,2023-06-20
3117,1014,1354,refund,2023-07-17
3118,1015,1091,transfer,2023-01-01
3119,1003,1645,payment,2023-10-13
3120,1001,803,withdrawal,2023-12-21
3121,1002,1576,transfer,2023-02-24
3122,1008,1909,refund,2023-12-01
3123,1018,741,withdrawal,2023-03-18
3124,1011,889,purchase,2023-06-07
3125,1008,617,refund,2023-01-22
3126,1010,1596,refund,2023-10-12
3127,1002,344,transfer,2023-02-12
3128,1016,1799,refund,2023-03-31
3129,1007,908,transfer,2023-01-04
3130,1005,1538,transfer,2023-09-28
3131,1010,1552,withdrawal,2023-01-29
3132,1006,123,refund,2023-05-03
3133,1019,1551,purchase,2023-04-26
3134,1007,1971,withdrawal,2023-06-03
3135,1010,1970,purchase,2023-01-31
3136,1020,1409,payment,2023-11-02
3137,1012,754,transfer,2023-12-12
3138,1012,725,payment,2023-08-02
3139,1011,1985,transfer,2023-10-29
3140,1001,1583,payment,2023-06-27
3141,1004,1287,refund,2023-01-14
3142,1001,1798,purchase,2023-06-09
3143,1005,653,refund,2023-09-09
3144,1012,579,transfer,2023-05-07
3145,1001,1606,payment,2023-04-15
3146,1013,463,withdrawal,2023-08-29
3147,1011,308,purchase,2023-03-11
3148,1018,1751,refund,2023-09-24
3149,1010,359,withdrawal,2023-02-24
3150,1007,1775,withdrawal,2023-04-23
3151,1017,1109,transfer,2023-06-09
3152,1002,673,withdrawal,2023-06-21
3153,1014,1618,transfer,2023-01-02
3154,1015,1258,payment,2023-08-01
3155,1001,516,refund,2023-11-07
3156,1016,1863,transfer,2023-11-26
3157,1016,1231,withdrawal,2023-01-13
3158,1002,496,withdrawal,2023-02-27
3159,1014,1950,payment,2023-05-25
3160,1009,1895,payment,2023-06-26
3161,1005,1796,transfer,2023-09-08
3162,1006,308,refund,2023-06-06
3163,1008,1595,withdrawal,2023-05-26
3164,1005,1544,payment,2023-11-05
3165,1011,137,purchase,2023-04-19
3166,1009,848,withdrawal,2023-09-03
3167,1014,1835,refund,2023-06-27
3168,1011,470,refund,2023-07-03
3169,1002,824,refund,2023-02-25
3170,1002,740,payment,2023-08-19
3171,1016,600,refund,2023-09-28
3172,1005,1957,transfer,2023-09-16
3173,1020,1605,transfer,2023-12-27
3174,1016,1074,purchase,2023-10-17
3175,1001,669,transfer,2023-01-04
3176,1009,1214,refund,2023-09-16
3177,1013,970,purchase,2023-12-11
3178,1020,1209,purchase,2023-06-18
3179,1002,905,withdrawal,2023-07-03
3180,1004,214,withdrawal,2023-02-17
3181,1019,1788,purchase,2023-01-31
3182,1001,656,payment,2023-04-25
3183,1018,438,purchase,2023-04-07
3184,1005,1249,payment,2023-01-08
3185,1011,257,withdrawal,2023-03-22
3186,1010,1585,payment,2023-03-07
3187,1009,970,refund,2023-10-05
3188,1006,1224,withdrawal,2023-05-02
3189,1007,1587,purchase,2023-01-09
3190,1003,906,refund,2023-02-18
3191,1017,761,transfer,2023-10-24
3192,1019,1212,payment,2023-05-15
3193,1015,1012,transfer,2023-01-09
3194,1006,1033,payment,2023-01-14
3195,1003,124,payment,2023-10-29
3196,1016,1930,refund,2023-11-27
3197,1005,1925,purchase,2023-06-13
3198,1020,955,purchase,2023-04-25
3199,1005,1933,refund,2023-10-01
3200,1006,919,withdrawal,2023-01-11
3201,1015,1490,refund,2023-05-20
3202,1010,909,transfer,2023-03-12
3203,1009,855,transfer,2023-01-25
3204,1018,101,transfer,2023-06-21
3205,1003,1146,transfer,2023-12-18
3206,1013,519,payment,2023-10-19
3207,1011,368,payment,2023-02-07
3208,1007,1978,withdrawal,2023-02-21
3209,1014,1784,withdrawal,2023-06-20
3210,1011,855,payment,2023-02-19
3211,1007,820,refund,2023-04-06
3212,1010,1577,purchase,2023-07-16
3213,1007,1962,payment,2023-03-15
3214,1018,1785,transfer,2023-04-19
3215,1006,1256,payment,2023-11-03
3216,1005,1874,refund,2023-01-02
3217,1017,248,transfer,2023-03-26
3218,1018,1699,purchase,2023-08-06
3219,1008,1577,purchase,2023-11-06
3220,1018,1606,withdrawal,2023-02-03
3221,1002,1925,refund,2023-09-28
3222,1015,1286,purchase,2023-07-15
3223,1011,373,transfer,2023-03-18
3224,1019,360,purchase,2023-01-30
3225,1016,1152,purchase,2023-01-04
3226,1013,280,purchase,2023-05-22
3227,1004,795,refund,2023-08-25
3228,1017,1270,withdrawal,2023-03-16
3229,1017,110,transfer,2023-05-16
3230,1007,291,transfer,2023-10-08
3231,1020,1956,refund,2023-06-12
3232,1020,1792,withdrawal,2023-06-24
3233,1018,453,purchase,2023-06-29
3234,1004,1441,refund,2023-11-24
3235,1002,982,transfer,2023-03-08
3236,1019,896,purchase,2023-01-18
3237,1014,171,transfer,2023-01-02
3238,1016,1537,payment,2023-11-11
3239,1007,589,purchase,2023-08-14
3240,1015,248,transfer,2023-02-10
3241,1016,450,refund,2023-01-22
3242,1013,1425,payment,2023-08-23
3243,1011,239,purchase,2023-10-13
3244,1005,951,refund,2023-06-08
3245,1019,1554,withdrawal,2023-11-12
3246,1008,1178,purchase,2023-03-08
3247,1008,513,purchase,2023-12-06
3248,1006,1074,refund,2023-12-09
3249,1019,1223,withdrawal,2023-11-23
3250,1005,1968,refund,2023-06-24
3251,1007,209,purchase,2023-07-17
3252,1008,1919,payment,2023-08-25
3253,1020,1360,payment,2023-04-23
3254,1005,178,transfer,2023-06-05
3255,1010,1690,payment,2023-07-08
3256,1004,953,refund,2023-12-27
3257,1016,1829,transfer,2023-12-02
3258,1020,126,refund,2023-05-21
3259,1009,1975,withdrawal,2023-11-04
3260,1001,904,transfer,2023-12-29
3261,1015,965,payment,2023-10-09
3262,1003,523,payment,2023-05-19
3263,1014,1026,refund,2023-01-20
3264,1010,222,withdrawal,2023-11-29
3265,1016,390,refund,2023-04-30
3266,1016,237,withdrawal,2023-06-15
3267,1015,1891,refund,2023-06-23
3268,1007,443,transfer,2023-11-05
3269,1005,1079,withdrawal,2023-04-11
3270,1018,862,payment,2023-01-26
3271,1002,269,payment,2023-06-19
3272,1020,1312,transfer,2023-02-25
3273,1001,1401,purchase,2023-06-25
3274,1003,1757,refund,2023-06-13
3275,1002,1866,payment,2023-11-16
3276,1008,1497,payment,2023-04-08
3277,1015,449,payment,2023-01-10
3278,1005,1320,transfer,2023-04-14
3279,1009,675,transfer,2023-07-10
3280,1006,774,purchase,2023-08-17
3281,1020,326,withdrawal,2023-04-29
3282,1017,409,refund,2023-07-19
3283,1014,1056,purchase,2023-09-28
3284,1005,1902,payment,2023-07-21
3285,1006,1909,withdrawal,2023-06-01
3286,1009,308,withdrawal,2023-02-07
3287,1008,639,transfer,2023-11-19
3288,1016,467,withdrawal,2023-06-24
3289,1015,1796,purchase,2023-11-05
3290,1003,1826,transfer,2023-06-03
3291,1012,589,purchase,2023-02-14
3292,1002,1746,purchase,2023-08-17
3293,1001,867,refund,2023-01-25
3294,1018,1200,refund,2023-11-03
3295,1016,1481,withdrawal,2023-01-16
3296,1008,1281,refund,2023-10-28
3297,1010,845,payment,2023-02-11
3298,1006,528,refund,2023-05-03
3299,1001,337,withdrawal,2023-05-26
3300,1008,499,refund,2023-01-07
3301,1007,804,refund,2023-02-23
3302,1007,1152,payment,2023-12-30
3303,1010,568,payment,2023-05-04
3304,1003,1916,withdrawal,2023-06-14
3305,1016,1594,payment,2023-08-20
3306,1016,1379,transfer,2023-09-21
3307,1012,663,refund,2023-04-28
3308,1004,1692,purchase,2023-11-23
3309,1017,958,transfer,2023-05-14
3310,1005,1262,payment,2023-04-11
3311,1001,1694,withdrawal,2023-07-01
3312,1014,1092,transfer,2023-09-24
3313,1014,822,purchase,2023-12-03
3314,1015,1071,transfer,2023-05-14
3315,1012,884,payment,2023-09-04
3316,1013,343,payment,2023-01-08
3317,1014,820,purchase,2023-01-17
3318,1012,1470,payment,2023-06-23
3319,1007,750,refund,2023-02-06
3320,1008,206,purchase,2023-01-13
3321,1003,230,transfer,2023-07-18
3322,1009,1807,payment,2023-05-22
3323,1005,1080,payment,2023-07-12
3324,1004,238,payment,2023-04-09
3325,1009,1688,refund,2023-03-04
3326,1015,1459,purchase,2023-08-11
3327,1008,1289,transfer,2023-01-05
3328,1010,559,withdrawal,2023-12-30
3329,1009,1411,payment,2023-05-02
3330,1011,609,payment,2023-09-02
3331,1017,1102,payment,2023-10-04
3332,1008,1185,refund,2023-12-28
3333,1001,146,transfer,2023-08-25
3334,1012,878,withdrawal,2023-04-25
3335,1008,999,transfer,2023-07-04
3336,1009,1485,refund,2023-11-06
3337,1012,986,payment,2023-07-12
3338,1012,613,withdrawal,2023-02-14
3339,1018,1707,withdrawal,2023-08-31
3340,1007,1345,transfer,2023-08-20
3341,1019,575,purchase,2023-08-20
3342,1015,1727,refund,2023-04-30
3343,1004,216,transfer,2023-01-12
3344,1003,1468,purchase,2023-11-12
3345,1016,1643,refund,2023-12-11
3346,1002,302,purchase,2023-01-02
3347,1014,710,refund,2023-02-23
3348,1006,1616,payment,2023-10-19
3349,1012,1381,refund,2023-09-23
3350,1017,944,refund,2023-09-21
3351,1005,1238,payment,2023-07-10
3352,1004,1632,payment,2023-11-02
3353,1004,1668,refund,2023-04-26
3354,1009,872,transfer,2023-09-03
3355,1003,1231,transfer,2023-09-05
3356,1004,555,refund,2023-09-07
3357,1016,1368,withdrawal,2023-02-26
3358,1006,1832,payment,2023-03-08
3359,1003,734,payment,2023-12-04
3360,1017,722,purchase,2023-09-06
3361,1008,1135,refund,2023-09-30
3362,1006,1682,purchase,2023-04-04
3363,1014,597,withdrawal,2023-02-15
3364,1005,307,payment,2023-11-18
3365,1012,1258,transfer,2023-01-20
3366,1009,1010,transfer,2023-06-05
3367,1018,528,transfer,2023-11-06
3368,1010,294,withdrawal,2023-11-24
3369,1006,1804,refund,2023-09-26
3370,1018,372,refund,2023-03-18
3371,1003,396,withdrawal,2023-05-08
3372,1002,1228,transfer,2023-08-06
3373,1015,1391,purchase,2023-09-14
3374,1003,708,payment,2023-06-07
3375,1020,1433,refund,2023-07-31
3376,1005,137,purchase,2023-10-17
3377,1005,589,purchase,2023-01-21
3378,1001,1516,refund,2023-09-25
3379,1001,1439,refund,2023-02-28
3380,1001,1655,purchase,2023-06-22
3381,1008,1686,withdrawal,2023-09-10
3382,1002,1393,payment,2023-07-05
3383,1004,459,payment,2023-05-31
3384,1008,728,transfer,2023-06-15
3385,1002,1746,refund,2023-08-11
3386,1009,1346,transfer,2023-12-13
3387,1015,1948,transfer,2023-12-15
3388,1009,229,refund,2023-01-01
3389,1003,1857,purchase,2023-06-13
3390,1018,1787,purchase,2023-09-09
3391,1009,1347,payment,2023-10-04
3392,1018,1522,transfer,2023-12-28
3393,1012,1905,purchase,2023-03-04
3394,1005,1000,refund,2023-11-21
3395,1002,1868,withdrawal,2023-03-16
3396,1001,1350,payment,2023-12-02
3397,1002,189,payment,2023-10-16
3398,1019,123,refund,2023-03-26
3399,1003,651,payment,2023-02-10
3400,1019,664,payment,2023-11-13
3401,1005,1196,purchase,2023-02-21
3402,1017,817,withdrawal,2023-09-13
3403,1018,1067,payment,2023-07-17
3404,1005,1830,purchase,2023-07-15
3405,1005,866,transfer,2023-10-08
3406,1002,1479,purchase,2023-02-17
3407,1007,244,withdrawal,2023-08-17
3408,1013,1381,payment,2023-09-07
3409,1001,1075,refund,2023-06-18
3410,1013,1045,refund,2023-06-01
3411,1006,1235,payment,2023-06-29
3412,1005,1646,transfer,2023-06-13
3413,1015,891,payment,2023-08-25
3414,1008,724,refund,2023-11-24
3415,1005,1741,withdrawal,2023-04-27
3416,1006,219,purchase,2023-05-28
3417,1013,1184,purchase,2023-01-01
3418,1006,1585,payment,2023-03-29
3419,1005,824,purchase,2023-09-30
3420,1019,1912,payment,2023-12-24
3421,1001,1792,purchase,2023-09-01
3422,1009,707,withdrawal,2023-03-21
3423,1012,1232,refund,2023-12-26
3424,1016,1227,refund,2023-12-18
3425,1003,264,refund,2023-03-29
3426,1010,1595,withdrawal,2023-11-24
3427,1017,1327,payment,2023-06-19
3428,1014,1967,purchase,2023-09-20
3429,1004,1854,payment,2023-11-12
3430,1015,1868,transfer,2023-08-04
3431,1011,1163,transfer,2023-06-06
3432,1008,651,payment,2023-12-29
3433,1002,557,withdrawal,2023-11-29
3434,1001,1996,payment,2023-07-27
3435,1018,1290,purchase,2023-10-22
3436,1014,1526,withdrawal,2023-05-04
3437,1005,1210,withdrawal,2023-06-02
3438,1009,126,transfer,2023-10-28
3439,1008,950,refund,2023-06-10
3440,1012,1956,withdrawal,2023-03-23
3441,1009,129,payment,2023-08-28
3442,1005,1173,purchase,2023-06-07
3443,1012,1916,purchase,2023-08-09
3444,1009,499,refund,2023-11-09
3445,1007,1111,withdrawal,2023-11-02
3446,1001,1669,transfer,2023-08-18
3447,1005,1698,payment,2023-08-04
3448,1008,1299,transfer,2023-07-13
3449,1002,1712,withdrawal,2023-10-03
3450,1020,124,payment,2023-02-14
3451,1010,1675,refund,2023-01-26
3452,1004,221,refund,2023-01-30
3453,1013,1434,purchase,2023-05-30
3454,1016,695,withdrawal,2023-10-08
3455,1020,1515,refund,2023-02-23
3456,1012,481,withdrawal,2023-12-31
3457,1009,680,refund,2023-01-28
3458,1018,833,transfer,2023-03-14
3459,1012,231,payment,2023-11-11
3460,1016,1272,transfer,2023-09-16
3461,1006,1469,transfer,2023-07-22
3462,1008,404,withdrawal,2023-07-18
3463,1011,705,payment,2023-01-26
3464,1012,1952,purchase,2023-07-31
3465,1001,1859,transfer,2023-10-11
3466,1006,565,purchase,2023-09-16
3467,1016,938,withdrawal,2023-07-31
3468,1014,280,purchase,2023-06-24
3469,1007,1781,transfer,2023-12-21
3470,1014,887,payment,2023-05-15
3471,1013,460,transfer,2023-01-17
3472,1006,221,transfer,2023-07-23
3473,1009,502,purchase,2023-05-17
3474,1017,731,transfer,2023-09-27
3475,1016,1191,refund,2023-12-17
3476,1011,1905,withdrawal,2023-03-12
3477,1020,392,transfer,2023-04-01
3478,1019,1905,payment,2023-05-09
3479,1013,784,payment,2023-07-19
3480,1005,200,withdrawal,2023-11-07
3481,1008,1584,transfer,2023-05-31
3482,1020,845,withdrawal,2023-01-22
3483,1005,1446,transfer,2023-04-26
3484,1005,1353,refund,2023-07-31
3485,1010,1333,payment,2023-11-29
3486,1014,1181,refund,2023-01-12
3487,1011,1694,transfer,2023-10-16
3488,1009,1460,withdrawal,2023-01-04
3489,1003,1669,payment,2023-11-15
3490,1013,1766,payment,2023-04-17
3491,1005,777,transfer,2023-04-07
3492,1019,1821,refund,2023-06-28
3493,1010,1890,payment,2023-05-27
3494,1009,1563,transfer,2023-05-11
3495,1016,724,payment,2023-06-27
3496,1013,917,withdrawal,2023-02-26
3497,1018,1841,withdrawal,2023-03-29
3498,1008,1464,purchase,2023-10-31
3499,1018,755,transfer,2023-05-19
3500,1016,1174,purchase,2023-06-24
3501,1004,1075,refund,2023-07-12
3502,1015,1968,withdrawal,2023-07-07
3503,1005,798,refund,2023-05-09
3504,1003,1823,payment,2023-02-15
3505,1012,531,transfer,2023-12-29
3506,1008,714,transfer,2023-10-20
3507,1010,1749,payment,2023-04-09
3508,1018,1628,payment,2023-12-10
3509,1014,924,payment,2023-03-29
3510,1006,565,payment,2023-08-25
3511,1004,1314,refund,2023-01-27
3512,1018,1151,transfer,2023-10-20
3513,1004,760,purchase,2023-06-05
3514,1014,1769,transfer,2023-11-10
3515,1020,127,refund,2023-03-27
3516,1003,1769,purchase,2023-10-05
3517,1011,105,withdrawal,2023-11-16
3518,1004,1308,payment,2023-11-19
3519,1016,1560,transfer,2023-07-19
3520,1015,912,withdrawal,2023-11-10
3521,1010,175,refund,2023-03-08
3522,1012,827,purchase,2023-02-05
3523,1020,178,purchase,2023-12-20
3524,1010,1225,payment,2023-08-07
3525,1007,223,refund,2023-06-26
3526,1020,375,refund,2023-03-10
3527,1017,418,purchase,2023-05-12
3528,1009,145,refund,2023-10-16
3529,1011,1199,transfer,2023-10-30
3530,1010,1359,payment,2023-07-27
3531,1019,254,withdrawal,2023-04-14
3532,1020,628,purchase,2023-10-16
3533,1014,779,withdrawal,2023-01-09
3534,1012,1344,payment,2023-05-10
3535,1002,1862,withdrawal,2023-10-23
3536,1009,1567,refund,2023-11-25
3537,1001,1120,transfer,2023-08-22
3538,1003,1356,payment,2023-10-17
3539,1007,1541,purchase,2023-06-30
3540,1001,602,payment,2023-11-15
3541,1018,1885,transfer,2023-05-13
3542,1011,1222,withdrawal,2023-08-02
3543,1002,401,refund,2023-09-08
3544,1016,1816,purchase,2023-03-13
3545,1012,493,withdrawal,2023-07-15
3546,1010,248,transfer,2023-12-24
3547,1014,863,withdrawal,2023-01-28
3548,1007,491,transfer,2023-03-05
3549,1015,1617,transfer,2023-12-01
3550,1004,785,refund,2023-09-08
3551,1020,516,withdrawal,2023-09-14
3552,1019,741,purchase,2023-09-01
3553,1010,618,withdrawal,2023-04-01
3554,1019,1542,refund,2023-07-01
3555,1005,729,withdrawal,2023-08-05
3556,1006,265,transfer,2023-11-22
3557,1005,691,payment,2023-01-19
3558,1019,1851,payment,2023-10-27
3559,1005,953,transfer,2023-03-29
3560,1005,1725,refund,2023-05-14
3561,1006,1530,withdrawal,2023-10-23
3562,1011,711,payment,2023-02-19
3563,1008,679,payment,2023-11-20
3564,1006,1438,refund,2023-02-24
3565,1008,1624,payment,2023-05-21
3566,1009,333,purchase,2023-08-12
3567,1008,1903,payment,2023-01-05
3568,1007,1417,purchase,2023-10-12
3569,1010,791,refund,2023-03-28
3570,1003,1040,refund,2023-11-15
3571,1005,1110,transfer,2023-08-22
3572,1008,786,purchase,2023-06-29
3573,1018,200,payment,2023-08-12
3574,1018,594,payment,2023-10-20
3575,1006,1674,purchase,2023-04-12
3576,1008,1312,withdrawal,2023-03-18
3577,1008,1540,purchase,2023-03-13
3578,1011,346,purchase,2023-07-07
3579,1020,1283,purchase,2023-08-03
3580,1011,804,transfer,2023-08-11
3581,1008,1983,refund,2023-03-09
3582,1007,1594,transfer,2023-05-29
3583,1002,542,purchase,2023-09-14
3584,1014,1557,purchase,2023-09-18
3585,1016,277,transfer,2023-06-05
3586,1006,1981,payment,2023-09-27
3587,1011,1927,refund,2023-12-20
3588,1008,1567,refund,2023-07-09
3589,1012,1123,transfer,2023-06-10
3590,1006,551,refund,2023-02-09
3591,1011,828,refund,2023-02-07
3592,1011,762,refund,2023-04-02
3593,1002,1277,purchase,2023-08-04
3594,1020,508,transfer,2023-01-16
3595,1006,1646,payment,2023-06-02
3596,1013,1795,withdrawal,2023-01-18
3597,1006,1894,withdrawal,2023-06-21
3598,1020,1196,refund,2023-05-20
3599,1019,1603,payment,2023-11-11
3600,1004,970,withdrawal,2023-11-10
3601,1009,626,transfer,2023-05-10
3602,1002,901,purchase,2023-12-17
3603,1013,595,refund,2023-07-23
3604,1010,1758,withdrawal,2023-11-13
3605,1013,1698,refund,2023-06-23
3606,1016,1933,payment,2023-12-14
3607,1020,206,refund,2023-03-25
3608,1010,816,refund,2023-07-08
3609,1012,389,purchase,2023-01-09
3610,1014,1019,withdrawal,2023-12-03
3611,1004,1114,refund,2023-05-20
3612,1004,1660,withdrawal,2023-12-31
3613,1013,1390,purchase,2023-04-28
3614,1004,921,refund,2023-02-09
3615,1001,1781,withdrawal,2023-03-28
3616,1003,300,payment,2023-08-26
3617,1019,1145,transfer,2023-03-26
3618,1017,1728,transfer,2023-08-08
3619,1019,250,purchase,2023-06-24
3620,1005,513,refund,2023-03-07
3621,1005,728,transfer,2023-08-31
3622,1018,721,transfer,2023-04-05
3623,1015,1913,purchase,2023-10-09
3624,1017,676,refund,2023-04-23
3625,1010,1249,transfer,2023-04-04
3626,1009,1911,transfer,2023-12-27
3627,1017,1238,payment,2023-07-31
3628,1005,1936,refund,2023-08-13
3629,1014,683,payment,2023-03-21
3630,1007,1641,withdrawal,2023-04-04
3631,1018,720,transfer,2023-08-12
3632,1017,1311,refund,2023-12-26
3633,1019,1434,refund,2023-05-30
3634,1002,1014,payment,2023-04-13
3635,1014,249,transfer,2023-06-15
3636,1014,790,withdrawal,2023-04-23
3637,1001,1925,transfer,2023-10-19
3638,1008,1499,refund,2023-04-17
3639,1020,1808,withdrawal,2023-11-11
3640,1011,614,purchase,2023-10-29
3641,1009,1802,withdrawal,2023-08-26
3642,1001,172,refund,2023-02-06
3643,1011,1638,payment,2023-04-24
3644,1016,1668,payment,2023-08-10
3645,1010,207,purchase,2023-11-22
3646,1017,330,transfer,2023-11-18
3647,1020,1311,purchase,2023-04-09
3648,1007,885,transfer,2023-09-02
3649,1007,376,payment,2023-08-01
3650,1001,517,transfer,2023-01-21
3651,1015,1783,payment,2023-09-23
3652,1001,1367,refund,2023-10-18
3653,1012,420,transfer,2023-08-17
3654,1004,1700,withdrawal,2023-04-10
3655,1020,1392,purchase,2023-12-05
3656,1009,1837,payment,2023-08-05
3657,1008,1414,refund,2023-02-28
3658,1015,1833,withdrawal,2023-03-25
3659,1015,602,purchase,2023-02-12
3660,1005,534,transfer,2023-02-10
3661,1008,1228,refund,2023-08-22
3662,1016,1159,purchase,2023-11-21
3663,1008,413,refund,2023-03-25
3664,1017,1872,withdrawal,2023-08-28
3665,1016,692,purchase,2023-05-04
3666,1020,971,payment,2023-02-09
3667,1017,1192,payment,2023-05-24
3668,1017,653,withdrawal,2023-05-18
3669,1019,1226,purchase,2023-04-25
3670,1017,1680,payment,2023-11-19
3671,1020,1311,transfer,2023-04-22
3672,1008,1075,transfer,2023-12-23
3673,1013,419,payment,2023-09-05
3674,1006,1746,refund,2023-10-24
3675,1001,1873,transfer,2023-12-20
3676,1017,561,refund,2023-04-23
3677,1005,676,transfer,2023-08-20
3678,1011,1419,payment,2023-12-28
3679,1016,1556,payment,2023-05-22
3680,1020,1141,transfer,2023-12-04
3681,1007,1101,withdrawal,2023-06-14
3682,1007,1054,purchase,2023-09-20
3683,1017,723,transfer,2023-05-22
3684,1007,1155,purchase,2023-04-03
3685,1011,562,refund,2023-09-03
3686,1014,1906,purchase,2023-06-02
3687,1008,1963,refund,2023-06-01
3688,1020,271,payment,2023-12-11
3689,1016,1540,purchase,2023-09-15
3690,1004,1321,transfer,2023-03-02
3691,1015,1328,transfer,2023-11-14
3692,1007,294,purchase,2023-07-17
3693,1006,494,transfer,2023-06-18
3694,1012,1097,payment,2023-08-10
3695,1010,757,withdrawal,2023-07-28
3696,1008,877,transfer,2023-09-12
3697,1016,495,withdrawal,2023-10-26
3698,1017,395,withdrawal,2023-05-23
3699,1005,141,refund,2023-07-19
3700,1001,426,payment,2023-05-09
3701,1010,102,purchase,2023-01-12
3702,1001,390,payment,2023-04-04
3703,1013,1751,refund,2023-11-27
3704,1008,607,purchase,2023-12-04
3705,1013,1818,transfer,2023-08-22
3706,1011,774,transfer,2023-03-22
3707,1017,1490,purchase,2023-05-26
3708,1015,1714,refund,2023-09-08
3709,1005,1148,transfer,2023-07-11
3710,1004,1736,purchase,2023-03-29
3711,1004,229,refund,2023-04-22
3712,1009,1973,transfer,2023-08-18
3713,1014,1104,transfer,2023-02-10
3714,1018,1532,payment,2023-03-31
3715,1008,531,payment,2023-03-10
3716,1010,571,refund,2023-08-03
3717,1014,1621,withdrawal,2023-12-27
3718,1017,1584,withdrawal,2023-04-13
3719,1008,1762,refund,2023-07-21
3720,1007,1999,purchase,2023-06-17
3721,1012,1336,payment,2023-11-23
3722,1017,919,payment,2023-02-16
3723,1015,686,transfer,2023-06-11
3724,1014,118,withdrawal,2023-06-08
3725,1012,989,purchase,2023-11-19
3726,1003,313,purchase,2023-04-27
3727,1007,438,payment,2023-02-14
3728,1004,1639,payment,2023-08-09
3729,1015,538,transfer,2023-05-04
3730,1003,1306,transfer,2023-08-01
3731,1009,405,refund,2023-08-13
3732,1004,1871,refund,2023-12-04
3733,1004,1741,purchase,2023-04-24
3734,1006,826,payment,2023-07-23
3735,1013,877,transfer,2023-07-18
3736,1002,621,transfer,2023-02-01
3737,1014,1124,payment,2023-03-11
3738,1019,927,refund,2023-08-02
3739,1010,305,refund,2023-11-10
3740,1008,1976,purchase,2023-02-10
3741,1012,1438,refund,2023-11-12
3742,1005,298,refund,2023-08-20
3743,1014,265,purchase,2023-01-22
3744,1002,641,withdrawal,2023-02-10
3745,1001,1070,transfer,2023-02-08
3746,1007,1726,transfer,2023-08-15
3747,1006,1833,purchase,2023-12-15
3748,1013,1555,transfer,2023-10-17
3749,1015,1496,purchase,2023-08-25
3750,1016,214,purchase,2023-05-29
3751,1004,112,purchase,2023-08-15
3752,1008,384,transfer,2023-05-02
3753,1012,701,transfer,2023-11-17
3754,1003,1534,purchase,2023-01-20
3755,1015,1675,payment,2023-04-17
3756,1017,1592,refund,2023-07-15
3757,1017,1124,transfer,2023-10-02
3758,1006,1653,transfer,2023-12-18
3759,1018,676,purchase,2023-11-14
3760,1007,482,purchase,2023-07-21
3761,1014,464,transfer,2023-06-15
3762,1019,1311,withdrawal,2023-11-19
3763,1009,667,payment,2023-10-24
3764,1005,134,payment,2023-09-23
3765,1009,1360,purchase,2023-02-15
3766,1018,1237,refund,2023-05-20
3767,1008,1271,refund,2023-04-24
3768,1007,1139,refund,2023-03-25
3769,1004,1601,transfer,2023-05-11
3770,1010,1743,purchase,2023-11-13
3771,1002,257,purchase,2023-02-08
3772,1009,372,payment,2023-10-21
3773,1004,632,refund,2023-09-13
3774,1013,1913,withdrawal,2023-09-09
3775,1018,1048,transfer,2023-05-13
3776,1010,165,refund,2023-08-08
3777,1013,1717,payment,2023-02-11
3778,1011,179,refund,2023-08-15
3779,1012,1022,withdrawal,2023-02-27
3780,1013,769,payment,2023-08-14
3781,1009,416,withdrawal,2023-02-08
3782,1003,1942,purchase,2023-10-17
3783,1010,1968,transfer,2023-02-23
3784,1017,1406,transfer,2023-07-30
3785,1002,683,transfer,2023-04-23
3786,1004,1477,withdrawal,2023-06-12
3787,1017,1510,transfer,2023-08-16
3788,1002,1065,purchase,2023-09-29
3789,1013,824,transfer,2023-01-26
3790,1016,849,transfer,2023-07-04
3791,1009,701,withdrawal,2023-05-10
3792,1011,1166,refund,2023-02-08
3793,1005,903,purchase,2023-04-26
3794,1020,1705,withdrawal,2023-04-20
3795,1014,466,refund,2023-06-01
3796,1014,1700,transfer,2023-01-10
3797,1014,1086,payment,2023-04-03
3798,1006,1748,transfer,2023-07-11
3799,1002,1059,transfer,2023-12-14
3800,1004,1752,transfer,2023-07-30
3801,1015,1916,refund,2023-09-28
3802,1017,1875,payment,2023-04-06
3803,1015,1432,purchase,2023-06-11
3804,1003,997,payment,2023-05-25
3805,1017,1157,refund,2023-09-05
3806,1010,1142,transfer,2023-04-14
3807,1004,573,withdrawal,2023-05-30
3808,1017,229,refund,2023-02-14
3809,1015,869,payment,2023-01-15
3810,1012,1800,refund,2023-08-15
3811,1019,186,purchase,2023-11-13
3812,1008,913,payment,2023-02-13
3813,1013,1612,transfer,2023-10-08
3814,1013,1597,refund,2023-03-31
3815,1007,453,withdrawal,2023-08-02
3816,1004,604,transfer,2023-10-25
3817,1015,262,purchase,2023-08-27
3818,1002,258,withdrawal,2023-08-03
3819,1019,518,payment,2023-11-28
3820,1004,1779,purchase,2023-04-11
3821,1011,1083,transfer,2023-06-30
3822,1001,1331,withdrawal,2023-06-19
3823,1018,1490,purchase,2023-08-26
3824,1012,322,transfer,2023-10-19
3825,1017,1542,refund,2023-09-16
3826,1008,1943,withdrawal,2023-10-22
3827,1003,497,payment,2023-10-27
3828,1001,1539,refund,2023-05-25
3829,1008,1921,refund,2023-07-17
3830,1019,1706,purchase,2023-05-11
3831,1007,596,refund,2023-08-25
3832,1017,1215,purchase,2023-11-13
3833,1010,1830,refund,2023-05-29
3834,1017,1843,purchase,2023-06-22
3835,1011,612,payment,2023-08-03
3836,1012,1453,refund,2023-12-17
3837,1020,1751,transfer,2023-02-20
3838,1018,279,withdrawal,2023-04-13
3839,1001,1619,transfer,2023-07-25
3840,1013,1993,transfer,2023-01-25
3841,1004,1695,withdrawal,2023-02-26
3842,1010,1010,payment,2023-01-11
3843,1012,1438,payment,2023-06-22
3844,1016,318,refund,2023-12-25
3845,1013,1468,payment,2023-12-20
3846,1013,461,refund,2023-07-17
3847,1014,1170,payment,2023-11-15
3848,1011,799,payment,2023-01-12
3849,1003,254,transfer,2023-02-22
3850,1002,446,purchase,2023-09-18
3851,1003,231,withdrawal,2023-05-08
3852,1001,400,transfer,2023-05-16
3853,1004,598,payment,2023-07-31
3854,1004,853,refund,2023-07-07
3855,1007,1553,transfer,2023-10-17
3856,1016,1127,purchase,2023-07-10
3857,1016,722,purchase,2023-12-19
3858,1012,1100,transfer,2023-11-29
3859,1016,1032,refund,2023-12-23
3860,1006,1043,payment,2023-05-29
3861,1012,1791,refund,2023-08-21
3862,1011,1222,transfer,2023-06-10
3863,1003,1885,purchase,2023-06-12
3864,1010,639,purchase,2023-01-13
3865,1017,1494,transfer,2023-04-04
3866,1003,841,withdrawal,2023-12-29
3867,1008,1218,refund,2023-01-26
3868,1001,350,transfer,2023-06-30
3869,1018,966,purchase,2023-04-10
3870,1013,1368,withdrawal,2023-05-06
3871,1015,1537,transfer,2023-10-01
3872,1005,1268,refund,2023-04-09
3873,1017,113,transfer,2023-10-26
3874,1006,1840,payment,2023-06-19
3875,1019,317,withdrawal,2023-02-21
3876,1005,1856,refund,2023-06-05
3877,1012,796,refund,2023-10-11
3878,1020,480,refund,2023-10-05
3879,1002,503,refund,2023-04-21
3880,1014,1304,purchase,2023-07-03
3881,1018,130,payment,2023-06-30
3882,1011,1740,withdrawal,2023-11-03
3883,1004,1734,transfer,2023-07-04
3884,1007,876,payment,2023-10-21
3885,1004,435,refund,2023-07-09
3886,1010,613,withdrawal,2023-11-01
3887,1007,412,payment,2023-10-02
3888,1018,243,withdrawal,2023-01-19
3889,1016,796,withdrawal,2023-12-24
3890,1015,162,withdrawal,2023-06-13
3891,1015,269,payment,2023-01-29
3892,1020,770,payment,2023-01-15
3893,1009,1752,withdrawal,2023-05-02
3894,1014,991,transfer,2023-05-20
3895,1001,1338,refund,2023-08-26
3896,1013,1897,transfer,2023-07-14
3897,1016,673,payment,2023-09-11
3898,1007,614,purchase,2023-03-24
3899,1006,1704,purchase,2023-05-11
3900,1011,1851,payment,2023-02-28
3901,1001,207,transfer,2023-10-31
3902,1011,1582,withdrawal,2023-11-04
3903,1004,298,transfer,2023-06-11
3904,1006,1842,refund,2023-04-08
3905,1003,388,refund,2023-07-19
3906,1006,525,purchase,2023-12-17
3907,1006,1431,payment,2023-03-04
3908,1017,1064,purchase,2023-08-06
3909,1004,369,refund,2023-10-01
3910,1020,1510,payment,2023-05-22
3911,1017,1167,payment,2023-10-04
3912,1020,187,payment,2023-05-23
3913,1005,1199,refund,2023-06-07
3914,1004,1725,purchase,2023-03-26
3915,1006,914,transfer,2023-09-12
3916,1005,996,refund,2023-08-07
3917,1006,1071,purchase,2023-11-08
3918,1006,241,payment,2023-03-24
3919,1015,1833,withdrawal,2023-09-04
3920,1008,445,payment,2023-07-06
3921,1017,121,transfer,2023-08-14
3922,1003,1737,withdrawal,2023-07-01
3923,1018,1759,transfer,2023-08-13
3924,1001,773,refund,2023-03-30
3925,1016,1786,withdrawal,2023-04-01
3926,1016,1301,refund,2023-05-08
3927,1017,1299,withdrawal,2023-07-01
3928,1012,1716,withdrawal,2023-12-26
3929,1018,717,transfer,2023-04-07
3930,1018,833,transfer,2023-02-09
3931,1014,1342,transfer,2023-07-17
3932,1010,1754,withdrawal,2023-04-11
3933,1005,932,payment,2023-07-16
3934,1003,813,transfer,2023-03-01
3935,1017,903,transfer,2023-12-27
3936,1012,1833,withdrawal,2023-03-18
3937,1016,1296,payment,2023-11-09
3938,1004,147,refund,2023-09-14
3939,1001,992,transfer,2023-02-28
3940,1010,1440,payment,2023-02-14
3941,1019,915,payment,2023-01-24
3942,1012,1627,withdrawal,2023-03-03
3943,1014,756,payment,2023-04-10
3944,1017,1919,refund,2023-06-05
3945,1017,1291,transfer,2023-05-13
3946,1007,1319,refund,2023-05-31
3947,1002,111,purchase,2023-08-12
3948,1019,108,payment,2023-03-09
3949,1016,1462,refund,2023-01-03
3950,1007,1518,purchase,2023-07-23
3951,1014,1090,purchase,2023-10-22
3952,1006,1011,purchase,2023-01-14
3953,1006,854,payment,2023-01-25
3954,1006,1020,withdrawal,2023-12-21
3955,1011,1041,transfer,2023-01-21
3956,1011,1993,withdrawal,2023-04-19
3957,1010,1499,payment,2023-08-04
3958,1008,1461,payment,2023-12-06
3959,1015,335,payment,2023-09-17
3960,1020,773,payment,2023-08-01
3961,1005,346,purchase,2023-05-12
3962,1012,1798,refund,2023-03-14
3963,1013,554,withdrawal,2023-05-16
3964,1015,1823,payment,2023-11-08
3965,1007,1556,withdrawal,2023-07-13
3966,1012,1779,purchase,2023-06-23
3967,1004,490,refund,2023-03-28
3968,1015,392,transfer,2023-09-28
3969,1008,1990,payment,2023-06-05
3970,1004,593,withdrawal,2023-01-23
3971,1018,1388,payment,2023-09-06
3972,1005,1169,refund,2023-03-21
3973,1010,1336,withdrawal,2023-01-05
3974,1020,1680,withdrawal,2023-07-07
3975,1008,1078,withdrawal,2023-10-28
3976,1004,1698,transfer,2023-06-01
3977,1019,289,payment,2023-02-28
3978,1019,806,payment,2023-08-14
3979,1018,390,transfer,2023-02-08
3980,1012,1003,payment,2023-08-03
3981,1005,1155,purchase,2023-11-27
3982,1007,928,withdrawal,2023-07-20
3983,1019,1465,payment,2023-12-14
3984,1006,1017,transfer,2023-11-13
3985,1010,474,transfer,2023-03-03
3986,1002,590,purchase,2023-07-26
3987,1020,520,payment,2023-02-21
3988,1011,1204,transfer,2023-02-15
3989,1007,554,transfer,2023-07-16
3990,1017,514,payment,2023-02-02
3991,1018,1105,payment,2023-11-28
3992,1018,389,purchase,2023-11-16
3993,1018,893,transfer,2023-04-14
3994,1018,1202,withdrawal,2023-04-01
3995,1017,918,refund,2023-09-06
3996,1018,1527,refund,2023-04-07
3997,1010,455,transfer,2023-02-23
3998,1001,702,payment,2023-11-03
3999,1011,1822,payment,2023-04-01
4000,1016,479,purchase,2023-04-13
4001,1012,732,transfer,2023-01-22
4002,1007,1040,transfer,2023-04-01
4003,1008,297,withdrawal,2023-10-09
4004,1013,825,purchase,2023-03-24
4005,1011,630,payment,2023-03-16
4006,1003,1276,refund,2023-05-25
4007,1015,393,transfer,2023-01-30
4008,1003,1965,refund,2023-12-04
4009,1003,1547,withdrawal,2023-12-03
4010,1015,254,payment,2023-09-07
4011,1011,544,purchase,2023-07-02
4012,1016,117,refund,2023-04-28
4013,1019,1034,payment,2023-10-22
4014,1012,667,payment,2023-02-07
4015,1005,1649,payment,2023-03-22
4016,1013,896,transfer,2023-01-24
4017,1006,1658,payment,2023-02-22
4018,1020,1011,transfer,2023-07-05
4019,1012,1188,purchase,2023-01-05
4020,1014,929,refund,2023-06-03
4021,1012,1228,purchase,2023-08-18
4022,1012,524,refund,2023-12-06
4023,1011,1063,transfer,2023-01-17
4024,1020,1343,refund,2023-12-20
4025,1011,359,payment,2023-06-01
4026,1002,337,withdrawal,2023-02-09
4027,1010,523,payment,2023-12-15
4028,1011,188,payment,2023-02-25
4029,1016,1068,purchase,2023-10-29
4030,1011,304,withdrawal,2023-05-28
4031,1001,784,purchase,2023-01-02
4032,1011,1062,payment,2023-09-18
4033,1016,1599,withdrawal,2023-12-31
4034,1001,1946,purchase,2023-11-12
4035,1014,721,refund,2023-03-16
4036,1002,1228,refund,2023-11-01
4037,1020,805,purchase,2023-03-20
4038,1005,196,transfer,2023-02-10
4039,1015,1099,transfer,2023-05-17
4040,1017,1011,withdrawal,2023-02-15
4041,1016,877,purchase,2023-11-29
4042,1007,1840,refund,2023-05-13
4043,1013,1681,purchase,2023-07-04
4044,1016,1379,withdrawal,2023-03-01
4045,1008,1577,withdrawal,2023-12-27
4046,1012,1590,purchase,2023-12-18
4047,1005,1095,purchase,2023-07-18
4048,1010,1825,refund,2023-12-27
4049,1016,1229,withdrawal,2023-06-28
4050,1012,338,transfer,2023-06-05
4051,1001,629,refund,2023-03-08
4052,1004,1810,purchase,2023-10-08
4053,1001,584,transfer,2023-11-11
4054,1004,276,refund,2023-03-06
4055,1011,932,refund,2023-11-28
4056,1018,1287,payment,2023-11-30
4057,1006,1855,purchase,2023-01-11
4058,1004,1755,purchase,2023-12-05
4059,1018,1436,transfer,2023-05-20
4060,1018,1291,withdrawal,2023-12-20
4061,1017,549,purchase,2023-11-20
4062,1009,384,withdrawal,2023-01-05
4063,1003,1137,withdrawal,2023-04-05
4064,1019,1906,refund,2023-04-29
4065,1003,1478,payment,2023-06-12
4066,1013,1985,payment,2023-08-04
4067,1011,255,purchase,2023-09-23
4068,1010,1543,withdrawal,2023-06-30
4069,1009,1341,transfer,2023-10-22
4070,1008,129,transfer,2023-05-05
4071,1006,1903,purchase,2023-11-19
4072,1016,800,transfer,2023-12-11
4073,1001,1245,refund,2023-04-25
4074,1002,1738,payment,2023-09-16
4075,1017,1757,transfer,2023-01-13
4076,1003,158,payment,2023-08-24
4077,1006,384,refund,2023-03-23
4078,1019,548,purchase,2023-11-04
4079,1018,1976,refund,2023-06-14
4080,1017,1011,purchase,2023-11-06
4081,1007,1679,transfer,2023-05-28
4082,1008,1553,payment,2023-03-05
4083,1001,200,transfer,2023-10-25
4084,1018,787,withdrawal,2023-11-21
4085,1014,316,payment,2023-10-17
4086,1008,1539,withdrawal,2023-04-07
4087,1008,1069,withdrawal,2023-11-29
4088,1007,727,refund,2023-03-30
4089,1014,156,payment,2023-05-15
4090,1014,706,purchase,2023-12-17
4091,1004,1786,payment,2023-11-19
4092,1004,255,payment,2023-03-31
4093,1015,1210,payment,2023-09-17
4094,1001,290,refund,2023-02-04
4095,1012,773,payment,2023-01-09
4096,1018,799,purchase,2023-08-08
4097,1008,1893,transfer,2023-04-26
4098,1005,1137,purchase,2023-08-12
4099,1018,212,withdrawal,2023-03-11
4100,1005,1149,withdrawal,2023-03-04
4101,1002,1595,purchase,2023-03-29
4102,1015,640,withdrawal,2023-07-29
4103,1016,1380,refund,2023-09-22
4104,1011,1439,withdrawal,2023-08-28
4105,1005,1293,purchase,2023-09-25
4106,1020,847,refund,2023-10-02
4107,1015,1591,refund,2023-11-22
4108,1020,975,purchase,2023-09-20
4109,1017,432,payment,2023-11-06
4110,1018,949,payment,2023-04-13
4111,1002,460,refund,2023-12-22
4112,1004,1305,withdrawal,2023-07-03
4113,1008,485,refund,2023-06-20
4114,1007,1302,purchase,2023-02-27
4115,1004,809,purchase,2023-05-19
4116,1001,1917,payment,2023-12-04
4117,1017,155,transfer,2023-11-04
4118,1002,1867,payment,2023-08-28
4119,1003,363,transfer,2023-11-15
4120,1003,612,withdrawal,2023-06-08
4121,1010,1553,purchase,2023-01-16
4122,1009,1660,withdrawal,2023-05-21
4123,1011,1480,payment,2023-07-23
4124,1010,984,transfer,2023-04-21
4125,1018,741,refund,2023-06-14
4126,1013,167,purchase,2023-08-10
4127,1006,1019,purchase,2023-10-29
4128,1011,1178,transfer,2023-06-27
4129,1013,1599,purchase,2023-03-30
4130,1006,874,transfer,2023-04-26
4131,1017,1468,transfer,2023-10-19
4132,1019,887,purchase,2023-09-08
4133,1007,801,transfer,2023-08-21
4134,1015,1547,payment,2023-01-05
4135,1015,588,purchase,2023-01-06
4136,1010,1081,purchase,2023-05-03
4137,1006,493,purchase,2023-04-29
4138,1012,1086,refund,2023-06-15
4139,1013,1024,transfer,2023-10-11
4140,1011,1023,transfer,2023-07-10
4141,1020,1324,refund,2023-05-09
4142,1007,1005,purchase,2023-05-23
4143,1009,1411,purchase,2023-10-31
4144,1011,1372,transfer,2023-03-17
4145,1016,1007,withdrawal,2023-12-27
4146,1006,1213,withdrawal,2023-03-16
4147,1010,483,purchase,2023-01-21
4148,1011,965,refund,2023-11-21
4149,1014,500,withdrawal,2023-12-01
4150,1003,590,withdrawal,2023-03-09
4151,1015,1302,payment,2023-11-20
4152,1012,1902,purchase,2023-12-06
4153,1020,1043,payment,2023-08-22
4154,1015,754,transfer,2023-06-18
4155,1010,804,transfer,2023-04-18
4156,1013,809,payment,2023-10-07
4157,1007,531,withdrawal,2023-11-08
4158,1005,801,purchase,2023-03-11
4159,1019,1135,withdrawal,2023-11-14
4160,1014,614,withdrawal,2023-11-02
4161,1005,429,refund,2023-03-06
4162,1005,1487,purchase,2023-09-08
4163,1016,351,payment,2023-07-22
4164,1007,1759,refund,2023-08-20
4165,1015,771,purchase,2023-03-11
4166,1016,832,payment,2023-03-29
4167,1002,1494,withdrawal,2023-08-09
4168,1019,202,refund,2023-11-26
4169,1006,476,payment,2023-06-25
4170,1006,113,transfer,2023-12-06
4171,1001,1304,transfer,2023-09-06
4172,1020,1494,refund,2023-09-03
4173,1001,817,withdrawal,2023-09-08
4174,1016,303,withdrawal,2023-07-26
4175,1006,541,purchase,2023-08-05
4176,1011,1959,transfer,2023-02-27
4177,1006,1596,withdrawal,2023-05-09
4178,1013,112,withdrawal,2023-10-20
4179,1008,1772,transfer,2023-09-15
4180,1013,1234,refund,2023-01-16
4181,1013,610,purchase,2023-05-24
4182,1011,429,payment,2023-11-11
4183,1018,1740,refund,2023-08-05
4184,1013,1119,refund,2023-12-30
4185,1015,1341,refund,2023-08-27
4186,1019,1569,transfer,2023-05-06
4187,1008,1921,withdrawal,2023-01-12
4188,1018,1399,refund,2023-03-21
4189,1008,713,transfer,2023-02-07
4190,1008,1018,transfer,2023-03-18
4191,1001,1539,purchase,2023-05-21
4192,1006,1964,refund,2023-06-22
4193,1004,1291,transfer,2023-02-11
4194,1010,384,transfer,2023-01-10
4195,1011,1170,refund,2023-08-19
4196,1001,1984,withdrawal,2023-09-07
4197,1003,239,transfer,2023-11-01
4198,1018,871,withdrawal,2023-05-26
4199,1020,1555,refund,2023-10-25
4200,1016,1718,refund,2023-01-14
4201,1003,821,purchase,2023-01-20
4202,1020,262,payment,2023-12-15
4203,1013,1060,payment,2023-10-29
4204,1013,1747,payment,2023-01-01
4205,1004,340,transfer,2023-07-23
4206,1010,174,transfer,2023-04-25
4207,1015,560,withdrawal,2023-07-23
4208,1013,1700,payment,2023-01-04
4209,1001,329,refund,2023-06-29
4210,1015,1147,payment,2023-04-21
4211,1012,706,purchase,2023-09-21
4212,1019,1797,withdrawal,2023-06-23
4213,1020,719,refund,2023-12-16
4214,1011,1451,purchase,2023-02-07
4215,1004,606,purchase,2023-09-03
4216,1012,106,withdrawal,2023-07-07
4217,1018,1371,purchase,2023-01-14
4218,1013,605,refund,2023-05-04
4219,1009,1018,refund,2023-06-21
4220,1014,616,payment,2023-12-23
4221,1014,974,purchase,2023-11-29
4222,1014,731,withdrawal,2023-03-10
4223,1010,484,refund,2023-07-01
4224,1007,1196,withdrawal,2023-11-09
4225,1013,1948,transfer,2023-11-05
4226,1014,786,payment,2023-01-09
4227,1012,190,refund,2023-04-13
4228,1014,678,purchase,2023-10-21
4229,1017,1411,payment,2023-10-29
4230,1015,914,transfer,2023-09-10
4231,1004,425,payment,2023-06-09
4232,1018,1162,purchase,2023-11-27
4233,1010,450,purchase,2023-08-24
4234,1015,932,purchase,2023-02-05
4235,1006,795,withdrawal,2023-02-15
4236,1008,437,payment,2023-08-24
4237,1006,1993,purchase,2023-03-23
4238,1013,1339,withdrawal,2023-12-13
4239,1015,1989,withdrawal,2023-07-21
4240,1002,1697,payment,2023-12-24
4241,1018,1265,refund,2023-06-21
4242,1006,389,refund,2023-03-25
4243,1019,1550,transfer,2023-12-23
4244,1020,1434,payment,2023-10-08
4245,1020,1169,purchase,2023-03-05
4246,1013,1543,purchase,2023-12-08
4247,1004,1816,purchase,2023-07-11
4248,1006,1295,transfer,2023-07-29
4249,1012,1780,purchase,2023-11-18
4250,1014,254,transfer,2023-12-13
4251,1013,360,payment,2023-12-19
4252,1009,1014,refund,2023-01-16
4253,1006,1523,withdrawal,2023-03-08
4254,1015,1396,withdrawal,2023-01-04
4255,1009,1229,refund,2023-01-01
4256,1018,1179,withdrawal,2023-08-05
4257,1007,1989,purchase,2023-07-24
4258,1014,1895,payment,2023-11-21
4259,1012,1827,payment,2023-09-14
4260,1004,1183,withdrawal,2023-05-10
4261,1020,1109,withdrawal,2023-05-30
4262,1005,1593,transfer,2023-12-10
4263,1012,1017,transfer,2023-10-23
4264,1013,889,refund,2023-09-04
4265,1017,744,refund,2023-03-24
4266,1003,1397,payment,2023-11-06
4267,1010,1469,transfer,2023-12-03
4268,1005,1396,transfer,2023-04-05
4269,1018,924,withdrawal,2023-05-28
4270,1010,153,transfer,2023-04-14
4271,1009,1670,withdrawal,2023-08-24
4272,1009,694,payment,2023-11-21
4273,1018,1504,refund,2023-08-07
4274,1014,313,payment,2023-12-09
4275,1003,1177,transfer,2023-09-11
4276,1016,1529,purchase,2023-07-29
4277,1019,149,transfer,2023-11-19
4278,1003,504,refund,2023-10-29
4279,1011,788,transfer,2023-09-03
4280,1007,1142,transfer,2023-05-15
4281,1012,570,transfer,2023-11-12
4282,1020,1591,refund,2023-10-27
4283,1012,1522,withdrawal,2023-04-06
4284,1006,1410,withdrawal,2023-06-16
4285,1008,655,transfer,2023-05-27
4286,1006,1905,payment,2023-06-16
4287,1001,1645,transfer,2023-06-19
4288,1020,491,payment,2023-10-07
4289,1011,1131,purchase,2023-07-28
4290,1004,1105,withdrawal,2023-04-16
4291,1018,993,purchase,2023-04-19
4292,1006,1832,withdrawal,2023-06-19
4293,1020,1306,purchase,2023-05-20
4294,1009,1081,payment,2023-06-04
4295,1017,1135,payment,2023-12-23
4296,1013,1161,refund,2023-01-09
4297,1010,476,withdrawal,2023-07-13
4298,1008,1480,refund,2023-09-22
4299,1004,1654,purchase,2023-04-20
4300,1012,1687,payment,2023-02-04
4301,1015,1968,payment,2023-06-17
4302,1001,359,withdrawal,2023-05-25
4303,1013,282,purchase,2023-08-22
4304,1018,1285,purchase,2023-07-15
4305,1008,1560,refund,2023-08-15
4306,1007,910,payment,2023-04-30
4307,1015,777,payment,2023-10-25
4308,1013,273,withdrawal,2023-08-04
4309,1018,1455,payment,2023-10-04
4310,1002,994,payment,2023-12-02
4311,1010,540,purchase,2023-06-19
4312,1017,1180,refund,2023-06-09
4313,1013,1126,payment,2023-06-28
4314,1019,573,payment,2023-05-11
4315,1019,1264,refund,2023-11-20
4316,1018,1687,transfer,2023-10-13
4317,1008,1087,transfer,2023-02-28
4318,1013,810,purchase,2023-03-19
4319,1002,1069,transfer,2023-11-13
4320,1007,120,purchase,2023-03-18
4321,1017,1209,refund,2023-04-14
4322,1020,359,transfer,2023-09-20
4323,1015,372,withdrawal,2023-01-13
4324,1012,1046,withdrawal,2023-07-03
4325,1011,1970,refund,2023-09-17
4326,1020,1546,transfer,2023-08-12
4327,1007,1354,payment,2023-11-02
4328,1001,1015,purchase,2023-03-20
4329,1019,110,payment,2023-02-10
4330,1001,1472,transfer,2023-11-18
4331,1002,1369,payment,2023-07-29
4332,1020,396,purchase,2023-05-10
4333,1004,1486,transfer,2023-06-08
4334,1003,1919,withdrawal,2023-06-10
4335,1017,1313,withdrawal,2023-09-30
4336,1006,1969,withdrawal,2023-06-22
4337,1005,1044,transfer,2023-06-04
4338,1016,830,payment,2023-06-14
4339,1001,1954,purchase,2023-01-28
4340,1007,534,payment,2023-04-13
4341,1011,985,withdrawal,2023-01-27
4342,1011,108,withdrawal,2023-11-19
4343,1016,934,refund,2023-08-17
4344,1004,323,payment,2023-03-01
4345,1006,1265,purchase,2023-05-27
4346,1001,118,transfer,2023-02-13
4347,1006,1500,withdrawal,2023-08-17
4348,1004,1620,withdrawal,2023-12-17
4349,1003,543,transfer,2023-02-28
4350,1002,746,transfer,2023-02-22
4351,1017,463,transfer,2023-07-17
4352,1020,1424,refund,2023-01-25
4353,1008,1281,payment,2023-12-22
4354,1003,1793,payment,2023-02-19
4355,1007,1555,refund,2023-08-05
4356,1013,434,payment,2023-08-06
4357,1002,296,transfer,2023-06-30
4358,1020,1658,purchase,2023-07-24
4359,1015,952,withdrawal,2023-09-16
4360,1019,761,refund,2023-03-07
4361,1002,1759,transfer,2023-10-27
4362,1009,302,refund,2023-12-01
4363,1012,1827,refund,2023-04-16
4364,1002,962,transfer,2023-05-20
4365,1003,1500,transfer,2023-02-11
4366,1010,1916,refund,2023-03-10
4367,1001,1837,purchase,2023-09-05
4368,1016,1515,payment,2023-09-01
4369,1009,802,purchase,2023-01-24
4370,1004,1584,purchase,2023-05-02
4371,1002,207,transfer,2023-04-27
4372,1017,1235,refund,2023-06-01
4373,1020,1421,transfer,2023-05-31
4374,1019,1864,payment,2023-10-08
4375,1012,257,purchase,2023-06-05
4376,1003,1568,withdrawal,2023-03-23
4377,1012,1566,withdrawal,2023-01-13
4378,1008,947,withdrawal,2023-10-14
4379,1019,524,refund,2023-03-14
4380,1013,825,purchase,2023-12-25
4381,1004,107,purchase,2023-03-04
4382,1002,1496,withdrawal,2023-06-26
4383,1004,988,withdrawal,2023-05-10
4384,1006,231,transfer,2023-02-16
4385,1018,363,refund,2023-01-20
4386,1001,1601,refund,2023-05-10
4387,1001,1691,payment,2023-10-04
4388,1004,503,withdrawal,2023-10-29
4389,1010,817,purchase,2023-02-06
4390,1009,1395,refund,2023-09-21
4391,1004,1915,transfer,2023-09-22
4392,1006,1139,transfer,2023-10-25
4393,1018,1381,payment,2023-04-30
4394,1003,1311,transfer,2023-12-02
4395,1011,1027,purchase,2023-12-01
4396,1014,899,transfer,2023-02-06
4397,1016,821,purchase,2023-02-21
4398,1009,935,payment,2023-07-05
4399,1005,850,refund,2023-08-19
4400,1001,1703,refund,2023-01-23
4401,1014,847,transfer,2023-07-18
4402,1002,220,transfer,2023-03-01
4403,1020,219,refund,2023-04-28
4404,1016,1241,refund,2023-04-13
4405,1010,222,purchase,2023-10-26
4406,1016,1095,transfer,2023-09-07
4407,1001,1376,transfer,2023-04-10
4408,1013,588,payment,2023-06-21
4409,1017,394,payment,2023-03-15
4410,1013,1727,transfer,2023-01-04
4411,1017,928,transfer,2023-03-03
4412,1016,494,purchase,2023-09-30
4413,1008,569,payment,2023-05-20
4414,1011,1736,transfer,2023-02-09
4415,1013,1964,refund,2023-03-25
4416,1020,190,purchase,2023-11-10
4417,1011,369,withdrawal,2023-06-19
4418,1008,1930,transfer,2023-01-27
4419,1002,1291,refund,2023-01-11
4420,1002,1995,purchase,2023-09-29
4421,1014,1214,refund,2023-03-16
4422,1018,1225,refund,2023-10-10
4423,1010,538,refund,2023-07-14
4424,1002,1605,transfer,2023-03-09
4425,1004,212,payment,2023-07-24
4426,1004,871,purchase,2023-04-15
4427,1017,1153,purchase,2023-10-15
4428,1001,637,payment,2023-09-09
4429,1001,1259,transfer,2023-01-26
4430,1002,439,withdrawal,2023-11-05
4431,1015,318,withdrawal,2023-08-18
4432,1005,1792,refund,2023-08-10
4433,1019,1067,refund,2023-02-28
4434,1014,841,transfer,2023-10-19
4435,1015,1140,payment,2023-05-22
4436,1008,421,transfer,2023-09-25
4437,1009,1838,refund,2023-09-15
4438,1001,695,purchase,2023-03-09
4439,1010,804,transfer,2023-07-13
4440,1016,1495,transfer,2023-08-12
4441,1002,1012,withdrawal,2023-02-28
4442,1015,946,withdrawal,2023-10-15
4443,1003,1509,refund,2023-04-11
4444,1004,642,refund,2023-04-30
4445,1011,574,withdrawal,2023-02-05
4446,1011,1287,payment,2023-11-13
4447,1011,1837,purchase,2023-01-14
4448,1003,1928,payment,2023-01-09
4449,1010,1843,transfer,2023-09-29
4450,1015,499,withdrawal,2023-02-21
4451,1017,1381,payment,2023-11-18
4452,1003,464,purchase,2023-08-24
4453,1014,1926,payment,2023-06-26
4454,1009,470,purchase,2023-12-26
4455,1007,616,transfer,2023-02-07
4456,1019,1902,payment,2023-06-13
4457,1012,1088,refund,2023-01-19
4458,1005,1186,purchase,2023-06-30
4459,1008,895,withdrawal,2023-04-27
4460,1018,1237,transfer,2023-05-21
4461,1013,1999,purchase,2023-12-01
4462,1004,771,payment,2023-09-24
4463,1007,937,purchase,2023-06-02
4464,1014,1392,withdrawal,2023-10-02
4465,1003,1221,transfer,2023-10-24
4466,1016,1265,purchase,2023-10-12
4467,1005,431,payment,2023-08-08
4468,1016,1938,refund,2023-04-27
4469,1011,726,payment,2023-09-24
4470,1018,863,transfer,2023-04-11
4471,1002,1624,withdrawal,2023-02-15
4472,1007,138,purchase,2023-10-01
4473,1002,1589,withdrawal,2023-05-06
4474,1004,886,purchase,2023-12-13
4475,1012,1019,withdrawal,2023-11-19
4476,1002,949,withdrawal,2023-01-19
4477,1003,1134,purchase,2023-08-01
4478,1011,1979,transfer,2023-08-22
4479,1009,655,transfer,2023-02-22
4480,1018,1148,payment,2023-07-30
4481,1008,1527,purchase,2023-05-20
4482,1014,1848,withdrawal,2023-03-25
4483,1009,1474,withdrawal,2023-06-13
4484,1019,132,purchase,2023-08-03
4485,1012,1777,refund,2023-10-18
4486,1008,1117,purchase,2023-04-14
4487,1019,980,transfer,2023-10-14
4488,1015,1199,purchase,2023-01-18
4489,1003,318,withdrawal,2023-10-18
4490,1008,1739,refund,2023-11-03
4491,1003,1917,withdrawal,2023-08-11
4492,1016,975,withdrawal,2023-03-13
4493,1012,1073,transfer,2023-01-30
4494,1013,1291,purchase,2023-04-18
4495,1001,1044,payment,2023-03-03
4496,1015,1041,withdrawal,2023-01-13
4497,1009,554,purchase,2023-11-23
4498,1013,1876,payment,2023-05-19
4499,1002,847,purchase,2023-07-14
4500,1007,488,refund,2023-03-12
4501,1019,506,refund,2023-08-02
4502,1011,282,purchase,2023-01-28
4503,1009,1445,transfer,2023-09-12
4504,1006,1393,purchase,2023-09-20
4505,1018,1564,payment,2023-06-04
4506,1005,1862,withdrawal,2023-05-31
4507,1015,108,payment,2023-12-27
4508,1007,1296,payment,2023-04-11
4509,1011,1241,transfer,2023-03-15
4510,1013,1040,transfer,2023-12-15
4511,1011,1009,transfer,2023-03-19
4512,1015,1262,purchase,2023-10-05
4513,1013,1161,payment,2023-06-19
4514,1013,1366,withdrawal,2023-06-12
4515,1011,611,withdrawal,2023-01-29
4516,1002,607,purchase,2023-05-02
4517,1019,668,refund,2023-06-14
4518,1003,1011,purchase,2023-09-04
4519,1018,456,purchase,2023-07-09
4520,1016,1675,purchase,2023-05-16
4521,1003,809,refund,2023-06-21
4522,1010,1139,refund,2023-06-11
4523,1019,1647,payment,2023-07-12
4524,1006,234,transfer,2023-09-28
4525,1017,102,payment,2023-03-27
4526,1014,1473,purchase,2023-08-04
4527,1010,1031,payment,2023-01-15
4528,1001,1584,refund,2023-04-28
4529,1016,1290,transfer,2023-06-07
4530,1013,1981,purchase,2023-10-27
4531,1003,522,purchase,2023-02-16
4532,1015,1235,transfer,2023-04-20
4533,1017,1406,purchase,2023-10-12
4534,1005,148,withdrawal,2023-06-26
4535,1015,387,purchase,2023-02-04
4536,1016,1022,purchase,2023-11-25
4537,1006,1092,withdrawal,2023-08-27
4538,1011,1158,payment,2023-08-12
4539,1018,1627,payment,2023-10-12
4540,1011,1914,refund,2023-09-26
4541,1006,943,transfer,2023-05-12
4542,1013,609,purchase,2023-05-21
4543,1015,1690,transfer,2023-07-13
4544,1014,799,refund,2023-11-21
4545,1019,586,transfer,2023-07-27
4546,1002,868,refund,2023-01-29
4547,1012,1607,purchase,2023-06-21
4548,1004,112,transfer,2023-07-19
4549,1009,1452,purchase,2023-05-10
4550,1007,1383,purchase,2023-07-24
4551,1008,1039,withdrawal,2023-12-18
4552,1019,1877,payment,2023-05-15
4553,1020,904,payment,2023-02-07
4554,1019,215,transfer,2023-06-03
4555,1019,1554,transfer,2023-04-24
4556,1010,1113,payment,2023-09-21
4557,1012,1661,withdrawal,2023-04-24
4558,1012,403,refund,2023-07-04
4559,1019,954,transfer,2023-04-25
4560,1001,975,transfer,2023-02-22
4561,1011,1835,payment,2023-09-19
4562,1001,1524,purchase,2023-12-15
4563,1002,1695,purchase,2023-11-23
4564,1005,1812,refund,2023-11-24
4565,1016,1804,purchase,2023-03-28
4566,1002,286,payment,2023-03-17
4567,1017,1678,withdrawal,2023-08-28
4568,1001,709,payment,2023-09-15
4569,1003,1697,refund,2023-05-24
4570,1018,285,refund,2023-03-29
4571,1002,1882,purchase,2023-03-03
4572,1008,1327,refund,2023-09-15
4573,1020,1182,payment,2023-11-29
4574,1015,351,refund,2023-08-14
4575,1007,243,withdrawal,2023-06-13
4576,1004,1083,transfer,2023-03-13
4577,1004,412,withdrawal,2023-07-01
4578,1013,972,refund,2023-06-22
4579,1011,1381,refund,2023-07-17
4580,1009,684,refund,2023-06-02
4581,1002,936,payment,2023-02-15
4582,1015,1142,refund,2023-11-02
4583,1014,113,withdrawal,2023-08-14
4584,1018,1212,purchase,2023-09-30
4585,1006,1462,transfer,2023-07-27
4586,1010,1991,refund,2023-05-07
4587,1018,1872,payment,2023-09-29
4588,1001,1124,transfer,2023-05-26
4589,1008,1215,payment,2023-10-20
4590,1017,1151,payment,2023-09-04
4591,1007,1249,withdrawal,2023-07-08
4592,1017,781,withdrawal,2023-12-03
4593,1017,773,purchase,2023-01-26
4594,1006,1838,payment,2023-09-11
4595,1016,1510,refund,2023-12-27
4596,1014,1600,refund,2023-05-02
4597,1018,1166,refund,2023-11-06
4598,1017,1746,payment,2023-09-30
4599,1020,1270,withdrawal,2023-10-09
4600,1012,435,transfer,2023-12-08
4601,1017,1279,transfer,2023-06-12
4602,1010,513,withdrawal,2023-01-19
4603,1019,1584,purchase,2023-05-09
4604,1001,222,refund,2023-03-11
4605,1018,1628,refund,2023-07-05
4606,1018,340,withdrawal,2023-10-27
4607,1002,1661,purchase,2023-06-28
4608,1015,1457,refund,2023-03-14
4609,1006,617,refund,2023-12-27
4610,1004,608,payment,2023-11-08
4611,1001,742,payment,2023-11-11
4612,1015,1779,refund,2023-01-09
4613,1002,469,withdrawal,2023-03-19
4614,1006,915,refund,2023-01-07
4615,1012,1210,refund,2023-04-15
4616,1020,1116,withdrawal,2023-09-28
4617,1016,250,transfer,2023-06-11
4618,1017,1505,withdrawal,2023-09-23
4619,1007,947,transfer,2023-06-14
4620,1004,684,withdrawal,2023-05-27
4621,1016,1963,withdrawal,2023-06-29
4622,1018,1580,refund,2023-11-22
4623,1017,1869,payment,2023-09-12
4624,1002,487,transfer,2023-01-04
4625,1004,988,payment,2023-05-31
4626,1008,503,purchase,2023-12-17
4627,1006,1171,refund,2023-05-11
4628,1004,1172,transfer,2023-03-28
4629,1019,1576,transfer,2023-06-16
4630,1010,1936,refund,2023-09-21
4631,1019,1694,purchase,2023-09-20
4632,1002,1300,transfer,2023-02-25
4633,1010,1539,withdrawal,2023-04-24
4634,1020,1993,withdrawal,2023-12-02
4635,1017,344,withdrawal,2023-11-22
4636,1004,174,payment,2023-09-25
4637,1018,1601,purchase,2023-01-21
4638,1006,690,withdrawal,2023-04-02
4639,1014,559,payment,2023-03-22
4640,1019,145,payment,2023-12-18
4641,1009,1218,transfer,2023-12-14
4642,1010,1486,transfer,2023-05-13
4643,1016,801,payment,2023-02-20
4644,1010,1055,transfer,2023-12-22
4645,1017,132,transfer,2023-10-17
4646,1006,507,transfer,2023-09-23
4647,1005,1425,payment,2023-11-05
4648,1005,864,withdrawal,2023-12-01
4649,1005,553,purchase,2023-03-30
4650,1019,894,purchase,2023-05-18
4651,1011,163,transfer,2023-09-06
4652,1017,925,withdrawal,2023-02-02
4653,1006,1506,purchase,2023-12-03
4654,1020,1524,purchase,2023-06-22
4655,1016,536,refund,2023-07-19
4656,1013,1475,withdrawal,2023-11-19
4657,1014,786,refund,2023-01-21
4658,1016,158,withdrawal,2023-07-18
4659,1010,624,refund,2023-04-30
4660,1020,1007,refund,2023-11-02
4661,1002,1887,payment,2023-03-25
4662,1017,940,transfer,2023-10-13
4663,1017,1433,withdrawal,2023-04-20
4664,1008,308,withdrawal,2023-11-28
4665,1001,1501,withdrawal,2023-03-18
4666,1017,918,refund,2023-03-15
4667,1005,1409,payment,2023-05-11
4668,1010,105,payment,2023-06-06
4669,1013,546,transfer,2023-01-27
4670,1012,626,purchase,2023-05-11
4671,1012,736,withdrawal,2023-02-18
4672,1019,1562,refund,2023-02-23
4673,1020,158,purchase,2023-10-29
4674,1006,1285,transfer,2023-12-12
4675,1007,1162,payment,2023-11-22
4676,1014,395,refund,2023-08-30
4677,1020,839,withdrawal,2023-09-28
4678,1019,1904,transfer,2023-01-04
4679,1014,1138,purchase,2023-06-14
4680,1004,1911,payment,2023-04-11
4681,1016,1003,transfer,2023-10-02
4682,1005,991,withdrawal,2023-05-02
4683,1014,1295,refund,2023-06-01
4684,1011,491,refund,2023-08-26
4685,1018,1972,transfer,2023-07-21
4686,1001,1431,withdrawal,2023-08-27
4687,1014,1376,refund,2023-06-23
4688,1019,1390,refund,2023-08-17
4689,1015,1750,purchase,2023-04-18
4690,1003,268,refund,2023-11-07
4691,1020,1187,transfer,2023-10-29
4692,1002,1674,transfer,2023-05-07
4693,1006,500,withdrawal,2023-12-23
4694,1008,1076,payment,2023-08-04
4695,1005,982,purchase,2023-05-05
4696,1004,164,payment,2023-10-12
4697,1012,482,purchase,2023-03-16
4698,1010,1677,transfer,2023-08-10
4699,1008,1181,withdrawal,2023-12-26
4700,1018,1705,refund,2023-12-30
4701,1013,160,transfer,2023-07-10
4702,1007,866,refund,2023-06-29
4703,1001,801,transfer,2023-03-27
4704,1007,409,withdrawal,2023-10-07
4705,1017,1875,payment,2023-05-07
4706,1020,167,withdrawal,2023-01-19
4707,1014,700,payment,2023-03-07
4708,1006,1409,payment,2023-01-13
4709,1004,1634,transfer,2023-11-13
4710,1004,1363,purchase,2023-07-22
4711,1010,1908,payment,2023-07-17
4712,1010,1394,purchase,2023-11-25
4713,1020,932,withdrawal,2023-04-22
4714,1004,321,refund,2023-07-09
4715,1018,1960,transfer,2023-09-26
4716,1015,260,withdrawal,2023-10-14
4717,1019,1650,purchase,2023-07-25
4718,1002,305,transfer,2023-04-20
4719,1019,1082,refund,2023-10-04
4720,1020,580,payment,2023-02-18
4721,1008,444,refund,2023-09-23
4722,1009,412,refund,2023-04-04
4723,1008,248,withdrawal,2023-10-10
4724,1009,862,purchase,2023-01-10
4725,1015,1861,transfer,2023-09-16
4726,1009,603,payment,2023-07-19
4727,1002,743,withdrawal,2023-08-18
4728,1008,325,transfer,2023-07-17
4729,1018,1232,refund,2023-07-15
4730,1012,121,transfer,2023-12-01
4731,1012,597,withdrawal,2023-06-12
4732,1009,1203,purchase,2023-10-21
4733,1013,726,withdrawal,2023-12-01
4734,1009,1755,transfer,2023-10-19
4735,1008,1577,refund,2023-11-10
4736,1015,1482,payment,2023-09-28
4737,1001,389,payment,2023-02-21
4738,1005,399,withdrawal,2023-01-12
4739,1017,910,refund,2023-05-29
4740,1002,1770,transfer,2023-01-16
4741,1007,1087,refund,2023-06-08
4742,1008,486,withdrawal,2023-07-04
4743,1009,367,purchase,2023-01-05
4744,1007,1086,transfer,2023-08-23
4745,1014,1185,purchase,2023-08-20
4746,1016,1388,refund,2023-12-18
4747,1010,1491,refund,2023-06-23
4748,1009,1497,transfer,2023-03-27
4749,1016,1493,transfer,2023-04-02
4750,1011,978,withdrawal,2023-10-10
4751,1007,930,withdrawal,2023-08-01
4752,1005,1364,purchase,2023-03-07
4753,1018,1427,transfer,2023-07-07
4754,1011,1842,refund,2023-07-08
4755,1015,1753,transfer,2023-06-01
4756,1009,885,transfer,2023-01-27
4757,1020,378,purchase,2023-12-01
4758,1011,630,refund,2023-07-07
4759,1018,1707,withdrawal,2023-06-15
4760,1008,937,withdrawal,2023-06-10
4761,1020,1257,refund,2023-05-09
4762,1003,1075,refund,2023-04-20
4763,1002,1149,withdrawal,2023-11-22
4764,1001,1183,withdrawal,2023-05-07
4765,1013,1941,purchase,2023-07-21
4766,1020,839,transfer,2023-02-23
4767,1001,493,refund,2023-11-06
4768,1013,1860,purchase,2023-06-12
4769,1007,822,purchase,2023-01-23
4770,1020,1069,refund,2023-05-17
4771,1007,1571,transfer,2023-03-05
4772,1014,382,payment,2023-07-26
4773,1009,1299,payment,2023-07-20
4774,1005,1865,withdrawal,2023-03-28
4775,1006,1613,withdrawal,2023-03-12
4776,1016,829,refund,2023-06-14
4777,1016,672,refund,2023-11-04
4778,1014,1007,transfer,2023-11-05
4779,1017,1331,payment,2023-11-21
4780,1010,1939,transfer,2023-07-10
4781,1019,867,purchase,2023-08-14
4782,1003,1717,purchase,2023-04-07
4783,1002,1386,payment,2023-06-05
4784,1016,701,purchase,2023-04-21
4785,1009,1551,refund,2023-09-05
4786,1003,199,purchase,2023-03-13
4787,1003,690,refund,2023-11-13
4788,1004,157,refund,2023-07-25
4789,1007,1027,transfer,2023-01-03
4790,1015,1822,transfer,2023-03-06
4791,1012,1263,payment,2023-08-08
4792,1002,182,refund,2023-05-22
4793,1013,1223,refund,2023-05-03
4794,1011,1099,refund,2023-03-08
4795,1005,892,purchase,2023-09-09
4796,1011,1882,purchase,2023-03-07
4797,1013,1438,purchase,2023-02-20
4798,1013,1511,purchase,2023-09-27
4799,1013,482,purchase,2023-07-21
4800,1004,695,transfer,2023-05-04
4801,1015,1947,refund,2023-03-01
4802,1019,1905,purchase,2023-07-12
4803,1006,264,payment,2023-12-31
4804,1007,619,refund,2023-09-25
4805,1010,724,payment,2023-02-14
4806,1002,744,withdrawal,2023-04-21
4807,1003,705,payment,2023-07-23
4808,1016,923,refund,2023-06-20
4809,1015,362,refund,2023-05-26
4810,1013,1097,transfer,2023-05-17
4811,1010,1026,purchase,2023-02-17
4812,1001,691,withdrawal,2023-12-30
4813,1014,666,refund,2023-03-24
4814,1020,319,refund,2023-05-25
4815,1001,1317,purchase,2023-07-17
4816,1006,1891,purchase,2023-06-20
4817,1001,273,payment,2023-02-03
4818,1011,543,payment,2023-12-11
4819,1009,490,payment,2023-08-03
4820,1016,293,transfer,2023-04-10
4821,1006,897,payment,2023-06-01
4822,1007,1253,purchase,2023-12-25
4823,1018,996,withdrawal,2023-08-07
4824,1009,1478,purchase,2023-06-02
4825,1018,770,payment,2023-10-30
4826,1007,1416,purchase,2023-09-26
4827,1004,261,transfer,2023-03-08
4828,1019,831,payment,2023-06-09
4829,1012,849,withdrawal,2023-12-21
4830,1009,969,payment,2023-12-11
4831,1004,263,payment,2023-12-29
4832,1007,1871,transfer,2023-02-16
4833,1009,956,withdrawal,2023-01-26
4834,1020,1450,transfer,2023-10-31
4835,1002,1593,refund,2023-05-02
4836,1016,1149,refund,2023-10-30
4837,1018,319,withdrawal,2023-05-10
4838,1008,1417,withdrawal,2023-05-29
4839,1006,741,purchase,2023-06-17
4840,1016,642,transfer,2023-04-28
4841,1004,112,purchase,2023-10-03
4842,1017,1147,refund,2023-12-17
4843,1016,386,refund,2023-11-28
4844,1013,1976,purchase,2023-12-23
4845,1016,730,refund,2023-07-13
4846,1013,1751,refund,2023-09-03
4847,1005,1720,transfer,2023-01-16
4848,1011,723,refund,2023-10-25
4849,1018,597,purchase,2023-07-05
4850,1008,587,transfer,2023-05-26
4851,1012,1025,refund,2023-10-17
4852,1014,547,withdrawal,2023-03-28
4853,1011,1703,withdrawal,2023-08-10
4854,1014,508,payment,2023-01-14
4855,1006,1112,transfer,2023-09-08
4856,1003,1536,purchase,2023-01-31
4857,1018,942,withdrawal,2023-11-08
4858,1017,622,withdrawal,2023-04-26
4859,1015,1126,payment,2023-08-19
4860,1004,1053,payment,2023-09-04
4861,1014,1228,purchase,2023-09-05
4862,1011,886,payment,2023-07-13
4863,1016,426,purchase,2023-02-21
4864,1005,1941,withdrawal,2023-05-01
4865,1015,1306,payment,2023-08-18
4866,1006,1356,refund,2023-08-25
4867,1019,1725,purchase,2023-03-10
4868,1002,1225,refund,2023-07-06
4869,1001,788,transfer,2023-01-02
4870,1010,483,withdrawal,2023-08-11
4871,1002,375,payment,2023-08-13
4872,1014,558,transfer,2023-06-05
4873,1002,547,refund,2023-08-21
4874,1005,552,withdrawal,2023-03-12
4875,1014,988,withdrawal,2023-09-03
4876,1007,1760,transfer,2023-03-22
4877,1004,1163,payment,2023-02-20
4878,1016,1176,purchase,2023-09-11
4879,1011,751,refund,2023-07-16
4880,1006,585,transfer,2023-12-09
4881,1004,625,purchase,2023-08-05
4882,1004,1497,purchase,2023-03-03
4883,1016,1820,refund,2023-03-12
4884,1020,1211,withdrawal,2023-04-01
4885,1009,1370,refund,2023-10-18
4886,1019,543,withdrawal,2023-04-14
4887,1001,1527,payment,2023-06-13
4888,1011,456,purchase,2023-02-15
4889,1006,614,purchase,2023-06-01
4890,1003,134,purchase,2023-11-22
4891,1014,504,payment,2023-11-09
4892,1007,1054,refund,2023-06-25
4893,1003,1952,withdrawal,2023-10-05
4894,1018,785,withdrawal,2023-04-14
4895,1010,473,purchase,2023-01-10
4896,1018,554,purchase,2023-03-22
4897,1016,1567,payment,2023-01-04
4898,1002,1523,withdrawal,2023-10-09
4899,1014,1310,payment,2023-05-30
4900,1014,589,refund,2023-01-16
4901,1005,1052,payment,2023-12-06
4902,1015,1416,withdrawal,2023-11-30
4903,1009,1643,purchase,2023-10-06
4904,1017,245,transfer,2023-09-22
4905,1012,386,payment,2023-05-07
4906,1020,1413,payment,2023-05-31
4907,1012,1668,withdrawal,2023-09-15
4908,1002,833,purchase,2023-01-08
4909,1001,1095,purchase,2023-11-15
4910,1015,1069,refund,2023-09-16
4911,1008,1442,withdrawal,2023-10-01
4912,1017,417,refund,2023-07-09
4913,1017,328,withdrawal,2023-08-22
4914,1006,120,payment,2023-06-23
4915,1020,148,purchase,2023-10-02
4916,1016,1510,transfer,2023-11-27
4917,1015,1954,purchase,2023-03-14
4918,1004,422,refund,2023-09-25
4919,1008,115,refund,2023-04-10
4920,1010,1275,transfer,2023-04-20
4921,1015,1665,transfer,2023-03-22
4922,1004,440,transfer,2023-08-04
4923,1010,722,transfer,2023-04-06
4924,1014,899,refund,2023-09-02
4925,1004,221,transfer,2023-08-11
4926,1017,230,purchase,2023-12-23
4927,1011,1711,withdrawal,2023-10-06
4928,1009,1580,payment,2023-01-27
4929,1017,870,withdrawal,2023-02-02
4930,1016,1593,purchase,2023-05-21
4931,1003,1077,refund,2023-07-02
4932,1012,1560,refund,2023-06-05
4933,1020,1696,transfer,2023-09-24
4934,1006,1680,refund,2023-06-07
4935,1011,210,payment,2023-01-09
4936,1014,1117,transfer,2023-03-02
4937,1007,1605,refund,2023-02-10
4938,1001,1529,transfer,2023-04-03
4939,1003,545,withdrawal,2023-06-10
4940,1006,519,payment,2023-12-25
4941,1005,388,transfer,2023-08-12
4942,1001,1439,purchase,2023-05-30
4943,1011,261,payment,2023-05-27
4944,1002,1471,payment,2023-08-01
4945,1017,1669,refund,2023-08-11
4946,1006,465,payment,2023-08-03
4947,1003,167,refund,2023-07-02
4948,1016,1713,purchase,2023-03-13
4949,1016,1734,payment,2023-12-23
4950,1012,864,purchase,2023-02-14
4951,1017,599,payment,2023-06-30
4952,1008,1192,payment,2023-09-06
4953,1015,1612,payment,2023-02-15
4954,1018,269,withdrawal,2023-01-06
4955,1017,411,withdrawal,2023-11-10
4956,1013,1792,payment,2023-01-01
4957,1011,682,purchase,2023-03-10
4958,1012,1199,withdrawal,2023-10-06
4959,1020,937,refund,2023-09-15
4960,1001,1907,purchase,2023-01-24
4961,1018,1590,purchase,2023-08-18
4962,1007,1159,refund,2023-08-22
4963,1008,756,payment,2023-06-07
4964,1014,1847,withdrawal,2023-04-14
4965,1001,1891,payment,2023-01-13
4966,1018,303,transfer,2023-11-15
4967,1004,799,refund,2023-12-19
4968,1006,368,payment,2023-08-14
4969,1020,1109,withdrawal,2023-10-04
4970,1018,934,purchase,2023-12-17
4971,1011,1924,withdrawal,2023-09-18
4972,1003,1045,refund,2023-07-29
4973,1012,1680,transfer,2023-02-26
4974,1015,1093,refund,2023-03-28
4975,1013,1030,payment,2023-03-28
4976,1015,1312,payment,2023-06-20
4977,1002,265,refund,2023-03-10
4978,1004,1135,purchase,2023-04-15
4979,1012,978,refund,2023-05-05
4980,1020,196,withdrawal,2023-02-20
4981,1004,692,withdrawal,2023-07-02
4982,1016,1345,purchase,2023-02-08
4983,1018,1733,payment,2023-04-12
4984,1011,1327,payment,2023-12-05
4985,1011,745,refund,2023-11-25
4986,1019,1930,transfer,2023-10-22
4987,1004,549,transfer,2023-12-26
4988,1015,459,payment,2023-10-05
4989,1005,763,withdrawal,2023-09-13
4990,1006,1192,transfer,2023-08-21
4991,1019,1045,withdrawal,2023-09-25
4992,1013,1607,withdrawal,2023-08-02
4993,1005,1013,withdrawal,2023-04-26
4994,1017,1691,transfer,2023-12-14
4995,1018,1240,transfer,2023-12-11
4996,1015,703,transfer,2023-09-03
4997,1015,1651,transfer,2023-06-05
4998,1007,1866,transfer,2023-09-08
4999,1004,1930,payment,2023-06-17
5000,1012,1316,withdrawal,2023-06-09
5001,1015,918,payment,2023-03-27
5002,1018,142,payment,2023-10-26
5003,1006,1361,refund,2023-01-17
5004,1009,1809,transfer,2023-05-15
5005,1010,593,transfer,2023-04-20
5006,1005,1508,refund,2023-06-24
5007,1016,1492,payment,2023-03-12
5008,1009,1403,transfer,2023-02-21
5009,1010,1094,payment,2023-03-03
5010,1009,956,withdrawal,2023-04-23
5011,1015,1000,payment,2023-05-21
5012,1005,1332,transfer,2023-11-06
5013,1002,1353,transfer,2023-01-04
5014,1019,1056,purchase,2023-07-05
5015,1018,874,withdrawal,2023-03-28
5016,1017,752,purchase,2023-02-09
5017,1002,1812,purchase,2023-01-15
5018,1009,1491,transfer,2023-06-04
5019,1014,362,withdrawal,2023-01-01
5020,1006,1105,withdrawal,2023-02-24
5021,1006,204,payment,2023-10-18
5022,1003,907,refund,2023-12-05
5023,1020,1453,payment,2023-01-07
5024,1018,887,refund,2023-02-21
5025,1006,956,purchase,2023-08-04
5026,1016,887,transfer,2023-02-07
5027,1008,663,payment,2023-07-02
5028,1013,739,withdrawal,2023-12-26
5029,1015,668,transfer,2023-12-20
5030,1014,1453,withdrawal,2023-04-30
5031,1019,113,purchase,2023-12-17
5032,1002,736,payment,2023-06-08
5033,1012,491,payment,2023-05-16
5034,1016,671,payment,2023-06-07
5035,1019,781,withdrawal,2023-03-23
5036,1006,1634,transfer,2023-07-26
5037,1002,196,refund,2023-06-26
5038,1005,1013,purchase,2023-02-18
5039,1008,699,refund,2023-11-19
5040,1020,1554,payment,2023-07-05
5041,1004,376,transfer,2023-04-02
5042,1005,957,purchase,2023-03-31
5043,1009,296,refund,2023-03-03
5044,1019,1508,withdrawal,2023-03-17
5045,1015,1154,purchase,2023-07-03
5046,1008,807,refund,2023-11-15
5047,1017,925,purchase,2023-11-24
5048,1006,1922,transfer,2023-08-03
5049,1001,1396,withdrawal,2023-01-11
5050,1001,508,withdrawal,2023-12-12
5051,1018,708,transfer,2023-08-04
5052,1002,313,payment,2023-07-19
5053,1017,812,purchase,2023-11-25
5054,1014,983,refund,2023-07-04
5055,1006,969,refund,2023-01-02
5056,1016,128,refund,2023-11-10
5057,1006,203,refund,2023-09-27
5058,1020,1636,purchase,2023-10-25
5059,1003,1730,transfer,2023-01-17
5060,1009,854,withdrawal,2023-01-25
5061,1017,1862,purchase,2023-06-11
5062,1008,260,payment,2023-02-14
5063,1015,1376,transfer,2023-01-09
5064,1012,746,transfer,2023-12-06
5065,1002,791,payment,2023-03-03
5066,1016,562,refund,2023-08-21
5067,1016,968,withdrawal,2023-04-12
5068,1012,377,purchase,2023-11-03
5069,1007,612,refund,2023-12-28
5070,1004,1519,transfer,2023-04-22
5071,1005,1085,payment,2023-06-01
5072,1002,1754,withdrawal,2023-09-19
5073,1010,1807,purchase,2023-06-10
5074,1008,1010,purchase,2023-02-11
5075,1008,1900,payment,2023-02-05
5076,1005,1788,transfer,2023-10-23
5077,1013,1858,purchase,2023-10-05
5078,1002,1463,purchase,2023-11-24
5079,1007,534,payment,2023-08-01
5080,1002,1510,refund,2023-03-18
5081,1019,932,transfer,2023-04-26
5082,1011,268,transfer,2023-04-07
5083,1006,845,payment,2023-11-27
5084,1004,1597,refund,2023-12-02
5085,1017,845,withdrawal,2023-02-19
5086,1019,1392,withdrawal,2023-07-24
5087,1010,617,purchase,2023-11-05
5088,1008,1385,withdrawal,2023-10-11
5089,1011,1827,transfer,2023-10-24
5090,1010,602,purchase,2023-08-16
5091,1006,576,purchase,2023-05-26
5092,1009,460,refund,2023-05-22
5093,1007,913,purchase,2023-07-29
5094,1008,168,purchase,2023-10-03
5095,1003,1339,purchase,2023-05-19
5096,1019,1442,payment,2023-09-15
5097,1006,503,transfer,2023-04-02
5098,1014,1424,refund,2023-02-25
5099,1011,1277,transfer,2023-09-21
5100,1008,362,withdrawal,2023-07-30
5101,1007,373,withdrawal,2023-09-30
5102,1020,840,payment,2023-11-27
5103,1006,475,payment,2023-01-25
5104,1017,774,purchase,2023-04-04
5105,1012,942,payment,2023-04-15
5106,1008,1411,purchase,2023-11-30
5107,1013,1892,transfer,2023-03-14
5108,1011,1039,payment,2023-12-09
5109,1006,1600,transfer,2023-04-07
5110,1018,686,payment,2023-01-07
5111,1016,1162,transfer,2023-10-09
5112,1019,622,payment,2023-08-02
5113,1009,1521,purchase,2023-08-31
5114,1017,474,purchase,2023-10-12
5115,1016,873,transfer,2023-12-28
5116,1016,1352,payment,2023-12-26
5117,1001,1423,transfer,2023-06-05
5118,1016,1231,payment,2023-11-01
5119,1020,1945,transfer,2023-03-17
5120,1016,1775,refund,2023-01-29
5121,1009,349,purchase,2023-12-27
5122,1019,853,withdrawal,2023-06-03
5123,1017,1095,purchase,2023-02-18
5124,1015,1610,payment,2023-12-24
5125,1019,1645,transfer,2023-04-10
5126,1013,1495,payment,2023-08-24
5127,1011,1477,withdrawal,2023-10-05
5128,1017,1281,purchase,2023-03-09
5129,1008,1275,payment,2023-07-26
5130,1002,1204,refund,2023-08-03
5131,1015,1665,withdrawal,2023-09-25
5132,1016,1566,purchase,2023-09-14
5133,1007,397,refund,2023-09-10
5134,1012,1354,payment,2023-01-22
5135,1016,649,purchase,2023-06-04
5136,1020,1306,transfer,2023-04-07
5137,1020,277,refund,2023-11-12
5138,1013,257,withdrawal,2023-06-23
5139,1015,691,withdrawal,2023-10-19
5140,1017,658,refund,2023-05-21
5141,1011,952,purchase,2023-05-30
5142,1002,444,transfer,2023-05-02
5143,1005,978,payment,2023-12-10
5144,1007,1942,withdrawal,2023-10-31
5145,1013,1160,withdrawal,2023-11-25
5146,1002,293,withdrawal,2023-07-29
5147,1015,1613,purchase,2023-09-10
5148,1001,1760,payment,2023-06-29
5149,1013,815,purchase,2023-10-14
5150,1004,945,purchase,2023-05-14
5151,1002,1551,purchase,2023-01-05
5152,1002,1065,payment,2023-12-06
5153,1014,986,withdrawal,2023-03-21
5154,1004,540,refund,2023-01-09
5155,1011,1920,withdrawal,2023-06-05
5156,1005,692,refund,2023-10-29
5157,1004,1948,purchase,2023-02-03
5158,1002,918,refund,2023-12-26
5159,1001,756,withdrawal,2023-04-29
5160,1014,1689,purchase,2023-08-11
5161,1018,1049,transfer,2023-09-24
5162,1011,397,refund,2023-11-21
5163,1020,1941,refund,2023-07-08
5164,1006,688,refund,2023-12-25
5165,1016,135,refund,2023-04-18
5166,1012,537,transfer,2023-11-30
5167,1002,228,purchase,2023-05-19
5168,1004,1001,withdrawal,2023-12-17
5169,1019,174,purchase,2023-11-18
5170,1004,1831,withdrawal,2023-11-28
5171,1005,1694,refund,2023-10-29
5172,1001,1109,transfer,2023-05-02
5173,1015,851,refund,2023-01-30
5174,1008,1876,purchase,2023-02-09
5175,1014,373,payment,2023-12-23
5176,1016,1457,refund,2023-01-05
5177,1006,1489,payment,2023-01-06
5178,1004,1861,transfer,2023-10-10
5179,1013,739,transfer,2023-10-26
5180,1009,552,withdrawal,2023-06-10
5181,1012,1385,payment,2023-02-28
5182,1015,1058,transfer,2023-04-26
5183,1013,1411,transfer,2023-06-21
5184,1009,634,payment,2023-02-08
5185,1019,389,payment,2023-09-12
5186,1007,1129,purchase,2023-09-13
5187,1006,1384,purchase,2023-04-22
5188,1003,1336,refund,2023-03-18
5189,1001,1321,purchase,2023-08-16
5190,1014,422,refund,2023-03-18
5191,1016,642,withdrawal,2023-05-29
5192,1006,928,transfer,2023-01-21
5193,1015,1259,payment,2023-06-21
5194,1020,1792,transfer,2023-07-01
5195,1012,1466,transfer,2023-01-16
5196,1018,1449,payment,2023-08-02
5197,1019,1575,payment,2023-09-14
5198,1013,712,withdrawal,2023-01-15
5199,1015,1846,refund,2023-04-07
5200,1006,469,withdrawal,2023-06-02
5201,1006,343,withdrawal,2023-12-27
5202,1019,203,withdrawal,2023-05-17
5203,1015,1624,payment,2023-05-31
5204,1019,281,payment,2023-08-22
5205,1017,186,purchase,2023-08-25
5206,1001,1658,purchase,2023-01-29
5207,1008,1372,payment,2023-04-26
5208,1015,904,withdrawal,2023-03-16
5209,1019,766,withdrawal,2023-10-19
5210,1009,977,transfer,2023-05-09
5211,1011,649,transfer,2023-04-18
5212,1020,1584,withdrawal,2023-10-08
5213,1015,689,transfer,2023-11-08
5214,1002,1476,transfer,2023-02-23
5215,1017,1319,transfer,2023-01-02
5216,1015,571,payment,2023-12-20
5217,1001,613,refund,2023-12-28
5218,1005,1409,refund,2023-11-09
5219,1019,1946,refund,2023-01-27
5220,1020,1811,transfer,2023-02-28
5221,1004,1688,transfer,2023-12-13
5222,1013,112,transfer,2023-08-24
5223,1018,1634,withdrawal,2023-02-18
5224,1005,1751,refund,2023-05-28
5225,1012,1119,purchase,2023-07-18
5226,1005,486,refund,2023-12-18
5227,1008,1634,refund,2023-10-06
5228,1017,768,withdrawal,2023-05-07
5229,1004,1949,refund,2023-03-05
5230,1016,1226,transfer,2023-11-06
5231,1017,671,refund,2023-04-12
5232,1008,1969,purchase,2023-04-19
5233,1009,344,purchase,2023-12-29
5234,1005,1066,withdrawal,2023-06-14
5235,1001,1880,payment,2023-12-06
5236,1015,313,transfer,2023-07-16
5237,1004,655,withdrawal,2023-09-21
5238,1014,627,refund,2023-02-28
5239,1019,726,withdrawal,2023-10-26
5240,1011,227,refund,2023-01-14
5241,1004,1671,transfer,2023-06-30
5242,1012,803,transfer,2023-09-10
5243,1017,1773,payment,2023-11-08
5244,1013,976,refund,2023-05-18
5245,1019,1751,refund,2023-10-28
5246,1016,615,purchase,2023-05-10
5247,1007,1099,withdrawal,2023-06-06
5248,1016,1560,withdrawal,2023-12-17
5249,1006,537,refund,2023-10-18
5250,1019,1948,refund,2023-01-17
5251,1010,530,purchase,2023-05-08
5252,1001,1996,withdrawal,2023-06-24
5253,1019,361,purchase,2023-02-27
5254,1017,943,transfer,2023-08-02
5255,1001,1991,withdrawal,2023-01-11
5256,1011,1150,purchase,2023-01-11
5257,1014,1937,transfer,2023-05-16
5258,1003,755,payment,2023-06-03
5259,1015,1302,payment,2023-11-07
5260,1006,1427,purchase,2023-03-15
5261,1017,1221,payment,2023-01-22
5262,1002,1955,withdrawal,2023-03-19
5263,1016,1727,withdrawal,2023-04-01
5264,1005,1771,purchase,2023-12-03
5265,1018,1068,refund,2023-07-21
5266,1015,971,transfer,2023-11-04
5267,1006,1651,purchase,2023-07-03
5268,1006,1723,payment,2023-11-10
5269,1009,1024,purchase,2023-11-22
5270,1012,653,refund,2023-09-16
5271,1007,1839,purchase,2023-11-05
5272,1010,330,purchase,2023-02-28
5273,1013,1746,withdrawal,2023-11-04
5274,1002,899,purchase,2023-01-04
5275,1018,417,withdrawal,2023-09-03
5276,1015,709,transfer,2023-05-14
5277,1007,1284,payment,2023-10-20
5278,1015,758,purchase,2023-08-05
5279,1002,580,withdrawal,2023-01-07
5280,1010,1078,withdrawal,2023-02-04
5281,1018,608,withdrawal,2023-08-10
5282,1018,1389,withdrawal,2023-04-14
5283,1018,1603,transfer,2023-10-31
5284,1004,418,purchase,2023-01-24
5285,1005,915,transfer,2023-10-27
5286,1014,991,payment,2023-08-05
5287,1006,1457,transfer,2023-08-12
5288,1004,1292,transfer,2023-08-02
5289,1005,624,payment,2023-04-20
5290,1006,1075,purchase,2023-04-07
5291,1016,255,refund,2023-09-21
5292,1015,280,purchase,2023-01-05
5293,1001,246,transfer,2023-10-10
5294,1014,1808,transfer,2023-03-14
5295,1011,653,transfer,2023-09-23
5296,1018,1947,purchase,2023-09-03
5297,1009,1249,transfer,2023-07-21
5298,1013,971,withdrawal,2023-10-19
5299,1020,1929,transfer,2023-03-21
5300,1004,1697,transfer,2023-07-16
5301,1004,136,refund,2023-06-10
5302,1017,113,payment,2023-05-23
5303,1019,1347,transfer,2023-05-29
5304,1017,933,withdrawal,2023-06-17
5305,1008,1472,purchase,2023-12-14
5306,1003,497,refund,2023-05-31
5307,1008,1138,refund,2023-09-11
5308,1003,1908,withdrawal,2023-02-26
5309,1011,1640,transfer,2023-06-07
5310,1003,1913,withdrawal,2023-11-15
5311,1009,1447,payment,2023-10-13
5312,1018,760,refund,2023-03-06
5313,1003,1715,refund,2023-02-03
5314,1004,678,purchase,2023-02-04
5315,1015,1932,refund,2023-05-13
5316,1020,388,purchase,2023-12-23
5317,1014,822,refund,2023-06-16
5318,1012,695,withdrawal,2023-05-28
5319,1011,1689,transfer,2023-10-23
5320,1003,1804,purchase,2023-04-08
5321,1010,841,transfer,2023-06-13
5322,1013,1554,transfer,2023-04-01
5323,1016,673,transfer,2023-10-15
5324,1004,884,payment,2023-10-19
5325,1001,446,refund,2023-04-02
5326,1018,112,purchase,2023-04-12
5327,1018,1027,refund,2023-12-02
5328,1009,1720,transfer,2023-12-16
5329,1014,1362,purchase,2023-06-10
5330,1017,433,withdrawal,2023-08-02
5331,1004,1942,withdrawal,2023-11-04
5332,1001,1285,refund,2023-06-28
5333,1004,1705,withdrawal,2023-03-06
5334,1001,1852,transfer,2023-04-28
5335,1015,785,purchase,2023-03-20
5336,1011,489,withdrawal,2023-01-08
5337,1010,1793,transfer,2023-05-21
5338,1020,914,transfer,2023-03-20
5339,1017,714,transfer,2023-10-04
5340,1020,1778,transfer,2023-10-28
5341,1015,1932,payment,2023-10-01
5342,1016,559,refund,2023-07-25
5343,1003,1286,transfer,2023-09-21
5344,1014,661,withdrawal,2023-05-04
5345,1020,604,purchase,2023-09-23
5346,1003,543,refund,2023-04-24
5347,1001,1115,payment,2023-11-11
5348,1007,410,transfer,2023-09-16
5349,1019,1979,transfer,2023-12-27
5350,1001,363,purchase,2023-08-05
5351,1004,1516,refund,2023-09-11
5352,1006,1163,purchase,2023-04-01
5353,1013,168,transfer,2023-07-28
5354,1020,632,purchase,2023-06-24
5355,1003,1242,payment,2023-05-21
5356,1013,982,transfer,2023-02-03
5357,1006,1202,payment,2023-01-02
5358,1017,978,payment,2023-08-08
5359,1007,1077,purchase,2023-03-13
5360,1014,1662,transfer,2023-07-07
5361,1011,525,payment,2023-10-24
5362,1015,1048,purchase,2023-08-02
5363,1001,815,payment,2023-12-23
5364,1013,1586,purchase,2023-05-07
5365,1008,249,withdrawal,2023-06-30
5366,1014,1913,payment,2023-04-06
5367,1003,476,refund,2023-03-23
5368,1018,1175,withdrawal,2023-10-15
5369,1015,1225,withdrawal,2023-12-30
5370,1004,1142,purchase,2023-03-28
5371,1003,204,purchase,2023-09-19
5372,1018,1594,refund,2023-03-31
5373,1006,1151,purchase,2023-05-23
5374,1002,1998,withdrawal,2023-08-21
5375,1004,1644,transfer,2023-12-24
5376,1014,875,purchase,2023-11-19
5377,1014,198,withdrawal,2023-07-20
5378,1019,1606,transfer,2023-10-29
5379,1007,1222,transfer,2023-04-08
5380,1011,662,refund,2023-09-29
5381,1009,551,transfer,2023-02-06
5382,1014,194,purchase,2023-06-25
5383,1005,1670,transfer,2023-11-24
5384,1014,300,payment,2023-11-23
5385,1020,1096,refund,2023-05-21
5386,1019,661,purchase,2023-03-07
5387,1012,1796,transfer,2023-11-16
5388,1011,143,refund,2023-05-27
5389,1008,1351,purchase,2023-07-16
5390,1006,1327,purchase,2023-01-09
5391,1010,1965,payment,2023-03-27
5392,1001,862,refund,2023-11-03
5393,1004,1842,refund,2023-02-12
5394,1005,408,transfer,2023-05-23
5395,1012,1475,withdrawal,2023-05-07
5396,1004,1637,transfer,2023-08-28
5397,1013,531,transfer,2023-09-21
5398,1019,861,payment,2023-02-20
5399,1005,797,withdrawal,2023-11-06
5400,1009,1893,payment,2023-11-14
5401,1007,1779,withdrawal,2023-05-06
5402,1020,276,purchase,2023-10-27
5403,1016,367,refund,2023-04-13
5404,1011,1902,transfer,2023-05-18
5405,1002,312,withdrawal,2023-01-31
5406,1006,1863,payment,2023-12-11
5407,1007,1346,refund,2023-02-23
5408,1004,1872,payment,2023-08-15
5409,1018,1347,purchase,2023-12-13
5410,1020,484,withdrawal,2023-05-27
5411,1017,1770,refund,2023-04-04
5412,1001,702,purchase,2023-10-13
5413,1011,823,payment,2023-07-31
5414,1004,755,withdrawal,2023-01-06
5415,1020,1846,transfer,2023-05-08
5416,1005,636,withdrawal,2023-02-18
5417,1012,1860,refund,2023-11-07
5418,1015,1248,transfer,2023-07-16
5419,1002,1165,refund,2023-08-07
5420,1003,722,purchase,2023-01-05
5421,1010,1840,withdrawal,2023-07-26
5422,1001,1361,purchase,2023-05-26
5423,1019,599,withdrawal,2023-09-20
5424,1008,933,transfer,2023-09-05
5425,1010,487,purchase,2023-03-04
5426,1012,810,refund,2023-09-05
5427,1009,1517,purchase,2023-02-27
5428,1003,560,refund,2023-10-24
5429,1011,1832,transfer,2023-11-24
5430,1011,451,purchase,2023-06-14
5431,1019,603,withdrawal,2023-02-18
5432,1010,170,withdrawal,2023-10-27
5433,1005,686,payment,2023-08-11
5434,1019,1375,withdrawal,2023-08-17
5435,1011,1932,purchase,2023-05-22
5436,1012,221,withdrawal,2023-10-26
5437,1019,672,refund,2023-09-30
5438,1003,375,payment,2023-03-08
5439,1011,1040,refund,2023-07-23
5440,1010,1361,transfer,2023-12-02
5441,1009,478,withdrawal,2023-10-23
5442,1013,1722,withdrawal,2023-07-10
5443,1008,253,withdrawal,2023-04-23
5444,1005,884,refund,2023-03-09
5445,1016,966,withdrawal,2023-02-25
5446,1016,404,purchase,2023-05-15
5447,1020,1668,refund,2023-06-01
5448,1010,784,withdrawal,2023-04-19
5449,1002,844,payment,2023-06-26
5450,1008,976,transfer,2023-04-24
5451,1009,994,withdrawal,2023-05-24
5452,1019,1033,withdrawal,2023-07-13
5453,1016,1234,payment,2023-01-06
5454,1004,1564,refund,2023-03-29
5455,1009,1849,refund,2023-02-05
5456,1001,1947,purchase,2023-04-27
5457,1008,788,payment,2023-02-16
5458,1011,196,transfer,2023-08-27
5459,1009,595,withdrawal,2023-05-09
5460,1007,1864,refund,2023-05-05
5461,1010,695,transfer,2023-11-06
5462,1007,380,refund,2023-06-25
5463,1010,645,transfer,2023-08-18
5464,1004,1150,payment,2023-03-06
5465,1011,1556,refund,2023-04-26
5466,1018,1142,withdrawal,2023-05-30
5467,1012,1560,payment,2023-08-06
5468,1016,1481,purchase,2023-11-04
5469,1003,1766,refund,2023-04-03
5470,1020,125,transfer,2023-12-03
5471,1005,632,transfer,2023-12-11
5472,1016,1206,refund,2023-01-30
5473,1008,1997,payment,2023-02-24
5474,1010,280,payment,2023-03-25
5475,1016,766,transfer,2023-10-04
5476,1016,1744,purchase,2023-01-04
5477,1001,1430,purchase,2023-03-29
5478,1019,672,transfer,2023-04-29
5479,1010,850,purchase,2023-04-07
5480,1005,1273,transfer,2023-01-30
5481,1012,392,purchase,2023-12-25
5482,1019,1422,refund,2023-01-02
5483,1019,1298,withdrawal,2023-11-27
5484,1011,1252,payment,2023-03-31
5485,1008,1999,withdrawal,2023-01-27
5486,1013,483,purchase,2023-06-23
5487,1013,319,payment,2023-07-10
5488,1012,1309,purchase,2023-07-02
5489,1006,161,withdrawal,2023-08-17
5490,1008,484,transfer,2023-01-17
5491,1003,1885,withdrawal,2023-05-16
5492,1020,220,refund,2023-11-02
5493,1008,513,transfer,2023-02-02
5494,1015,632,refund,2023-10-23
5495,1001,830,payment,2023-06-18
5496,1019,1881,payment,2023-03-20
5497,1017,341,payment,2023-04-29
5498,1013,1688,payment,2023-01-05
5499,1017,1057,purchase,2023-02-24
5500,1019,481,transfer,2023-04-21
5501,1018,777,purchase,2023-04-07
5502,1012,886,refund,2023-10-09
5503,1014,116,refund,2023-06-27
5504,1012,1991,refund,2023-03-08
5505,1018,906,transfer,2023-06-04
5506,1011,1012,payment,2023-12-12
5507,1003,478,transfer,2023-02-21
5508,1002,887,refund,2023-07-29
5509,1013,912,purchase,2023-06-06
5510,1009,1173,transfer,2023-09-16
5511,1002,228,purchase,2023-04-12
5512,1019,941,purchase,2023-01-20
5513,1007,1706,purchase,2023-10-01
5514,1002,1562,payment,2023-12-02
5515,1015,1048,refund,2023-03-02
5516,1001,652,payment,2023-08-05
5517,1011,474,withdrawal,2023-05-22
5518,1004,1522,payment,2023-10-22
5519,1004,1951,purchase,2023-12-02
5520,1004,1386,payment,2023-07-01
5521,1019,1939,refund,2023-08-21
5522,1006,818,withdrawal,2023-06-05
5523,1020,1942,purchase,2023-09-05
5524,1017,159,purchase,2023-02-21
5525,1014,993,refund,2023-03-29
5526,1019,1978,transfer,2023-10-24
5527,1011,1520,payment,2023-03-20
5528,1014,1540,refund,2023-06-13
5529,1006,1550,payment,2023-11-06
5530,1002,663,refund,2023-01-25
5531,1006,949,payment,2023-05-27
5532,1004,885,refund,2023-09-02
5533,1009,497,payment,2023-05-24
5534,1009,347,purchase,2023-12-08
5535,1010,1834,payment,2023-03-15
5536,1004,904,withdrawal,2023-04-27
5537,1008,1343,payment,2023-03-25
5538,1019,217,refund,2023-08-04
5539,1009,1923,withdrawal,2023-03-04
5540,1019,1016,refund,2023-01-02
5541,1006,438,refund,2023-08-05
5542,1007,521,payment,2023-10-18
5543,1014,1454,purchase,2023-03-17
5544,1003,246,transfer,2023-06-04
5545,1009,301,payment,2023-09-04
5546,1001,651,payment,2023-08-11
5547,1006,1949,purchase,2023-05-08
5548,1017,1743,transfer,2023-02-28
5549,1007,1454,withdrawal,2023-06-13
5550,1018,1014,purchase,2023-10-25
5551,1002,1241,transfer,2023-06-14
5552,1001,674,payment,2023-10-17
5553,1001,685,refund,2023-05-28
5554,1010,707,payment,2023-09-09
5555,1001,1247,payment,2023-04-08
5556,1014,858,transfer,2023-08-31
5557,1005,110,payment,2023-07-09
5558,1008,1611,withdrawal,2023-01-01
5559,1006,694,withdrawal,2023-08-02
5560,1018,643,purchase,2023-11-06
5561,1020,1606,purchase,2023-02-01
5562,1007,350,transfer,2023-11-02
5563,1015,1809,payment,2023-08-23
5564,1008,1723,withdrawal,2023-08-12
5565,1005,670,payment,2023-06-25
5566,1009,188,refund,2023-03-01
5567,1009,577,transfer,2023-12-03
5568,1005,1790,payment,2023-11-11
5569,1018,656,withdrawal,2023-03-26
5570,1018,667,payment,2023-03-19
5571,1003,1236,transfer,2023-07-16
5572,1003,1905,purchase,2023-08-16
5573,1009,589,payment,2023-10-25
5574,1018,1395,refund,2023-05-19
5575,1009,1234,transfer,2023-11-17
5576,1010,1805,withdrawal,2023-06-21
5577,1011,1897,payment,2023-12-07
5578,1005,667,withdrawal,2023-10-24
5579,1005,875,refund,2023-07-18
5580,1009,1593,payment,2023-12-30
5581,1002,1294,withdrawal,2023-02-03
5582,1017,751,payment,2023-10-01
5583,1014,851,payment,2023-05-19
5584,1008,1837,purchase,2023-09-29
5585,1001,656,transfer,2023-09-22
5586,1008,1865,payment,2023-11-06
5587,1011,147,purchase,2023-04-24
5588,1013,798,purchase,2023-08-01
5589,1018,697,purchase,2023-06-29
5590,1004,1647,withdrawal,2023-02-07
5591,1005,1421,refund,2023-05-14
5592,1007,1331,refund,2023-02-06
5593,1008,997,payment,2023-11-12
5594,1019,102,payment,2023-01-10
5595,1018,760,refund,2023-07-18
5596,1016,1918,purchase,2023-03-06
5597,1008,529,payment,2023-06-30
5598,1003,594,purchase,2023-06-29
5599,1003,1177,payment,2023-08-17
5600,1005,517,purchase,2023-04-06
5601,1008,200,purchase,2023-11-14
5602,1019,1995,withdrawal,2023-04-17
5603,1002,290,withdrawal,2023-01-18
5604,1005,1974,purchase,2023-07-15
5605,1003,821,transfer,2023-06-13
5606,1011,1047,withdrawal,2023-06-22
5607,1017,1300,transfer,2023-09-23
5608,1019,877,payment,2023-04-02
5609,1017,1021,withdrawal,2023-01-26
5610,1003,1076,transfer,2023-01-29
5611,1006,1248,withdrawal,2023-08-04
5612,1004,758,refund,2023-06-16
5613,1005,1536,purchase,2023-10-30
5614,1013,1506,payment,2023-09-19
5615,1006,1141,payment,2023-02-16
5616,1017,168,refund,2023-06-03
5617,1012,1421,refund,2023-10-24
5618,1014,1570,refund,2023-07-10
5619,1008,1274,transfer,2023-01-23
5620,1019,1789,withdrawal,2023-03-16
5621,1002,1804,purchase,2023-06-22
5622,1002,1926,payment,2023-08-26
5623,1003,1789,withdrawal,2023-10-12
5624,1012,842,withdrawal,2023-08-21
5625,1010,1192,refund,2023-01-08
5626,1018,1384,refund,2023-04-03
5627,1020,1679,refund,2023-08-30
5628,1002,595,transfer,2023-06-15
5629,1013,311,refund,2023-12-22
5630,1003,1146,transfer,2023-08-14
5631,1001,1231,payment,2023-07-12
5632,1011,622,withdrawal,2023-02-19
5633,1007,670,refund,2023-03-24
5634,1005,478,transfer,2023-09-15
5635,1019,1455,payment,2023-02-10
5636,1006,242,purchase,2023-11-18
5637,1010,865,refund,2023-04-15
5638,1007,175,withdrawal,2023-11-13
5639,1016,1953,payment,2023-05-20
5640,1018,1245,purchase,2023-04-12
5641,1017,408,refund,2023-05-30
5642,1018,219,withdrawal,2023-06-21
5643,1005,526,purchase,2023-10-09
5644,1019,307,purchase,2023-05-07
5645,1006,1534,purchase,2023-08-30
5646,1001,1401,payment,2023-12-29
5647,1004,1322,refund,2023-09-03
5648,1010,1345,refund,2023-07-26
5649,1012,1699,refund,2023-04-25
5650,1002,559,refund,2023-09-06
5651,1016,1702,payment,2023-10-28
5652,1005,571,purchase,2023-10-13
5653,1006,376,transfer,2023-08-28
5654,1009,821,refund,2023-06-01
5655,1012,143,refund,2023-05-16
5656,1014,673,refund,2023-07-13
5657,1007,730,refund,2023-08-14
5658,1005,751,withdrawal,2023-01-03
5659,1006,742,transfer,2023-08-28
5660,1003,333,withdrawal,2023-09-20
5661,1010,1115,withdrawal,2023-01-01
5662,1006,1985,payment,2023-06-11
5663,1010,1645,payment,2023-03-24
5664,1005,478,withdrawal,2023-12-07
5665,1006,470,purchase,2023-03-10
5666,1018,403,purchase,2023-08-29
5667,1012,1590,refund,2023-02-13
5668,1008,1891,payment,2023-11-07
5669,1006,118,withdrawal,2023-06-09
5670,1006,1835,transfer,2023-02-07
5671,1013,1280,purchase,2023-06-10
5672,1009,1468,transfer,2023-12-21
5673,1019,544,payment,2023-08-27
5674,1005,827,payment,2023-11-27
5675,1007,1527,transfer,2023-12-17
5676,1016,1070,transfer,2023-08-29
5677,1003,585,refund,2023-05-06
5678,1020,344,purchase,2023-09-10
5679,1007,177,refund,2023-07-25
5680,1006,108,transfer,2023-11-12
5681,1006,643,payment,2023-01-22
5682,1013,1912,refund,2023-09-28
5683,1015,1659,transfer,2023-07-05
5684,1020,1684,withdrawal,2023-06-10
5685,1012,1699,refund,2023-07-20
5686,1006,1488,purchase,2023-10-27
5687,1008,732,transfer,2023-11-06
5688,1008,1634,purchase,2023-08-28
5689,1002,1491,refund,2023-05-11
5690,1011,1881,withdrawal,2023-10-07
5691,1001,1944,withdrawal,2023-07-26
5692,1010,1104,refund,2023-12-06
5693,1016,1058,withdrawal,2023-04-15
5694,1002,1276,purchase,2023-06-16
5695,1007,1059,transfer,2023-11-01
5696,1017,1026,refund,2023-05-03
5697,1001,107,refund,2023-12-17
5698,1020,596,transfer,2023-03-15
5699,1002,198,purchase,2023-02-24
5700,1012,1751,purchase,2023-07-20
5701,1015,1323,payment,2023-03-08
5702,1012,1699,transfer,2023-08-16
5703,1008,1261,refund,2023-01-12
5704,1010,952,payment,2023-12-14
5705,1012,765,withdrawal,2023-04-18
5706,1020,206,refund,2023-03-31
5707,1012,1424,refund,2023-07-08
5708,1010,745,transfer,2023-11-08
5709,1014,561,refund,2023-10-29
5710,1005,1622,payment,2023-12-23
5711,1007,982,withdrawal,2023-04-03
5712,1012,1896,purchase,2023-11-15
5713,1013,159,withdrawal,2023-12-06
5714,1013,1403,payment,2023-11-07
5715,1004,1382,purchase,2023-01-26
5716,1009,106,refund,2023-08-24
5717,1016,480,withdrawal,2023-02-27
5718,1020,1561,withdrawal,2023-08-09
5719,1001,1269,refund,2023-05-08
5720,1002,1261,purchase,2023-08-17
5721,1016,955,transfer,2023-01-09
5722,1009,1965,refund,2023-03-29
5723,1004,1245,payment,2023-10-26
5724,1019,1902,withdrawal,2023-11-14
5725,1011,131,transfer,2023-10-07
5726,1009,1822,payment,2023-12-22
5727,1007,315,payment,2023-10-08
5728,1012,971,transfer,2023-09-06
5729,1004,282,withdrawal,2023-02-11
5730,1020,192,refund,2023-09-12
5731,1008,1217,payment,2023-07-28
5732,1019,136,refund,2023-10-01
5733,1001,427,refund,2023-05-19
5734,1013,730,purchase,2023-02-13
5735,1003,1899,payment,2023-12-20
5736,1011,1334,payment,2023-01-09
5737,1005,1092,payment,2023-02-08
5738,1004,1339,withdrawal,2023-02-07
5739,1001,447,transfer,2023-01-29
5740,1009,1528,refund,2023-11-25
5741,1010,957,withdrawal,2023-11-29
5742,1009,852,refund,2023-06-26
5743,1013,1165,transfer,2023-05-31
5744,1016,118,purchase,2023-08-31
5745,1019,1092,transfer,2023-09-22
5746,1010,715,transfer,2023-05-23
5747,1003,861,refund,2023-07-02
5748,1020,1744,refund,2023-12-01
5749,1012,1445,payment,2023-05-12
5750,1012,689,refund,2023-03-11
5751,1006,468,transfer,2023-12-25
5752,1017,863,withdrawal,2023-07-01
5753,1013,1874,refund,2023-07-22
5754,1020,596,purchase,2023-07-21
5755,1006,961,withdrawal,2023-08-07
5756,1010,521,transfer,2023-07-27
5757,1011,109,refund,2023-03-06
5758,1007,1556,refund,2023-09-26
5759,1001,1408,payment,2023-04-24
5760,1005,138,withdrawal,2023-03-01
5761,1018,1840,transfer,2023-03-20
5762,1020,1283,purchase,2023-07-20
5763,1005,924,transfer,2023-11-14
5764,1009,520,transfer,2023-08-30
5765,1005,1571,payment,2023-04-17
5766,1013,1813,withdrawal,2023-05-31
5767,1011,192,payment,2023-03-11
5768,1002,1177,transfer,2023-11-05
5769,1004,1713,transfer,2023-03-03
5770,1020,261,purchase,2023-11-01
5771,1020,1991,transfer,2023-06-27
5772,1004,992,transfer,2023-02-03
5773,1005,1014,refund,2023-04-21
5774,1004,895,payment,2023-09-25
5775,1019,1656,refund,2023-11-08
5776,1001,1338,withdrawal,2023-10-27
5777,1014,363,payment,2023-07-09
5778,1020,924,payment,2023-08-26
5779,1017,1665,refund,2023-02-13
5780,1002,534,withdrawal,2023-12-22
5781,1001,1443,payment,2023-09-21
5782,1008,901,purchase,2023-06-15
5783,1003,1029,withdrawal,2023-07-12
5784,1005,648,transfer,2023-05-27
5785,1003,1542,payment,2023-04-02
5786,1019,1131,transfer,2023-12-04
5787,1010,1823,withdrawal,2023-08-16
5788,1006,321,transfer,2023-07-04
5789,1016,1512,withdrawal,2023-01-09
5790,1011,613,transfer,2023-10-13
5791,1006,1343,payment,2023-02-12
5792,1014,1811,payment,2023-03-24
5793,1018,898,transfer,2023-12-23
5794,1020,415,payment,2023-08-18
5795,1013,1147,refund,2023-04-25
5796,1004,1200,refund,2023-11-19
5797,1017,1690,payment,2023-08-31
5798,1002,1212,transfer,2023-08-10
5799,1014,158,payment,2023-10-30
5800,1003,1042,refund,2023-10-12
5801,1006,134,withdrawal,2023-06-01
5802,1012,1879,payment,2023-02-03
5803,1020,995,transfer,2023-10-24
5804,1001,1969,refund,2023-12-26
5805,1011,198,payment,2023-04-19
5806,1008,1266,refund,2023-10-21
5807,1002,1445,payment,2023-01-17
5808,1019,417,purchase,2023-01-06
5809,1007,542,refund,2023-08-04
5810,1006,1197,purchase,2023-11-14
5811,1018,553,transfer,2023-04-26
5812,1007,1470,refund,2023-01-05
5813,1020,702,transfer,2023-04-02
5814,1012,218,purchase,2023-12-12
5815,1007,955,payment,2023-06-26
5816,1013,1918,withdrawal,2023-02-11
5817,1002,1817,payment,2023-09-10
5818,1007,924,refund,2023-07-14
5819,1020,1596,transfer,2023-03-27
5820,1016,705,refund,2023-12-06
5821,1005,1188,transfer,2023-01-24
5822,1004,559,payment,2023-09-25
5823,1017,795,payment,2023-03-01
5824,1019,1058,transfer,2023-05-25
5825,1017,264,payment,2023-04-30
5826,1016,1311,refund,2023-11-11
5827,1009,393,transfer,2023-02-14
5828,1014,1146,transfer,2023-05-19
5829,1019,870,purchase,2023-01-08
5830,1020,933,payment,2023-10-11
5831,1017,102,payment,2023-10-25
5832,1014,371,withdrawal,2023-11-04
5833,1007,1097,refund,2023-12-06
5834,1015,1230,payment,2023-08-02
5835,1019,368,purchase,2023-11-18
5836,1001,415,transfer,2023-07-09
5837,1006,355,withdrawal,2023-09-30
5838,1001,304,withdrawal,2023-03-19
5839,1020,891,payment,2023-11-25
5840,1007,139,transfer,2023-05-19
5841,1005,1284,purchase,2023-06-09
5842,1001,862,payment,2023-01-11
5843,1016,586,refund,2023-04-10
5844,1009,1357,payment,2023-03-27
5845,1019,362,payment,2023-04-30
5846,1008,291,payment,2023-10-04
5847,1001,1880,refund,2023-08-07
5848,1013,1631,refund,2023-02-16
5849,1013,1925,purchase,2023-02-10
5850,1016,1304,withdrawal,2023-06-04
5851,1005,819,payment,2023-09-23
5852,1015,1855,withdrawal,2023-01-29
5853,1017,1612,refund,2023-04-29
5854,1005,939,payment,2023-07-13
5855,1015,697,refund,2023-10-31
5856,1002,1732,withdrawal,2023-07-28
5857,1015,131,payment,2023-08-13
5858,1016,1607,transfer,2023-11-29
5859,1005,1400,withdrawal,2023-04-20
5860,1020,1640,withdrawal,2023-07-13
5861,1013,972,payment,2023-03-05
5862,1017,563,purchase,2023-08-17
5863,1002,1656,refund,2023-04-08
5864,1016,267,refund,2023-05-30
5865,1005,1356,withdrawal,2023-07-10
5866,1008,878,transfer,2023-08-28
5867,1009,620,refund,2023-08-18
5868,1001,501,purchase,2023-03-28
5869,1012,210,payment,2023-02-22
5870,1014,270,transfer,2023-12-03
5871,1006,1789,payment,2023-01-02
5872,1015,1580,purchase,2023-07-26
5873,1006,223,transfer,2023-01-24
5874,1005,1139,refund,2023-04-02
5875,1019,1966,purchase,2023-12-13
5876,1018,1769,payment,2023-12-08
5877,1017,1722,withdrawal,2023-10-14
5878,1007,390,withdrawal,2023-09-06
5879,1004,869,refund,2023-08-24
5880,1014,294,purchase,2023-02-20
5881,1019,1985,purchase,2023-08-09
5882,1014,1153,purchase,2023-05-27
5883,1019,1926,transfer,2023-03-07
5884,1010,1610,refund,2023-02-25
5885,1017,1638,payment,2023-03-05
5886,1020,1949,purchase,2023-08-18
5887,1017,1782,withdrawal,2023-06-11
5888,1004,695,transfer,2023-08-13
5889,1015,575,payment,2023-02-07
5890,1002,762,withdrawal,2023-05-19
5891,1011,1725,payment,2023-03-23
5892,1005,661,payment,2023-10-24
5893,1006,387,purchase,2023-11-26
5894,1008,1765,refund,2023-12-28
5895,1006,1376,payment,2023-12-14
5896,1010,764,transfer,2023-05-30
5897,1014,1667,payment,2023-06-24
5898,1012,1402,transfer,2023-05-27
5899,1014,1881,transfer,2023-09-01
5900,1018,1345,withdrawal,2023-10-16
5901,1014,1258,payment,2023-11-08
5902,1004,194,payment,2023-01-10
5903,1017,205,purchase,2023-07-12
5904,1014,1935,purchase,2023-12-09
5905,1018,1247,purchase,2023-01-10
5906,1020,1739,purchase,2023-06-15
5907,1010,1960,purchase,2023-02-27
5908,1005,829,transfer,2023-12-16
5909,1012,372,withdrawal,2023-08-29
5910,1002,379,payment,2023-01-05
5911,1013,1786,payment,2023-01-14
5912,1006,748,refund,2023-11-19
5913,1007,490,payment,2023-02-13
5914,1013,1688,payment,2023-10-31
5915,1001,1482,purchase,2023-12-06
5916,1019,977,purchase,2023-01-22
5917,1004,1426,transfer,2023-07-17
5918,1004,1916,refund,2023-09-11
5919,1010,1868,transfer,2023-05-14
5920,1007,999,refund,2023-03-25
5921,1014,620,payment,2023-11-10
5922,1008,508,transfer,2023-04-01
5923,1011,1242,transfer,2023-11-19
5924,1009,1585,payment,2023-08-26
5925,1002,221,payment,2023-11-07
5926,1001,1422,transfer,2023-03-08
5927,1019,1953,withdrawal,2023-06-14
5928,1015,1216,withdrawal,2023-08-09
5929,1015,1650,purchase,2023-01-01
5930,1007,330,refund,2023-12-07
5931,1014,410,transfer,2023-12-04
5932,1015,1445,payment,2023-09-05
5933,1005,927,withdrawal,2023-03-15
5934,1013,155,refund,2023-02-15
5935,1013,1054,payment,2023-11-21
5936,1009,1299,refund,2023-07-12
5937,1004,1016,payment,2023-12-06
5938,1018,1254,refund,2023-06-03
5939,1005,243,payment,2023-08-03
5940,1019,1772,purchase,2023-05-24
5941,1007,413,withdrawal,2023-10-21
5942,1010,1636,withdrawal,2023-12-11
5943,1001,137,payment,2023-04-18
5944,1019,1476,withdrawal,2023-11-26
5945,1007,1823,transfer,2023-05-19
5946,1016,713,withdrawal,2023-10-23
5947,1014,1600,refund,2023-05-31
5948,1001,745,withdrawal,2023-01-31
5949,1010,1011,withdrawal,2023-04-19
5950,1009,1732,withdrawal,2023-10-17
5951,1010,1522,transfer,2023-12-03
5952,1018,998,transfer,2023-04-13
5953,1018,432,transfer,2023-03-17
5954,1018,244,refund,2023-01-23
5955,1001,533,payment,2023-04-30
5956,1009,176,payment,2023-06-06
5957,1007,749,payment,2023-01-04
5958,1004,1788,withdrawal,2023-12-11
5959,1017,1787,purchase,2023-03-17
5960,1014,400,refund,2023-10-15
5961,1009,200,purchase,2023-04-06
5962,1014,867,transfer,2023-11-10
5963,1019,1713,withdrawal,2023-10-25
5964,1006,1661,withdrawal,2023-10-11
5965,1016,1324,transfer,2023-06-04
5966,1008,1698,payment,2023-06-09
5967,1005,1228,payment,2023-10-09
5968,1001,1066,withdrawal,2023-06-01
5969,1013,757,payment,2023-05-15
5970,1009,582,payment,2023-08-08
5971,1003,268,payment,2023-06-14
5972,1003,1781,purchase,2023-04-04
5973,1010,454,purchase,2023-01-23
5974,1001,1416,withdrawal,2023-05-22
5975,1002,926,refund,2023-02-28
5976,1006,1957,refund,2023-05-21
5977,1005,1400,withdrawal,2023-02-08
5978,1016,1962,transfer,2023-04-12
5979,1017,1291,withdrawal,2023-09-13
5980,1020,363,refund,2023-08-05
5981,1005,1376,purchase,2023-09-08
5982,1002,1151,payment,2023-12-27
5983,1013,514,transfer,2023-07-21
5984,1006,211,withdrawal,2023-02-14
5985,1001,1971,payment,2023-08-01
5986,1016,254,refund,2023-05-12
5987,1012,1406,refund,2023-04-23
5988,1018,424,refund,2023-08-18
5989,1008,701,withdrawal,2023-10-20
5990,1015,482,payment,2023-08-25
5991,1003,1497,purchase,2023-05-10
5992,1013,696,refund,2023-12-25
5993,1005,1325,transfer,2023-11-04
5994,1016,1913,withdrawal,2023-11-03
5995,1011,854,transfer,2023-10-03
5996,1013,687,refund,2023-05-01
5997,1005,358,payment,2023-09-09
5998,1001,676,transfer,2023-05-19
5999,1015,908,transfer,2023-12-01
6000,1013,1219,refund,2023-07-23
6001,1015,1083,transfer,2023-06-07
6002,1002,1094,transfer,2023-02-28
6003,1019,973,refund,2023-11-02
6004,1016,1204,refund,2023-03-12
6005,1005,813,purchase,2023-03-21
6006,1008,696,payment,2023-01-29
6007,1010,886,payment,2023-09-01
6008,1013,1140,withdrawal,2023-10-19
6009,1020,389,transfer,2023-01-31
6010,1007,888,withdrawal,2023-05-28
6011,1004,1609,purchase,2023-04-21
6012,1008,1176,refund,2023-10-10
6013,1017,1492,payment,2023-06-04
6014,1005,852,withdrawal,2023-01-15
6015,1001,1152,purchase,2023-05-09
6016,1008,1745,payment,2023-05-02
6017,1009,205,purchase,2023-04-07
6018,1012,1744,payment,2023-06-13
6019,1020,1062,payment,2023-05-25
6020,1011,374,refund,2023-01-21
6021,1012,1605,payment,2023-07-01
6022,1014,1662,purchase,2023-10-23
6023,1003,108,withdrawal,2023-03-27
6024,1007,1539,payment,2023-05-25
6025,1013,1502,purchase,2023-08-25
6026,1013,1910,payment,2023-07-25
6027,1019,706,payment,2023-01-31
6028,1003,1136,transfer,2023-12-10
6029,1012,160,refund,2023-02-08
6030,1015,1350,refund,2023-12-21
6031,1015,1005,refund,2023-03-20
6032,1008,1716,purchase,2023-08-17
6033,1013,458,withdrawal,2023-07-29
6034,1017,159,transfer,2023-12-26
6035,1017,371,transfer,2023-08-17
6036,1019,546,payment,2023-02-09
6037,1020,196,refund,2023-03-30
6038,1014,533,payment,2023-12-16
6039,1012,1172,payment,2023-01-10
6040,1009,362,withdrawal,2023-10-27
6041,1005,841,purchase,2023-07-30
6042,1018,1205,payment,2023-05-07
6043,1004,1226,purchase,2023-06-05
6044,1010,1604,refund,2023-12-31
6045,1007,104,withdrawal,2023-04-08
6046,1019,1952,purchase,2023-01-08
6047,1006,1294,refund,2023-08-06
6048,1010,1792,payment,2023-11-04
6049,1016,1942,refund,2023-06-15
6050,1019,1428,purchase,2023-06-25
6051,1010,990,transfer,2023-09-04
6052,1001,659,transfer,2023-10-25
6053,1008,522,transfer,2023-04-22
6054,1011,109,transfer,2023-02-02
6055,1013,1035,refund,2023-03-15
6056,1012,960,purchase,2023-01-04
6057,1001,1715,purchase,2023-09-13
6058,1010,299,refund,2023-07-17
6059,1013,1319,payment,2023-11-20
6060,1017,291,payment,2023-03-31
6061,1006,1028,payment,2023-05-15
6062,1004,1738,payment,2023-04-14
6063,1015,772,purchase,2023-10-23
6064,1014,412,transfer,2023-10-11
6065,1018,1774,refund,2023-04-20
6066,1015,103,purchase,2023-02-25
6067,1016,694,transfer,2023-06-15
6068,1020,859,purchase,2023-08-01
6069,1019,1989,refund,2023-09-13
6070,1007,815,refund,2023-09-14
6071,1012,1338,payment,2023-12-16
6072,1016,757,withdrawal,2023-04-07
6073,1011,1886,purchase,2023-04-25
6074,1001,1577,refund,2023-01-09
6075,1020,626,transfer,2023-05-12
6076,1001,819,transfer,2023-05-08
6077,1015,178,transfer,2023-07-06
6078,1017,988,transfer,2023-12-26
6079,1003,429,refund,2023-10-23
6080,1017,954,payment,2023-04-22
6081,1006,757,transfer,2023-02-16
6082,1016,252,transfer,2023-09-29
6083,1011,1088,payment,2023-08-28
6084,1012,338,payment,2023-03-15
6085,1014,188,transfer,2023-09-28
6086,1004,771,purchase,2023-07-11
6087,1008,1101,refund,2023-03-25
6088,1014,1869,transfer,2023-07-06
6089,1012,378,payment,2023-07-25
6090,1007,1321,payment,2023-04-22
6091,1011,437,refund,2023-03-17
6092,1018,1413,payment,2023-07-15
6093,1014,1747,purchase,2023-04-12
6094,1020,1043,refund,2023-02-28
6095,1010,1359,payment,2023-02-22
6096,1006,1922,payment,2023-05-24
6097,1003,1033,refund,2023-05-08
6098,1009,1937,payment,2023-07-19
6099,1020,1007,refund,2023-09-08
6100,1008,1246,transfer,2023-05-26
6101,1001,1354,payment,2023-04-05
6102,1014,1700,purchase,2023-04-17
6103,1002,1401,purchase,2023-11-12
6104,1017,928,refund,2023-04-19
6105,1008,879,transfer,2023-10-07
6106,1005,187,withdrawal,2023-11-22
6107,1007,1602,refund,2023-09-27
6108,1002,553,refund,2023-07-11
6109,1012,407,refund,2023-11-17
6110,1001,1216,refund,2023-05-02
6111,1003,1546,withdrawal,2023-08-16
6112,1008,1881,transfer,2023-01-27
6113,1013,1140,purchase,2023-02-07
6114,1012,701,purchase,2023-08-24
6115,1020,948,payment,2023-10-02
6116,1003,251,transfer,2023-02-27
6117,1020,1345,withdrawal,2023-11-21
6118,1014,531,purchase,2023-01-06
6119,1008,349,payment,2023-08-30
6120,1018,125,refund,2023-11-30
6121,1013,1092,payment,2023-07-22
6122,1013,1751,withdrawal,2023-03-10
6123,1017,1047,refund,2023-08-06
6124,1001,1741,withdrawal,2023-02-13
6125,1018,1546,transfer,2023-02-17
6126,1014,855,withdrawal,2023-05-04
6127,1001,552,refund,2023-03-20
6128,1002,463,withdrawal,2023-10-26
6129,1010,323,purchase,2023-01-04
6130,1001,679,payment,2023-05-17
6131,1017,452,refund,2023-05-11
6132,1008,1521,refund,2023-12-04
6133,1003,1936,refund,2023-02-05
6134,1016,894,transfer,2023-09-04
6135,1015,1253,purchase,2023-03-14
6136,1001,1528,payment,2023-09-21
6137,1012,1372,purchase,2023-07-04
6138,1008,1959,withdrawal,2023-12-24
6139,1007,1031,transfer,2023-07-16
6140,1008,535,payment,2023-05-24
6141,1003,1231,purchase,2023-10-13
6142,1003,1935,transfer,2023-01-05
6143,1017,447,purchase,2023-12-10
6144,1002,593,refund,2023-02-06
6145,1009,1089,payment,2023-04-22
6146,1008,1750,transfer,2023-09-02
6147,1011,1634,payment,2023-01-22
6148,1009,1343,withdrawal,2023-12-11
6149,1015,1751,transfer,2023-08-02
6150,1008,1722,purchase,2023-12-18
6151,1016,1074,refund,2023-06-24
6152,1020,293,purchase,2023-11-13
6153,1019,230,purchase,2023-11-10
6154,1004,1198,refund,2023-10-08
6155,1008,743,refund,2023-05-01
6156,1011,268,withdrawal,2023-08-24
6157,1005,699,refund,2023-04-02
6158,1003,130,purchase,2023-08-22
6159,1008,939,payment,2023-01-11
6160,1007,767,withdrawal,2023-12-25
6161,1011,877,payment,2023-03-01
6162,1017,492,withdrawal,2023-03-01
6163,1013,1446,refund,2023-05-25
6164,1005,1535,refund,2023-07-26
6165,1020,1851,payment,2023-09-04
6166,1001,931,transfer,2023-01-27
6167,1001,1238,purchase,2023-02-13
6168,1013,1939,payment,2023-06-01
6169,1008,635,transfer,2023-07-15
6170,1005,1054,payment,2023-07-08
6171,1020,779,withdrawal,2023-08-31
6172,1018,465,purchase,2023-12-31
6173,1006,1609,payment,2023-07-12
6174,1009,1282,transfer,2023-08-16
6175,1002,1797,transfer,2023-10-15
6176,1009,1310,payment,2023-06-27
6177,1013,1224,payment,2023-07-26
6178,1002,429,purchase,2023-12-19
6179,1012,1600,withdrawal,2023-03-05
6180,1018,823,payment,2023-01-21
6181,1015,353,withdrawal,2023-05-04
6182,1011,421,transfer,2023-09-18
6183,1002,1263,withdrawal,2023-11-21
6184,1012,460,withdrawal,2023-05-05
6185,1013,1446,withdrawal,2023-07-01
6186,1015,270,transfer,2023-10-29
6187,1015,1963,refund,2023-09-16
6188,1011,1095,payment,2023-02-27
6189,1016,202,refund,2023-02-01
6190,1001,1885,transfer,2023-03-05
6191,1003,1648,transfer,2023-01-15
6192,1014,1977,purchase,2023-08-29
6193,1002,1349,transfer,2023-03-18
6194,1013,631,refund,2023-08-16
6195,1003,1869,purchase,2023-08-05
6196,1012,939,purchase,2023-08-09
6197,1019,1382,transfer,2023-01-29
6198,1016,1408,payment,2023-08-26
6199,1010,220,transfer,2023-08-01
6200,1001,645,transfer,2023-06-26
6201,1013,1234,payment,2023-05-11
6202,1003,1893,transfer,2023-04-27
6203,1014,1859,refund,2023-04-03
6204,1018,1092,withdrawal,2023-03-17
6205,1002,1498,purchase,2023-09-04
6206,1005,497,purchase,2023-02-13
6207,1020,478,withdrawal,2023-08-13
6208,1020,768,withdrawal,2023-09-01
6209,1004,501,purchase,2023-02-02
6210,1018,1774,purchase,2023-08-26
6211,1009,1434,refund,2023-12-05
6212,1005,1747,purchase,2023-09-15
6213,1002,1340,purchase,2023-05-02
6214,1018,1892,withdrawal,2023-08-18
6215,1018,1996,withdrawal,2023-12-02
6216,1002,723,transfer,2023-04-26
6217,1012,802,purchase,2023-07-12
6218,1003,1934,transfer,2023-03-22
6219,1014,1126,payment,2023-06-24
6220,1019,624,purchase,2023-10-06
6221,1005,518,withdrawal,2023-07-30
6222,1004,1341,refund,2023-04-04
6223,1005,1428,transfer,2023-08-01
6224,1014,1290,refund,2023-03-16
6225,1015,600,transfer,2023-10-17
6226,1005,1917,refund,2023-06-09
6227,1014,1850,purchase,2023-05-23
6228,1019,1885,transfer,2023-05-27
6229,1001,552,withdrawal,2023-11-04
6230,1014,1043,transfer,2023-12-16
6231,1018,1104,transfer,2023-07-07
6232,1003,1347,purchase,2023-03-25
6233,1003,1229,transfer,2023-04-29
6234,1015,1046,transfer,2023-07-07
6235,1008,1622,withdrawal,2023-07-02
6236,1009,464,purchase,2023-07-25
6237,1007,1937,payment,2023-09-09
6238,1012,1616,refund,2023-02-10
6239,1005,801,transfer,2023-05-11
6240,1009,1344,withdrawal,2023-11-21
6241,1020,448,transfer,2023-11-04
6242,1015,1482,payment,2023-04-04
6243,1005,1595,withdrawal,2023-08-14
6244,1015,152,transfer,2023-01-24
6245,1008,816,purchase,2023-04-05
6246,1017,1049,withdrawal,2023-01-11
6247,1018,497,withdrawal,2023-08-29
6248,1007,1152,purchase,2023-02-19
6249,1017,1537,purchase,2023-04-14
6250,1002,1740,purchase,2023-12-26
6251,1016,1839,refund,2023-01-19
6252,1008,1541,purchase,2023-07-25
6253,1012,315,refund,2023-09-25
6254,1002,161,payment,2023-04-01
6255,1002,1464,payment,2023-02-05
6256,1008,117,withdrawal,2023-07-24
6257,1015,1704,payment,2023-04-06
6258,1011,780,purchase,2023-04-09
6259,1012,1144,payment,2023-10-17
6260,1002,670,withdrawal,2023-08-02
6261,1009,1873,payment,2023-10-23
6262,1004,887,purchase,2023-11-15
6263,1003,1835,transfer,2023-11-02
6264,1005,585,purchase,2023-06-19
6265,1020,1429,purchase,2023-09-29
6266,1010,1411,withdrawal,2023-08-04
6267,1002,420,withdrawal,2023-07-19
6268,1005,559,refund,2023-06-30
6269,1008,795,payment,2023-10-12
6270,1013,232,withdrawal,2023-10-08
6271,1009,683,purchase,2023-04-06
6272,1017,676,withdrawal,2023-01-08
6273,1014,1273,withdrawal,2023-07-12
6274,1019,1905,transfer,2023-12-13
6275,1011,1424,withdrawal,2023-11-13
6276,1015,1613,refund,2023-02-07
6277,1002,877,purchase,2023-03-25
6278,1017,1391,purchase,2023-08-04
6279,1012,382,payment,2023-06-25
6280,1018,1434,purchase,2023-09-11
6281,1020,1579,purchase,2023-01-24
6282,1015,1143,refund,2023-12-11
6283,1008,727,payment,2023-09-29
6284,1008,1950,payment,2023-10-01
6285,1016,636,payment,2023-06-13
6286,1014,1407,purchase,2023-05-17
6287,1003,1613,payment,2023-06-01
6288,1019,840,refund,2023-12-18
6289,1002,1758,payment,2023-02-19
6290,1016,757,transfer,2023-06-21
6291,1018,1409,payment,2023-01-24
6292,1004,114,refund,2023-12-03
6293,1008,303,purchase,2023-02-19
6294,1020,971,refund,2023-01-30
6295,1017,1412,transfer,2023-11-07
6296,1008,775,withdrawal,2023-06-15
6297,1016,1076,transfer,2023-03-11
6298,1017,1747,transfer,2023-03-13
6299,1010,669,purchase,2023-05-26
6300,1010,118,transfer,2023-06-16
6301,1001,1404,transfer,2023-12-14
6302,1005,1659,transfer,2023-10-17
6303,1001,945,transfer,2023-11-23
6304,1016,1693,payment,2023-12-10
6305,1013,301,transfer,2023-03-01
6306,1016,691,payment,2023-05-27
6307,1019,525,purchase,2023-10-08
6308,1008,1359,purchase,2023-04-13
6309,1014,839,withdrawal,2023-09-08
6310,1009,867,withdrawal,2023-05-27
6311,1019,437,transfer,2023-04-16
6312,1020,603,withdrawal,2023-01-16
6313,1013,1261,transfer,2023-10-06
6314,1016,766,refund,2023-02-23
6315,1013,1802,refund,2023-07-29
6316,1009,1205,purchase,2023-11-24
6317,1006,292,payment,2023-07-23
6318,1014,1557,refund,2023-02-26
6319,1013,1944,transfer,2023-09-24
6320,1004,170,withdrawal,2023-11-11
6321,1005,296,payment,2023-03-08
6322,1010,1211,withdrawal,2023-08-05
6323,1003,943,transfer,2023-05-10
6324,1009,1632,refund,2023-01-13
6325,1008,1752,withdrawal,2023-07-06
6326,1014,1665,refund,2023-10-03
6327,1018,1368,purchase,2023-05-05
6328,1005,423,purchase,2023-06-26
6329,1019,1352,refund,2023-04-13
6330,1001,305,withdrawal,2023-11-06
6331,1014,1961,purchase,2023-03-28
6332,1019,1167,withdrawal,2023-11-17
6333,1001,1421,transfer,2023-04-01
6334,1005,509,withdrawal,2023-01-04
6335,1004,1350,transfer,2023-05-08
6336,1005,576,purchase,2023-03-18
6337,1011,597,transfer,2023-04-02
6338,1010,130,payment,2023-10-31
6339,1006,1627,refund,2023-09-14
6340,1015,1618,refund,2023-02-03
6341,1017,1482,transfer,2023-02-01
6342,1006,824,purchase,2023-02-04
6343,1001,1033,payment,2023-09-16
6344,1018,645,purchase,2023-09-30
6345,1014,1070,withdrawal,2023-06-29
6346,1014,1013,transfer,2023-12-27
6347,1009,466,withdrawal,2023-08-06
6348,1003,243,refund,2023-02-15
6349,1018,602,payment,2023-11-08
6350,1016,1083,transfer,2023-10-19
6351,1019,1472,purchase,2023-04-28
6352,1001,1066,transfer,2023-08-04
6353,1018,379,refund,2023-05-07
6354,1017,1673,withdrawal,2023-10-17
6355,1002,655,transfer,2023-07-10
6356,1013,1048,refund,2023-11-12
6357,1007,1348,refund,2023-11-25
6358,1009,234,purchase,2023-05-28
6359,1018,1165,withdrawal,2023-09-11
6360,1016,1726,payment,2023-11-21
6361,1002,1319,payment,2023-11-14
6362,1010,655,purchase,2023-02-24
6363,1010,1271,transfer,2023-10-12
6364,1014,1221,purchase,2023-02-07
6365,1006,1650,transfer,2023-12-11
6366,1009,786,purchase,2023-11-07
6367,1009,1946,refund,2023-08-06
6368,1004,1160,payment,2023-12-31
6369,1018,958,purchase,2023-04-07
6370,1010,1919,refund,2023-08-14
6371,1018,1871,refund,2023-02-13
6372,1008,361,refund,2023-04-08
6373,1005,1868,payment,2023-11-10
6374,1002,464,purchase,2023-01-24
6375,1007,223,transfer,2023-08-21
6376,1016,1048,withdrawal,2023-06-06
6377,1002,1129,withdrawal,2023-10-08
6378,1016,867,payment,2023-04-06
6379,1008,1320,transfer,2023-04-02
6380,1001,131,withdrawal,2023-04-07
6381,1005,1207,withdrawal,2023-07-27
6382,1013,1550,refund,2023-05-30
6383,1011,870,transfer,2023-08-06
6384,1019,1368,refund,2023-10-19
6385,1016,1337,purchase,2023-09-26
6386,1015,173,purchase,2023-01-16
6387,1004,558,refund,2023-09-07
6388,1019,1746,refund,2023-03-06
6389,1010,356,payment,2023-09-12
6390,1004,1769,transfer,2023-01-10
6391,1009,129,refund,2023-07-26
6392,1004,1184,transfer,2023-02-18
6393,1001,1967,withdrawal,2023-03-09
6394,1003,1134,payment,2023-09-15
6395,1019,1942,purchase,2023-11-22
6396,1009,1329,refund,2023-06-11
6397,1002,1977,transfer,2023-10-07
6398,1001,161,withdrawal,2023-06-14
6399,1014,1278,withdrawal,2023-04-04
6400,1009,1998,refund,2023-10-31
6401,1007,182,purchase,2023-02-12
6402,1005,1358,transfer,2023-03-18
6403,1011,416,purchase,2023-08-24
6404,1020,1148,withdrawal,2023-01-24
6405,1014,1831,withdrawal,2023-12-28
6406,1013,1258,withdrawal,2023-04-15
6407,1014,1902,purchase,2023-06-01
6408,1006,777,payment,2023-04-25
6409,1007,1023,refund,2023-01-29
6410,1018,1928,withdrawal,2023-08-03
6411,1014,1382,payment,2023-08-06
6412,1014,1161,refund,2023-03-10
6413,1012,336,refund,2023-06-19
6414,1003,547,transfer,2023-11-03
6415,1008,162,transfer,2023-03-05
6416,1005,338,transfer,2023-04-10
6417,1002,1584,transfer,2023-07-29
6418,1001,590,refund,2023-12-26
6419,1017,1217,withdrawal,2023-05-04
6420,1018,1726,withdrawal,2023-10-30
6421,1004,1491,transfer,2023-02-23
6422,1001,121,refund,2023-02-08
6423,1014,1301,refund,2023-11-03
6424,1004,1274,refund,2023-01-19
6425,1005,1831,transfer,2023-11-04
6426,1009,791,transfer,2023-07-19
6427,1005,1152,purchase,2023-01-05
6428,1001,1963,payment,2023-12-26
6429,1004,657,withdrawal,2023-01-24
6430,1016,1823,payment,2023-11-03
6431,1006,1992,withdrawal,2023-11-27
6432,1013,1124,purchase,2023-07-05
6433,1004,1291,withdrawal,2023-04-01
6434,1018,1399,refund,2023-11-20
6435,1007,1895,transfer,2023-11-04
6436,1003,914,refund,2023-12-28
6437,1012,845,transfer,2023-02-17
6438,1016,940,transfer,2023-10-26
6439,1002,1866,purchase,2023-12-10
6440,1003,1445,payment,2023-06-18
6441,1007,1155,withdrawal,2023-07-05
6442,1003,453,withdrawal,2023-05-31
6443,1007,913,payment,2023-02-21
6444,1002,1034,withdrawal,2023-06-03
6445,1011,1673,refund,2023-02-13
6446,1012,1904,refund,2023-12-25
6447,1014,650,transfer,2023-03-11
6448,1010,1574,transfer,2023-07-01
6449,1002,686,refund,2023-07-20
6450,1016,661,withdrawal,2023-06-25
6451,1008,1722,purchase,2023-09-20
6452,1001,103,purchase,2023-02-06
6453,1009,1531,refund,2023-02-08
6454,1019,221,withdrawal,2023-08-28
6455,1009,468,refund,2023-02-07
6456,1001,1441,payment,2023-01-29
6457,1015,1656,payment,2023-04-19
6458,1020,435,purchase,2023-04-17
6459,1017,1279,transfer,2023-04-22
6460,1007,1758,refund,2023-12-04
6461,1017,1570,transfer,2023-04-09
6462,1007,1901,transfer,2023-11-23
6463,1017,1696,transfer,2023-03-26
6464,1016,247,withdrawal,2023-09-27
6465,1010,1582,purchase,2023-03-13
6466,1011,513,withdrawal,2023-02-23
6467,1010,1294,refund,2023-11-05
6468,1009,443,refund,2023-06-22
6469,1019,852,payment,2023-08-26
6470,1014,693,withdrawal,2023-07-12
6471,1014,1186,withdrawal,2023-03-23
6472,1014,1300,refund,2023-05-15
6473,1010,514,transfer,2023-03-22
6474,1004,261,payment,2023-09-12
6475,1009,1769,refund,2023-02-11
6476,1018,714,refund,2023-11-14
6477,1007,1040,purchase,2023-02-08
6478,1012,1153,withdrawal,2023-10-26
6479,1012,277,refund,2023-07-31
6480,1003,1599,withdrawal,2023-01-09
6481,1005,837,purchase,2023-03-09
6482,1014,1829,payment,2023-01-09
6483,1018,915,transfer,2023-04-20
6484,1002,1294,refund,2023-06-03
6485,1006,1825,refund,2023-09-03
6486,1014,1335,withdrawal,2023-12-13
6487,1004,1334,payment,2023-06-27
6488,1004,863,payment,2023-12-02
6489,1012,1950,purchase,2023-06-13
6490,1012,1449,purchase,2023-09-06
6491,1020,509,refund,2023-11-09
6492,1012,693,withdrawal,2023-11-21
6493,1005,1674,withdrawal,2023-03-25
6494,1006,1264,payment,2023-08-24
6495,1001,341,withdrawal,2023-08-01
6496,1017,488,transfer,2023-08-26
6497,1017,100,payment,2023-09-14
6498,1010,1895,withdrawal,2023-10-11
6499,1015,322,transfer,2023-02-26
6500,1016,1127,payment,2023-10-20
6501,1007,1033,payment,2023-05-20
6502,1015,1312,withdrawal,2023-07-11
6503,1014,1547,transfer,2023-03-14
6504,1013,347,purchase,2023-06-13
6505,1011,174,refund,2023-11-29
6506,1009,1494,purchase,2023-10-24
6507,1002,1068,purchase,2023-10-30
6508,1005,421,refund,2023-03-12
6509,1003,813,transfer,2023-09-06
6510,1012,322,refund,2023-08-25
6511,1001,960,payment,2023-05-08
6512,1008,580,payment,2023-04-19
6513,1019,1549,withdrawal,2023-04-24
6514,1012,1180,purchase,2023-04-28
6515,1014,1387,refund,2023-10-28
6516,1004,892,withdrawal,2023-07-30
6517,1016,127,withdrawal,2023-08-10
6518,1012,983,purchase,2023-10-06
6519,1008,1397,purchase,2023-05-16
6520,1015,460,transfer,2023-12-11
6521,1009,195,transfer,2023-01-16
6522,1014,644,purchase,2023-02-11
6523,1015,1396,purchase,2023-04-07
6524,1006,173,transfer,2023-05-11
6525,1015,1470,purchase,2023-07-20
6526,1010,1022,withdrawal,2023-01-30
6527,1009,306,payment,2023-05-21
6528,1007,930,purchase,2023-12-23
6529,1013,489,purchase,2023-05-02
6530,1003,618,payment,2023-01-03
6531,1017,900,transfer,2023-12-13
6532,1010,469,refund,2023-07-31
6533,1004,937,payment,2023-09-16
6534,1003,1588,transfer,2023-10-16
6535,1020,688,purchase,2023-11-27
6536,1009,1261,purchase,2023-03-29
6537,1015,1459,purchase,2023-08-26
6538,1017,954,purchase,2023-05-22
6539,1010,207,payment,2023-10-12
6540,1003,622,purchase,2023-05-09
6541,1006,1188,purchase,2023-10-14
6542,1014,1249,payment,2023-11-06
6543,1014,490,purchase,2023-03-04
6544,1002,1432,refund,2023-01-28
6545,1010,125,transfer,2023-12-01
6546,1017,1954,withdrawal,2023-12-06
6547,1004,835,payment,2023-04-11
6548,1003,1343,payment,2023-03-05
6549,1013,702,withdrawal,2023-05-03
6550,1010,453,payment,2023-09-29
6551,1015,551,payment,2023-03-08
6552,1002,1006,refund,2023-12-18
6553,1011,1095,transfer,2023-06-25
6554,1019,1235,refund,2023-04-05
6555,1008,1641,payment,2023-06-13
6556,1005,1109,purchase,2023-03-13
6557,1002,1838,withdrawal,2023-03-30
6558,1007,1138,refund,2023-10-31
6559,1007,1876,withdrawal,2023-11-06
6560,1003,1868,transfer,2023-02-24
6561,1019,1558,refund,2023-08-22
6562,1016,1520,transfer,2023-04-07
6563,1014,1637,withdrawal,2023-01-25
6564,1012,1530,withdrawal,2023-03-21
6565,1004,1777,transfer,2023-07-02
6566,1007,1065,withdrawal,2023-06-18
6567,1006,376,refund,2023-07-17
6568,1002,630,payment,2023-07-15
6569,1010,380,refund,2023-01-29
6570,1014,1479,transfer,2023-01-09
6571,1001,1293,withdrawal,2023-11-24
6572,1011,731,payment,2023-04-15
6573,1013,145,purchase,2023-12-19
6574,1011,1822,purchase,2023-06-29
6575,1003,117,purchase,2023-01-11
6576,1010,672,withdrawal,2023-04-22
6577,1004,1935,withdrawal,2023-12-09
6578,1003,1236,payment,2023-09-11
6579,1016,328,withdrawal,2023-08-07
6580,1018,1917,withdrawal,2023-06-13
6581,1012,810,refund,2023-08-27
6582,1011,355,payment,2023-07-14
6583,1012,612,payment,2023-10-15
6584,1019,539,transfer,2023-12-04
6585,1006,1522,payment,2023-03-10
6586,1019,268,withdrawal,2023-02-27
6587,1003,504,refund,2023-04-19
6588,1014,1365,withdrawal,2023-04-19
6589,1003,1252,purchase,2023-12-18
6590,1017,1531,refund,2023-10-03
6591,1004,1668,refund,2023-02-19
6592,1010,1631,refund,2023-11-10
6593,1014,1993,transfer,2023-04-26
6594,1019,769,payment,2023-10-01
6595,1003,1737,payment,2023-04-28
6596,1005,1578,withdrawal,2023-08-27
6597,1004,751,withdrawal,2023-06-02
6598,1008,644,transfer,2023-04-30
6599,1005,623,purchase,2023-10-27
6600,1011,1977,transfer,2023-02-10
6601,1013,1199,transfer,2023-11-08
6602,1020,893,refund,2023-10-13
6603,1019,1629,purchase,2023-01-04
6604,1006,177,withdrawal,2023-10-10
6605,1004,1614,purchase,2023-02-09
6606,1008,909,withdrawal,2023-07-01
6607,1002,901,refund,2023-06-02
6608,1018,161,withdrawal,2023-11-11
6609,1014,1786,payment,2023-09-29
6610,1018,1511,payment,2023-01-23
6611,1001,597,purchase,2023-05-02
6612,1008,363,withdrawal,2023-07-27
6613,1008,333,withdrawal,2023-03-30
6614,1006,979,withdrawal,2023-04-05
6615,1014,926,payment,2023-09-11
6616,1020,642,purchase,2023-04-10
6617,1013,244,purchase,2023-05-30
6618,1007,1488,refund,2023-06-05
6619,1018,537,purchase,2023-02-26
6620,1010,621,transfer,2023-07-26
6621,1002,1892,transfer,2023-04-16
6622,1013,355,refund,2023-01-22
6623,1018,1669,purchase,2023-01-07
6624,1011,1822,purchase,2023-12-06
6625,1012,1661,payment,2023-05-21
6626,1020,458,transfer,2023-05-30
6627,1014,929,purchase,2023-10-01
6628,1016,1926,purchase,2023-11-22
6629,1020,816,purchase,2023-11-03
6630,1012,1654,purchase,2023-06-13
6631,1020,719,purchase,2023-06-16
6632,1008,1685,withdrawal,2023-11-26
6633,1005,1436,payment,2023-11-04
6634,1011,1629,transfer,2023-12-30
6635,1013,1738,payment,2023-06-17
6636,1006,1394,payment,2023-03-17
6637,1018,1099,transfer,2023-05-04
6638,1007,200,transfer,2023-01-30
6639,1015,1538,refund,2023-10-24
6640,1005,1501,transfer,2023-03-22
6641,1011,406,refund,2023-12-03
6642,1004,1315,purchase,2023-06-12
6643,1010,413,refund,2023-03-16
6644,1008,587,withdrawal,2023-03-20
6645,1011,1203,refund,2023-02-19
6646,1002,1940,payment,2023-04-02
6647,1019,858,transfer,2023-01-02
6648,1010,227,transfer,2023-04-05
6649,1003,1813,payment,2023-02-15
6650,1006,1213,payment,2023-03-17
6651,1008,1209,payment,2023-03-04
6652,1012,185,purchase,2023-11-03
6653,1005,1314,purchase,2023-02-11
6654,1004,1729,withdrawal,2023-06-26
6655,1001,672,transfer,2023-08-20
6656,1003,1499,purchase,2023-06-16
6657,1007,1385,purchase,2023-12-17
6658,1012,1116,purchase,2023-01-30
6659,1005,735,purchase,2023-07-16
6660,1011,1956,payment,2023-08-31
6661,1020,648,purchase,2023-12-24
6662,1019,1127,transfer,2023-11-10
6663,1017,985,refund,2023-05-23
6664,1008,779,refund,2023-10-20
6665,1002,1637,withdrawal,2023-03-26
6666,1015,624,purchase,2023-08-26
6667,1009,581,payment,2023-03-15
6668,1005,231,purchase,2023-08-13
6669,1005,1404,payment,2023-12-28
6670,1006,880,payment,2023-01-14
6671,1005,1724,transfer,2023-11-26
6672,1006,860,transfer,2023-11-10
6673,1001,248,payment,2023-12-28
6674,1019,956,payment,2023-05-15
6675,1010,112,payment,2023-05-25
6676,1013,291,transfer,2023-08-29
6677,1003,751,payment,2023-03-28
6678,1010,634,withdrawal,2023-02-15
6679,1008,1626,withdrawal,2023-06-04
6680,1015,335,transfer,2023-11-10
6681,1016,284,refund,2023-09-02
6682,1004,269,payment,2023-06-08
6683,1003,474,transfer,2023-06-14
6684,1010,591,refund,2023-04-05
6685,1003,627,transfer,2023-08-05
6686,1005,791,purchase,2023-06-09
6687,1020,826,payment,2023-07-30
6688,1009,1997,transfer,2023-07-21
6689,1010,979,transfer,2023-08-20
6690,1018,1655,transfer,2023-05-16
6691,1005,747,withdrawal,2023-04-16
6692,1017,752,withdrawal,2023-07-05
6693,1009,851,purchase,2023-05-02
6694,1004,1709,refund,2023-10-01
6695,1002,1073,purchase,2023-06-02
6696,1007,1940,purchase,2023-05-25
6697,1010,872,transfer,2023-05-01
6698,1013,1298,purchase,2023-08-28
6699,1013,1395,refund,2023-08-30
6700,1004,1678,purchase,2023-07-11
6701,1004,1491,withdrawal,2023-02-17
6702,1020,823,purchase,2023-06-18
6703,1020,302,transfer,2023-07-01
6704,1013,1924,refund,2023-01-24
6705,1009,262,transfer,2023-09-09
6706,1015,888,withdrawal,2023-03-07
6707,1017,462,withdrawal,2023-03-30
6708,1002,1218,transfer,2023-06-28
6709,1016,1919,withdrawal,2023-07-30
6710,1011,907,refund,2023-12-31
6711,1012,1178,withdrawal,2023-01-17
6712,1019,1982,withdrawal,2023-01-15
6713,1017,797,purchase,2023-06-26
6714,1006,121,purchase,2023-02-12
6715,1001,826,payment,2023-06-24
6716,1015,1291,purchase,2023-09-10
6717,1012,229,payment,2023-05-12
6718,1006,1212,refund,2023-01-12
6719,1008,1521,withdrawal,2023-03-25
6720,1015,1818,purchase,2023-01-01
6721,1006,695,payment,2023-06-24
6722,1014,943,payment,2023-09-03
6723,1014,1335,payment,2023-11-12
6724,1014,1482,purchase,2023-07-31
6725,1010,1259,refund,2023-03-08
6726,1004,945,refund,2023-06-24
6727,1009,408,payment,2023-11-20
6728,1017,701,transfer,2023-10-30
6729,1012,1305,purchase,2023-11-10
6730,1001,141,refund,2023-02-03
6731,1015,890,purchase,2023-03-17
6732,1006,1209,payment,2023-05-09
6733,1014,1401,transfer,2023-06-21
6734,1005,1258,withdrawal,2023-07-04
6735,1009,512,payment,2023-08-22
6736,1019,1926,refund,2023-01-09
6737,1013,1120,payment,2023-01-20
6738,1007,1610,payment,2023-08-12
6739,1015,145,payment,2023-07-27
6740,1001,390,purchase,2023-02-21
6741,1010,1949,withdrawal,2023-06-20
6742,1006,1684,withdrawal,2023-09-14
6743,1016,898,withdrawal,2023-02-21
6744,1012,1778,withdrawal,2023-09-15
6745,1003,567,withdrawal,2023-05-03
6746,1001,372,refund,2023-07-25
6747,1006,199,refund,2023-06-09
6748,1005,1494,refund,2023-09-15
6749,1009,1903,refund,2023-09-21
6750,1016,781,refund,2023-10-12
6751,1012,1438,transfer,2023-02-28
6752,1018,251,payment,2023-05-15
6753,1015,1096,refund,2023-03-21
6754,1016,685,refund,2023-08-02
6755,1010,1997,transfer,2023-03-26
6756,1017,1453,purchase,2023-05-27
6757,1004,1589,payment,2023-01-22
6758,1008,1714,refund,2023-12-09
6759,1007,1982,payment,2023-01-23
6760,1018,1284,refund,2023-11-09
6761,1011,1019,payment,2023-05-19
6762,1002,1691,refund,2023-01-29
6763,1014,1014,purchase,2023-05-15
6764,1014,702,payment,2023-12-03
6765,1006,659,purchase,2023-02-12
6766,1004,1734,refund,2023-07-22
6767,1008,1097,payment,2023-08-29
6768,1008,425,refund,2023-05-28
6769,1013,1611,refund,2023-02-12
6770,1007,681,transfer,2023-12-22
6771,1016,1739,refund,2023-04-02
6772,1008,1794,payment,2023-05-21
6773,1005,1438,refund,2023-11-16
6774,1016,1874,withdrawal,2023-03-25
6775,1004,1368,purchase,2023-06-17
6776,1008,1521,withdrawal,2023-11-28
6777,1008,660,transfer,2023-03-24
6778,1019,1286,refund,2023-05-20
6779,1005,1755,purchase,2023-11-16
6780,1009,1326,withdrawal,2023-11-02
6781,1017,1734,withdrawal,2023-05-11
6782,1008,591,withdrawal,2023-07-12
6783,1004,1908,withdrawal,2023-09-25
6784,1008,1451,withdrawal,2023-11-20
6785,1008,100,refund,2023-06-12
6786,1002,1548,purchase,2023-08-19
6787,1005,104,payment,2023-07-22
6788,1002,563,payment,2023-10-11
6789,1010,1862,refund,2023-04-22
6790,1016,298,refund,2023-07-07
6791,1007,659,refund,2023-11-30
6792,1020,1759,withdrawal,2023-03-28
6793,1012,1985,payment,2023-01-28
6794,1020,1968,transfer,2023-06-04
6795,1001,1177,refund,2023-12-05
6796,1017,183,payment,2023-11-15
6797,1005,200,refund,2023-12-31
6798,1013,1616,transfer,2023-04-06
6799,1016,202,withdrawal,2023-06-30
6800,1019,1815,refund,2023-08-09
6801,1012,1198,payment,2023-02-12
6802,1003,1319,transfer,2023-08-08
6803,1015,710,refund,2023-10-05
6804,1003,1587,transfer,2023-10-18
6805,1005,814,purchase,2023-07-06
6806,1013,1030,purchase,2023-03-18
6807,1005,840,purchase,2023-03-31
6808,1017,145,transfer,2023-01-31
6809,1011,1530,transfer,2023-09-24
6810,1016,793,purchase,2023-12-09
6811,1009,595,purchase,2023-04-14
6812,1015,1506,purchase,2023-12-22
6813,1014,1911,payment,2023-09-21
6814,1014,1836,purchase,2023-01-01
6815,1009,1928,transfer,2023-01-27
6816,1013,332,withdrawal,2023-11-08
6817,1002,1750,transfer,2023-12-18
6818,1013,1040,withdrawal,2023-02-10
6819,1008,1790,withdrawal,2023-03-28
6820,1011,1207,transfer,2023-11-12
6821,1011,1727,transfer,2023-06-23
6822,1004,366,payment,2023-01-19
6823,1011,844,payment,2023-09-02
6824,1008,693,transfer,2023-01-05
6825,1010,1250,payment,2023-12-24
6826,1003,1495,transfer,2023-09-24
6827,1004,789,payment,2023-03-09
6828,1011,632,payment,2023-02-10
6829,1003,793,refund,2023-12-07
6830,1003,138,refund,2023-05-09
6831,1012,217,payment,2023-09-27
6832,1004,1585,purchase,2023-02-03
6833,1012,1204,transfer,2023-03-16
6834,1003,1519,payment,2023-10-01
6835,1010,1682,purchase,2023-05-02
6836,1006,251,withdrawal,2023-10-05
6837,1016,1249,transfer,2023-08-27
6838,1013,1330,withdrawal,2023-10-22
6839,1014,1187,refund,2023-09-27
6840,1001,1721,withdrawal,2023-02-28
6841,1010,307,purchase,2023-02-10
6842,1011,1264,purchase,2023-09-08
6843,1004,986,withdrawal,2023-09-02
6844,1002,1207,transfer,2023-11-16
6845,1002,470,withdrawal,2023-07-06
6846,1011,403,transfer,2023-08-11
6847,1009,1114,transfer,2023-10-18
6848,1014,765,payment,2023-06-04
6849,1003,1071,purchase,2023-07-03
6850,1006,788,refund,2023-12-25
6851,1004,321,purchase,2023-12-11
6852,1018,408,refund,2023-12-31
6853,1003,425,withdrawal,2023-05-05
6854,1003,1448,transfer,2023-09-20
6855,1013,588,transfer,2023-02-20
6856,1003,1279,withdrawal,2023-08-28
6857,1017,908,payment,2023-01-15
6858,1003,1949,payment,2023-11-06
6859,1003,219,purchase,2023-10-07
6860,1003,1990,payment,2023-06-26
6861,1007,1851,purchase,2023-06-02
6862,1013,869,transfer,2023-01-29
6863,1020,369,payment,2023-05-30
6864,1007,844,payment,2023-05-24
6865,1019,1957,refund,2023-08-04
6866,1004,952,payment,2023-10-01
6867,1012,492,withdrawal,2023-03-24
6868,1013,144,transfer,2023-03-08
6869,1014,435,transfer,2023-07-15
6870,1004,319,refund,2023-06-01
6871,1011,1001,transfer,2023-09-10
6872,1009,571,purchase,2023-04-17
6873,1003,725,withdrawal,2023-10-23
6874,1007,1432,refund,2023-09-30
6875,1006,1938,payment,2023-07-12
6876,1016,1773,transfer,2023-10-08
6877,1004,1419,withdrawal,2023-01-03
6878,1014,670,payment,2023-09-22
6879,1013,310,transfer,2023-12-10
6880,1003,1209,refund,2023-10-16
6881,1001,255,refund,2023-03-12
6882,1014,1392,refund,2023-07-17
6883,1011,1841,purchase,2023-12-07
6884,1017,1809,withdrawal,2023-11-21
6885,1001,1058,transfer,2023-04-13
6886,1018,1054,purchase,2023-08-14
6887,1011,1114,withdrawal,2023-06-03
6888,1015,1598,payment,2023-02-15
6889,1017,1624,purchase,2023-05-28
6890,1004,1455,purchase,2023-03-07
6891,1011,1700,refund,2023-09-14
6892,1008,1310,withdrawal,2023-10-04
6893,1018,1126,transfer,2023-09-20
6894,1005,1291,withdrawal,2023-03-18
6895,1005,1886,payment,2023-11-27
6896,1014,1069,purchase,2023-12-19
6897,1018,440,payment,2023-04-17
6898,1020,726,withdrawal,2023-11-13
6899,1008,1434,withdrawal,2023-09-09
6900,1001,649,refund,2023-12-16
6901,1020,1955,withdrawal,2023-03-16
6902,1020,1030,purchase,2023-05-05
6903,1004,1622,transfer,2023-09-01
6904,1012,1877,refund,2023-05-09
6905,1013,1715,purchase,2023-07-20
6906,1006,820,purchase,2023-06-12
6907,1011,1330,payment,2023-06-21
6908,1003,1098,refund,2023-10-23
6909,1012,575,refund,2023-09-08
6910,1013,774,transfer,2023-07-02
6911,1010,1638,withdrawal,2023-10-08
6912,1007,1590,transfer,2023-01-26
6913,1008,215,refund,2023-09-22
6914,1009,1856,purchase,2023-12-26
6915,1006,1847,purchase,2023-01-11
6916,1011,670,payment,2023-04-08
6917,1006,1191,payment,2023-10-26
6918,1010,1052,transfer,2023-05-01
6919,1018,444,purchase,2023-02-24
6920,1015,1069,transfer,2023-10-09
6921,1001,1056,transfer,2023-11-04
6922,1017,683,transfer,2023-10-31
6923,1004,1021,withdrawal,2023-08-03
6924,1002,974,purchase,2023-08-15
6925,1016,1933,purchase,2023-07-09
6926,1004,601,refund,2023-08-04
6927,1005,1349,transfer,2023-08-21
6928,1003,1469,refund,2023-01-26
6929,1010,1209,transfer,2023-08-05
6930,1004,148,transfer,2023-09-10
6931,1004,321,purchase,2023-12-03
6932,1004,192,purchase,2023-01-21
6933,1002,1262,purchase,2023-05-17
6934,1001,1028,payment,2023-01-29
6935,1014,1407,transfer,2023-09-08
6936,1004,813,transfer,2023-02-25
6937,1007,914,payment,2023-07-23
6938,1001,479,payment,2023-11-19
6939,1017,1902,payment,2023-07-09
6940,1016,354,payment,2023-06-01
6941,1019,1115,payment,2023-06-16
6942,1016,352,transfer,2023-11-25
6943,1003,693,purchase,2023-11-22
6944,1005,918,purchase,2023-05-06
6945,1005,569,refund,2023-05-05
6946,1014,1329,transfer,2023-10-09
6947,1011,735,withdrawal,2023-10-15
6948,1019,1137,purchase,2023-12-02
6949,1019,392,withdrawal,2023-04-30
6950,1007,846,purchase,2023-01-14
6951,1009,1430,payment,2023-08-10
6952,1014,1319,payment,2023-06-23
6953,1016,466,transfer,2023-12-06
6954,1014,1186,payment,2023-01-02
6955,1009,1097,refund,2023-04-11
6956,1017,830,withdrawal,2023-05-23
6957,1005,1426,payment,2023-08-07
6958,1014,1049,refund,2023-03-31
6959,1017,432,purchase,2023-11-14
6960,1020,452,payment,2023-02-18
6961,1007,837,payment,2023-06-01
6962,1009,283,transfer,2023-03-12
6963,1012,320,withdrawal,2023-04-11
6964,1010,1572,payment,2023-06-23
6965,1010,1004,withdrawal,2023-09-25
6966,1019,228,purchase,2023-04-19
6967,1012,874,payment,2023-04-14
6968,1004,741,purchase,2023-03-17
6969,1012,417,purchase,2023-03-30
6970,1017,753,purchase,2023-02-26
6971,1008,514,withdrawal,2023-08-22
6972,1009,1567,withdrawal,2023-03-26
6973,1009,549,purchase,2023-03-10
6974,1002,1148,purchase,2023-12-31
6975,1017,784,withdrawal,2023-05-31
6976,1001,266,withdrawal,2023-02-17
6977,1019,1745,withdrawal,2023-03-16
6978,1010,635,refund,2023-07-20
6979,1005,957,withdrawal,2023-09-11
6980,1014,1590,transfer,2023-03-06
6981,1002,538,withdrawal,2023-01-22
6982,1009,245,transfer,2023-03-12
6983,1005,647,transfer,2023-11-10
6984,1016,608,refund,2023-04-05
6985,1016,1261,payment,2023-12-12
6986,1014,607,purchase,2023-01-17
6987,1018,1014,payment,2023-04-07
6988,1020,710,withdrawal,2023-11-12
6989,1018,348,payment,2023-06-09
6990,1001,1200,refund,2023-11-25
6991,1012,1910,purchase,2023-11-24
6992,1007,1137,withdrawal,2023-08-17
6993,1010,1921,withdrawal,2023-11-19
6994,1015,672,payment,2023-04-22
6995,1018,1030,purchase,2023-11-10
6996,1005,688,refund,2023-02-13
6997,1018,1819,transfer,2023-12-24
6998,1018,370,withdrawal,2023-03-10
6999,1009,1377,withdrawal,2023-01-18
7000,1004,198,refund,2023-03-13
7001,1002,515,withdrawal,2023-07-02
7002,1014,1885,payment,2023-09-11
7003,1018,549,payment,2023-09-09
7004,1013,1796,purchase,2023-02-24
7005,1018,652,purchase,2023-03-29
7006,1003,465,refund,2023-06-18
7007,1019,1972,transfer,2023-04-23
7008,1012,742,withdrawal,2023-06-29
7009,1004,1243,transfer,2023-06-24
7010,1001,1106,withdrawal,2023-07-04
7011,1014,1634,payment,2023-04-21
7012,1020,668,transfer,2023-01-31
7013,1001,1330,refund,2023-04-30
7014,1003,786,refund,2023-07-18
7015,1010,1924,payment,2023-03-03
7016,1014,1126,transfer,2023-08-13
7017,1008,1649,transfer,2023-09-08
7018,1014,1722,transfer,2023-12-02
7019,1008,711,refund,2023-06-16
7020,1001,1157,transfer,2023-08-15
7021,1001,818,withdrawal,2023-08-28
7022,1015,690,withdrawal,2023-09-03
7023,1010,1248,payment,2023-07-24
7024,1016,170,transfer,2023-11-04
7025,1019,391,withdrawal,2023-08-06
7026,1016,402,transfer,2023-03-31
7027,1006,321,refund,2023-01-18
7028,1015,1762,transfer,2023-06-29
7029,1010,880,purchase,2023-12-25
7030,1003,376,refund,2023-05-01
7031,1013,698,payment,2023-04-22
7032,1019,918,refund,2023-07-08
7033,1012,954,refund,2023-07-11
7034,1014,1486,transfer,2023-07-31
7035,1001,151,withdrawal,2023-08-22
7036,1012,1885,refund,2023-08-07
7037,1015,1175,transfer,2023-07-01
7038,1016,685,purchase,2023-07-04
7039,1004,1295,refund,2023-05-24
7040,1010,1351,transfer,2023-07-24
7041,1020,1068,payment,2023-07-11
7042,1018,970,transfer,2023-06-24
7043,1006,1649,purchase,2023-05-11
7044,1006,1418,refund,2023-03-13
7045,1008,944,refund,2023-06-30
7046,1005,1333,payment,2023-09-12
7047,1008,406,withdrawal,2023-10-22
7048,1020,1055,purchase,2023-12-31
7049,1005,307,payment,2023-07-02
7050,1015,1984,withdrawal,2023-01-19
7051,1002,1762,withdrawal,2023-10-10
7052,1009,1983,refund,2023-07-21
7053,1019,595,purchase,2023-10-04
7054,1010,1612,transfer,2023-11-25
7055,1002,493,payment,2023-02-20
7056,1004,729,withdrawal,2023-01-06
7057,1008,777,withdrawal,2023-12-12
7058,1002,1426,withdrawal,2023-02-18
7059,1014,689,transfer,2023-10-01
7060,1013,1514,payment,2023-05-14
7061,1014,142,payment,2023-07-24
7062,1018,1295,purchase,2023-12-05
7063,1006,750,refund,2023-10-31
7064,1007,1865,transfer,2023-12-23
7065,1011,514,payment,2023-06-17
7066,1020,1969,refund,2023-01-21
7067,1013,283,transfer,2023-06-09
7068,1003,1160,withdrawal,2023-12-29
7069,1003,212,withdrawal,2023-12-27
7070,1019,972,withdrawal,2023-05-05
7071,1005,522,payment,2023-07-13
7072,1014,708,refund,2023-05-24
7073,1011,1310,withdrawal,2023-08-02
7074,1020,1627,payment,2023-01-15
7075,1013,161,refund,2023-05-15
7076,1016,576,purchase,2023-07-27
7077,1017,600,purchase,2023-12-08
7078,1011,703,payment,2023-06-09
7079,1007,1552,payment,2023-09-03
7080,1004,259,payment,2023-02-02
7081,1009,882,withdrawal,2023-08-08
7082,1014,973,refund,2023-03-19
7083,1012,1351,refund,2023-10-15
7084,1018,1195,refund,2023-03-04
7085,1012,1471,purchase,2023-12-28
7086,1008,130,purchase,2023-05-28
7087,1006,1464,purchase,2023-10-03
7088,1009,1888,purchase,2023-09-23
7089,1003,184,transfer,2023-08-22
7090,1003,1279,payment,2023-05-11
7091,1019,1572,purchase,2023-03-22
7092,1011,273,withdrawal,2023-01-08
7093,1007,1585,payment,2023-11-21
7094,1009,1863,transfer,2023-02-21
7095,1015,439,purchase,2023-09-03
7096,1012,658,payment,2023-11-07
7097,1014,1489,payment,2023-11-05
7098,1001,568,payment,2023-07-27
7099,1020,657,withdrawal,2023-07-02
7100,1020,1335,refund,2023-03-12
7101,1018,731,withdrawal,2023-10-15
7102,1016,236,transfer,2023-02-13
7103,1007,1917,transfer,2023-11-29
7104,1008,1477,payment,2023-03-24
7105,1015,1310,payment,2023-10-17
7106,1001,1637,transfer,2023-11-06
7107,1003,1557,refund,2023-06-23
7108,1004,310,purchase,2023-01-09
7109,1009,896,payment,2023-11-18
7110,1001,1534,payment,2023-03-12
7111,1014,408,payment,2023-08-31
7112,1006,262,payment,2023-01-27
7113,1015,1948,payment,2023-10-09
7114,1017,1052,refund,2023-08-26
7115,1020,989,payment,2023-02-13
7116,1009,1181,transfer,2023-02-14
7117,1006,1621,withdrawal,2023-10-28
7118,1016,1071,withdrawal,2023-09-22
7119,1017,135,payment,2023-06-21
7120,1005,1698,withdrawal,2023-01-26
7121,1015,142,purchase,2023-11-10
7122,1017,1798,refund,2023-11-25
7123,1014,1586,transfer,2023-05-23
7124,1012,340,withdrawal,2023-04-15
7125,1005,346,refund,2023-11-17
7126,1005,776,payment,2023-10-05
7127,1001,1202,transfer,2023-09-13
7128,1012,286,withdrawal,2023-11-28
7129,1009,1326,withdrawal,2023-08-01
7130,1018,879,purchase,2023-08-15
7131,1006,1505,payment,2023-08-13
7132,1001,248,purchase,2023-04-02
7133,1003,1108,transfer,2023-01-23
7134,1003,185,withdrawal,2023-08-11
7135,1007,799,transfer,2023-09-23
7136,1004,1250,transfer,2023-08-19
7137,1008,1620,transfer,2023-05-08
7138,1009,561,transfer,2023-12-01
7139,1009,1494,refund,2023-07-07
7140,1002,209,withdrawal,2023-05-31
7141,1009,863,refund,2023-09-15
7142,1003,707,transfer,2023-01-09
7143,1017,1698,purchase,2023-02-13
7144,1013,581,withdrawal,2023-06-04
7145,1010,215,transfer,2023-03-06
7146,1019,906,refund,2023-07-22
7147,1014,1062,transfer,2023-02-27
7148,1009,306,transfer,2023-09-17
7149,1006,1565,withdrawal,2023-05-03
7150,1001,983,withdrawal,2023-10-12
7151,1005,904,purchase,2023-11-23
7152,1016,1383,transfer,2023-12-12
7153,1018,144,refund,2023-09-06
7154,1020,648,withdrawal,2023-10-27
7155,1001,1568,refund,2023-07-11
7156,1013,690,withdrawal,2023-08-05
7157,1016,478,refund,2023-05-18
7158,1014,1437,transfer,2023-05-11
7159,1004,879,purchase,2023-11-03
7160,1006,730,purchase,2023-11-12
7161,1012,1117,transfer,2023-10-12
7162,1011,690,transfer,2023-05-05
7163,1016,976,payment,2023-08-09
7164,1017,870,withdrawal,2023-10-29
7165,1011,1195,refund,2023-07-09
7166,1012,639,withdrawal,2023-02-09
7167,1020,466,purchase,2023-10-06
7168,1008,392,payment,2023-01-02
7169,1014,1596,refund,2023-06-25
7170,1011,1175,purchase,2023-12-06
7171,1008,1138,payment,2023-09-18
7172,1007,201,transfer,2023-09-15
7173,1012,224,purchase,2023-07-04
7174,1010,1816,withdrawal,2023-05-08
7175,1011,927,payment,2023-03-20
7176,1007,1233,payment,2023-04-10
7177,1019,989,refund,2023-06-25
7178,1009,1248,refund,2023-11-02
7179,1003,1886,purchase,2023-06-13
7180,1018,1152,purchase,2023-01-19
7181,1005,1845,purchase,2023-10-03
7182,1019,1759,payment,2023-08-26
7183,1008,430,payment,2023-12-18
7184,1012,453,transfer,2023-03-31
7185,1013,489,refund,2023-03-31
7186,1019,1248,payment,2023-12-23
7187,1004,1165,payment,2023-08-20
7188,1004,1927,withdrawal,2023-07-13
7189,1018,526,payment,2023-11-05
7190,1010,1292,withdrawal,2023-02-25
7191,1013,674,withdrawal,2023-02-19
7192,1014,318,purchase,2023-01-18
7193,1019,1513,transfer,2023-02-15
7194,1019,1480,refund,2023-11-16
7195,1016,521,payment,2023-09-21
7196,1009,614,purchase,2023-07-10
7197,1001,1074,purchase,2023-07-17
7198,1020,276,withdrawal,2023-03-16
7199,1007,815,purchase,2023-09-10
7200,1007,402,refund,2023-10-26
7201,1006,199,payment,2023-05-21
7202,1005,568,withdrawal,2023-01-03
7203,1016,1074,payment,2023-07-05
7204,1012,721,purchase,2023-06-20
7205,1011,1025,transfer,2023-07-22
7206,1011,233,withdrawal,2023-10-08
7207,1016,154,purchase,2023-06-02
7208,1011,951,transfer,2023-09-19
7209,1013,420,payment,2023-12-15
7210,1020,295,refund,2023-03-26
7211,1013,628,transfer,2023-07-18
7212,1006,294,purchase,2023-01-23
7213,1005,1431,purchase,2023-05-23
7214,1012,1096,transfer,2023-06-19
7215,1011,940,withdrawal,2023-01-23
7216,1006,1754,refund,2023-10-22
7217,1010,1387,withdrawal,2023-12-05
7218,1019,892,transfer,2023-08-01
7219,1013,794,purchase,2023-09-28
7220,1013,1239,payment,2023-01-12
7221,1010,1915,withdrawal,2023-10-30
7222,1006,373,refund,2023-04-13
7223,1007,345,withdrawal,2023-03-12
7224,1019,1877,purchase,2023-01-13
7225,1012,1203,withdrawal,2023-04-02
7226,1009,649,transfer,2023-02-05
7227,1009,1949,purchase,2023-08-28
7228,1004,406,refund,2023-08-11
7229,1007,630,purchase,2023-06-19
7230,1010,1284,refund,2023-10-08
7231,1008,393,transfer,2023-11-12
7232,1007,440,payment,2023-10-05
7233,1006,1955,purchase,2023-03-04
7234,1014,1002,refund,2023-04-01
7235,1019,1160,transfer,2023-01-24
7236,1008,1958,payment,2023-08-05
7237,1005,400,withdrawal,2023-02-24
7238,1014,1510,withdrawal,2023-03-21
7239,1002,326,purchase,2023-01-09
7240,1017,1364,withdrawal,2023-12-07
7241,1001,1071,purchase,2023-10-09
7242,1020,1186,purchase,2023-05-28
7243,1018,1795,transfer,2023-04-04
7244,1018,909,purchase,2023-08-09
7245,1019,217,transfer,2023-05-30
7246,1015,410,withdrawal,2023-07-28
7247,1009,1778,withdrawal,2023-05-04
7248,1002,156,purchase,2023-06-15
7249,1008,1573,withdrawal,2023-12-19
7250,1003,182,refund,2023-08-11
7251,1004,1218,refund,2023-07-29
7252,1003,1685,purchase,2023-12-29
7253,1015,1203,purchase,2023-07-10
7254,1003,916,purchase,2023-02-09
7255,1003,1671,purchase,2023-05-04
7256,1006,586,transfer,2023-11-13
7257,1002,824,withdrawal,2023-12-15
7258,1007,1477,transfer,2023-05-20
7259,1003,1541,payment,2023-10-07
7260,1006,1132,payment,2023-03-23
7261,1001,716,refund,2023-06-19
7262,1017,363,payment,2023-05-05
7263,1002,1738,payment,2023-09-26
7264,1006,1389,transfer,2023-09-03
7265,1014,145,withdrawal,2023-05-21
7266,1015,1612,purchase,2023-07-07
7267,1003,466,payment,2023-04-02
7268,1005,320,refund,2023-03-23
7269,1020,1560,purchase,2023-12-17
7270,1002,728,refund,2023-01-19
7271,1006,466,refund,2023-03-13
7272,1005,1928,refund,2023-07-07
7273,1015,1590,refund,2023-02-08
7274,1006,1455,purchase,2023-11-26
7275,1016,679,purchase,2023-11-28
7276,1012,1382,transfer,2023-08-07
7277,1007,764,payment,2023-05-12
7278,1009,1701,payment,2023-08-08
7279,1018,757,withdrawal,2023-11-29
7280,1009,1728,withdrawal,2023-10-27
7281,1008,1764,purchase,2023-01-16
7282,1016,943,refund,2023-07-20
7283,1008,1670,withdrawal,2023-11-28
7284,1009,1191,refund,2023-07-20
7285,1004,587,withdrawal,2023-01-15
7286,1008,1071,payment,2023-04-27
7287,1016,726,payment,2023-05-15
7288,1001,604,withdrawal,2023-11-07
7289,1009,1616,refund,2023-06-09
7290,1017,836,withdrawal,2023-07-12
7291,1005,1050,payment,2023-03-11
7292,1020,636,payment,2023-07-30
7293,1001,584,refund,2023-12-31
7294,1007,1980,transfer,2023-10-28
7295,1007,981,transfer,2023-06-25
7296,1011,1346,purchase,2023-07-10
7297,1008,326,transfer,2023-03-13
7298,1013,173,refund,2023-03-05
7299,1001,482,refund,2023-11-16
7300,1013,1847,transfer,2023-11-18
7301,1008,829,transfer,2023-08-06
7302,1003,378,payment,2023-04-09
7303,1003,1047,payment,2023-12-16
7304,1020,383,refund,2023-10-28
7305,1007,565,purchase,2023-02-24
7306,1015,1099,withdrawal,2023-09-12
7307,1012,1303,refund,2023-04-13
7308,1011,772,purchase,2023-11-17
7309,1020,1458,transfer,2023-04-11
7310,1013,1950,withdrawal,2023-05-21
7311,1004,460,withdrawal,2023-02-27
7312,1012,224,refund,2023-07-30
7313,1019,1905,purchase,2023-06-14
7314,1017,549,payment,2023-01-07
7315,1020,1559,refund,2023-05-15
7316,1013,465,payment,2023-02-05
7317,1011,258,purchase,2023-02-26
7318,1007,471,refund,2023-04-04
7319,1018,178,transfer,2023-05-21
7320,1001,1535,refund,2023-11-11
7321,1012,1299,purchase,2023-09-05
7322,1004,1458,payment,2023-11-28
7323,1006,1862,withdrawal,2023-11-20
7324,1003,800,transfer,2023-08-04
7325,1018,1309,purchase,2023-12-17
7326,1007,1343,withdrawal,2023-01-31
7327,1017,1740,purchase,2023-10-03
7328,1019,1630,transfer,2023-09-06
7329,1003,178,payment,2023-05-27
7330,1003,464,payment,2023-08-18
7331,1002,1042,withdrawal,2023-08-21
7332,1007,1393,purchase,2023-09-04
7333,1003,1603,purchase,2023-12-09
7334,1006,137,payment,2023-05-06
7335,1005,1731,refund,2023-03-02
7336,1007,1524,refund,2023-11-23
7337,1007,1142,purchase,2023-07-14
7338,1011,834,refund,2023-02-12
7339,1014,1813,transfer,2023-09-07
7340,1003,731,purchase,2023-01-17
7341,1012,1776,payment,2023-07-11
7342,1008,362,purchase,2023-12-08
7343,1010,1144,purchase,2023-08-29
7344,1004,1231,refund,2023-04-24
7345,1020,1857,refund,2023-12-10
7346,1015,1448,withdrawal,2023-02-10
7347,1012,234,refund,2023-11-27
7348,1015,1716,withdrawal,2023-06-29
7349,1015,302,payment,2023-02-04
7350,1014,533,transfer,2023-10-09
7351,1008,1731,withdrawal,2023-02-12
7352,1011,120,transfer,2023-03-01
7353,1017,672,withdrawal,2023-09-22
7354,1004,290,refund,2023-05-19
7355,1017,1249,refund,2023-02-08
7356,1011,128,transfer,2023-03-23
7357,1018,174,purchase,2023-04-07
7358,1019,1362,purchase,2023-01-07
7359,1012,1077,refund,2023-06-29
7360,1006,1335,payment,2023-07-03
7361,1012,492,purchase,2023-03-02
7362,1011,1777,transfer,2023-02-02
7363,1014,688,payment,2023-05-21
7364,1014,1513,refund,2023-04-07
7365,1019,1490,refund,2023-08-03
7366,1001,1278,transfer,2023-07-25
7367,1013,1296,refund,2023-05-29
7368,1014,1047,purchase,2023-09-19
7369,1003,988,withdrawal,2023-01-16
7370,1014,510,transfer,2023-09-28
7371,1002,951,payment,2023-03-07
7372,1016,131,purchase,2023-01-06
7373,1005,764,refund,2023-12-28
7374,1004,965,purchase,2023-10-17
7375,1002,261,refund,2023-08-12
7376,1001,1851,transfer,2023-03-26
7377,1017,263,transfer,2023-04-08
7378,1007,1158,refund,2023-11-29
7379,1008,1914,payment,2023-11-13
7380,1018,1977,payment,2023-04-18
7381,1011,1351,payment,2023-10-15
7382,1009,1261,withdrawal,2023-02-05
7383,1003,292,payment,2023-06-27
7384,1018,525,refund,2023-12-20
7385,1012,1639,transfer,2023-03-12
7386,1009,1079,transfer,2023-02-14
7387,1017,1758,purchase,2023-05-05
7388,1003,1551,transfer,2023-01-11
7389,1012,1091,withdrawal,2023-05-02
7390,1014,1846,purchase,2023-10-29
7391,1002,1614,purchase,2023-01-15
7392,1003,1832,withdrawal,2023-12-28
7393,1017,654,payment,2023-06-22
7394,1007,1255,payment,2023-12-08
7395,1009,1325,payment,2023-10-30
7396,1001,1526,transfer,2023-09-07
7397,1013,1907,refund,2023-12-02
7398,1005,1487,withdrawal,2023-07-16
7399,1015,598,purchase,2023-08-26
7400,1001,1150,withdrawal,2023-07-13
7401,1004,1859,withdrawal,2023-12-16
7402,1007,661,transfer,2023-02-21
7403,1019,1405,payment,2023-04-17
7404,1015,1612,transfer,2023-08-30
7405,1011,1566,withdrawal,2023-09-14
7406,1014,1521,purchase,2023-01-27
7407,1005,1754,transfer,2023-11-30
7408,1004,681,refund,2023-03-29
7409,1011,646,purchase,2023-07-13
7410,1008,1055,purchase,2023-07-16
7411,1013,1541,transfer,2023-05-24
7412,1020,1723,refund,2023-02-10
7413,1018,665,purchase,2023-04-23
7414,1013,1459,transfer,2023-01-24
7415,1006,1711,purchase,2023-10-14
7416,1014,239,purchase,2023-12-29
7417,1008,1376,refund,2023-01-08
7418,1011,1731,withdrawal,2023-02-12
7419,1012,543,refund,2023-11-01
7420,1014,855,payment,2023-06-22
7421,1020,1829,transfer,2023-09-17
7422,1011,878,payment,2023-10-09
7423,1006,367,purchase,2023-11-25
7424,1016,1819,payment,2023-01-02
7425,1011,159,purchase,2023-01-02
7426,1019,784,withdrawal,2023-05-26
7427,1013,1757,refund,2023-01-16
7428,1002,192,refund,2023-06-04
7429,1008,336,payment,2023-09-16
7430,1014,1661,transfer,2023-03-15
7431,1002,1216,purchase,2023-02-13
7432,1019,1230,payment,2023-12-16
7433,1017,572,payment,2023-03-17
7434,1010,1510,withdrawal,2023-10-14
7435,1017,1513,withdrawal,2023-03-09
7436,1019,1489,withdrawal,2023-12-10
7437,1013,294,transfer,2023-02-14
7438,1004,790,transfer,2023-06-28
7439,1008,1258,payment,2023-09-16
7440,1019,403,withdrawal,2023-03-01
7441,1014,1809,withdrawal,2023-03-12
7442,1006,1019,payment,2023-11-24
7443,1004,1696,purchase,2023-11-29
7444,1003,648,payment,2023-09-05
7445,1002,177,refund,2023-07-01
7446,1002,1210,purchase,2023-06-14
7447,1016,249,payment,2023-10-07
7448,1019,1467,refund,2023-03-03
7449,1004,502,withdrawal,2023-06-07
7450,1014,765,refund,2023-07-11
7451,1002,1424,refund,2023-05-05
7452,1019,138,refund,2023-10-31
7453,1002,528,purchase,2023-07-09
7454,1007,1651,purchase,2023-12-01
7455,1002,682,purchase,2023-05-04
7456,1013,1748,refund,2023-04-29
7457,1003,1907,transfer,2023-03-30
7458,1012,113,purchase,2023-12-29
7459,1019,113,transfer,2023-07-12
7460,1010,752,purchase,2023-12-27
7461,1007,592,payment,2023-05-01
7462,1008,585,purchase,2023-06-17
7463,1002,1220,transfer,2023-04-21
7464,1017,1581,refund,2023-06-30
7465,1003,1384,payment,2023-01-05
7466,1013,1359,transfer,2023-12-29
7467,1016,1584,refund,2023-08-19
7468,1013,1573,refund,2023-11-15
7469,1006,933,purchase,2023-02-09
7470,1013,1392,purchase,2023-05-24
7471,1011,1399,payment,2023-03-03
7472,1019,138,transfer,2023-10-29
7473,1019,1377,transfer,2023-12-07
7474,1011,1864,refund,2023-02-21
7475,1014,1291,payment,2023-01-15
7476,1004,1542,withdrawal,2023-12-25
7477,1005,245,refund,2023-11-27
7478,1014,849,payment,2023-08-14
7479,1017,1016,purchase,2023-04-08
7480,1005,682,payment,2023-01-23
7481,1006,856,payment,2023-10-09
7482,1003,500,withdrawal,2023-04-09
7483,1018,1641,purchase,2023-08-11
7484,1009,1788,purchase,2023-03-02
7485,1009,1043,transfer,2023-01-20
7486,1003,1780,payment,2023-08-01
7487,1007,906,refund,2023-07-22
7488,1011,1837,transfer,2023-09-29
7489,1018,1200,withdrawal,2023-02-04
7490,1001,110,withdrawal,2023-07-19
7491,1009,105,withdrawal,2023-03-17
7492,1007,122,refund,2023-03-31
7493,1010,358,withdrawal,2023-06-03
7494,1003,1528,payment,2023-09-15
7495,1020,332,payment,2023-12-21
7496,1015,257,purchase,2023-06-23
7497,1018,1311,payment,2023-09-23
7498,1011,701,withdrawal,2023-12-10
7499,1015,242,payment,2023-01-12
7500,1002,887,payment,2023-08-30
7501,1015,1156,transfer,2023-12-29
7502,1008,1658,transfer,2023-12-25
7503,1006,1850,transfer,2023-12-23
7504,1010,175,payment,2023-01-12
7505,1006,1455,payment,2023-07-23
7506,1003,1669,refund,2023-08-23
7507,1009,1646,purchase,2023-09-16
7508,1013,744,payment,2023-06-06
7509,1002,615,withdrawal,2023-04-30
7510,1014,1642,refund,2023-10-16
7511,1004,876,withdrawal,2023-09-29
7512,1002,644,payment,2023-07-23
7513,1008,1281,payment,2023-12-21
7514,1003,1727,payment,2023-12-12
7515,1007,129,purchase,2023-11-30
7516,1004,1392,transfer,2023-05-21
7517,1012,1069,refund,2023-08-17
7518,1019,498,payment,2023-09-22
7519,1018,672,refund,2023-10-14
7520,1013,288,refund,2023-06-09
7521,1013,1806,payment,2023-03-19
7522,1011,1319,payment,2023-03-22
7523,1010,1051,payment,2023-02-22
7524,1015,457,purchase,2023-07-20
7525,1013,731,payment,2023-06-18
7526,1003,1719,withdrawal,2023-01-05
7527,1018,1811,withdrawal,2023-05-19
7528,1020,692,payment,2023-09-03
7529,1020,1768,transfer,2023-08-15
7530,1003,1702,transfer,2023-03-21
7531,1016,1827,withdrawal,2023-05-08
7532,1016,1904,withdrawal,2023-12-16
7533,1005,1211,purchase,2023-11-09
7534,1018,1809,purchase,2023-02-15
7535,1001,221,refund,2023-01-06
7536,1003,1684,refund,2023-10-20
7537,1009,1441,purchase,2023-07-17
7538,1012,713,withdrawal,2023-09-02
7539,1016,1063,payment,2023-03-08
7540,1003,1217,withdrawal,2023-08-06
7541,1018,778,payment,2023-02-27
7542,1013,1967,refund,2023-02-18
7543,1015,204,withdrawal,2023-08-17
7544,1015,1858,transfer,2023-03-19
7545,1018,987,purchase,2023-01-16
7546,1010,1584,transfer,2023-10-22
7547,1007,869,transfer,2023-06-20
7548,1013,777,refund,2023-08-01
7549,1015,1051,transfer,2023-07-25
7550,1019,1694,withdrawal,2023-04-24
7551,1013,1840,transfer,2023-03-17
7552,1009,1155,payment,2023-11-06
7553,1016,647,refund,2023-05-04
7554,1002,160,transfer,2023-07-28
7555,1019,314,refund,2023-07-08
7556,1003,938,purchase,2023-10-20
7557,1010,1065,refund,2023-05-25
7558,1004,977,withdrawal,2023-02-07
7559,1020,368,withdrawal,2023-11-21
7560,1007,1327,refund,2023-03-04
7561,1015,1682,payment,2023-09-30
7562,1003,895,transfer,2023-06-08
7563,1014,1768,withdrawal,2023-08-07
7564,1006,1844,payment,2023-08-25
7565,1007,704,transfer,2023-01-19
7566,1016,926,payment,2023-07-19
7567,1017,1480,refund,2023-08-26
7568,1009,1562,withdrawal,2023-10-11
7569,1003,1122,purchase,2023-01-09
7570,1010,1751,withdrawal,2023-03-02
7571,1019,1395,refund,2023-11-18
7572,1011,1736,withdrawal,2023-07-22
7573,1009,355,transfer,2023-04-15
7574,1013,1279,withdrawal,2023-03-09
7575,1006,588,refund,2023-07-06
7576,1019,744,refund,2023-02-20
7577,1003,345,refund,2023-05-20
7578,1006,114,withdrawal,2023-12-20
7579,1001,821,transfer,2023-07-20
7580,1006,1995,purchase,2023-09-11
7581,1010,1376,payment,2023-02-01
7582,1004,1431,refund,2023-02-10
7583,1004,1858,transfer,2023-05-16
7584,1016,1221,refund,2023-12-08
7585,1005,1894,withdrawal,2023-06-24
7586,1016,1228,payment,2023-03-13
7587,1018,1280,withdrawal,2023-01-02
7588,1012,1124,transfer,2023-02-09
7589,1019,973,withdrawal,2023-03-07
7590,1012,173,refund,2023-09-04
7591,1011,1613,withdrawal,2023-01-15
7592,1020,1846,refund,2023-12-22
7593,1011,231,withdrawal,2023-02-04
7594,1015,178,purchase,2023-03-21
7595,1015,1781,purchase,2023-09-04
7596,1013,255,purchase,2023-07-23
7597,1020,1811,withdrawal,2023-05-20
7598,1019,1859,purchase,2023-09-23
7599,1002,1446,payment,2023-05-15
7600,1016,482,withdrawal,2023-08-31
7601,1018,1665,payment,2023-01-19
7602,1006,1057,purchase,2023-07-27
7603,1017,386,payment,2023-05-02
7604,1011,433,transfer,2023-05-04
7605,1012,818,payment,2023-04-08
7606,1002,345,transfer,2023-01-03
7607,1004,543,transfer,2023-01-15
7608,1018,950,refund,2023-09-30
7609,1014,1475,transfer,2023-10-01
7610,1016,820,withdrawal,2023-11-20
7611,1019,1243,refund,2023-09-30
7612,1020,157,purchase,2023-02-20
7613,1006,841,transfer,2023-04-19
7614,1005,1559,withdrawal,2023-12-23
7615,1017,1324,withdrawal,2023-12-18
7616,1001,1378,purchase,2023-05-20
7617,1001,1824,withdrawal,2023-06-24
7618,1007,1273,payment,2023-05-03
7619,1005,987,withdrawal,2023-07-18
7620,1004,288,withdrawal,2023-08-31
7621,1010,275,purchase,2023-08-20
7622,1002,1629,withdrawal,2023-10-30
7623,1002,560,withdrawal,2023-02-19
7624,1008,282,refund,2023-07-14
7625,1005,506,withdrawal,2023-10-14
7626,1007,1431,transfer,2023-06-24
7627,1009,786,withdrawal,2023-01-10
7628,1020,1925,refund,2023-06-16
7629,1015,429,payment,2023-04-26
7630,1005,1122,payment,2023-01-10
7631,1019,165,payment,2023-10-31
7632,1014,793,purchase,2023-06-05
7633,1001,1018,purchase,2023-02-21
7634,1011,293,payment,2023-07-07
7635,1005,729,transfer,2023-08-10
7636,1018,192,payment,2023-11-21
7637,1014,972,withdrawal,2023-07-01
7638,1002,1877,refund,2023-06-02
7639,1017,1853,withdrawal,2023-02-03
7640,1012,1381,payment,2023-06-05
7641,1009,1825,withdrawal,2023-06-16
7642,1019,1698,withdrawal,2023-04-03
7643,1003,1691,payment,2023-06-01
7644,1009,1347,refund,2023-10-19
7645,1008,1272,withdrawal,2023-11-21
7646,1003,239,payment,2023-01-29
7647,1018,766,withdrawal,2023-02-04
7648,1007,904,withdrawal,2023-11-28
7649,1012,257,payment,2023-03-01
7650,1014,1808,refund,2023-07-03
7651,1009,544,purchase,2023-05-20
7652,1001,1763,transfer,2023-05-22
7653,1010,819,purchase,2023-04-05
7654,1011,141,transfer,2023-12-15
7655,1002,898,purchase,2023-10-21
7656,1012,262,purchase,2023-02-06
7657,1008,1889,withdrawal,2023-04-24
7658,1016,776,purchase,2023-08-30
7659,1018,402,purchase,2023-09-23
7660,1004,1062,payment,2023-06-10
7661,1005,1654,refund,2023-02-23
7662,1004,1855,payment,2023-07-13
7663,1002,1174,withdrawal,2023-09-15
7664,1013,395,refund,2023-05-22
7665,1013,1230,purchase,2023-11-13
7666,1008,656,refund,2023-02-06
7667,1017,396,transfer,2023-01-10
7668,1005,913,payment,2023-05-06
7669,1010,856,payment,2023-10-24
7670,1002,1326,transfer,2023-02-25
7671,1010,1848,withdrawal,2023-08-27
7672,1005,1252,purchase,2023-02-07
7673,1009,1549,refund,2023-05-15
7674,1005,186,withdrawal,2023-05-16
7675,1017,314,refund,2023-08-26
7676,1019,488,withdrawal,2023-07-17
7677,1020,1475,purchase,2023-06-24
7678,1012,1940,transfer,2023-08-07
7679,1002,208,payment,2023-02-02
7680,1006,285,purchase,2023-12-13
7681,1009,674,purchase,2023-03-11
7682,1014,1576,refund,2023-02-14
7683,1012,1105,withdrawal,2023-06-21
7684,1003,475,withdrawal,2023-05-04
7685,1009,976,payment,2023-07-12
7686,1008,1795,transfer,2023-05-30
7687,1001,1096,withdrawal,2023-10-08
7688,1020,471,refund,2023-12-29
7689,1001,1574,withdrawal,2023-06-26
7690,1014,1130,payment,2023-10-19
7691,1009,117,transfer,2023-07-25
7692,1012,360,refund,2023-10-03
7693,1011,1055,transfer,2023-10-06
7694,1013,1010,refund,2023-02-19
7695,1007,1687,withdrawal,2023-10-13
7696,1012,587,payment,2023-12-26
7697,1005,1798,withdrawal,2023-10-13
7698,1001,766,refund,2023-01-12
7699,1008,1425,payment,2023-07-29
7700,1010,526,refund,2023-06-23
7701,1006,1315,transfer,2023-03-25
7702,1020,208,refund,2023-12-03
7703,1006,1892,purchase,2023-09-14
7704,1005,1626,transfer,2023-10-13
7705,1014,1940,payment,2023-11-16
7706,1015,973,purchase,2023-10-27
7707,1002,1563,transfer,2023-10-21
7708,1018,1149,withdrawal,2023-07-29
7709,1006,1408,purchase,2023-09-30
7710,1013,1847,withdrawal,2023-09-02
7711,1013,1073,purchase,2023-11-18
7712,1014,1868,transfer,2023-06-01
7713,1020,325,withdrawal,2023-11-29
7714,1017,276,refund,2023-02-26
7715,1002,804,transfer,2023-09-03
7716,1001,811,payment,2023-06-01
7717,1002,528,withdrawal,2023-10-23
7718,1015,220,refund,2023-10-19
7719,1014,978,withdrawal,2023-06-10
7720,1001,1700,withdrawal,2023-01-15
7721,1004,445,transfer,2023-02-22
7722,1013,541,payment,2023-07-10
7723,1010,790,transfer,2023-05-26
7724,1002,1553,payment,2023-02-14
7725,1007,628,withdrawal,2023-08-21
7726,1014,1899,purchase,2023-05-06
7727,1018,1908,transfer,2023-08-17
7728,1010,1506,refund,2023-07-08
7729,1016,1457,payment,2023-05-25
7730,1004,1357,payment,2023-07-31
7731,1013,1467,withdrawal,2023-08-17
7732,1008,608,withdrawal,2023-03-02
7733,1008,404,payment,2023-08-02
7734,1012,1726,payment,2023-04-20
7735,1011,854,refund,2023-05-23
7736,1008,1526,withdrawal,2023-12-16
7737,1018,1069,purchase,2023-01-07
7738,1010,1947,refund,2023-09-29
7739,1020,273,refund,2023-05-07
7740,1015,1609,transfer,2023-11-06
7741,1013,291,payment,2023-09-27
7742,1012,312,purchase,2023-05-27
7743,1015,1473,purchase,2023-03-17
7744,1017,962,purchase,2023-07-06
7745,1008,1384,withdrawal,2023-02-13
7746,1015,1235,withdrawal,2023-01-26
7747,1017,281,withdrawal,2023-04-19
7748,1001,1606,refund,2023-01-15
7749,1011,1903,transfer,2023-10-13
7750,1013,920,purchase,2023-10-08
7751,1005,1466,purchase,2023-05-31
7752,1013,728,withdrawal,2023-07-18
7753,1001,1344,transfer,2023-02-12
7754,1009,950,payment,2023-04-11
7755,1002,1697,refund,2023-08-29
7756,1003,1228,withdrawal,2023-08-31
7757,1008,1521,purchase,2023-05-31
7758,1019,1610,refund,2023-01-01
7759,1020,403,payment,2023-03-10
7760,1003,1804,transfer,2023-07-30
7761,1019,170,purchase,2023-06-11
7762,1010,546,purchase,2023-04-15
7763,1018,355,refund,2023-12-04
7764,1012,1329,withdrawal,2023-08-15
7765,1018,1160,payment,2023-01-28
7766,1015,668,transfer,2023-12-14
7767,1010,1316,purchase,2023-11-06
7768,1001,378,purchase,2023-02-18
7769,1006,1339,withdrawal,2023-10-27
7770,1019,605,withdrawal,2023-04-13
7771,1001,1303,withdrawal,2023-12-28
7772,1014,665,payment,2023-12-09
7773,1009,1978,purchase,2023-12-19
7774,1019,1300,refund,2023-01-03
7775,1010,919,payment,2023-08-21
7776,1019,255,transfer,2023-01-26
7777,1018,1210,purchase,2023-08-19
7778,1001,1093,transfer,2023-06-25
7779,1004,743,refund,2023-03-19
7780,1019,1864,payment,2023-07-06
7781,1013,897,payment,2023-04-23
7782,1006,822,refund,2023-12-10
7783,1015,782,payment,2023-02-07
7784,1003,998,withdrawal,2023-07-18
7785,1017,208,purchase,2023-06-04
7786,1006,1072,refund,2023-06-17
7787,1002,1510,withdrawal,2023-04-13
7788,1004,1796,withdrawal,2023-10-08
7789,1016,1900,payment,2023-09-01
7790,1015,1820,transfer,2023-03-21
7791,1012,660,purchase,2023-06-19
7792,1014,1780,payment,2023-02-05
7793,1020,1281,refund,2023-07-13
7794,1005,429,withdrawal,2023-12-27
7795,1016,595,purchase,2023-01-20
7796,1008,1760,purchase,2023-10-25
7797,1002,1739,refund,2023-11-16
7798,1006,1273,purchase,2023-01-14
7799,1004,1867,payment,2023-04-27
7800,1013,965,transfer,2023-03-24
7801,1009,884,purchase,2023-11-01
7802,1014,566,payment,2023-10-10
7803,1004,1706,payment,2023-10-21
7804,1011,461,purchase,2023-03-26
7805,1003,1387,purchase,2023-11-01
7806,1003,1180,refund,2023-06-04
7807,1018,342,withdrawal,2023-09-27
7808,1018,730,transfer,2023-05-15
7809,1017,1013,payment,2023-07-09
7810,1010,1872,transfer,2023-03-31
7811,1005,173,payment,2023-08-29
7812,1008,1139,refund,2023-01-08
7813,1017,342,payment,2023-09-02
7814,1002,1014,purchase,2023-10-24
7815,1014,1336,transfer,2023-04-27
7816,1014,134,purchase,2023-03-22
7817,1005,1680,payment,2023-08-02
7818,1002,1109,payment,2023-10-05
7819,1014,429,payment,2023-02-10
7820,1009,697,withdrawal,2023-03-17
7821,1019,618,withdrawal,2023-06-03
7822,1019,781,refund,2023-06-18
7823,1002,421,purchase,2023-08-09
7824,1018,1795,transfer,2023-10-20
7825,1012,551,refund,2023-07-29
7826,1003,1932,withdrawal,2023-12-13
7827,1007,1341,withdrawal,2023-05-30
7828,1010,1919,refund,2023-03-14
7829,1011,1345,refund,2023-08-19
7830,1016,1489,withdrawal,2023-03-30
7831,1009,370,transfer,2023-12-19
7832,1005,114,purchase,2023-12-30
7833,1017,531,payment,2023-10-21
7834,1006,1425,withdrawal,2023-01-30
7835,1006,1223,withdrawal,2023-09-29
7836,1016,487,transfer,2023-09-03
7837,1011,221,payment,2023-03-13
7838,1017,1936,refund,2023-04-23
7839,1001,1389,refund,2023-04-21
7840,1019,632,transfer,2023-06-22
7841,1002,913,refund,2023-05-29
7842,1006,784,withdrawal,2023-08-10
7843,1009,1056,refund,2023-11-08
7844,1020,330,withdrawal,2023-11-23
7845,1015,195,withdrawal,2023-09-22
7846,1001,1726,payment,2023-01-13
7847,1005,530,refund,2023-06-09
7848,1001,507,refund,2023-02-19
7849,1018,447,transfer,2023-05-07
7850,1001,1433,transfer,2023-06-25
7851,1011,1826,transfer,2023-02-23
7852,1016,1417,transfer,2023-12-15
7853,1010,973,refund,2023-06-22
7854,1020,755,purchase,2023-08-21
7855,1018,1873,transfer,2023-04-11
7856,1018,438,withdrawal,2023-04-03
7857,1009,1473,purchase,2023-05-11
7858,1011,360,purchase,2023-05-22
7859,1018,1217,payment,2023-07-07
7860,1001,817,purchase,2023-11-06
7861,1002,987,transfer,2023-01-24
7862,1016,1640,payment,2023-01-18
7863,1015,518,withdrawal,2023-03-16
7864,1004,1159,purchase,2023-10-12
7865,1006,1283,transfer,2023-09-20
7866,1012,1875,purchase,2023-10-03
7867,1007,185,payment,2023-09-10
7868,1004,1760,refund,2023-11-08
7869,1011,1737,transfer,2023-04-28
7870,1009,302,purchase,2023-01-09
7871,1012,1147,transfer,2023-02-19
7872,1002,919,payment,2023-07-28
7873,1014,859,transfer,2023-02-01
7874,1001,382,withdrawal,2023-02-21
7875,1001,1096,transfer,2023-03-29
7876,1011,1466,withdrawal,2023-08-24
7877,1019,423,withdrawal,2023-08-17
7878,1001,651,withdrawal,2023-04-01
7879,1001,211,withdrawal,2023-09-08
7880,1013,589,refund,2023-05-17
7881,1016,943,purchase,2023-06-13
7882,1018,506,transfer,2023-08-26
7883,1010,1437,refund,2023-11-28
7884,1010,622,purchase,2023-07-31
7885,1014,362,refund,2023-02-07
7886,1014,1893,purchase,2023-06-23
7887,1013,1768,withdrawal,2023-05-29
7888,1004,1992,refund,2023-11-07
7889,1008,1965,withdrawal,2023-09-10
7890,1011,1799,payment,2023-02-13
7891,1009,447,payment,2023-05-26
7892,1005,1061,withdrawal,2023-05-18
7893,1008,1386,refund,2023-08-09
7894,1010,1079,purchase,2023-07-13
7895,1012,1759,refund,2023-08-02
7896,1019,1624,refund,2023-10-31
7897,1006,1015,transfer,2023-10-24
7898,1010,1558,refund,2023-06-01
7899,1002,875,refund,2023-10-21
7900,1017,793,payment,2023-08-13
7901,1013,1164,withdrawal,2023-09-29
7902,1013,1618,withdrawal,2023-03-16
7903,1004,1984,transfer,2023-06-06
7904,1018,516,purchase,2023-07-20
7905,1003,1410,withdrawal,2023-04-13
7906,1010,466,purchase,2023-02-28
7907,1003,257,payment,2023-09-30
7908,1004,773,purchase,2023-08-19
7909,1001,662,transfer,2023-04-13
7910,1020,1928,purchase,2023-07-12
7911,1009,1855,payment,2023-01-13
7912,1017,684,refund,2023-10-02
7913,1007,1700,payment,2023-11-11
7914,1019,663,purchase,2023-05-18
7915,1005,1691,transfer,2023-08-05
7916,1013,238,purchase,2023-04-14
7917,1007,587,payment,2023-04-26
7918,1010,1502,refund,2023-06-22
7919,1016,1198,payment,2023-04-29
7920,1018,1574,withdrawal,2023-06-12
7921,1017,1796,purchase,2023-09-11
7922,1012,696,withdrawal,2023-03-05
7923,1018,1329,withdrawal,2023-08-10
7924,1016,246,transfer,2023-06-24
7925,1019,250,purchase,2023-06-16
7926,1019,722,transfer,2023-08-25
7927,1007,1937,refund,2023-09-25
7928,1016,1313,refund,2023-12-12
7929,1004,949,transfer,2023-02-18
7930,1002,1128,payment,2023-08-04
7931,1006,1164,transfer,2023-12-15
7932,1017,1884,purchase,2023-02-06
7933,1015,1487,withdrawal,2023-07-22
7934,1012,727,refund,2023-11-20
7935,1010,1225,refund,2023-02-22
7936,1008,357,withdrawal,2023-05-17
7937,1019,1593,transfer,2023-09-02
7938,1005,1497,transfer,2023-04-01
7939,1011,1514,withdrawal,2023-06-08
7940,1014,1757,refund,2023-03-16
7941,1009,1644,refund,2023-11-24
7942,1013,506,withdrawal,2023-08-27
7943,1002,1363,payment,2023-07-30
7944,1001,1919,payment,2023-07-23
7945,1013,1831,purchase,2023-06-20
7946,1018,137,withdrawal,2023-07-21
7947,1012,1543,refund,2023-08-09
7948,1002,269,payment,2023-10-16
7949,1014,503,withdrawal,2023-07-11
7950,1006,1897,withdrawal,2023-12-04
7951,1001,790,transfer,2023-08-28
7952,1004,362,purchase,2023-08-22
7953,1002,1284,refund,2023-02-17
7954,1009,1802,refund,2023-09-01
7955,1007,739,refund,2023-01-10
7956,1011,784,withdrawal,2023-10-05
7957,1002,917,transfer,2023-01-03
7958,1004,1915,payment,2023-08-09
7959,1017,1553,payment,2023-07-02
7960,1020,1207,withdrawal,2023-04-29
7961,1017,1558,payment,2023-07-18
7962,1017,1610,payment,2023-11-16
7963,1016,1613,purchase,2023-03-01
7964,1007,644,refund,2023-12-14
7965,1007,1443,purchase,2023-04-22
7966,1006,870,withdrawal,2023-10-20
7967,1020,389,refund,2023-04-21
7968,1015,229,refund,2023-08-20
7969,1010,407,purchase,2023-12-11
7970,1016,150,refund,2023-02-15
7971,1018,387,payment,2023-04-24
7972,1003,1247,refund,2023-10-18
7973,1017,1204,withdrawal,2023-04-29
7974,1001,107,withdrawal,2023-10-28
7975,1013,1164,payment,2023-07-28
7976,1009,1476,purchase,2023-09-08
7977,1010,333,payment,2023-04-13
7978,1008,1785,refund,2023-05-01
7979,1013,1252,transfer,2023-12-12
7980,1012,246,transfer,2023-05-10
7981,1003,1852,transfer,2023-11-30
7982,1015,734,withdrawal,2023-02-03
7983,1005,1714,purchase,2023-10-20
7984,1011,372,transfer,2023-06-27
7985,1020,704,transfer,2023-02-20
7986,1012,1896,withdrawal,2023-11-25
7987,1012,1213,payment,2023-04-10
7988,1016,1405,refund,2023-10-05
7989,1008,1331,transfer,2023-06-03
7990,1010,1925,purchase,2023-01-23
7991,1006,1493,payment,2023-11-10
7992,1016,1532,purchase,2023-08-27
7993,1011,1350,transfer,2023-03-05
7994,1004,679,payment,2023-09-09
7995,1012,266,purchase,2023-08-02
7996,1006,1072,refund,2023-04-11
7997,1012,480,payment,2023-07-11
7998,1008,662,purchase,2023-04-07
7999,1013,403,withdrawal,2023-03-27
8000,1019,680,transfer,2023-07-18
8001,1013,531,transfer,2023-03-10
8002,1014,1055,refund,2023-02-15
8003,1005,1992,purchase,2023-07-26
8004,1006,1476,payment,2023-07-20
8005,1013,1464,purchase,2023-07-15
8006,1017,1302,withdrawal,2023-08-16
8007,1013,1319,refund,2023-04-18
8008,1011,797,transfer,2023-04-22
8009,1015,1318,purchase,2023-11-02
8010,1004,1906,transfer,2023-11-09
8011,1007,1904,refund,2023-02-12
8012,1015,1733,payment,2023-03-22
8013,1004,287,withdrawal,2023-05-29
8014,1013,952,refund,2023-10-01
8015,1011,866,withdrawal,2023-02-21
8016,1011,1704,refund,2023-02-21
8017,1018,982,transfer,2023-11-25
8018,1004,951,refund,2023-02-01
8019,1020,1026,purchase,2023-04-21
8020,1003,1931,purchase,2023-06-26
8021,1020,1093,withdrawal,2023-07-12
8022,1002,1261,purchase,2023-12-16
8023,1008,1669,transfer,2023-01-12
8024,1001,1914,purchase,2023-02-05
8025,1005,209,payment,2023-07-27
8026,1018,1402,transfer,2023-05-22
8027,1018,462,payment,2023-08-13
8028,1005,120,withdrawal,2023-11-06
8029,1008,221,payment,2023-08-08
8030,1012,1761,transfer,2023-01-12
8031,1018,1346,withdrawal,2023-09-20
8032,1008,1735,payment,2023-09-14
8033,1005,919,transfer,2023-01-05
8034,1017,1588,payment,2023-06-27
8035,1017,1673,payment,2023-09-07
8036,1002,1172,purchase,2023-11-20
8037,1001,585,transfer,2023-01-15
8038,1011,1910,refund,2023-03-07
8039,1005,982,payment,2023-12-25
8040,1003,1634,refund,2023-07-25
8041,1001,1420,purchase,2023-06-11
8042,1005,1619,transfer,2023-09-21
8043,1008,421,refund,2023-10-06
8044,1003,124,refund,2023-09-03
8045,1001,742,refund,2023-02-06
8046,1003,1442,transfer,2023-04-08
8047,1002,1535,transfer,2023-02-09
8048,1017,1628,payment,2023-03-15
8049,1017,1312,refund,2023-09-02
8050,1018,1180,payment,2023-07-21
8051,1010,1467,payment,2023-09-14
8052,1012,148,payment,2023-08-01
8053,1002,149,payment,2023-01-11
8054,1004,340,purchase,2023-04-16
8055,1007,1650,refund,2023-12-10
8056,1017,1626,transfer,2023-07-16
8057,1004,728,transfer,2023-05-09
8058,1020,993,transfer,2023-05-25
8059,1002,673,withdrawal,2023-12-09
8060,1014,1933,withdrawal,2023-12-04
8061,1010,1180,purchase,2023-11-16
8062,1013,232,withdrawal,2023-11-21
8063,1001,1427,withdrawal,2023-03-30
8064,1008,1311,refund,2023-06-30
8065,1006,1145,purchase,2023-09-17
8066,1019,1538,payment,2023-02-19
8067,1011,1711,withdrawal,2023-08-24
8068,1003,1238,payment,2023-06-08
8069,1020,1816,refund,2023-07-07
8070,1002,553,payment,2023-05-07
8071,1009,1233,purchase,2023-10-18
8072,1007,254,payment,2023-06-29
8073,1011,1262,payment,2023-07-30
8074,1020,1444,payment,2023-02-21
8075,1004,972,purchase,2023-05-16
8076,1015,440,payment,2023-04-16
8077,1001,1712,transfer,2023-02-14
8078,1015,1531,transfer,2023-12-27
8079,1016,669,withdrawal,2023-11-14
8080,1002,1904,purchase,2023-10-16
8081,1001,652,purchase,2023-05-31
8082,1012,795,payment,2023-01-12
8083,1001,656,payment,2023-10-29
8084,1012,1155,payment,2023-03-26
8085,1009,1133,withdrawal,2023-09-04
8086,1001,383,withdrawal,2023-05-18
8087,1008,1413,withdrawal,2023-01-06
8088,1017,1201,payment,2023-02-24
8089,1015,601,payment,2023-03-17
8090,1018,1495,withdrawal,2023-03-07
8091,1001,963,refund,2023-07-15
8092,1017,1389,purchase,2023-03-18
8093,1009,1396,refund,2023-08-15
8094,1004,1696,payment,2023-07-11
8095,1011,1538,withdrawal,2023-10-19
8096,1019,298,refund,2023-05-18
8097,1012,1089,withdrawal,2023-01-30
8098,1020,882,purchase,2023-02-06
8099,1015,964,payment,2023-11-01
8100,1016,1250,transfer,2023-11-28
8101,1009,1519,refund,2023-10-12
8102,1016,163,withdrawal,2023-09-30
8103,1019,269,transfer,2023-06-22
8104,1011,282,purchase,2023-01-16
8105,1013,1626,transfer,2023-06-30
8106,1013,1664,withdrawal,2023-01-06
8107,1002,1900,refund,2023-08-26
8108,1011,1979,transfer,2023-12-25
8109,1004,1785,refund,2023-01-26
8110,1005,1976,withdrawal,2023-02-14
8111,1014,706,refund,2023-05-05
8112,1012,1836,purchase,2023-01-03
8113,1002,1585,withdrawal,2023-10-05
8114,1011,634,refund,2023-05-30
8115,1004,367,payment,2023-06-07
8116,1012,1083,refund,2023-01-01
8117,1002,1501,withdrawal,2023-09-06
8118,1016,1179,refund,2023-06-11
8119,1011,1018,withdrawal,2023-10-13
8120,1020,1467,refund,2023-07-01
8121,1018,1313,transfer,2023-04-11
8122,1012,1316,transfer,2023-01-05
8123,1017,1820,payment,2023-12-07
8124,1018,1143,payment,2023-05-16
8125,1017,481,withdrawal,2023-09-10
8126,1015,1737,transfer,2023-03-02
8127,1012,765,refund,2023-01-02
8128,1010,1180,withdrawal,2023-12-06
8129,1009,1572,purchase,2023-03-19
8130,1002,1167,purchase,2023-03-30
8131,1011,1937,withdrawal,2023-10-19
8132,1007,368,payment,2023-07-16
8133,1003,180,withdrawal,2023-10-27
8134,1004,1621,withdrawal,2023-04-29
8135,1008,749,refund,2023-05-25
8136,1011,1486,transfer,2023-02-21
8137,1001,1136,payment,2023-03-07
8138,1009,1490,withdrawal,2023-01-12
8139,1008,527,transfer,2023-03-14
8140,1020,241,withdrawal,2023-06-26
8141,1001,1378,purchase,2023-10-25
8142,1006,599,purchase,2023-05-18
8143,1004,1993,withdrawal,2023-06-28
8144,1010,308,purchase,2023-05-03
8145,1019,299,payment,2023-08-17
8146,1008,1360,withdrawal,2023-02-28
8147,1020,203,transfer,2023-05-21
8148,1012,984,payment,2023-08-11
8149,1017,1877,transfer,2023-05-31
8150,1015,1170,transfer,2023-11-08
8151,1004,815,purchase,2023-08-13
8152,1016,1870,purchase,2023-05-30
8153,1012,950,transfer,2023-08-26
8154,1004,203,withdrawal,2023-05-31
8155,1015,1050,purchase,2023-04-01
8156,1012,1324,payment,2023-10-11
8157,1001,533,payment,2023-12-23
8158,1011,771,purchase,2023-08-08
8159,1009,149,withdrawal,2023-02-23
8160,1004,1257,transfer,2023-10-26
8161,1004,903,payment,2023-02-25
8162,1002,998,transfer,2023-11-29
8163,1009,1026,withdrawal,2023-03-07
8164,1001,1065,transfer,2023-02-02
8165,1011,1862,withdrawal,2023-07-21
8166,1008,1217,payment,2023-04-27
8167,1010,368,withdrawal,2023-01-19
8168,1007,1821,purchase,2023-12-30
8169,1009,1308,refund,2023-04-23
8170,1015,1422,refund,2023-03-12
8171,1014,486,refund,2023-12-14
8172,1012,1830,transfer,2023-03-16
8173,1010,1836,refund,2023-07-13
8174,1004,1633,refund,2023-07-14
8175,1018,1762,refund,2023-07-07
8176,1001,1180,transfer,2023-06-26
8177,1010,1198,refund,2023-02-15
8178,1012,1301,purchase,2023-12-10
8179,1014,234,withdrawal,2023-11-09
8180,1018,1013,refund,2023-09-08
8181,1013,1412,transfer,2023-09-06
8182,1008,394,purchase,2023-01-05
8183,1001,669,purchase,2023-05-02
8184,1003,413,transfer,2023-04-01
8185,1020,772,withdrawal,2023-10-31
8186,1001,1780,payment,2023-12-25
8187,1012,334,payment,2023-01-16
8188,1006,419,withdrawal,2023-10-21
8189,1014,1110,purchase,2023-06-23
8190,1019,139,refund,2023-06-01
8191,1017,1958,refund,2023-09-12
8192,1020,1076,payment,2023-12-02
8193,1007,1423,withdrawal,2023-07-27
8194,1005,663,transfer,2023-03-15
8195,1008,1385,withdrawal,2023-12-28
8196,1018,1206,payment,2023-07-10
8197,1009,308,refund,2023-10-01
8198,1001,1114,withdrawal,2023-11-20
8199,1011,1071,transfer,2023-09-12
8200,1005,585,refund,2023-07-24
8201,1018,896,purchase,2023-12-23
8202,1013,695,withdrawal,2023-04-23
8203,1007,739,payment,2023-12-18
8204,1001,179,purchase,2023-09-28
8205,1005,1162,payment,2023-12-05
8206,1007,1560,transfer,2023-11-04
8207,1012,1625,withdrawal,2023-12-27
8208,1003,1060,transfer,2023-03-03
8209,1006,885,refund,2023-10-08
8210,1005,878,transfer,2023-04-24
8211,1014,1228,purchase,2023-11-08
8212,1018,1618,purchase,2023-04-03
8213,1012,1476,payment,2023-04-04
8214,1018,985,purchase,2023-07-06
8215,1003,1437,payment,2023-01-22
8216,1015,917,refund,2023-06-23
8217,1019,1881,withdrawal,2023-11-29
8218,1017,389,transfer,2023-05-14
8219,1020,1687,purchase,2023-04-09
8220,1005,206,purchase,2023-02-02
8221,1002,1358,refund,2023-11-05
8222,1006,1785,refund,2023-05-31
8223,1001,1686,payment,2023-11-21
8224,1011,1347,withdrawal,2023-08-27
8225,1002,826,withdrawal,2023-03-07
8226,1016,1143,refund,2023-06-08
8227,1017,1562,transfer,2023-01-16
8228,1001,1397,withdrawal,2023-07-01
8229,1018,1863,payment,2023-12-19
8230,1013,746,withdrawal,2023-12-04
8231,1005,437,purchase,2023-05-23
8232,1009,764,refund,2023-08-25
8233,1017,1825,withdrawal,2023-08-06
8234,1013,1317,withdrawal,2023-11-30
8235,1010,1032,withdrawal,2023-03-25
8236,1010,1953,purchase,2023-04-03
8237,1009,158,payment,2023-09-06
8238,1019,1845,withdrawal,2023-11-20
8239,1011,936,payment,2023-02-26
8240,1016,1865,withdrawal,2023-03-22
8241,1003,421,withdrawal,2023-04-07
8242,1016,1992,purchase,2023-07-01
8243,1006,435,transfer,2023-03-26
8244,1004,1371,refund,2023-04-08
8245,1003,1507,transfer,2023-10-19
8246,1006,966,transfer,2023-01-11
8247,1014,610,payment,2023-07-26
8248,1001,1227,payment,2023-07-25
8249,1005,835,refund,2023-05-28
8250,1019,1780,refund,2023-12-27
8251,1006,1298,payment,2023-09-23
8252,1012,1614,withdrawal,2023-06-04
8253,1020,263,payment,2023-11-24
8254,1010,1147,purchase,2023-06-02
8255,1005,280,transfer,2023-09-13
8256,1006,1164,purchase,2023-03-01
8257,1013,1852,refund,2023-01-20
8258,1004,657,purchase,2023-10-13
8259,1006,749,refund,2023-10-31
8260,1009,314,withdrawal,2023-01-27
8261,1017,990,purchase,2023-02-12
8262,1004,445,transfer,2023-01-16
8263,1002,1226,refund,2023-09-26
8264,1019,1651,payment,2023-11-01
8265,1018,842,withdrawal,2023-11-05
8266,1011,777,payment,2023-04-07
8267,1018,1994,transfer,2023-08-18
8268,1008,1465,withdrawal,2023-02-03
8269,1004,1421,transfer,2023-12-02
8270,1006,673,refund,2023-04-30
8271,1017,1162,purchase,2023-10-27
8272,1008,556,withdrawal,2023-03-05
8273,1016,1963,transfer,2023-01-25
8274,1012,691,purchase,2023-11-11
8275,1004,1894,withdrawal,2023-08-18
8276,1017,755,purchase,2023-01-04
8277,1004,1012,withdrawal,2023-12-24
8278,1013,1519,payment,2023-07-01
8279,1016,924,purchase,2023-11-27
8280,1015,1352,transfer,2023-02-01
8281,1017,1689,withdrawal,2023-12-16
8282,1011,420,purchase,2023-01-09
8283,1005,867,payment,2023-09-02
8284,1005,749,payment,2023-11-06
8285,1009,1127,payment,2023-12-29
8286,1019,897,payment,2023-09-27
8287,1006,640,withdrawal,2023-10-08
8288,1009,373,payment,2023-07-02
8289,1003,319,purchase,2023-03-28
8290,1015,1529,purchase,2023-04-08
8291,1014,1749,payment,2023-10-30
8292,1013,1258,refund,2023-05-29
8293,1007,1622,payment,2023-01-19
8294,1014,198,withdrawal,2023-02-23
8295,1002,825,refund,2023-05-27
8296,1011,965,transfer,2023-04-23
8297,1010,902,withdrawal,2023-06-30
8298,1006,1140,transfer,2023-03-21
8299,1013,1563,payment,2023-05-15
8300,1004,1653,refund,2023-11-09
8301,1018,1795,transfer,2023-10-23
8302,1009,148,withdrawal,2023-05-18
8303,1007,1837,purchase,2023-10-24
8304,1013,400,payment,2023-03-21
8305,1005,1651,withdrawal,2023-02-08
8306,1002,526,payment,2023-01-24
8307,1015,463,withdrawal,2023-09-02
8308,1011,615,payment,2023-01-04
8309,1001,1049,payment,2023-09-21
8310,1013,1350,refund,2023-05-29
8311,1011,1821,payment,2023-05-21
8312,1005,1294,purchase,2023-08-26
8313,1014,898,payment,2023-06-27
8314,1010,230,payment,2023-10-24
8315,1019,1049,refund,2023-02-28
8316,1012,1983,payment,2023-08-18
8317,1017,1232,withdrawal,2023-05-21
8318,1020,1553,purchase,2023-07-12
8319,1011,747,transfer,2023-06-16
8320,1019,608,payment,2023-01-16
8321,1004,1992,purchase,2023-02-24
8322,1011,1469,withdrawal,2023-05-10
8323,1002,433,refund,2023-10-02
8324,1015,118,purchase,2023-02-09
8325,1013,303,transfer,2023-01-18
8326,1006,1479,payment,2023-07-01
8327,1019,431,payment,2023-10-20
8328,1005,356,refund,2023-10-15
8329,1009,958,payment,2023-07-18
8330,1003,1142,payment,2023-08-09
8331,1003,1975,withdrawal,2023-01-07
8332,1017,1839,purchase,2023-04-23
8333,1005,1227,payment,2023-01-15
8334,1013,1817,payment,2023-12-24
8335,1015,592,payment,2023-02-21
8336,1017,130,withdrawal,2023-12-08
8337,1010,1617,withdrawal,2023-07-20
8338,1004,864,purchase,2023-12-23
8339,1010,155,withdrawal,2023-03-21
8340,1003,1753,withdrawal,2023-12-20
8341,1001,1110,payment,2023-01-14
8342,1010,737,transfer,2023-09-12
8343,1001,1334,withdrawal,2023-10-17
8344,1018,1274,refund,2023-07-15
8345,1012,1865,withdrawal,2023-11-01
8346,1009,1342,withdrawal,2023-08-20
8347,1015,396,refund,2023-06-04
8348,1020,1666,refund,2023-04-29
8349,1003,467,purchase,2023-12-31
8350,1001,759,refund,2023-01-24
8351,1017,463,payment,2023-04-04
8352,1015,1216,transfer,2023-05-06
8353,1010,187,withdrawal,2023-07-11
8354,1008,186,refund,2023-11-30
8355,1015,505,refund,2023-07-10
8356,1004,647,withdrawal,2023-09-03
8357,1002,511,refund,2023-09-22
8358,1017,919,transfer,2023-06-07
8359,1008,778,payment,2023-08-10
8360,1001,1756,refund,2023-10-14
8361,1007,1810,purchase,2023-04-26
8362,1008,1837,refund,2023-12-14
8363,1015,1644,refund,2023-09-01
8364,1014,1295,purchase,2023-07-08
8365,1018,889,transfer,2023-09-22
8366,1016,1817,payment,2023-09-15
8367,1008,737,purchase,2023-02-18
8368,1019,975,refund,2023-05-21
8369,1013,1340,withdrawal,2023-11-03
8370,1015,1614,payment,2023-04-19
8371,1008,356,purchase,2023-02-02
8372,1013,404,purchase,2023-11-08
8373,1005,403,payment,2023-07-20
8374,1008,1127,refund,2023-04-12
8375,1013,1522,withdrawal,2023-08-18
8376,1001,1496,payment,2023-10-27
8377,1020,967,purchase,2023-05-28
8378,1007,1678,payment,2023-12-07
8379,1016,1542,transfer,2023-12-29
8380,1007,521,payment,2023-03-20
8381,1015,497,purchase,2023-07-20
8382,1020,660,payment,2023-06-08
8383,1001,324,transfer,2023-02-23
8384,1009,167,purchase,2023-03-20
8385,1012,1798,withdrawal,2023-10-24
8386,1002,394,purchase,2023-10-13
8387,1003,1370,purchase,2023-06-02
8388,1017,1373,withdrawal,2023-06-14
8389,1015,449,payment,2023-03-26
8390,1002,1683,withdrawal,2023-06-09
8391,1006,1798,payment,2023-12-28
8392,1017,484,withdrawal,2023-09-26
8393,1006,1264,purchase,2023-02-05
8394,1004,1368,purchase,2023-05-01
8395,1019,105,refund,2023-09-19
8396,1014,1444,payment,2023-09-27
8397,1005,1843,withdrawal,2023-04-05
8398,1008,1641,transfer,2023-09-30
8399,1013,1207,payment,2023-08-06
8400,1008,1095,refund,2023-04-14
8401,1020,1359,purchase,2023-11-04
8402,1006,1641,refund,2023-05-01
8403,1020,1744,payment,2023-10-18
8404,1008,798,refund,2023-08-16
8405,1011,1246,purchase,2023-12-16
8406,1018,594,payment,2023-06-09
8407,1019,1212,transfer,2023-02-18
8408,1015,1533,withdrawal,2023-10-04
8409,1006,1889,refund,2023-03-02
8410,1011,1107,withdrawal,2023-11-26
8411,1013,903,purchase,2023-06-24
8412,1006,539,payment,2023-02-21
8413,1012,1952,withdrawal,2023-05-06
8414,1016,1973,refund,2023-12-14
8415,1010,735,withdrawal,2023-12-09
8416,1015,1514,payment,2023-07-24
8417,1019,1314,payment,2023-08-09
8418,1016,409,withdrawal,2023-12-02
8419,1007,154,payment,2023-01-29
8420,1005,1902,transfer,2023-04-16
8421,1008,1771,payment,2023-01-03
8422,1009,1099,purchase,2023-03-18
8423,1013,1805,payment,2023-10-27
8424,1007,1945,purchase,2023-06-11
8425,1009,1289,payment,2023-03-21
8426,1020,228,payment,2023-04-11
8427,1001,124,withdrawal,2023-09-18
8428,1020,1933,transfer,2023-03-17
8429,1013,399,payment,2023-10-21
8430,1014,1800,withdrawal,2023-02-12
8431,1020,506,refund,2023-06-22
8432,1011,725,transfer,2023-01-02
8433,1011,822,refund,2023-02-18
8434,1004,1353,withdrawal,2023-05-01
8435,1016,1776,withdrawal,2023-05-05
8436,1006,168,payment,2023-11-26
8437,1004,1217,withdrawal,2023-07-18
8438,1005,1059,refund,2023-03-11
8439,1007,813,transfer,2023-01-11
8440,1016,1735,purchase,2023-10-10
8441,1008,554,purchase,2023-08-31
8442,1013,1296,purchase,2023-09-14
8443,1018,568,refund,2023-03-22
8444,1007,1521,payment,2023-05-31
8445,1006,280,purchase,2023-12-23
8446,1008,1591,withdrawal,2023-11-07
8447,1016,1761,withdrawal,2023-08-05
8448,1012,1351,payment,2023-01-27
8449,1019,1828,withdrawal,2023-10-02
8450,1004,569,withdrawal,2023-08-24
8451,1019,154,refund,2023-11-04
8452,1017,1857,payment,2023-03-18
8453,1007,1585,refund,2023-10-31
8454,1017,969,transfer,2023-05-17
8455,1013,1850,withdrawal,2023-03-13
8456,1007,892,payment,2023-11-19
8457,1011,964,payment,2023-01-15
8458,1016,918,payment,2023-07-08
8459,1014,766,withdrawal,2023-08-24
8460,1007,1732,refund,2023-05-13
8461,1003,208,withdrawal,2023-04-05
8462,1017,244,transfer,2023-07-13
8463,1006,426,payment,2023-12-21
8464,1013,1898,withdrawal,2023-10-02
8465,1015,967,refund,2023-05-23
8466,1008,959,purchase,2023-12-11
8467,1013,1158,refund,2023-03-08
8468,1001,559,withdrawal,2023-03-15
8469,1020,1361,purchase,2023-03-01
8470,1016,1651,transfer,2023-02-04
8471,1020,777,purchase,2023-05-28
8472,1013,1042,refund,2023-06-20
8473,1006,749,withdrawal,2023-09-17
8474,1002,374,transfer,2023-06-14
8475,1006,1324,transfer,2023-01-18
8476,1006,1200,refund,2023-12-08
8477,1015,1237,purchase,2023-12-09
8478,1001,539,purchase,2023-06-03
8479,1008,329,withdrawal,2023-04-08
8480,1014,625,purchase,2023-07-01
8481,1007,478,transfer,2023-09-01
8482,1014,1662,refund,2023-10-26
8483,1019,478,purchase,2023-02-28
8484,1011,1918,refund,2023-04-26
8485,1007,1748,refund,2023-03-13
8486,1009,994,withdrawal,2023-09-28
8487,1005,369,payment,2023-05-14
8488,1019,1800,refund,2023-10-28
8489,1008,972,purchase,2023-07-30
8490,1008,251,transfer,2023-11-21
8491,1013,1905,payment,2023-04-18
8492,1002,265,purchase,2023-10-27
8493,1018,166,withdrawal,2023-08-06
8494,1014,751,refund,2023-10-23
8495,1004,1200,purchase,2023-02-27
8496,1010,1250,transfer,2023-01-23
8497,1018,1173,refund,2023-03-02
8498,1002,1420,withdrawal,2023-05-06
8499,1001,1949,payment,2023-02-07
8500,1011,966,transfer,2023-09-06
8501,1008,922,withdrawal,2023-06-28
8502,1011,1751,withdrawal,2023-07-10
8503,1018,1539,transfer,2023-07-04
8504,1003,758,refund,2023-11-21
8505,1006,1865,refund,2023-12-28
8506,1005,1018,withdrawal,2023-04-09
8507,1012,981,transfer,2023-01-05
8508,1001,1936,purchase,2023-07-16
8509,1007,1918,withdrawal,2023-07-12
8510,1001,1818,refund,2023-04-13
8511,1010,462,withdrawal,2023-04-14
8512,1011,1787,refund,2023-07-27
8513,1016,129,transfer,2023-06-13
8514,1002,1074,withdrawal,2023-02-18
8515,1009,483,refund,2023-04-19
8516,1019,1945,transfer,2023-06-14
8517,1002,406,refund,2023-09-22
8518,1008,1100,payment,2023-06-25
8519,1018,1938,withdrawal,2023-03-27
8520,1017,1806,refund,2023-09-10
8521,1018,1771,transfer,2023-04-11
8522,1002,1540,transfer,2023-08-10
8523,1013,1335,transfer,2023-02-05
8524,1011,532,purchase,2023-01-06
8525,1007,479,payment,2023-12-31
8526,1002,1112,transfer,2023-02-12
8527,1006,1110,withdrawal,2023-06-21
8528,1002,1187,purchase,2023-12-12
8529,1002,784,transfer,2023-02-18
8530,1008,411,purchase,2023-10-07
8531,1004,886,withdrawal,2023-02-26
8532,1006,1912,withdrawal,2023-08-20
8533,1001,1973,refund,2023-04-25
8534,1015,830,refund,2023-10-07
8535,1015,1228,purchase,2023-05-20
8536,1014,605,transfer,2023-09-13
8537,1006,415,withdrawal,2023-06-15
8538,1002,180,purchase,2023-06-09
8539,1001,1177,purchase,2023-06-05
8540,1018,1497,withdrawal,2023-06-15
8541,1008,1290,purchase,2023-06-30
8542,1010,1942,withdrawal,2023-01-12
8543,1013,1355,refund,2023-04-13
8544,1005,826,withdrawal,2023-12-19
8545,1006,1421,payment,2023-12-03
8546,1004,1788,withdrawal,2023-12-01
8547,1014,855,transfer,2023-04-15
8548,1009,100,transfer,2023-06-11
8549,1020,1706,transfer,2023-03-28
8550,1014,646,refund,2023-05-27
8551,1001,133,refund,2023-11-23
8552,1014,659,transfer,2023-07-10
8553,1006,1249,purchase,2023-09-25
8554,1007,644,purchase,2023-04-13
8555,1010,1587,purchase,2023-04-04
8556,1003,1384,refund,2023-01-16
8557,1020,487,purchase,2023-06-16
8558,1016,1261,transfer,2023-10-18
8559,1004,1219,purchase,2023-08-15
8560,1003,1513,purchase,2023-11-01
8561,1007,1235,payment,2023-11-18
8562,1013,1042,transfer,2023-12-17
8563,1020,1767,withdrawal,2023-06-06
8564,1007,1589,payment,2023-08-18
8565,1015,1128,refund,2023-05-08
8566,1017,1290,transfer,2023-04-04
8567,1001,1823,purchase,2023-07-07
8568,1019,422,withdrawal,2023-08-18
8569,1013,1740,payment,2023-02-25
8570,1003,800,payment,2023-05-05
8571,1009,1613,purchase,2023-03-20
8572,1002,1397,purchase,2023-03-12
8573,1006,489,purchase,2023-12-19
8574,1006,318,purchase,2023-05-13
8575,1007,750,refund,2023-09-12
8576,1003,792,refund,2023-12-19
8577,1014,1396,purchase,2023-05-17
8578,1008,323,withdrawal,2023-07-12
8579,1014,897,payment,2023-04-24
8580,1009,1198,transfer,2023-05-07
8581,1017,1862,refund,2023-02-02
8582,1013,777,withdrawal,2023-03-10
8583,1019,877,purchase,2023-05-06
8584,1015,974,payment,2023-01-26
8585,1009,1342,withdrawal,2023-10-27
8586,1006,1894,purchase,2023-08-02
8587,1008,1693,withdrawal,2023-11-18
8588,1020,530,transfer,2023-10-31
8589,1018,934,refund,2023-04-21
8590,1014,1508,purchase,2023-05-25
8591,1019,595,payment,2023-12-26
8592,1004,282,transfer,2023-01-27
8593,1010,1888,payment,2023-09-25
8594,1004,1306,purchase,2023-10-14
8595,1010,1451,withdrawal,2023-02-25
8596,1009,853,purchase,2023-04-09
8597,1015,1846,withdrawal,2023-08-06
8598,1011,241,withdrawal,2023-10-19
8599,1010,1968,transfer,2023-05-06
8600,1018,1017,transfer,2023-10-17
8601,1017,548,withdrawal,2023-11-10
8602,1005,177,transfer,2023-08-19
8603,1001,1965,withdrawal,2023-03-19
8604,1014,302,withdrawal,2023-11-13
8605,1007,1569,transfer,2023-11-12
8606,1016,1538,withdrawal,2023-11-30
8607,1013,1600,payment,2023-10-18
8608,1004,1809,purchase,2023-04-26
8609,1010,1763,purchase,2023-08-11
8610,1006,1409,transfer,2023-02-26
8611,1009,1266,purchase,2023-06-26
8612,1019,394,payment,2023-11-14
8613,1009,1795,transfer,2023-11-18
8614,1020,484,refund,2023-09-14
8615,1007,1418,transfer,2023-01-27
8616,1005,640,withdrawal,2023-04-28
8617,1005,517,purchase,2023-08-27
8618,1012,702,transfer,2023-10-24
8619,1002,1714,purchase,2023-06-10
8620,1006,1442,withdrawal,2023-04-18
8621,1018,311,transfer,2023-03-09
8622,1016,871,refund,2023-01-18
8623,1018,1302,withdrawal,2023-09-03
8624,1006,1604,transfer,2023-06-25
8625,1008,1073,purchase,2023-06-25
8626,1020,157,payment,2023-09-04
8627,1013,1910,withdrawal,2023-06-23
8628,1019,1121,refund,2023-09-03
8629,1005,951,purchase,2023-07-29
8630,1014,867,withdrawal,2023-05-24
8631,1017,1727,refund,2023-08-17
8632,1010,337,purchase,2023-03-28
8633,1003,334,transfer,2023-12-05
8634,1011,1538,purchase,2023-07-25
8635,1020,1075,transfer,2023-06-14
8636,1003,145,withdrawal,2023-10-21
8637,1001,693,purchase,2023-06-25
8638,1016,1999,withdrawal,2023-06-01
8639,1007,620,withdrawal,2023-09-19
8640,1008,289,refund,2023-07-14
8641,1012,960,refund,2023-09-14
8642,1006,1694,refund,2023-11-14
8643,1009,1724,withdrawal,2023-10-19
8644,1009,1688,withdrawal,2023-08-05
8645,1015,1985,refund,2023-04-28
8646,1013,1152,withdrawal,2023-01-30
8647,1014,502,purchase,2023-10-08
8648,1005,112,refund,2023-01-24
8649,1007,1835,payment,2023-10-31
8650,1002,1198,transfer,2023-05-23
8651,1007,553,purchase,2023-03-04
8652,1008,459,payment,2023-07-05
8653,1020,604,refund,2023-05-21
8654,1001,292,payment,2023-12-14
8655,1015,308,refund,2023-08-07
8656,1004,1866,payment,2023-07-03
8657,1003,1826,payment,2023-08-23
8658,1003,1464,withdrawal,2023-10-01
8659,1018,625,withdrawal,2023-02-12
8660,1011,318,refund,2023-03-03
8661,1005,589,purchase,2023-09-27
8662,1011,432,withdrawal,2023-06-25
8663,1013,334,transfer,2023-04-01
8664,1003,599,transfer,2023-10-07
8665,1015,211,payment,2023-04-04
8666,1002,1193,transfer,2023-03-27
8667,1012,762,refund,2023-04-04
8668,1001,185,purchase,2023-03-18
8669,1009,1230,refund,2023-09-03
8670,1017,1458,refund,2023-06-28
8671,1016,1846,transfer,2023-09-01
8672,1003,1340,transfer,2023-03-14
8673,1018,800,purchase,2023-03-15
8674,1013,900,purchase,2023-01-15
8675,1002,1532,purchase,2023-05-10
8676,1019,393,refund,2023-11-04
8677,1008,908,purchase,2023-12-23
8678,1011,1190,transfer,2023-03-13
8679,1018,1221,refund,2023-04-06
8680,1012,1217,withdrawal,2023-01-27
8681,1010,1424,withdrawal,2023-10-19
8682,1016,1593,transfer,2023-03-10
8683,1007,1406,purchase,2023-10-27
8684,1018,1701,payment,2023-12-09
8685,1018,1667,payment,2023-09-25
8686,1020,770,transfer,2023-01-22
8687,1010,1916,purchase,2023-08-24
8688,1016,1010,purchase,2023-05-07
8689,1001,1447,refund,2023-02-04
8690,1009,735,purchase,2023-02-12
8691,1002,1857,withdrawal,2023-12-12
8692,1016,1113,transfer,2023-10-02
8693,1003,626,payment,2023-07-04
8694,1009,724,payment,2023-02-12
8695,1015,331,transfer,2023-01-12
8696,1008,1657,refund,2023-12-10
8697,1019,922,payment,2023-10-25
8698,1002,299,payment,2023-12-15
8699,1019,1038,payment,2023-02-01
8700,1002,245,refund,2023-03-01
8701,1016,565,refund,2023-06-28
8702,1010,870,withdrawal,2023-10-31
8703,1018,1871,transfer,2023-09-23
8704,1013,1214,withdrawal,2023-11-05
8705,1005,1156,purchase,2023-10-06
8706,1009,1043,refund,2023-03-01
8707,1014,1667,purchase,2023-07-14
8708,1011,1913,withdrawal,2023-02-22
8709,1018,885,withdrawal,2023-01-26
8710,1002,1636,refund,2023-06-18
8711,1020,1429,refund,2023-06-29
8712,1020,1143,payment,2023-08-18
8713,1017,311,purchase,2023-02-28
8714,1009,1140,purchase,2023-03-28
8715,1017,586,payment,2023-09-04
8716,1016,1857,withdrawal,2023-11-19
8717,1004,881,refund,2023-09-29
8718,1018,500,refund,2023-06-30
8719,1020,659,transfer,2023-12-12
8720,1016,373,payment,2023-06-25
8721,1013,356,payment,2023-12-13
8722,1005,1051,refund,2023-11-30
8723,1015,437,payment,2023-10-15
8724,1004,1627,purchase,2023-09-01
8725,1014,1824,withdrawal,2023-10-23
8726,1013,1454,refund,2023-08-13
8727,1003,645,withdrawal,2023-02-13
8728,1020,1092,purchase,2023-12-20
8729,1013,917,transfer,2023-09-11
8730,1018,1037,purchase,2023-04-11
8731,1001,1106,refund,2023-04-28
8732,1014,923,withdrawal,2023-03-18
8733,1009,636,purchase,2023-10-22
8734,1013,643,purchase,2023-05-19
8735,1013,609,purchase,2023-04-11
8736,1010,1261,withdrawal,2023-03-14
8737,1011,288,payment,2023-03-04
8738,1019,222,purchase,2023-11-25
8739,1016,1907,withdrawal,2023-11-11
8740,1010,683,payment,2023-02-11
8741,1016,1061,withdrawal,2023-03-17
8742,1007,1167,withdrawal,2023-03-06
8743,1015,712,payment,2023-01-31
8744,1014,846,purchase,2023-12-12
8745,1018,1740,refund,2023-06-25
8746,1013,1147,transfer,2023-11-03
8747,1011,900,payment,2023-01-22
8748,1004,1037,payment,2023-12-08
8749,1012,1182,purchase,2023-11-11
8750,1009,179,purchase,2023-01-29
8751,1017,790,withdrawal,2023-03-19
8752,1016,1663,refund,2023-02-23
8753,1011,1485,payment,2023-10-03
8754,1001,884,withdrawal,2023-05-18
8755,1016,1138,withdrawal,2023-05-12
8756,1014,1967,refund,2023-04-26
8757,1015,1003,payment,2023-04-07
8758,1002,868,payment,2023-08-13
8759,1003,1046,withdrawal,2023-05-22
8760,1015,544,payment,2023-10-30
8761,1002,233,transfer,2023-12-10
8762,1018,1558,refund,2023-06-16
8763,1016,158,withdrawal,2023-08-03
8764,1011,1932,purchase,2023-08-05
8765,1012,1339,refund,2023-11-02
8766,1003,334,refund,2023-11-22
8767,1020,1182,payment,2023-08-18
8768,1016,547,transfer,2023-10-24
8769,1010,1326,withdrawal,2023-06-17
8770,1007,169,purchase,2023-10-18
8771,1008,1934,withdrawal,2023-09-24
8772,1011,146,payment,2023-03-06
8773,1007,573,transfer,2023-10-04
8774,1019,1132,purchase,2023-11-29
8775,1020,1461,purchase,2023-03-27
8776,1014,242,payment,2023-06-26
8777,1019,1276,purchase,2023-09-04
8778,1019,559,purchase,2023-07-24
8779,1009,1616,refund,2023-01-06
8780,1004,311,payment,2023-03-16
8781,1010,671,transfer,2023-11-25
8782,1005,818,refund,2023-07-17
8783,1017,1561,withdrawal,2023-09-19
8784,1003,231,withdrawal,2023-12-10
8785,1015,1580,payment,2023-05-22
8786,1016,1891,refund,2023-10-04
8787,1011,1339,purchase,2023-12-07
8788,1019,1625,payment,2023-11-03
8789,1018,1707,withdrawal,2023-09-04
8790,1002,1022,transfer,2023-08-22
8791,1009,809,refund,2023-01-09
8792,1007,1277,transfer,2023-03-28
8793,1020,1697,payment,2023-08-27
8794,1018,1009,refund,2023-03-10
8795,1002,1751,refund,2023-09-19
8796,1014,1007,payment,2023-12-27
8797,1005,397,refund,2023-08-15
8798,1009,138,withdrawal,2023-01-26
8799,1007,330,refund,2023-01-25
8800,1009,379,payment,2023-09-10
8801,1008,1086,refund,2023-06-22
8802,1019,1009,purchase,2023-02-12
8803,1004,1743,transfer,2023-02-14
8804,1003,378,refund,2023-06-30
8805,1008,369,payment,2023-01-09
8806,1010,928,refund,2023-06-29
8807,1018,133,refund,2023-05-30
8808,1010,1011,payment,2023-05-16
8809,1020,1083,purchase,2023-02-10
8810,1014,937,payment,2023-02-09
8811,1014,1675,purchase,2023-02-06
8812,1002,1033,refund,2023-05-05
8813,1003,1104,transfer,2023-12-16
8814,1006,1465,payment,2023-09-06
8815,1003,901,withdrawal,2023-09-18
8816,1009,392,withdrawal,2023-12-12
8817,1011,491,transfer,2023-01-14
8818,1018,1397,withdrawal,2023-12-12
8819,1013,560,refund,2023-01-31
8820,1009,1390,payment,2023-07-31
8821,1008,1310,withdrawal,2023-11-18
8822,1009,215,withdrawal,2023-09-14
8823,1011,592,transfer,2023-07-08
8824,1012,1476,transfer,2023-06-15
8825,1007,1686,withdrawal,2023-03-30
8826,1001,1279,withdrawal,2023-08-02
8827,1009,896,purchase,2023-10-13
8828,1017,1454,payment,2023-03-15
8829,1008,136,withdrawal,2023-06-26
8830,1020,1723,withdrawal,2023-06-07
8831,1011,1938,payment,2023-11-01
8832,1002,1081,purchase,2023-01-18
8833,1002,483,refund,2023-02-09
8834,1005,1698,refund,2023-05-24
8835,1012,1532,payment,2023-09-16
8836,1012,700,payment,2023-08-04
8837,1006,1468,withdrawal,2023-05-15
8838,1001,1293,refund,2023-09-22
8839,1001,421,payment,2023-11-06
8840,1019,244,purchase,2023-02-06
8841,1004,1032,withdrawal,2023-04-19
8842,1011,1444,withdrawal,2023-07-16
8843,1009,110,transfer,2023-03-14
8844,1007,1643,payment,2023-02-20
8845,1005,1335,payment,2023-03-25
8846,1007,1901,purchase,2023-05-23
8847,1010,376,payment,2023-11-17
8848,1017,336,payment,2023-02-22
8849,1008,514,withdrawal,2023-06-12
8850,1009,1133,withdrawal,2023-10-21
8851,1002,1185,withdrawal,2023-04-18
8852,1005,1622,purchase,2023-11-11
8853,1006,1713,purchase,2023-10-25
8854,1015,142,transfer,2023-09-09
8855,1015,1177,transfer,2023-01-16
8856,1009,904,transfer,2023-12-29
8857,1019,1916,withdrawal,2023-07-10
8858,1017,1394,purchase,2023-02-09
8859,1016,535,refund,2023-07-21
8860,1015,1957,refund,2023-11-26
8861,1004,1075,withdrawal,2023-12-27
8862,1016,1559,purchase,2023-10-28
8863,1020,301,payment,2023-10-06
8864,1007,1721,purchase,2023-12-02
8865,1008,1067,withdrawal,2023-11-26
8866,1011,1802,payment,2023-09-28
8867,1008,1781,purchase,2023-11-29
8868,1014,731,refund,2023-12-06
8869,1010,1859,transfer,2023-08-12
8870,1001,1470,purchase,2023-07-18
8871,1020,1950,payment,2023-06-21
8872,1014,1838,purchase,2023-09-24
8873,1011,799,withdrawal,2023-07-31
8874,1017,1149,refund,2023-04-11
8875,1015,954,transfer,2023-09-01
8876,1018,1223,purchase,2023-07-07
8877,1018,1783,transfer,2023-03-21
8878,1016,669,refund,2023-03-24
8879,1013,1028,transfer,2023-11-16
8880,1007,319,withdrawal,2023-03-22
8881,1019,1689,withdrawal,2023-02-13
8882,1008,963,refund,2023-08-24
8883,1011,259,transfer,2023-01-10
8884,1001,915,withdrawal,2023-04-29
8885,1017,120,refund,2023-08-09
8886,1013,955,transfer,2023-02-28
8887,1020,1157,refund,2023-07-19
8888,1013,1692,purchase,2023-03-08
8889,1013,644,payment,2023-01-20
8890,1019,1671,transfer,2023-03-03
8891,1013,1493,transfer,2023-10-21
8892,1008,1049,withdrawal,2023-07-07
8893,1012,1100,refund,2023-03-06
8894,1008,278,transfer,2023-08-10
8895,1006,322,purchase,2023-01-17
8896,1012,1879,transfer,2023-05-23
8897,1016,1312,withdrawal,2023-10-27
8898,1006,216,payment,2023-10-10
8899,1007,1624,withdrawal,2023-04-20
8900,1003,1284,payment,2023-01-25
8901,1017,1256,purchase,2023-12-20
8902,1010,1131,transfer,2023-11-18
8903,1001,727,transfer,2023-12-27
8904,1012,432,purchase,2023-10-04
8905,1016,1970,transfer,2023-10-30
8906,1020,357,transfer,2023-05-15
8907,1007,437,refund,2023-12-21
8908,1002,631,purchase,2023-03-25
8909,1016,1960,payment,2023-05-28
8910,1015,1922,payment,2023-08-03
8911,1011,755,refund,2023-11-04
8912,1016,1635,payment,2023-03-23
8913,1009,178,transfer,2023-03-04
8914,1010,1930,withdrawal,2023-01-07
8915,1006,1834,purchase,2023-12-06
8916,1009,1023,refund,2023-09-29
8917,1003,1468,purchase,2023-12-18
8918,1015,1070,transfer,2023-10-21
8919,1003,556,refund,2023-11-17
8920,1009,1661,payment,2023-11-27
8921,1014,526,withdrawal,2023-09-07
8922,1015,961,refund,2023-11-21
8923,1004,770,refund,2023-12-25
8924,1007,979,refund,2023-12-18
8925,1005,365,withdrawal,2023-12-11
8926,1015,703,payment,2023-01-05
8927,1019,135,transfer,2023-07-23
8928,1014,685,refund,2023-04-11
8929,1010,1047,transfer,2023-06-16
8930,1003,580,refund,2023-06-13
8931,1013,690,transfer,2023-06-19
8932,1005,949,refund,2023-06-25
8933,1008,1070,refund,2023-09-19
8934,1009,1469,transfer,2023-09-05
8935,1003,361,refund,2023-04-16
8936,1010,1761,payment,2023-01-27
8937,1019,1321,withdrawal,2023-07-07
8938,1008,722,withdrawal,2023-08-16
8939,1002,240,payment,2023-08-23
8940,1010,1866,transfer,2023-11-10
8941,1017,1649,payment,2023-12-31
8942,1002,1806,refund,2023-02-26
8943,1010,1378,withdrawal,2023-10-13
8944,1018,1009,payment,2023-12-17
8945,1018,1055,purchase,2023-02-12
8946,1014,676,purchase,2023-05-24
8947,1007,236,payment,2023-03-03
8948,1014,128,payment,2023-01-22
8949,1019,820,payment,2023-05-02
8950,1004,1228,purchase,2023-04-22
8951,1011,1188,transfer,2023-02-21
8952,1018,263,payment,2023-01-25
8953,1009,538,purchase,2023-03-24
8954,1012,1382,refund,2023-12-16
8955,1004,551,purchase,2023-11-03
8956,1019,1060,payment,2023-02-06
8957,1014,1270,withdrawal,2023-04-29
8958,1008,1549,refund,2023-07-22
8959,1010,567,transfer,2023-04-07
8960,1007,145,refund,2023-10-29
8961,1015,1511,payment,2023-09-22
8962,1010,119,transfer,2023-02-07
8963,1013,685,payment,2023-03-24
8964,1009,766,payment,2023-05-28
8965,1002,789,withdrawal,2023-11-21
8966,1003,1611,transfer,2023-07-05
8967,1010,1826,withdrawal,2023-07-24
8968,1012,1520,refund,2023-02-19
8969,1013,1935,transfer,2023-01-08
8970,1020,1440,purchase,2023-11-01
8971,1004,1858,refund,2023-01-04
8972,1019,274,payment,2023-05-11
8973,1011,1021,refund,2023-12-24
8974,1012,1593,transfer,2023-11-04
8975,1010,1103,payment,2023-08-17
8976,1002,953,payment,2023-10-24
8977,1015,1545,refund,2023-10-25
8978,1011,869,purchase,2023-08-19
8979,1002,851,transfer,2023-08-02
8980,1004,744,purchase,2023-02-04
8981,1003,652,withdrawal,2023-01-21
8982,1014,1155,transfer,2023-01-08
8983,1001,169,payment,2023-10-01
8984,1014,537,refund,2023-08-22
8985,1001,1591,purchase,2023-11-18
8986,1011,1830,refund,2023-06-15
8987,1004,1048,payment,2023-01-29
8988,1003,573,withdrawal,2023-04-14
8989,1008,1567,withdrawal,2023-09-07
8990,1011,1305,payment,2023-05-04
8991,1010,822,refund,2023-10-15
8992,1001,753,withdrawal,2023-12-11
8993,1020,1160,transfer,2023-12-24
8994,1009,973,withdrawal,2023-02-24
8995,1001,1526,refund,2023-06-30
8996,1014,586,withdrawal,2023-06-10
8997,1004,789,transfer,2023-10-22
8998,1015,208,purchase,2023-12-21
8999,1001,585,purchase,2023-07-02
9000,1014,1841,purchase,2023-05-20
9001,1008,868,refund,2023-07-27
9002,1002,756,refund,2023-01-19
9003,1015,788,transfer,2023-06-08
9004,1016,429,transfer,2023-08-22
9005,1007,964,withdrawal,2023-02-20
9006,1003,947,payment,2023-07-28
9007,1005,1647,purchase,2023-05-18
9008,1016,346,withdrawal,2023-12-20
9009,1009,314,payment,2023-02-07
9010,1013,1307,transfer,2023-10-24
9011,1016,1160,payment,2023-06-08
9012,1009,1081,withdrawal,2023-04-09
9013,1007,1102,withdrawal,2023-03-23
9014,1005,1303,payment,2023-04-17
9015,1009,1088,withdrawal,2023-10-20
9016,1014,772,payment,2023-03-29
9017,1012,348,payment,2023-07-09
9018,1010,1815,purchase,2023-06-25
9019,1013,1416,payment,2023-07-12
9020,1012,422,transfer,2023-12-28
9021,1015,945,refund,2023-06-08
9022,1019,212,withdrawal,2023-09-18
9023,1004,1646,payment,2023-04-18
9024,1020,1694,transfer,2023-02-18
9025,1002,1202,payment,2023-09-09
9026,1011,1176,transfer,2023-08-21
9027,1005,1908,payment,2023-05-02
9028,1011,793,purchase,2023-04-08
9029,1015,1300,payment,2023-12-04
9030,1013,917,transfer,2023-04-06
9031,1015,1651,payment,2023-01-14
9032,1007,654,withdrawal,2023-05-28
9033,1010,1180,purchase,2023-04-23
9034,1018,554,withdrawal,2023-04-23
9035,1003,496,refund,2023-05-07
9036,1005,1503,payment,2023-04-22
9037,1020,1284,withdrawal,2023-03-17
9038,1011,1652,refund,2023-03-19
9039,1013,1470,payment,2023-04-02
9040,1018,551,payment,2023-11-05
9041,1002,634,refund,2023-07-20
9042,1020,1321,transfer,2023-10-13
9043,1018,1118,transfer,2023-05-17
9044,1005,1017,withdrawal,2023-12-27
9045,1013,1403,refund,2023-03-21
9046,1014,1850,transfer,2023-05-01
9047,1013,1470,transfer,2023-12-10
9048,1010,1123,purchase,2023-08-07
9049,1012,856,payment,2023-11-02
9050,1006,675,payment,2023-10-29
9051,1004,904,transfer,2023-11-25
9052,1012,583,withdrawal,2023-03-02
9053,1005,1607,purchase,2023-09-08
9054,1017,666,withdrawal,2023-04-14
9055,1011,624,purchase,2023-05-04
9056,1010,284,withdrawal,2023-01-28
9057,1005,1196,refund,2023-05-20
9058,1012,266,withdrawal,2023-06-09
9059,1005,508,refund,2023-12-27
9060,1004,488,refund,2023-04-04
9061,1005,408,refund,2023-01-26
9062,1001,701,transfer,2023-09-25
9063,1002,1662,transfer,2023-12-21
9064,1001,1529,transfer,2023-05-15
9065,1005,854,transfer,2023-08-11
9066,1016,1433,refund,2023-09-08
9067,1002,1391,purchase,2023-10-01
9068,1003,385,withdrawal,2023-03-24
9069,1020,1062,payment,2023-07-20
9070,1019,1936,refund,2023-04-29
9071,1016,361,purchase,2023-08-29
9072,1018,119,payment,2023-09-24
9073,1012,1044,transfer,2023-05-15
9074,1016,304,refund,2023-11-22
9075,1011,1797,refund,2023-11-30
9076,1006,1839,purchase,2023-06-26
9077,1016,1561,payment,2023-05-23
9078,1017,116,withdrawal,2023-03-15
9079,1019,1791,transfer,2023-08-03
9080,1001,111,transfer,2023-08-03
9081,1018,1317,refund,2023-05-22
9082,1006,1661,purchase,2023-01-04
9083,1011,1816,withdrawal,2023-06-10
9084,1016,1573,transfer,2023-10-05
9085,1007,143,payment,2023-08-07
9086,1009,1291,transfer,2023-09-12
9087,1013,1298,withdrawal,2023-09-07
9088,1008,531,purchase,2023-03-06
9089,1015,1401,purchase,2023-04-01
9090,1007,858,purchase,2023-04-14
9091,1007,621,payment,2023-07-26
9092,1014,383,refund,2023-06-05
9093,1016,1924,purchase,2023-12-11
9094,1011,799,purchase,2023-08-18
9095,1009,1196,payment,2023-10-10
9096,1009,1533,transfer,2023-10-13
9097,1006,368,payment,2023-03-13
9098,1014,1849,withdrawal,2023-03-30
9099,1017,504,withdrawal,2023-12-22
9100,1020,545,refund,2023-09-18
9101,1014,464,payment,2023-01-29
9102,1012,815,purchase,2023-12-19
9103,1010,1743,transfer,2023-02-26
9104,1002,293,payment,2023-04-24
9105,1008,432,purchase,2023-12-15
9106,1011,1429,transfer,2023-05-10
9107,1002,288,refund,2023-09-14
9108,1010,764,refund,2023-05-20
9109,1011,1238,purchase,2023-02-10
9110,1015,1012,purchase,2023-02-27
9111,1005,1793,transfer,2023-11-03
9112,1007,1514,purchase,2023-12-09
9113,1010,128,withdrawal,2023-02-16
9114,1013,876,payment,2023-11-21
9115,1003,1851,refund,2023-10-18
9116,1016,564,purchase,2023-05-25
9117,1010,1294,purchase,2023-09-05
9118,1004,1100,payment,2023-08-12
9119,1006,1808,withdrawal,2023-12-29
9120,1018,1734,purchase,2023-03-08
9121,1001,934,withdrawal,2023-06-07
9122,1006,1065,payment,2023-04-05
9123,1017,257,refund,2023-05-01
9124,1010,402,payment,2023-03-12
9125,1017,782,transfer,2023-11-28
9126,1002,981,withdrawal,2023-11-19
9127,1004,101,purchase,2023-11-09
9128,1013,906,transfer,2023-06-29
9129,1008,1442,transfer,2023-11-04
9130,1002,771,purchase,2023-04-01
9131,1017,1279,withdrawal,2023-01-13
9132,1008,1401,purchase,2023-06-24
9133,1010,187,payment,2023-03-02
9134,1018,1476,payment,2023-02-14
9135,1009,130,withdrawal,2023-02-26
9136,1013,1892,withdrawal,2023-10-24
9137,1001,1102,purchase,2023-04-04
9138,1007,868,withdrawal,2023-08-07
9139,1011,570,payment,2023-02-17
9140,1014,1263,purchase,2023-01-17
9141,1007,293,purchase,2023-06-05
9142,1008,1513,withdrawal,2023-01-10
9143,1008,1916,payment,2023-01-19
9144,1002,633,transfer,2023-10-02
9145,1013,1847,payment,2023-09-21
9146,1019,158,refund,2023-05-03
9147,1020,1958,transfer,2023-05-19
9148,1011,1399,purchase,2023-03-27
9149,1008,933,withdrawal,2023-05-09
9150,1006,1873,transfer,2023-11-01
9151,1017,1105,refund,2023-06-24
9152,1005,406,purchase,2023-08-10
9153,1001,1406,refund,2023-04-09
9154,1002,307,payment,2023-05-01
9155,1017,1988,withdrawal,2023-12-14
9156,1008,234,refund,2023-11-12
9157,1016,1798,refund,2023-07-26
9158,1001,608,payment,2023-01-05
9159,1018,1305,purchase,2023-11-24
9160,1016,715,payment,2023-02-09
9161,1015,833,withdrawal,2023-02-13
9162,1009,847,withdrawal,2023-05-22
9163,1006,1862,transfer,2023-08-13
9164,1014,1652,payment,2023-07-18
9165,1016,1811,payment,2023-11-22
9166,1015,1957,transfer,2023-09-30
9167,1002,1654,withdrawal,2023-12-18
9168,1020,1583,transfer,2023-07-12
9169,1016,1612,withdrawal,2023-01-14
9170,1013,1527,refund,2023-01-10
9171,1011,1907,refund,2023-12-28
9172,1020,742,purchase,2023-11-29
9173,1010,1565,withdrawal,2023-08-02
9174,1017,246,payment,2023-06-26
9175,1003,1039,purchase,2023-10-06
9176,1008,1456,withdrawal,2023-06-26
9177,1017,172,purchase,2023-03-05
9178,1009,1166,withdrawal,2023-12-26
9179,1004,1346,withdrawal,2023-12-22
9180,1004,1305,withdrawal,2023-07-17
9181,1013,1931,withdrawal,2023-02-28
9182,1011,880,refund,2023-05-02
9183,1005,310,withdrawal,2023-07-28
9184,1012,1442,payment,2023-07-10
9185,1012,193,refund,2023-03-27
9186,1008,1235,transfer,2023-10-16
9187,1003,168,transfer,2023-01-04
9188,1007,1758,purchase,2023-12-17
9189,1013,1555,refund,2023-11-28
9190,1020,1977,payment,2023-03-29
9191,1015,349,refund,2023-10-17
9192,1004,209,refund,2023-07-03
9193,1020,1677,withdrawal,2023-03-28
9194,1005,319,payment,2023-07-25
9195,1019,688,payment,2023-03-01
9196,1017,1778,purchase,2023-04-11
9197,1017,610,purchase,2023-11-22
9198,1002,805,refund,2023-02-28
9199,1012,1717,withdrawal,2023-05-04
9200,1012,555,purchase,2023-10-11
9201,1012,1098,transfer,2023-03-22
9202,1013,245,withdrawal,2023-11-17
9203,1006,576,transfer,2023-12-21
9204,1011,362,purchase,2023-07-25
9205,1014,1470,transfer,2023-09-24
9206,1017,1071,payment,2023-06-24
9207,1015,107,withdrawal,2023-01-28
9208,1002,1912,transfer,2023-10-03
9209,1009,1327,refund,2023-12-27
9210,1015,211,withdrawal,2023-01-02
9211,1008,349,withdrawal,2023-10-10
9212,1008,1631,payment,2023-04-22
9213,1017,708,withdrawal,2023-04-28
9214,1009,112,refund,2023-01-01
9215,1009,1758,refund,2023-06-29
9216,1005,1411,purchase,2023-04-17
9217,1018,399,payment,2023-10-15
9218,1009,450,transfer,2023-01-25
9219,1011,970,withdrawal,2023-09-12
9220,1018,1948,refund,2023-04-15
9221,1014,1005,purchase,2023-02-27
9222,1003,1786,payment,2023-10-25
9223,1003,207,refund,2023-06-15
9224,1004,817,withdrawal,2023-08-14
9225,1006,1542,transfer,2023-12-01
9226,1017,1049,payment,2023-04-09
9227,1011,1843,purchase,2023-11-21
9228,1012,1805,payment,2023-01-07
9229,1006,1259,payment,2023-04-19
9230,1010,1829,withdrawal,2023-06-19
9231,1011,318,transfer,2023-08-02
9232,1006,1239,transfer,2023-11-26
9233,1011,1383,withdrawal,2023-03-03
9234,1010,750,refund,2023-09-25
9235,1003,157,withdrawal,2023-01-22
9236,1004,693,refund,2023-12-01
9237,1016,1228,refund,2023-09-25
9238,1015,1532,purchase,2023-12-02
9239,1006,1957,payment,2023-08-02
9240,1001,578,transfer,2023-05-25
9241,1004,1279,transfer,2023-01-19
9242,1004,1426,payment,2023-11-29
9243,1013,1370,refund,2023-04-30
9244,1016,786,withdrawal,2023-02-20
9245,1002,780,payment,2023-04-22
9246,1014,364,withdrawal,2023-09-13
9247,1002,264,refund,2023-03-18
9248,1016,328,payment,2023-05-28
9249,1004,468,purchase,2023-02-11
9250,1005,395,payment,2023-03-10
9251,1020,1519,payment,2023-04-09
9252,1006,286,withdrawal,2023-05-11
9253,1013,812,transfer,2023-11-13
9254,1009,1162,payment,2023-05-13
9255,1008,1401,transfer,2023-04-23
9256,1013,551,payment,2023-05-30
9257,1016,1654,purchase,2023-12-13
9258,1017,579,withdrawal,2023-11-15
9259,1009,1015,refund,2023-09-15
9260,1002,1333,refund,2023-01-20
9261,1010,1115,withdrawal,2023-10-30
9262,1017,1091,withdrawal,2023-08-07
9263,1012,987,withdrawal,2023-10-05
9264,1006,1704,payment,2023-12-25
9265,1005,1260,transfer,2023-09-20
9266,1002,724,refund,2023-09-06
9267,1007,407,refund,2023-08-12
9268,1004,122,refund,2023-04-22
9269,1004,691,payment,2023-02-01
9270,1009,1418,transfer,2023-05-15
9271,1002,632,purchase,2023-04-05
9272,1006,1038,transfer,2023-04-07
9273,1017,1863,withdrawal,2023-01-03
9274,1002,332,payment,2023-08-18
9275,1014,699,refund,2023-09-17
9276,1004,1469,withdrawal,2023-01-22
9277,1014,1719,payment,2023-08-25
9278,1007,1999,withdrawal,2023-06-09
9279,1006,1578,payment,2023-12-14
9280,1008,1285,refund,2023-01-24
9281,1010,813,withdrawal,2023-06-12
9282,1012,1899,transfer,2023-01-07
9283,1002,146,withdrawal,2023-06-23
9284,1014,1027,payment,2023-12-20
9285,1008,275,refund,2023-05-01
9286,1010,1977,payment,2023-09-25
9287,1015,877,payment,2023-06-20
9288,1001,244,transfer,2023-07-26
9289,1009,685,withdrawal,2023-04-29
9290,1018,1572,purchase,2023-07-13
9291,1005,158,refund,2023-03-27
9292,1004,146,payment,2023-08-17
9293,1015,1559,payment,2023-09-10
9294,1003,800,payment,2023-06-23
9295,1002,428,transfer,2023-02-09
9296,1020,762,payment,2023-02-28
9297,1015,1664,transfer,2023-04-23
9298,1008,1073,refund,2023-08-21
9299,1014,1839,refund,2023-07-05
9300,1001,802,refund,2023-07-01
9301,1017,433,withdrawal,2023-12-13
9302,1003,1395,purchase,2023-03-19
9303,1008,1634,withdrawal,2023-11-21
9304,1019,1824,refund,2023-03-22
9305,1004,1005,refund,2023-08-24
9306,1008,893,payment,2023-04-09
9307,1011,1366,withdrawal,2023-02-05
9308,1020,1832,withdrawal,2023-05-24
9309,1019,1300,payment,2023-08-24
9310,1016,440,refund,2023-10-11
9311,1001,525,refund,2023-03-20
9312,1020,1739,refund,2023-03-29
9313,1010,900,payment,2023-09-05
9314,1015,433,refund,2023-09-09
9315,1013,1016,payment,2023-05-15
9316,1004,1435,transfer,2023-07-27
9317,1009,534,transfer,2023-02-15
9318,1012,438,refund,2023-11-17
9319,1005,246,purchase,2023-08-23
9320,1018,1235,refund,2023-04-04
9321,1010,858,payment,2023-04-08
9322,1006,642,withdrawal,2023-09-11
9323,1012,357,withdrawal,2023-08-13
9324,1015,1106,purchase,2023-05-28
9325,1020,315,refund,2023-05-02
9326,1012,1404,purchase,2023-01-01
9327,1004,1348,refund,2023-02-13
9328,1004,1417,transfer,2023-10-19
9329,1018,1938,refund,2023-07-28
9330,1001,677,purchase,2023-12-09
9331,1010,1791,payment,2023-09-06
9332,1005,1673,payment,2023-03-07
9333,1010,940,payment,2023-04-27
9334,1018,1577,withdrawal,2023-08-17
9335,1019,1371,withdrawal,2023-09-23
9336,1010,600,refund,2023-07-26
9337,1018,174,transfer,2023-04-29
9338,1001,1974,refund,2023-10-07
9339,1012,220,payment,2023-11-21
9340,1004,147,transfer,2023-05-08
9341,1005,1535,transfer,2023-10-25
9342,1011,381,transfer,2023-08-28
9343,1001,578,withdrawal,2023-05-15
9344,1011,1660,refund,2023-09-16
9345,1010,194,transfer,2023-06-07
9346,1008,683,withdrawal,2023-09-04
9347,1012,1015,transfer,2023-04-05
9348,1006,607,payment,2023-12-20
9349,1002,1404,refund,2023-07-13
9350,1014,1205,purchase,2023-11-30
9351,1013,1488,transfer,2023-07-02
9352,1010,544,withdrawal,2023-07-13
9353,1012,281,withdrawal,2023-01-05
9354,1015,305,transfer,2023-03-21
9355,1008,1572,payment,2023-12-16
9356,1018,388,purchase,2023-04-04
9357,1006,1275,transfer,2023-11-10
9358,1011,771,transfer,2023-12-19
9359,1003,972,transfer,2023-09-17
9360,1011,1231,refund,2023-01-27
9361,1020,1619,payment,2023-08-18
9362,1009,1000,refund,2023-05-15
9363,1012,1021,transfer,2023-07-30
9364,1015,1621,payment,2023-03-06
9365,1007,557,withdrawal,2023-06-07
9366,1007,1370,transfer,2023-10-15
9367,1014,1414,withdrawal,2023-05-09
9368,1011,1034,purchase,2023-01-27
9369,1015,670,transfer,2023-02-24
9370,1008,1220,refund,2023-03-25
9371,1010,1677,transfer,2023-07-16
9372,1006,1130,refund,2023-05-07
9373,1020,1954,withdrawal,2023-08-25
9374,1018,602,transfer,2023-01-10
9375,1020,604,refund,2023-09-05
9376,1017,528,purchase,2023-06-14
9377,1005,1376,refund,2023-01-19
9378,1019,935,refund,2023-05-09
9379,1005,939,purchase,2023-06-10
9380,1011,490,purchase,2023-07-08
9381,1008,487,refund,2023-06-30
9382,1010,1693,refund,2023-03-17
9383,1005,846,purchase,2023-02-07
9384,1004,1087,withdrawal,2023-09-26
9385,1002,1403,purchase,2023-07-28
9386,1009,1619,withdrawal,2023-11-08
9387,1019,925,withdrawal,2023-08-15
9388,1005,937,purchase,2023-03-07
9389,1012,355,refund,2023-11-18
9390,1006,770,withdrawal,2023-04-17
9391,1007,642,refund,2023-06-28
9392,1012,171,refund,2023-09-17
9393,1002,1142,refund,2023-04-11
9394,1013,395,withdrawal,2023-05-22
9395,1002,988,refund,2023-10-31
9396,1013,1710,refund,2023-04-22
9397,1009,1433,withdrawal,2023-09-08
9398,1016,1523,purchase,2023-04-21
9399,1008,825,purchase,2023-02-01
9400,1013,373,purchase,2023-07-01
9401,1010,1498,purchase,2023-09-27
9402,1019,1205,purchase,2023-08-18
9403,1012,136,payment,2023-01-26
9404,1006,674,payment,2023-04-29
9405,1011,846,purchase,2023-07-20
9406,1002,1013,payment,2023-09-11
9407,1016,1981,refund,2023-12-05
9408,1013,358,payment,2023-07-22
9409,1008,1863,refund,2023-11-02
9410,1009,1351,withdrawal,2023-06-17
9411,1016,888,transfer,2023-03-10
9412,1001,769,transfer,2023-04-25
9413,1019,1786,withdrawal,2023-03-24
9414,1010,493,payment,2023-08-24
9415,1018,343,transfer,2023-10-03
9416,1013,1733,payment,2023-01-15
9417,1009,1021,payment,2023-03-02
9418,1015,517,payment,2023-10-20
9419,1018,458,withdrawal,2023-12-27
9420,1019,1132,payment,2023-11-11
9421,1014,436,refund,2023-07-30
9422,1018,1025,refund,2023-05-05
9423,1008,1185,purchase,2023-04-22
9424,1005,554,payment,2023-12-31
9425,1014,109,payment,2023-07-23
9426,1007,340,withdrawal,2023-06-15
9427,1020,287,payment,2023-10-06
9428,1010,1714,payment,2023-01-17
9429,1012,878,payment,2023-08-16
9430,1011,1514,withdrawal,2023-02-27
9431,1001,1429,purchase,2023-02-06
9432,1020,145,payment,2023-02-15
9433,1019,960,withdrawal,2023-05-13
9434,1010,1625,withdrawal,2023-11-27
9435,1008,1024,purchase,2023-02-03
9436,1005,1555,payment,2023-02-23
9437,1003,1290,purchase,2023-05-14
9438,1005,1680,payment,2023-11-14
9439,1010,1871,withdrawal,2023-10-04
9440,1002,1426,refund,2023-04-07
9441,1009,1966,withdrawal,2023-05-18
9442,1019,666,payment,2023-02-20
9443,1005,790,withdrawal,2023-12-06
9444,1001,1572,withdrawal,2023-05-08
9445,1011,1990,withdrawal,2023-08-27
9446,1002,1460,payment,2023-10-10
9447,1019,1862,payment,2023-04-12
9448,1013,913,purchase,2023-09-29
9449,1019,1122,payment,2023-10-11
9450,1010,1640,withdrawal,2023-08-19
9451,1018,1898,payment,2023-06-06
9452,1005,929,withdrawal,2023-10-26
9453,1004,1944,purchase,2023-09-19
9454,1006,1701,payment,2023-08-12
9455,1016,1222,refund,2023-06-30
9456,1020,1088,refund,2023-11-27
9457,1005,845,withdrawal,2023-11-07
9458,1003,1194,refund,2023-05-16
9459,1019,1195,refund,2023-07-25
9460,1010,380,purchase,2023-01-24
9461,1006,321,payment,2023-10-31
9462,1005,1758,refund,2023-11-27
9463,1007,909,transfer,2023-01-18
9464,1011,247,transfer,2023-03-23
9465,1007,1534,refund,2023-03-06
9466,1011,1846,refund,2023-08-22
9467,1014,1889,withdrawal,2023-12-12
9468,1003,648,transfer,2023-03-04
9469,1005,1499,transfer,2023-10-12
9470,1011,839,purchase,2023-06-27
9471,1011,1964,payment,2023-04-02
9472,1012,1808,purchase,2023-12-16
9473,1011,462,payment,2023-04-20
9474,1013,413,refund,2023-01-24
9475,1004,1200,refund,2023-03-28
9476,1017,1781,payment,2023-05-31
9477,1005,1930,payment,2023-01-10
9478,1016,761,payment,2023-05-04
9479,1004,206,payment,2023-09-11
9480,1010,544,purchase,2023-04-08
9481,1003,1605,payment,2023-11-11
9482,1013,1853,transfer,2023-06-29
9483,1006,334,refund,2023-10-15
9484,1015,1049,transfer,2023-07-09
9485,1008,1438,withdrawal,2023-01-22
9486,1009,1233,transfer,2023-04-20
9487,1004,592,payment,2023-03-07
9488,1016,1107,withdrawal,2023-10-07
9489,1019,1552,purchase,2023-12-01
9490,1010,1324,payment,2023-07-08
9491,1004,1868,transfer,2023-08-12
9492,1019,1887,payment,2023-08-18
9493,1011,1335,purchase,2023-01-24
9494,1010,109,transfer,2023-10-09
9495,1010,625,refund,2023-07-01
9496,1008,1043,purchase,2023-02-10
9497,1007,943,withdrawal,2023-12-05
9498,1011,241,withdrawal,2023-03-31
9499,1018,1231,payment,2023-03-02
9500,1012,345,refund,2023-10-21
9501,1011,522,payment,2023-06-22
9502,1017,1607,payment,2023-05-21
9503,1008,1616,payment,2023-03-26
9504,1011,1419,purchase,2023-06-14
9505,1005,1340,purchase,2023-05-23
9506,1011,1292,withdrawal,2023-03-25
9507,1018,678,payment,2023-06-06
9508,1020,1623,withdrawal,2023-06-14
9509,1012,292,refund,2023-05-19
9510,1020,467,transfer,2023-12-30
9511,1013,1345,payment,2023-08-13
9512,1016,1922,refund,2023-11-08
9513,1003,518,transfer,2023-06-26
9514,1018,422,purchase,2023-04-16
9515,1004,1353,refund,2023-02-15
9516,1020,1786,refund,2023-02-09
9517,1018,287,refund,2023-04-20
9518,1003,926,withdrawal,2023-03-27
9519,1020,143,payment,2023-12-16
9520,1001,1288,transfer,2023-07-25
9521,1009,1691,transfer,2023-04-30
9522,1009,1518,refund,2023-12-30
9523,1018,1376,purchase,2023-04-09
9524,1019,858,purchase,2023-02-09
9525,1007,1267,payment,2023-04-03
9526,1009,369,transfer,2023-01-05
9527,1017,1961,refund,2023-08-31
9528,1016,1246,withdrawal,2023-11-10
9529,1006,1192,transfer,2023-08-16
9530,1007,1617,refund,2023-12-12
9531,1013,982,purchase,2023-11-25
9532,1001,1586,withdrawal,2023-05-30
9533,1019,937,refund,2023-09-04
9534,1005,1696,transfer,2023-12-01
9535,1002,1680,refund,2023-07-17
9536,1016,383,payment,2023-12-05
9537,1006,1140,transfer,2023-06-14
9538,1017,1501,payment,2023-10-16
9539,1002,666,refund,2023-12-22
9540,1010,1082,payment,2023-05-20
9541,1015,1080,transfer,2023-10-28
9542,1005,1381,transfer,2023-09-23
9543,1009,642,refund,2023-01-24
9544,1015,475,purchase,2023-04-03
9545,1017,594,withdrawal,2023-03-16
9546,1007,509,refund,2023-07-21
9547,1009,251,refund,2023-03-02
9548,1013,1327,refund,2023-07-07
9549,1001,1648,transfer,2023-05-18
9550,1001,1460,transfer,2023-05-24
9551,1016,965,payment,2023-09-06
9552,1015,1253,withdrawal,2023-10-27
9553,1012,1236,payment,2023-04-05
9554,1011,1861,withdrawal,2023-06-18
9555,1005,1348,withdrawal,2023-11-11
9556,1008,639,purchase,2023-05-02
9557,1006,1414,purchase,2023-04-12
9558,1001,265,payment,2023-01-07
9559,1008,370,withdrawal,2023-08-29
9560,1012,1650,purchase,2023-07-31
9561,1013,263,purchase,2023-03-18
9562,1004,1969,withdrawal,2023-12-19
9563,1011,1230,transfer,2023-08-04
9564,1016,748,withdrawal,2023-12-17
9565,1016,1607,refund,2023-03-24
9566,1010,1441,withdrawal,2023-08-20
9567,1018,780,refund,2023-08-03
9568,1001,125,withdrawal,2023-12-25
9569,1012,921,transfer,2023-07-17
9570,1006,545,transfer,2023-10-02
9571,1006,566,purchase,2023-08-01
9572,1015,1975,transfer,2023-02-12
9573,1013,1454,payment,2023-03-14
9574,1014,1463,payment,2023-03-16
9575,1001,575,transfer,2023-05-19
9576,1004,1675,payment,2023-06-24
9577,1020,460,payment,2023-01-13
9578,1008,1188,payment,2023-03-20
9579,1012,1175,transfer,2023-12-24
9580,1012,1088,withdrawal,2023-03-21
9581,1019,1978,transfer,2023-08-27
9582,1001,789,purchase,2023-01-04
9583,1013,536,purchase,2023-02-15
9584,1016,238,purchase,2023-08-15
9585,1003,1764,transfer,2023-08-23
9586,1003,595,withdrawal,2023-05-28
9587,1009,1206,purchase,2023-09-09
9588,1002,1589,payment,2023-06-27
9589,1010,667,transfer,2023-12-12
9590,1012,641,withdrawal,2023-03-05
9591,1007,1450,purchase,2023-07-15
9592,1001,672,purchase,2023-03-24
9593,1017,596,transfer,2023-02-02
9594,1002,1936,purchase,2023-05-22
9595,1007,373,refund,2023-02-23
9596,1002,1655,refund,2023-10-04
9597,1001,736,refund,2023-04-16
9598,1007,701,refund,2023-08-16
9599,1015,636,refund,2023-07-31
9600,1016,114,transfer,2023-09-24
9601,1012,343,refund,2023-06-26
9602,1005,613,withdrawal,2023-11-06
9603,1008,812,purchase,2023-07-14
9604,1011,1310,payment,2023-03-24
9605,1009,437,transfer,2023-02-08
9606,1001,113,withdrawal,2023-08-22
9607,1014,1158,payment,2023-02-24
9608,1008,884,payment,2023-06-11
9609,1016,1661,refund,2023-03-20
9610,1016,524,refund,2023-04-25
9611,1016,1870,withdrawal,2023-05-09
9612,1020,188,withdrawal,2023-11-01
9613,1009,1379,transfer,2023-09-29
9614,1004,705,withdrawal,2023-01-25
9615,1004,151,withdrawal,2023-02-04
9616,1013,1631,withdrawal,2023-06-10
9617,1011,1517,withdrawal,2023-07-15
9618,1019,1409,refund,2023-07-14
9619,1004,1152,purchase,2023-11-25
9620,1014,359,transfer,2023-02-02
9621,1020,1456,withdrawal,2023-10-13
9622,1005,265,transfer,2023-09-23
9623,1011,1622,withdrawal,2023-01-22
9624,1018,1686,purchase,2023-05-13
9625,1007,1036,refund,2023-07-31
9626,1010,339,purchase,2023-04-23
9627,1004,1067,withdrawal,2023-11-09
9628,1005,660,withdrawal,2023-11-24
9629,1016,507,refund,2023-08-21
9630,1012,1333,withdrawal,2023-05-11
9631,1018,1583,refund,2023-03-11
9632,1018,1257,purchase,2023-11-10
9633,1011,628,purchase,2023-01-04
9634,1002,1937,refund,2023-05-27
9635,1013,755,payment,2023-10-13
9636,1007,934,transfer,2023-05-28
9637,1009,987,transfer,2023-06-19
9638,1017,372,transfer,2023-10-13
9639,1004,1616,withdrawal,2023-09-13
9640,1007,1018,purchase,2023-05-21
9641,1007,172,withdrawal,2023-07-17
9642,1016,201,transfer,2023-05-10
9643,1011,1163,transfer,2023-11-06
9644,1010,662,payment,2023-09-25
9645,1011,188,purchase,2023-07-15
9646,1015,471,transfer,2023-03-17
9647,1001,411,refund,2023-10-23
9648,1019,1141,payment,2023-08-07
9649,1008,1442,withdrawal,2023-12-15
9650,1003,1217,purchase,2023-02-08
9651,1007,1809,purchase,2023-04-07
9652,1014,1184,withdrawal,2023-04-03
9653,1012,640,purchase,2023-07-29
9654,1004,274,payment,2023-06-26
9655,1010,1128,payment,2023-07-27
9656,1019,718,refund,2023-03-19
9657,1012,1680,refund,2023-06-04
9658,1018,702,purchase,2023-11-17
9659,1007,1103,purchase,2023-08-21
9660,1014,1833,purchase,2023-02-12
9661,1007,1798,transfer,2023-11-19
9662,1015,1684,payment,2023-01-11
9663,1013,940,purchase,2023-01-02
9664,1014,621,transfer,2023-09-23
9665,1007,1193,refund,2023-01-10
9666,1007,1884,withdrawal,2023-05-26
9667,1020,1648,refund,2023-12-03
9668,1012,1887,withdrawal,2023-01-28
9669,1010,799,purchase,2023-06-27
9670,1008,689,withdrawal,2023-05-04
9671,1007,1026,payment,2023-10-25
9672,1007,987,purchase,2023-03-07
9673,1005,1806,withdrawal,2023-10-01
9674,1015,1011,withdrawal,2023-09-15
9675,1015,1140,transfer,2023-07-05
9676,1008,1864,payment,2023-08-29
9677,1005,1745,refund,2023-07-18
9678,1017,1492,withdrawal,2023-08-04
9679,1008,1147,purchase,2023-05-16
9680,1020,1491,refund,2023-12-25
9681,1011,1982,payment,2023-07-11
9682,1014,1720,purchase,2023-03-01
9683,1015,1143,refund,2023-04-11
9684,1005,1178,withdrawal,2023-11-26
9685,1007,1386,withdrawal,2023-05-08
9686,1013,608,payment,2023-02-27
9687,1015,1441,purchase,2023-11-23
9688,1017,833,transfer,2023-11-09
9689,1004,1029,payment,2023-12-17
9690,1004,1706,payment,2023-11-29
9691,1010,315,transfer,2023-03-23
9692,1009,543,payment,2023-02-16
9693,1005,1422,withdrawal,2023-03-19
9694,1020,1768,transfer,2023-06-16
9695,1012,1657,purchase,2023-02-16
9696,1015,1413,withdrawal,2023-02-09
9697,1004,202,payment,2023-01-07
9698,1008,1641,withdrawal,2023-04-26
9699,1012,893,transfer,2023-07-14
9700,1018,1082,transfer,2023-10-30
9701,1014,963,purchase,2023-04-02
9702,1016,1854,transfer,2023-03-31
9703,1011,1005,purchase,2023-06-04
9704,1004,1246,payment,2023-01-25
9705,1009,1383,transfer,2023-07-30
9706,1013,1439,withdrawal,2023-08-19
9707,1017,980,transfer,2023-03-07
9708,1002,931,payment,2023-04-30
9709,1014,1691,transfer,2023-06-04
9710,1012,288,refund,2023-06-14
9711,1020,889,withdrawal,2023-08-25
9712,1012,674,transfer,2023-08-26
9713,1006,1056,payment,2023-04-13
9714,1020,1540,refund,2023-04-26
9715,1003,386,payment,2023-07-13
9716,1012,177,purchase,2023-07-23
9717,1012,968,purchase,2023-07-11
9718,1001,509,refund,2023-05-09
9719,1004,133,purchase,2023-08-26
9720,1001,929,refund,2023-08-17
9721,1011,240,purchase,2023-12-23
9722,1020,1621,refund,2023-01-25
9723,1010,1283,refund,2023-08-01
9724,1016,747,transfer,2023-11-04
9725,1012,855,payment,2023-12-30
9726,1005,1089,withdrawal,2023-05-23
9727,1019,1766,transfer,2023-09-19
9728,1002,1828,purchase,2023-02-14
9729,1013,638,payment,2023-03-06
9730,1011,1114,transfer,2023-06-03
9731,1017,1265,withdrawal,2023-02-10
9732,1005,796,purchase,2023-06-15
9733,1013,418,refund,2023-01-18
9734,1004,971,withdrawal,2023-10-17
9735,1015,909,withdrawal,2023-09-11
9736,1020,645,payment,2023-06-25
9737,1009,1509,refund,2023-07-06
9738,1016,1738,purchase,2023-04-15
9739,1020,1497,refund,2023-04-20
9740,1010,665,transfer,2023-07-14
9741,1006,625,purchase,2023-05-07
9742,1005,1424,purchase,2023-03-10
9743,1006,1255,refund,2023-03-22
9744,1013,444,transfer,2023-08-10
9745,1016,1563,payment,2023-07-16
9746,1003,1919,withdrawal,2023-04-02
9747,1014,370,withdrawal,2023-11-05
9748,1019,935,refund,2023-06-22
9749,1019,181,purchase,2023-04-15
9750,1016,1107,transfer,2023-05-05
9751,1001,303,transfer,2023-01-04
9752,1005,1722,purchase,2023-10-29
9753,1003,1564,transfer,2023-01-06
9754,1006,1023,payment,2023-12-28
9755,1018,1416,withdrawal,2023-06-29
9756,1001,1750,payment,2023-06-08
9757,1013,1026,payment,2023-03-12
9758,1014,579,withdrawal,2023-07-09
9759,1005,187,refund,2023-03-04
9760,1005,243,transfer,2023-08-29
9761,1006,1407,refund,2023-12-20
9762,1014,434,withdrawal,2023-03-25
9763,1003,1993,payment,2023-05-18
9764,1017,1079,payment,2023-09-05
9765,1011,1259,withdrawal,2023-01-19
9766,1013,640,transfer,2023-11-27
9767,1003,1482,transfer,2023-07-10
9768,1010,1961,refund,2023-03-05
9769,1017,1859,purchase,2023-06-21
9770,1013,1489,payment,2023-11-02
9771,1013,1943,withdrawal,2023-06-13
9772,1002,313,payment,2023-07-14
9773,1006,1855,refund,2023-10-24
9774,1011,487,transfer,2023-10-30
9775,1006,1717,refund,2023-03-01
9776,1011,175,refund,2023-05-13
9777,1004,384,withdrawal,2023-02-18
9778,1002,1983,withdrawal,2023-12-25
9779,1012,163,withdrawal,2023-09-30
9780,1010,170,withdrawal,2023-06-17
9781,1004,1879,transfer,2023-01-31
9782,1001,225,purchase,2023-04-18
9783,1016,288,refund,2023-07-04
9784,1016,349,purchase,2023-07-25
9785,1004,676,purchase,2023-07-07
9786,1011,1239,transfer,2023-06-28
9787,1003,738,payment,2023-08-14
9788,1001,1102,payment,2023-12-08
9789,1001,1809,withdrawal,2023-03-22
9790,1009,1093,payment,2023-01-08
9791,1003,1230,transfer,2023-05-02
9792,1010,1328,purchase,2023-11-24
9793,1011,1503,transfer,2023-07-18
9794,1003,1263,payment,2023-08-23
9795,1009,735,transfer,2023-09-08
9796,1017,554,transfer,2023-12-13
9797,1001,310,withdrawal,2023-12-24
9798,1014,871,refund,2023-05-28
9799,1010,903,refund,2023-07-08
9800,1005,1996,withdrawal,2023-08-04
9801,1005,1275,payment,2023-06-10
9802,1013,1363,transfer,2023-01-23
9803,1016,263,withdrawal,2023-03-20
9804,1014,1276,withdrawal,2023-02-15
9805,1001,1185,purchase,2023-04-09
9806,1004,1549,withdrawal,2023-09-26
9807,1007,1368,purchase,2023-03-17
9808,1002,1776,refund,2023-04-21
9809,1013,172,purchase,2023-04-26
9810,1005,1160,transfer,2023-02-09
9811,1004,944,purchase,2023-01-13
9812,1014,180,transfer,2023-12-03
9813,1012,1930,transfer,2023-03-24
9814,1014,470,purchase,2023-08-19
9815,1001,622,purchase,2023-09-13
9816,1006,830,transfer,2023-07-18
9817,1008,1148,withdrawal,2023-09-22
9818,1010,1922,payment,2023-03-03
9819,1018,1458,withdrawal,2023-05-08
9820,1009,1913,payment,2023-12-02
9821,1010,1993,transfer,2023-05-17
9822,1015,1308,transfer,2023-11-18
9823,1014,1757,purchase,2023-02-06
9824,1009,454,payment,2023-09-07
9825,1007,936,transfer,2023-08-07
9826,1018,1034,transfer,2023-02-04
9827,1001,1800,refund,2023-08-06
9828,1010,1586,purchase,2023-04-24
9829,1003,1055,withdrawal,2023-08-17
9830,1019,1777,transfer,2023-08-13
9831,1012,1156,withdrawal,2023-05-23
9832,1014,695,purchase,2023-08-02
9833,1001,1830,transfer,2023-06-20
9834,1003,1880,refund,2023-06-27
9835,1002,1966,withdrawal,2023-11-02
9836,1002,350,payment,2023-12-15
9837,1016,586,purchase,2023-11-27
9838,1001,785,transfer,2023-09-26
9839,1002,839,withdrawal,2023-02-19
9840,1019,955,payment,2023-09-04
9841,1004,890,payment,2023-01-26
9842,1002,104,purchase,2023-12-10
9843,1015,1336,refund,2023-06-09
9844,1009,179,purchase,2023-09-25
9845,1003,1322,payment,2023-04-27
9846,1006,782,withdrawal,2023-06-08
9847,1003,1978,withdrawal,2023-03-29
9848,1007,450,transfer,2023-04-27
9849,1003,412,payment,2023-08-14
9850,1009,839,purchase,2023-07-30
9851,1019,1675,refund,2023-04-13
9852,1020,1893,refund,2023-03-18
9853,1003,326,transfer,2023-02-11
9854,1008,1878,withdrawal,2023-11-20
9855,1002,643,refund,2023-01-28
9856,1020,1785,purchase,2023-05-03
9857,1015,886,payment,2023-11-29
9858,1019,1464,transfer,2023-06-21
9859,1004,546,purchase,2023-10-03
9860,1007,574,refund,2023-06-16
9861,1018,379,transfer,2023-03-07
9862,1015,600,transfer,2023-12-31
9863,1004,545,transfer,2023-06-28
9864,1020,1599,withdrawal,2023-11-15
9865,1009,162,refund,2023-02-03
9866,1008,207,withdrawal,2023-11-10
9867,1013,463,payment,2023-05-03
9868,1007,1160,refund,2023-05-31
9869,1019,412,transfer,2023-04-21
9870,1009,1225,withdrawal,2023-08-23
9871,1019,1901,payment,2023-02-15
9872,1010,1199,transfer,2023-02-23
9873,1019,1950,refund,2023-08-04
9874,1015,1912,purchase,2023-05-06
9875,1001,1865,withdrawal,2023-07-01
9876,1004,1692,transfer,2023-01-24
9877,1005,477,transfer,2023-11-17
9878,1017,1577,refund,2023-04-09
9879,1019,1201,transfer,2023-08-18
9880,1007,664,transfer,2023-03-07
9881,1010,1201,withdrawal,2023-03-06
9882,1009,1026,withdrawal,2023-11-02
9883,1006,914,purchase,2023-04-20
9884,1008,1857,payment,2023-06-11
9885,1004,1858,payment,2023-02-24
9886,1005,1846,withdrawal,2023-08-28
9887,1019,144,purchase,2023-07-24
9888,1019,1037,payment,2023-06-20
9889,1005,1580,payment,2023-12-15
9890,1015,1962,purchase,2023-05-09
9891,1005,1157,withdrawal,2023-02-13
9892,1005,1272,transfer,2023-08-18
9893,1009,580,withdrawal,2023-09-03
9894,1015,749,purchase,2023-01-17
9895,1008,711,payment,2023-06-18
9896,1016,408,transfer,2023-07-07
9897,1017,1449,payment,2023-05-03
9898,1019,662,payment,2023-05-06
9899,1019,1365,refund,2023-08-24
9900,1001,693,payment,2023-03-31
9901,1002,248,refund,2023-01-10
9902,1015,1853,purchase,2023-03-15
9903,1005,746,purchase,2023-03-11
9904,1006,870,purchase,2023-06-16
9905,1009,1831,purchase,2023-11-10
9906,1010,157,transfer,2023-02-05
9907,1007,1502,refund,2023-02-21
9908,1007,1734,payment,2023-06-27
9909,1004,1606,payment,2023-05-14
9910,1003,1314,payment,2023-05-12
9911,1001,810,payment,2023-07-17
9912,1015,661,purchase,2023-08-26
9913,1003,1672,purchase,2023-03-16
9914,1011,466,payment,2023-07-03
9915,1018,1584,purchase,2023-02-15
9916,1003,881,payment,2023-04-01
9917,1009,1768,payment,2023-11-06
9918,1011,850,refund,2023-12-22
9919,1005,681,transfer,2023-11-04
9920,1012,592,refund,2023-12-08
9921,1016,1785,payment,2023-08-20
9922,1006,568,transfer,2023-11-21
9923,1001,1285,transfer,2023-06-11
9924,1002,588,withdrawal,2023-05-26
9925,1010,372,refund,2023-08-10
9926,1007,1013,withdrawal,2023-12-25
9927,1013,743,refund,2023-09-19
9928,1009,1564,refund,2023-03-23
9929,1017,178,transfer,2023-08-11
9930,1003,1736,transfer,2023-10-19
9931,1005,1968,purchase,2023-01-07
9932,1006,1733,withdrawal,2023-07-01
9933,1001,1754,payment,2023-09-11
9934,1002,866,purchase,2023-09-17
9935,1016,376,refund,2023-02-19
9936,1020,341,payment,2023-07-15
9937,1007,1599,refund,2023-05-18
9938,1017,1155,transfer,2023-03-16
9939,1003,608,transfer,2023-04-26
9940,1015,889,purchase,2023-05-06
9941,1013,1790,withdrawal,2023-06-05
9942,1009,1089,purchase,2023-08-13
9943,1011,1982,withdrawal,2023-10-09
9944,1019,507,payment,2023-03-14
9945,1017,1189,withdrawal,2023-12-17
9946,1005,1868,transfer,2023-07-22
9947,1013,1885,payment,2023-10-13
9948,1019,492,payment,2023-04-12
9949,1001,1461,withdrawal,2023-06-15
9950,1020,1183,withdrawal,2023-07-11
9951,1009,1843,transfer,2023-05-10
9952,1001,1473,transfer,2023-02-18
9953,1013,1703,purchase,2023-06-12
9954,1019,379,withdrawal,2023-12-23
9955,1005,1111,refund,2023-04-27
9956,1001,1143,payment,2023-05-31
9957,1010,594,refund,2023-12-01
9958,1016,1730,withdrawal,2023-04-11
9959,1004,1574,refund,2023-11-12
9960,1003,140,transfer,2023-01-31
9961,1016,294,payment,2023-05-21
9962,1006,1311,withdrawal,2023-12-05
9963,1017,1127,transfer,2023-07-11
9964,1002,1957,purchase,2023-01-21
9965,1017,101,withdrawal,2023-06-04
9966,1005,1131,payment,2023-06-24
9967,1016,1785,payment,2023-12-15
9968,1001,1497,transfer,2023-11-27
9969,1019,345,withdrawal,2023-04-03
9970,1004,447,transfer,2023-04-26
9971,1006,1347,refund,2023-10-18
9972,1002,596,withdrawal,2023-02-02
9973,1010,866,transfer,2023-03-12
9974,1010,105,refund,2023-10-02
9975,1011,1177,purchase,2023-12-18
9976,1007,1507,withdrawal,2023-04-15
9977,1018,529,purchase,2023-10-03
9978,1020,1973,purchase,2023-11-06
9979,1002,1087,transfer,2023-09-22
9980,1017,1260,purchase,2023-08-26
9981,1014,279,withdrawal,2023-07-16
9982,1012,1413,refund,2023-07-05
9983,1008,1050,payment,2023-03-04
9984,1008,449,purchase,2023-04-23
9985,1005,112,refund,2023-08-12
9986,1013,856,payment,2023-08-03
9987,1006,359,purchase,2023-10-22
9988,1010,1416,payment,2023-06-10
9989,1009,470,refund,2023-10-04
9990,1004,1065,transfer,2023-10-17
9991,1006,1120,purchase,2023-01-26
9992,1014,1059,payment,2023-02-24
9993,1004,1913,transfer,2023-04-13
9994,1001,618,refund,2023-01-24
9995,1009,314,transfer,2023-05-15
9996,1009,1972,purchase,2023-05-04
9997,1014,1487,withdrawal,2023-02-15
9998,1007,919,purchase,2023-07-13
9999,1007,282,withdrawal,2023-07-14
10000,1020,710,withdrawal,2023-02-06
